UNI_ID,UNI_Name,Type,Province,City,Established_Year,HEC_Ranking,HEC_Category,Department_Name,Department_Category,Year,Total_Enrollment,Male_Enrollment,Female_Enrollment,Faculty_Count,Student_Faculty_Ratio,PhD_Students,MS_MPhil_Students,BS_Students,Scholarship_Students,International_Students,Research_Papers_Published,Avg_CGPA,Employment_Ratio_Pct,Dropout_Rate_Pct,Avg_Student_Background,Fee_Per_Semester_PKR,Lab_Count,Industry_Tie_Ups,Entry_Test_Required,Entry_Test_Type,Entry_Test_Tier,Entry_Test_Passing_Criteria,No_of_Buildings
PK-AJK-002,Mirpur University of Science & Technology,Public,AJK,Mirpur,2012,0,W1,Civil Engineering,STEM,2022,276,197,79,11,25.1,0.0,32.0,244.0,23.0,6.0,63.0,2.79,70.7,3.0,Mixed Urban-Rural,24613.0,10.0,16.0,Yes,MUST Entry Test,Easy,45% / 100 marks,10.0
PK-AJK-002,Mirpur University of Science & Technology,Public,AJK,Mirpur,2012,0,W1,Civil Engineering,STEM,2023,231,146,85,8,28.9,0.0,0.0,231.0,10.0,30.0,75.0,3.34,73.8,17.6,Mostly Rural,12937.0,17.0,8.0,Yes,MUST Entry Test,Easy,45% / 100 marks,10.0
PK-AJK-002,Mirpur University of Science & Technology,Public,AJK,Mirpur,2012,0,W1,Civil Engineering,STEM,2024,264,153,111,11,24.0,6.0,38.0,220.0,22.5,55.0,47.0,3.61,65.6,9.4,Mixed Urban-Rural,25953.0,5.0,18.0,Yes,MUST Entry Test,Easy,45% / 100 marks,9.0
PK-AJK-002,Mirpur University of Science & Technology,Public,AJK,Mirpur,2012,0,W1,Civil Engineering,STEM,2025,284,168,116,11,25.8,8.0,54.0,222.0,56.0,24.0,52.0,3.325,64.9,3.5,Mostly Rural,24962.0,10.0,17.5,Yes,MUST Entry Test,Easy,45% / 100 marks,12.0
PK-AJK-002,Mirpur University of Science & Technology,Public,AJK,Mirpur,2012,0,W1,Computer Science,STEM,2022,96,56,40,5,19.2,6.0,16.0,74.0,7.0,26.0,72.0,2.86,88.1,17.7,Mixed Urban-Rural,12686.0,6.0,17.5,Yes,MUST Entry Test,Easy,45% / 100 marks,10.0
PK-AJK-002,Mirpur University of Science & Technology,Public,AJK,Mirpur,2012,0,W1,Computer Science,STEM,2023,95,54,41,5,19.0,0.0,2.0,93.0,22.5,42.0,52.0,2.91,79.8,12.3,Mostly Urban,24962.0,10.0,17.5,Yes,MUST Entry Test,Easy,45% / 100 marks,8.0
PK-AJK-002,Mirpur University of Science & Technology,Public,AJK,Mirpur,2012,0,W1,Computer Science,STEM,2024,86,39,47,5,17.2,0.0,7.0,79.0,17.0,41.0,38.0,3.325,89.2,4.7,Mostly Rural,25185.0,15.0,23.0,Yes,MUST Entry Test,Easy,45% / 100 marks,12.0
PK-AJK-002,Mirpur University of Science & Technology,Public,AJK,Mirpur,2012,0,W1,Computer Science,STEM,2025,102,41,61,5,20.4,6.0,2.0,94.0,7.0,9.0,48.0,3.13,89.6,8.7,Mostly Urban,39700.0,6.0,8.0,Yes,MUST Entry Test,Easy,45% / 100 marks,12.0
PK-AJK-002,Mirpur University of Science & Technology,Public,AJK,Mirpur,2012,0,W1,Electrical Engineering,STEM,2022,399,259,140,12,33.2,18.0,12.0,369.0,45.0,26.0,75.0,3.54,73.3,1.8,Mostly Urban,24962.0,1.0,17.0,Yes,MUST Entry Test,Easy,45% / 100 marks,12.0
PK-AJK-002,Mirpur University of Science & Technology,Public,AJK,Mirpur,2012,0,W1,Electrical Engineering,STEM,2023,398,153,245,11,36.2,27.0,73.0,298.0,9.0,39.0,16.0,3.325,75.5,5.2,Mixed Urban-Rural,9444.0,15.0,4.0,Yes,MUST Entry Test,Easy,45% / 100 marks,11.0
PK-AJK-002,Mirpur University of Science & Technology,Public,AJK,Mirpur,2012,0,W1,Electrical Engineering,STEM,2024,371,255,116,11,33.7,21.0,55.0,295.0,22.5,27.0,65.0,2.96,82.9,14.9,Mostly Urban,44072.0,12.0,17.5,Yes,MUST Entry Test,Easy,45% / 100 marks,8.0
PK-AJK-002,Mirpur University of Science & Technology,Public,AJK,Mirpur,2012,0,W1,Electrical Engineering,STEM,2025,401,216,185,15,26.7,1.0,74.0,326.0,41.0,5.0,46.0,3.31,69.0,3.0,Mixed Urban-Rural,40124.0,9.0,3.0,Yes,MUST Entry Test,Easy,45% / 100 marks,9.0
PK-AJK-002,Mirpur University of Science & Technology,Public,AJK,Mirpur,2012,0,W1,Industrial Engineering,STEM,2022,358,150,208,14,25.6,9.0,0.0,349.0,17.0,24.0,60.0,3.44,76.3,17.8,Mixed Urban-Rural,20081.0,13.0,22.0,Yes,MUST Entry Test,Easy,45% / 100 marks,10.0
PK-AJK-002,Mirpur University of Science & Technology,Public,AJK,Mirpur,2012,0,W1,Industrial Engineering,STEM,2023,346,245,101,10,34.6,9.0,18.0,319.0,10.0,26.0,48.0,2.67,72.2,6.0,Mixed Urban-Rural,37171.0,7.0,17.5,Yes,MUST Entry Test,Easy,45% / 100 marks,9.0
PK-AJK-002,Mirpur University of Science & Technology,Public,AJK,Mirpur,2012,0,W1,Industrial Engineering,STEM,2024,364,249,115,11,33.1,23.0,18.0,323.0,22.5,44.0,38.0,3.46,68.3,17.4,Mostly Rural,31393.0,1.0,35.0,Yes,MUST Entry Test,Easy,45% / 100 marks,10.0
PK-AJK-002,Mirpur University of Science & Technology,Public,AJK,Mirpur,2012,0,W1,Industrial Engineering,STEM,2025,404,180,224,12,33.7,0.0,73.0,331.0,64.0,17.0,8.0,2.96,64.1,17.4,Mixed Urban-Rural,24739.0,17.0,33.0,Yes,MUST Entry Test,Easy,45% / 100 marks,11.0
PK-AJK-002,Mirpur University of Science & Technology,Public,AJK,Mirpur,2012,0,W1,Software Engineering,STEM,2022,135,69,66,5,27.0,7.0,9.0,119.0,6.0,37.0,59.0,3.44,85.0,10.95,Mostly Urban,12607.0,20.0,1.0,Yes,MUST Entry Test,Easy,45% / 100 marks,10.0
PK-AJK-002,Mirpur University of Science & Technology,Public,AJK,Mirpur,2012,0,W1,Software Engineering,STEM,2023,142,90,52,5,28.4,9.0,25.0,108.0,22.0,13.0,70.0,3.08,76.0,14.2,Mostly Urban,24962.0,10.0,17.0,Yes,MUST Entry Test,Easy,45% / 100 marks,8.0
PK-AJK-002,Mirpur University of Science & Technology,Public,AJK,Mirpur,2012,0,W1,Software Engineering,STEM,2024,156,63,93,5,31.2,4.0,2.0,150.0,22.5,25.0,21.0,3.45,78.0,18.0,Mixed Urban-Rural,17634.0,4.0,32.0,Yes,MUST Entry Test,Easy,45% / 100 marks,12.0
PK-AJK-002,Mirpur University of Science & Technology,Public,AJK,Mirpur,2012,0,W1,Software Engineering,STEM,2025,185,129,56,8,23.1,3.0,21.0,161.0,22.5,50.0,61.0,3.325,88.4,6.6,Mostly Rural,44000.0,20.0,25.0,Yes,MUST Entry Test,Easy,45% / 100 marks,11.0
PK-AJK-002,Mirpur University of Science & Technology,Public,AJK,Mirpur,2012,0,W1,Telecommunication,STEM,2022,305,173,132,10,30.5,0.0,50.0,255.0,33.0,56.0,41.0,3.5,77.9,17.5,Mostly Rural,24962.0,10.0,31.0,Yes,MUST Entry Test,Easy,45% / 100 marks,10.0
PK-AJK-002,Mirpur University of Science & Technology,Public,AJK,Mirpur,2012,0,W1,Telecommunication,STEM,2023,311,159,152,9,34.6,8.0,5.0,298.0,31.0,5.0,41.0,3.49,78.7,10.95,Mostly Urban,25726.0,4.0,17.5,Yes,MUST Entry Test,Easy,45% / 100 marks,12.0
PK-AJK-002,Mirpur University of Science & Technology,Public,AJK,Mirpur,2012,0,W1,Telecommunication,STEM,2024,331,177,154,13,25.5,2.0,34.0,295.0,63.0,26.0,54.0,3.02,71.6,13.6,Mostly Urban,24962.0,5.0,13.0,Yes,MUST Entry Test,Easy,45% / 100 marks,10.0
PK-AJK-002,Mirpur University of Science & Technology,Public,AJK,Mirpur,2012,0,W1,Telecommunication,STEM,2025,322,161,161,9,35.8,25.0,15.0,282.0,49.0,9.0,58.0,3.47,74.8,9.6,Mixed Urban-Rural,17011.0,17.0,31.0,Yes,MUST Entry Test,Easy,45% / 100 marks,10.0
PK-AJK-001,University of Azad Jammu & Kashmir,Public,AJK,Muzaffarabad,1980,0,W1,Business Administration,Business,2022,400,263,137,17,23.5,0.0,70.0,330.0,58.0,38.0,7.0,3.66,65.3,4.6,Mixed Urban-Rural,27912.0,9.0,34.0,Yes,UAJK Entry Test,Easy,45% / 100 marks,15.0
PK-AJK-001,University of Azad Jammu & Kashmir,Public,AJK,Muzaffarabad,1980,0,W1,Business Administration,Business,2023,450,308,142,13,34.6,14.0,0.0,436.0,13.0,33.0,34.0,2.76,75.5,2.8,Mixed Urban-Rural,38924.0,15.0,14.0,Yes,UAJK Entry Test,Easy,45% / 100 marks,14.0
PK-AJK-001,University of Azad Jammu & Kashmir,Public,AJK,Muzaffarabad,1980,0,W1,Business Administration,Business,2024,476,338,138,21,22.7,0.0,61.0,415.0,69.0,47.0,63.0,2.91,65.3,13.7,Mixed Urban-Rural,37933.0,17.0,9.0,Yes,UAJK Entry Test,Easy,45% / 100 marks,20.0
PK-AJK-001,University of Azad Jammu & Kashmir,Public,AJK,Muzaffarabad,1980,0,W1,Business Administration,Business,2025,433,288,145,13,33.3,0.0,58.0,375.0,46.0,60.0,43.5,3.31,72.9,5.8,Mostly Rural,15959.0,6.0,13.0,Yes,UAJK Entry Test,Easy,45% / 100 marks,16.0
PK-AJK-001,University of Azad Jammu & Kashmir,Public,AJK,Muzaffarabad,1980,0,W1,Education,Arts & Social Sciences,2022,172,75,97,5,34.4,0.0,28.0,144.0,5.0,38.0,45.0,3.13,68.4,10.0,Mostly Rural,37695.0,11.0,27.0,Yes,UAJK Entry Test,Easy,45% / 100 marks,20.0
PK-AJK-001,University of Azad Jammu & Kashmir,Public,AJK,Muzaffarabad,1980,0,W1,Education,Arts & Social Sciences,2023,180,118,62,5,36.0,7.0,32.0,141.0,26.0,55.0,20.0,3.47,66.9,10.5,Mostly Rural,32154.0,3.0,7.0,Yes,UAJK Entry Test,Easy,45% / 100 marks,16.0
PK-AJK-001,University of Azad Jammu & Kashmir,Public,AJK,Muzaffarabad,1980,0,W1,Education,Arts & Social Sciences,2024,173,119,54,5,34.6,4.0,12.0,157.0,32.0,16.0,80.0,2.7,70.7,10.0,Mostly Urban,30607.0,20.0,14.0,Yes,UAJK Entry Test,Easy,45% / 100 marks,19.0
PK-AJK-001,University of Azad Jammu & Kashmir,Public,AJK,Muzaffarabad,1980,0,W1,Education,Arts & Social Sciences,2025,208,113,95,6,34.7,0.0,27.0,181.0,23.0,55.0,79.0,3.28,72.5,10.0,Mostly Rural,25804.0,11.0,14.0,Yes,UAJK Entry Test,Easy,45% / 100 marks,19.0
PK-AJK-001,University of Azad Jammu & Kashmir,Public,AJK,Muzaffarabad,1980,0,W1,Electrical Engineering,STEM,2022,478,330,148,17,28.1,12.0,3.0,463.0,88.0,52.0,43.5,3.19,77.6,9.4,Mostly Rural,21355.0,11.0,23.0,Yes,UAJK Entry Test,Easy,45% / 100 marks,18.0
PK-AJK-001,University of Azad Jammu & Kashmir,Public,AJK,Muzaffarabad,1980,0,W1,Electrical Engineering,STEM,2023,559,397,162,23,24.3,12.0,23.0,524.0,57.0,23.0,43.5,2.74,71.1,10.9,Mostly Urban,44151.0,16.0,30.0,Yes,UAJK Entry Test,Easy,45% / 100 marks,18.0
PK-AJK-001,University of Azad Jammu & Kashmir,Public,AJK,Muzaffarabad,1980,0,W1,Electrical Engineering,STEM,2024,523,226,297,23,22.7,29.0,94.0,400.0,69.0,43.0,66.0,2.91,71.7,11.8,Mostly Urban,22284.0,1.0,17.0,Yes,UAJK Entry Test,Easy,45% / 100 marks,15.0
PK-AJK-001,University of Azad Jammu & Kashmir,Public,AJK,Muzaffarabad,1980,0,W1,Electrical Engineering,STEM,2025,541,377,164,19,28.5,19.0,27.0,495.0,32.0,38.0,42.0,2.61,79.9,4.6,Mostly Urban,44262.0,9.0,34.0,Yes,UAJK Entry Test,Easy,45% / 100 marks,16.0
PK-AJK-001,University of Azad Jammu & Kashmir,Public,AJK,Muzaffarabad,1980,0,W1,History,Arts & Social Sciences,2022,276,165,111,9,30.7,13.0,21.0,242.0,32.0,38.0,24.0,3.19,43.6,15.1,Mostly Urban,34738.0,14.0,14.0,Yes,UAJK Entry Test,Easy,45% / 100 marks,19.0
PK-AJK-001,University of Azad Jammu & Kashmir,Public,AJK,Muzaffarabad,1980,0,W1,History,Arts & Social Sciences,2023,282,188,94,8,35.2,17.0,0.0,265.0,8.0,37.0,58.0,3.13,44.3,13.8,Mostly Rural,11041.0,8.0,15.0,Yes,UAJK Entry Test,Easy,45% / 100 marks,15.0
PK-AJK-001,University of Azad Jammu & Kashmir,Public,AJK,Muzaffarabad,1980,0,W1,History,Arts & Social Sciences,2024,346,191,155,11,31.5,11.0,28.0,307.0,28.0,38.0,11.0,3.53,41.4,5.3,Mostly Urban,20043.0,3.0,8.0,Yes,UAJK Entry Test,Easy,45% / 100 marks,20.0
PK-AJK-001,University of Azad Jammu & Kashmir,Public,AJK,Muzaffarabad,1980,0,W1,History,Arts & Social Sciences,2025,372,154,218,11,33.8,0.0,0.0,372.0,46.0,38.0,11.0,3.17,34.8,10.0,Mixed Urban-Rural,35502.0,5.0,13.0,Yes,UAJK Entry Test,Easy,45% / 100 marks,14.0
PK-AJK-001,University of Azad Jammu & Kashmir,Public,AJK,Muzaffarabad,1980,0,W1,Information Technology,STEM,2022,69,36,33,5,13.8,3.0,13.0,53.0,9.0,38.0,68.0,2.88,82.3,9.8,Mostly Urban,39250.0,2.0,0.0,Yes,UAJK Entry Test,Easy,45% / 100 marks,14.0
PK-AJK-001,University of Azad Jammu & Kashmir,Public,AJK,Muzaffarabad,1980,0,W1,Information Technology,STEM,2023,66,27,39,5,13.2,0.0,2.0,64.0,7.0,47.0,39.0,3.25,84.0,14.8,Mostly Urban,28032.0,9.0,8.0,Yes,UAJK Entry Test,Easy,45% / 100 marks,17.0
PK-AJK-001,University of Azad Jammu & Kashmir,Public,AJK,Muzaffarabad,1980,0,W1,Information Technology,STEM,2024,65,39,26,5,13.0,5.0,0.0,60.0,32.0,26.0,40.0,2.86,79.6,11.9,Mostly Rural,20788.0,3.0,23.0,Yes,UAJK Entry Test,Easy,45% / 100 marks,15.0
PK-AJK-001,University of Azad Jammu & Kashmir,Public,AJK,Muzaffarabad,1980,0,W1,Information Technology,STEM,2025,83,55,28,5,16.6,3.0,1.0,79.0,13.0,19.0,19.0,3.45,75.2,6.6,Mostly Urban,28032.0,13.0,14.0,Yes,UAJK Entry Test,Easy,45% / 100 marks,18.0
PK-AJK-001,University of Azad Jammu & Kashmir,Public,AJK,Muzaffarabad,1980,0,W1,Law,Arts & Social Sciences,2022,159,65,94,6,26.5,8.0,25.0,126.0,14.0,38.0,50.0,3.22,66.5,1.6,Mostly Rural,25834.0,19.0,29.0,Yes,UAJK Entry Test,Easy,45% / 100 marks,16.0
PK-AJK-001,University of Azad Jammu & Kashmir,Public,AJK,Muzaffarabad,1980,0,W1,Law,Arts & Social Sciences,2023,165,86,79,5,33.0,2.0,1.0,162.0,32.0,38.0,5.0,3.13,66.1,1.9,Mixed Urban-Rural,28032.0,9.0,14.0,Yes,UAJK Entry Test,Easy,45% / 100 marks,17.0
PK-AJK-001,University of Azad Jammu & Kashmir,Public,AJK,Muzaffarabad,1980,0,W1,Law,Arts & Social Sciences,2024,160,101,59,5,32.0,0.0,19.0,141.0,13.0,38.0,43.5,3.2,77.4,17.9,Mostly Rural,37855.0,4.0,15.0,Yes,UAJK Entry Test,Easy,45% / 100 marks,19.0
PK-AJK-001,University of Azad Jammu & Kashmir,Public,AJK,Muzaffarabad,1980,0,W1,Law,Arts & Social Sciences,2025,203,87,116,9,22.6,0.0,16.0,187.0,32.0,47.0,66.0,3.0,76.2,10.0,Mostly Urban,31822.0,11.0,20.0,Yes,UAJK Entry Test,Easy,45% / 100 marks,16.0
PK-AJK-001,University of Azad Jammu & Kashmir,Public,AJK,Muzaffarabad,1980,0,W1,Psychology,Arts & Social Sciences,2022,221,130,91,8,27.6,15.0,18.0,188.0,31.0,18.0,43.5,3.21,57.0,17.7,Mostly Rural,10135.0,10.0,9.0,Yes,UAJK Entry Test,Easy,45% / 100 marks,19.0
PK-AJK-001,University of Azad Jammu & Kashmir,Public,AJK,Muzaffarabad,1980,0,W1,Psychology,Arts & Social Sciences,2023,216,141,75,6,36.0,1.0,22.0,193.0,36.0,31.0,77.0,3.13,61.1,10.2,Mostly Rural,30266.0,1.0,11.0,Yes,UAJK Entry Test,Easy,45% / 100 marks,16.0
PK-AJK-001,University of Azad Jammu & Kashmir,Public,AJK,Muzaffarabad,1980,0,W1,Psychology,Arts & Social Sciences,2024,257,150,107,9,28.6,11.0,25.0,221.0,51.0,3.0,35.0,3.13,59.7,16.5,Mostly Rural,42461.0,6.0,23.0,Yes,UAJK Entry Test,Easy,45% / 100 marks,17.0
PK-AJK-001,University of Azad Jammu & Kashmir,Public,AJK,Muzaffarabad,1980,0,W1,Psychology,Arts & Social Sciences,2025,225,123,102,9,25.0,12.0,19.0,194.0,20.0,27.0,78.0,2.74,66.6,10.0,Mixed Urban-Rural,27535.0,9.0,18.0,Yes,UAJK Entry Test,Easy,45% / 100 marks,17.0
PK-AJK-001,University of Azad Jammu & Kashmir,Public,AJK,Muzaffarabad,1980,0,W1,Sociology,Arts & Social Sciences,2022,220,110,110,6,36.7,3.0,3.0,214.0,32.0,12.0,57.0,2.81,52.2,6.8,Mostly Rural,10616.0,7.0,11.0,Yes,UAJK Entry Test,Easy,45% / 100 marks,15.0
PK-AJK-001,University of Azad Jammu & Kashmir,Public,AJK,Muzaffarabad,1980,0,W1,Sociology,Arts & Social Sciences,2023,277,123,154,9,30.8,0.0,43.0,234.0,48.0,38.0,12.0,3.12,52.0,2.2,Mostly Urban,43921.0,9.0,31.0,Yes,UAJK Entry Test,Easy,45% / 100 marks,14.0
PK-AJK-001,University of Azad Jammu & Kashmir,Public,AJK,Muzaffarabad,1980,0,W1,Sociology,Arts & Social Sciences,2024,285,162,123,8,35.6,12.0,32.0,241.0,33.0,44.0,54.0,2.82,50.3,6.4,Mostly Urban,29000.0,8.0,4.0,Yes,UAJK Entry Test,Easy,45% / 100 marks,20.0
PK-AJK-001,University of Azad Jammu & Kashmir,Public,AJK,Muzaffarabad,1980,0,W1,Sociology,Arts & Social Sciences,2025,287,156,131,8,35.9,19.0,24.0,244.0,22.0,38.0,43.5,3.13,51.7,10.0,Mostly Rural,26473.0,16.0,14.0,Yes,UAJK Entry Test,Easy,45% / 100 marks,19.0
PK-AJK-001,University of Azad Jammu & Kashmir,Public,AJK,Muzaffarabad,1980,0,W1,Urdu,Arts & Social Sciences,2022,250,96,154,7,35.7,0.0,14.0,236.0,41.0,55.0,50.0,3.13,39.4,10.0,Mixed Urban-Rural,16892.0,13.0,14.0,Yes,UAJK Entry Test,Easy,45% / 100 marks,19.0
PK-AJK-001,University of Azad Jammu & Kashmir,Public,AJK,Muzaffarabad,1980,0,W1,Urdu,Arts & Social Sciences,2023,224,102,122,8,28.0,14.0,24.0,186.0,39.0,38.0,9.0,3.47,45.0,3.0,Mostly Rural,28032.0,1.0,5.0,Yes,UAJK Entry Test,Easy,45% / 100 marks,14.0
PK-AJK-001,University of Azad Jammu & Kashmir,Public,AJK,Muzaffarabad,1980,0,W1,Urdu,Arts & Social Sciences,2024,230,126,104,10,23.0,18.0,33.0,179.0,44.0,38.0,53.0,3.01,48.2,17.1,Mostly Urban,22076.0,19.0,0.0,Yes,UAJK Entry Test,Easy,45% / 100 marks,18.0
PK-AJK-001,University of Azad Jammu & Kashmir,Public,AJK,Muzaffarabad,1980,0,W1,Urdu,Arts & Social Sciences,2025,255,116,139,10,25.5,9.0,38.0,208.0,36.0,38.0,31.0,3.13,39.7,10.0,Mostly Urban,10030.0,1.0,4.0,Yes,UAJK Entry Test,Easy,45% / 100 marks,18.0
PK-BAL-005,Balochistan University of Engineering & Tech,Public,Balochistan,Khuzdar,1987,0,W1,Civil Engineering,STEM,2022,393,212,181,13,30.2,1.0,33.0,359.0,52.0,60.0,33.5,3.09,73.5,15.1,Mostly Rural,10886.0,4.0,32.0,Yes,BUET Entry Test,Medium,50% / 100 marks,12.0
PK-BAL-005,Balochistan University of Engineering & Tech,Public,Balochistan,Khuzdar,1987,0,W1,Civil Engineering,STEM,2023,404,278,126,14,28.9,10.0,14.0,380.0,14.0,60.0,47.0,3.24,67.8,4.8,Mostly Rural,34081.0,10.0,25.0,Yes,BUET Entry Test,Medium,50% / 100 marks,8.0
PK-BAL-005,Balochistan University of Engineering & Tech,Public,Balochistan,Khuzdar,1987,0,W1,Civil Engineering,STEM,2024,402,184,218,12,33.5,11.0,64.0,327.0,17.0,57.0,42.0,3.02,71.1,9.2,Mostly Rural,37931.0,15.0,26.0,Yes,BUET Entry Test,Medium,50% / 100 marks,8.0
PK-BAL-005,Balochistan University of Engineering & Tech,Public,Balochistan,Khuzdar,1987,0,W1,Civil Engineering,STEM,2025,419,267,152,15,27.9,0.0,14.0,405.0,43.0,25.0,59.0,3.17,65.5,10.0,Mostly Urban,32348.0,16.0,18.5,Yes,BUET Entry Test,Medium,50% / 100 marks,12.0
PK-BAL-005,Balochistan University of Engineering & Tech,Public,Balochistan,Khuzdar,1987,0,W1,Computer Science,STEM,2022,316,172,144,13,24.3,0.0,25.0,291.0,10.0,36.0,29.0,3.45,80.5,14.5,Mostly Urban,11488.0,2.0,29.0,Yes,BUET Entry Test,Medium,50% / 100 marks,10.0
PK-BAL-005,Balochistan University of Engineering & Tech,Public,Balochistan,Khuzdar,1987,0,W1,Computer Science,STEM,2023,354,190,164,11,32.2,28.0,64.0,262.0,17.0,55.0,63.0,2.79,75.5,10.0,Mostly Rural,43325.0,17.0,31.0,Yes,BUET Entry Test,Medium,50% / 100 marks,11.0
PK-BAL-005,Balochistan University of Engineering & Tech,Public,Balochistan,Khuzdar,1987,0,W1,Computer Science,STEM,2024,303,133,170,10,30.3,21.0,29.0,253.0,23.0,36.0,27.0,3.29,86.6,10.0,Mixed Urban-Rural,28866.0,13.0,8.0,Yes,BUET Entry Test,Medium,50% / 100 marks,8.0
PK-BAL-005,Balochistan University of Engineering & Tech,Public,Balochistan,Khuzdar,1987,0,W1,Computer Science,STEM,2025,387,147,240,12,32.2,20.0,3.0,364.0,35.0,46.0,19.0,2.83,76.8,8.3,Mixed Urban-Rural,26129.0,12.0,2.0,Yes,BUET Entry Test,Medium,50% / 100 marks,10.0
PK-BAL-005,Balochistan University of Engineering & Tech,Public,Balochistan,Khuzdar,1987,0,W1,Electrical Engineering,STEM,2022,304,207,97,13,23.4,17.0,0.0,287.0,59.0,2.0,44.0,3.06,71.2,4.0,Mixed Urban-Rural,32807.0,20.0,6.0,Yes,BUET Entry Test,Medium,50% / 100 marks,9.0
PK-BAL-005,Balochistan University of Engineering & Tech,Public,Balochistan,Khuzdar,1987,0,W1,Electrical Engineering,STEM,2023,359,219,140,13,27.6,15.0,21.0,323.0,46.0,36.0,36.0,3.07,83.6,12.0,Mixed Urban-Rural,16465.0,13.0,1.0,Yes,BUET Entry Test,Medium,50% / 100 marks,8.0
PK-BAL-005,Balochistan University of Engineering & Tech,Public,Balochistan,Khuzdar,1987,0,W1,Electrical Engineering,STEM,2024,314,187,127,10,31.4,10.0,12.0,292.0,40.0,36.0,64.0,2.8,76.6,10.0,Mostly Urban,16374.0,1.0,20.0,Yes,BUET Entry Test,Medium,50% / 100 marks,10.0
PK-BAL-005,Balochistan University of Engineering & Tech,Public,Balochistan,Khuzdar,1987,0,W1,Electrical Engineering,STEM,2025,395,260,135,12,32.9,8.0,50.0,337.0,68.0,36.0,22.0,3.63,82.5,10.0,Mixed Urban-Rural,24665.0,9.0,10.0,Yes,BUET Entry Test,Medium,50% / 100 marks,12.0
PK-BAL-005,Balochistan University of Engineering & Tech,Public,Balochistan,Khuzdar,1987,0,W1,Mechanical Engineering,STEM,2022,361,221,140,14,25.8,14.0,0.0,347.0,55.0,36.0,41.0,2.82,66.8,3.0,Mostly Urban,15269.0,11.0,11.0,Yes,BUET Entry Test,Medium,50% / 100 marks,9.0
PK-BAL-005,Balochistan University of Engineering & Tech,Public,Balochistan,Khuzdar,1987,0,W1,Mechanical Engineering,STEM,2023,367,171,196,11,33.4,16.0,63.0,288.0,8.0,55.0,19.0,2.79,77.2,14.2,Mostly Urban,37651.0,17.0,23.0,Yes,BUET Entry Test,Medium,50% / 100 marks,9.0
PK-BAL-005,Balochistan University of Engineering & Tech,Public,Balochistan,Khuzdar,1987,0,W1,Mechanical Engineering,STEM,2024,437,244,193,13,33.6,3.0,0.0,434.0,43.0,36.0,31.0,3.3,71.0,14.4,Mixed Urban-Rural,23936.0,16.0,32.0,Yes,BUET Entry Test,Medium,50% / 100 marks,12.0
PK-BAL-005,Balochistan University of Engineering & Tech,Public,Balochistan,Khuzdar,1987,0,W1,Mechanical Engineering,STEM,2025,421,234,187,12,35.1,32.0,75.0,314.0,34.0,21.0,43.0,3.62,79.3,4.5,Mostly Urban,27072.0,20.0,29.0,Yes,BUET Entry Test,Medium,50% / 100 marks,12.0
PK-BAL-005,Balochistan University of Engineering & Tech,Public,Balochistan,Khuzdar,1987,0,W1,Software Engineering,STEM,2022,259,182,77,10,25.9,12.0,34.0,213.0,48.0,29.0,18.0,3.28,91.0,10.0,Mostly Rural,25182.0,4.0,15.0,Yes,BUET Entry Test,Medium,50% / 100 marks,8.0
PK-BAL-005,Balochistan University of Engineering & Tech,Public,Balochistan,Khuzdar,1987,0,W1,Software Engineering,STEM,2023,277,147,130,12,23.1,22.0,29.0,226.0,43.0,40.0,5.0,2.65,83.6,9.4,Mostly Rural,27901.0,20.0,2.0,Yes,BUET Entry Test,Medium,50% / 100 marks,10.0
PK-BAL-005,Balochistan University of Engineering & Tech,Public,Balochistan,Khuzdar,1987,0,W1,Software Engineering,STEM,2024,280,153,127,11,25.5,5.0,48.0,227.0,52.0,3.0,69.0,3.4,82.4,3.7,Mostly Urban,8636.0,18.0,7.0,Yes,BUET Entry Test,Medium,50% / 100 marks,10.0
PK-BAL-005,Balochistan University of Engineering & Tech,Public,Balochistan,Khuzdar,1987,0,W1,Software Engineering,STEM,2025,289,179,110,8,36.1,0.0,23.0,266.0,43.0,32.0,27.0,3.09,76.3,3.2,Mixed Urban-Rural,17896.0,1.0,17.0,Yes,BUET Entry Test,Medium,50% / 100 marks,9.0
PK-BAL-005,Balochistan University of Engineering & Tech,Public,Balochistan,Khuzdar,1987,0,W1,Telecommunication,STEM,2022,363,215,148,10,36.3,18.0,17.0,328.0,68.0,36.0,33.5,3.52,81.7,12.1,Mostly Urban,17388.0,19.0,25.0,Yes,BUET Entry Test,Medium,50% / 100 marks,8.0
PK-BAL-005,Balochistan University of Engineering & Tech,Public,Balochistan,Khuzdar,1987,0,W1,Telecommunication,STEM,2023,321,185,136,10,32.1,1.0,8.0,312.0,58.0,26.0,33.5,3.43,76.7,11.1,Mostly Urban,39436.0,20.0,26.0,Yes,BUET Entry Test,Medium,50% / 100 marks,11.0
PK-BAL-005,Balochistan University of Engineering & Tech,Public,Balochistan,Khuzdar,1987,0,W1,Telecommunication,STEM,2024,386,254,132,15,25.7,21.0,22.0,343.0,15.0,36.0,33.5,3.41,74.4,16.1,Mostly Urban,11045.0,10.0,18.5,Yes,BUET Entry Test,Medium,50% / 100 marks,12.0
PK-BAL-005,Balochistan University of Engineering & Tech,Public,Balochistan,Khuzdar,1987,0,W1,Telecommunication,STEM,2025,344,146,198,11,31.3,26.0,62.0,256.0,52.0,36.0,26.0,3.33,77.6,13.5,Mostly Urban,15901.0,13.0,14.0,Yes,BUET Entry Test,Medium,50% / 100 marks,9.0
PK-BAL-002,Balochistan University of IT Engineering & Mgt,Public,Balochistan,Quetta,2002,0,W1,Computer Science,STEM,2022,143,62,81,5,28.6,7.0,2.0,134.0,19.0,28.0,8.0,3.04,78.5,11.15,Mostly Urban,39876.0,8.0,15.0,Yes,BUITEMS Entry Test,Easy,45% / 100 marks,14.0
PK-BAL-002,Balochistan University of IT Engineering & Mgt,Public,Balochistan,Quetta,2002,0,W1,Computer Science,STEM,2023,129,55,74,5,25.8,6.0,9.0,114.0,24.0,39.0,43.0,3.5,84.4,11.15,Mostly Rural,20116.0,4.0,15.0,Yes,BUITEMS Entry Test,Easy,45% / 100 marks,14.0
PK-BAL-002,Balochistan University of IT Engineering & Mgt,Public,Balochistan,Quetta,2002,0,W1,Computer Science,STEM,2024,159,90,69,5,31.8,3.0,15.0,141.0,19.0,32.0,31.0,2.85,76.1,11.15,Mostly Rural,32734.0,5.0,26.0,Yes,BUITEMS Entry Test,Easy,45% / 100 marks,13.0
PK-BAL-002,Balochistan University of IT Engineering & Mgt,Public,Balochistan,Quetta,2002,0,W1,Computer Science,STEM,2025,173,71,102,5,34.6,12.0,24.0,137.0,11.0,20.0,53.0,2.63,75.9,12.5,Mostly Rural,18038.0,8.0,15.0,Yes,BUITEMS Entry Test,Easy,45% / 100 marks,14.0
PK-BAL-002,Balochistan University of IT Engineering & Mgt,Public,Balochistan,Quetta,2002,0,W1,Electrical Engineering,STEM,2022,161,80,81,7,23.0,4.0,2.0,155.0,25.0,15.0,61.0,3.68,79.2,7.2,Mixed Urban-Rural,23728.0,6.0,10.0,Yes,BUITEMS Entry Test,Easy,45% / 100 marks,11.0
PK-BAL-002,Balochistan University of IT Engineering & Mgt,Public,Balochistan,Quetta,2002,0,W1,Electrical Engineering,STEM,2023,173,115,58,5,34.6,3.0,32.0,138.0,19.0,43.0,39.0,3.02,75.1,11.15,Mostly Urban,40183.0,8.0,2.0,Yes,BUITEMS Entry Test,Easy,45% / 100 marks,13.0
PK-BAL-002,Balochistan University of IT Engineering & Mgt,Public,Balochistan,Quetta,2002,0,W1,Electrical Engineering,STEM,2024,149,105,44,5,29.8,0.0,2.0,147.0,19.0,16.0,31.0,3.13,71.5,12.0,Mostly Urban,9852.0,2.0,10.0,Yes,BUITEMS Entry Test,Easy,45% / 100 marks,12.0
PK-BAL-002,Balochistan University of IT Engineering & Mgt,Public,Balochistan,Quetta,2002,0,W1,Electrical Engineering,STEM,2025,176,83,93,6,29.3,12.0,10.0,154.0,19.0,15.0,13.0,3.21,68.3,11.15,Mostly Rural,13112.0,5.0,15.0,Yes,BUITEMS Entry Test,Easy,45% / 100 marks,14.0
PK-BAL-002,Balochistan University of IT Engineering & Mgt,Public,Balochistan,Quetta,2002,0,W1,Industrial Engineering,STEM,2022,375,196,179,14,26.8,23.0,26.0,326.0,17.0,44.0,42.0,3.09,68.0,17.1,Mixed Urban-Rural,10916.0,4.0,29.0,Yes,BUITEMS Entry Test,Easy,45% / 100 marks,11.0
PK-BAL-002,Balochistan University of IT Engineering & Mgt,Public,Balochistan,Quetta,2002,0,W1,Industrial Engineering,STEM,2023,418,256,162,14,29.9,24.0,15.0,379.0,33.0,33.0,4.0,3.24,73.2,10.3,Mostly Rural,12619.0,20.0,24.0,Yes,BUITEMS Entry Test,Easy,45% / 100 marks,12.0
PK-BAL-002,Balochistan University of IT Engineering & Mgt,Public,Balochistan,Quetta,2002,0,W1,Industrial Engineering,STEM,2024,431,247,184,14,30.8,27.0,48.0,356.0,8.0,32.0,61.0,3.62,64.5,16.7,Mostly Rural,32324.0,11.0,29.0,Yes,BUITEMS Entry Test,Easy,45% / 100 marks,14.0
PK-BAL-002,Balochistan University of IT Engineering & Mgt,Public,Balochistan,Quetta,2002,0,W1,Industrial Engineering,STEM,2025,420,228,192,13,32.3,26.0,24.0,370.0,19.0,2.0,5.0,3.52,74.7,5.6,Mostly Rural,23650.0,6.0,35.0,Yes,BUITEMS Entry Test,Easy,45% / 100 marks,12.0
PK-BAL-002,Balochistan University of IT Engineering & Mgt,Public,Balochistan,Quetta,2002,0,W1,Mechanical Engineering,STEM,2022,298,147,151,13,22.9,11.0,29.0,258.0,30.0,32.0,50.0,2.87,67.9,17.0,Mostly Rural,20116.0,19.0,15.0,Yes,BUITEMS Entry Test,Easy,45% / 100 marks,10.0
PK-BAL-002,Balochistan University of IT Engineering & Mgt,Public,Balochistan,Quetta,2002,0,W1,Mechanical Engineering,STEM,2023,328,183,145,14,23.4,26.0,27.0,275.0,57.0,49.0,23.0,2.84,66.6,11.15,Mixed Urban-Rural,10089.0,3.0,0.0,Yes,BUITEMS Entry Test,Easy,45% / 100 marks,10.0
PK-BAL-002,Balochistan University of IT Engineering & Mgt,Public,Balochistan,Quetta,2002,0,W1,Mechanical Engineering,STEM,2024,322,142,180,10,32.2,9.0,58.0,255.0,23.0,36.0,31.0,3.58,65.3,11.15,Mostly Urban,34017.0,6.0,33.0,Yes,BUITEMS Entry Test,Easy,45% / 100 marks,10.0
PK-BAL-002,Balochistan University of IT Engineering & Mgt,Public,Balochistan,Quetta,2002,0,W1,Mechanical Engineering,STEM,2025,350,231,119,13,26.9,20.0,50.0,280.0,37.0,32.0,9.0,3.13,68.1,4.4,Mostly Rural,18744.0,8.0,15.0,Yes,BUITEMS Entry Test,Easy,45% / 100 marks,12.0
PK-BAL-002,Balochistan University of IT Engineering & Mgt,Public,Balochistan,Quetta,2002,0,W1,Software Engineering,STEM,2022,133,67,66,5,26.6,7.0,8.0,118.0,24.0,32.0,31.0,3.26,82.8,13.3,Mostly Urban,10953.0,20.0,1.0,Yes,BUITEMS Entry Test,Easy,45% / 100 marks,11.0
PK-BAL-002,Balochistan University of IT Engineering & Mgt,Public,Balochistan,Quetta,2002,0,W1,Software Engineering,STEM,2023,117,47,70,5,23.4,0.0,2.0,115.0,11.0,24.0,7.0,3.13,84.9,6.4,Mostly Rural,13766.0,11.0,15.0,Yes,BUITEMS Entry Test,Easy,45% / 100 marks,14.0
PK-BAL-002,Balochistan University of IT Engineering & Mgt,Public,Balochistan,Quetta,2002,0,W1,Software Engineering,STEM,2024,147,103,44,5,29.4,9.0,0.0,138.0,19.0,48.0,78.0,3.13,90.9,8.2,Mostly Rural,21094.0,17.0,1.0,Yes,BUITEMS Entry Test,Easy,45% / 100 marks,11.0
PK-BAL-002,Balochistan University of IT Engineering & Mgt,Public,Balochistan,Quetta,2002,0,W1,Software Engineering,STEM,2025,121,84,37,5,24.2,6.0,12.0,103.0,5.0,32.0,43.0,3.08,81.2,1.8,Mixed Urban-Rural,39449.0,8.0,16.0,Yes,BUITEMS Entry Test,Easy,45% / 100 marks,13.0
PK-BAL-002,Balochistan University of IT Engineering & Mgt,Public,Balochistan,Quetta,2002,0,W1,Telecommunication,STEM,2022,79,39,40,5,15.8,1.0,0.0,78.0,14.0,32.0,58.0,2.99,83.7,12.5,Mostly Rural,42126.0,20.0,15.0,Yes,BUITEMS Entry Test,Easy,45% / 100 marks,10.0
PK-BAL-002,Balochistan University of IT Engineering & Mgt,Public,Balochistan,Quetta,2002,0,W1,Telecommunication,STEM,2023,90,53,37,5,18.0,1.0,13.0,76.0,6.0,32.0,21.0,3.68,71.6,17.9,Mostly Rural,41845.0,20.0,10.0,Yes,BUITEMS Entry Test,Easy,45% / 100 marks,12.0
PK-BAL-002,Balochistan University of IT Engineering & Mgt,Public,Balochistan,Quetta,2002,0,W1,Telecommunication,STEM,2024,92,46,46,5,18.4,6.0,18.0,68.0,15.0,9.0,30.0,3.0,71.5,3.7,Mixed Urban-Rural,15846.0,20.0,15.0,Yes,BUITEMS Entry Test,Easy,45% / 100 marks,13.0
PK-BAL-002,Balochistan University of IT Engineering & Mgt,Public,Balochistan,Quetta,2002,0,W1,Telecommunication,STEM,2025,87,50,37,5,17.4,0.0,17.0,70.0,19.0,32.0,30.0,3.62,78.2,11.15,Mostly Urban,19138.0,19.0,15.0,Yes,BUITEMS Entry Test,Easy,45% / 100 marks,10.0
PK-BAL-003,Bolan University of Medical & Health Sciences,Public,Balochistan,Quetta,1972,0,W1,Biomedical Engineering,STEM,2022,309,126,183,10,30.9,6.0,5.0,298.0,50.0,7.0,22.0,3.38,75.8,5.6,Mixed Urban-Rural,38173.0,12.0,1.0,Yes,MDCAT (PMC) / Bolan Test,Difficult,65% / 210 marks,10.0
PK-BAL-003,Bolan University of Medical & Health Sciences,Public,Balochistan,Quetta,1972,0,W1,Biomedical Engineering,STEM,2023,333,207,126,9,37.0,13.0,22.0,298.0,33.0,5.0,16.0,2.92,77.1,10.4,Mostly Urban,18554.0,13.0,26.0,Yes,MDCAT (PMC) / Bolan Test,Difficult,65% / 210 marks,12.0
PK-BAL-003,Bolan University of Medical & Health Sciences,Public,Balochistan,Quetta,1972,0,W1,Biomedical Engineering,STEM,2024,322,145,177,11,29.3,4.0,32.0,286.0,14.0,10.0,59.0,3.56,76.3,8.6,Mostly Urban,33738.0,9.0,26.0,Yes,MDCAT (PMC) / Bolan Test,Difficult,65% / 210 marks,10.0
PK-BAL-003,Bolan University of Medical & Health Sciences,Public,Balochistan,Quetta,1972,0,W1,Biomedical Engineering,STEM,2025,321,136,185,11,29.2,9.0,56.0,256.0,44.0,23.5,38.0,2.6,73.8,5.0,Mostly Urban,27631.0,11.0,26.0,Yes,MDCAT (PMC) / Bolan Test,Difficult,65% / 210 marks,11.0
PK-BAL-003,Bolan University of Medical & Health Sciences,Public,Balochistan,Quetta,1972,0,W1,MBBS,STEM,2022,213,122,91,7,30.4,11.0,0.0,202.0,22.0,7.0,71.0,3.13,88.3,12.3,Mixed Urban-Rural,47290.0,4.0,28.0,Yes,MDCAT (PMC) / Bolan Test,Difficult,65% / 210 marks,11.0
PK-BAL-003,Bolan University of Medical & Health Sciences,Public,Balochistan,Quetta,1972,0,W1,MBBS,STEM,2023,211,110,101,8,26.4,14.0,7.0,190.0,16.0,23.5,47.0,3.12,96.7,15.8,Mostly Urban,46405.0,12.0,26.0,Yes,MDCAT (PMC) / Bolan Test,Difficult,65% / 210 marks,12.0
PK-BAL-003,Bolan University of Medical & Health Sciences,Public,Balochistan,Quetta,1972,0,W1,MBBS,STEM,2024,247,157,90,7,35.3,16.0,46.0,185.0,8.0,35.0,57.0,3.13,87.8,9.8,Mostly Urban,88827.0,5.0,7.0,Yes,MDCAT (PMC) / Bolan Test,Difficult,65% / 210 marks,10.0
PK-BAL-003,Bolan University of Medical & Health Sciences,Public,Balochistan,Quetta,1972,0,W1,MBBS,STEM,2025,223,138,85,7,31.9,0.0,37.0,186.0,36.0,13.0,47.0,3.24,96.3,10.4,Mostly Urban,35695.0,6.0,26.0,Yes,MDCAT (PMC) / Bolan Test,Difficult,65% / 210 marks,14.0
PK-BAL-003,Bolan University of Medical & Health Sciences,Public,Balochistan,Quetta,1972,0,W1,Pharmacy,STEM,2022,361,235,126,10,36.1,25.0,32.0,304.0,72.0,50.0,76.0,2.86,85.4,4.3,Mostly Urban,27637.0,10.0,30.0,Yes,MDCAT (PMC) / Bolan Test,Difficult,65% / 210 marks,14.0
PK-BAL-003,Bolan University of Medical & Health Sciences,Public,Balochistan,Quetta,1972,0,W1,Pharmacy,STEM,2023,382,146,236,13,29.4,0.0,64.0,318.0,37.5,20.0,47.0,3.01,80.5,18.0,Mostly Urban,11275.0,3.0,8.0,Yes,MDCAT (PMC) / Bolan Test,Difficult,65% / 210 marks,10.0
PK-BAL-003,Bolan University of Medical & Health Sciences,Public,Balochistan,Quetta,1972,0,W1,Pharmacy,STEM,2024,396,219,177,11,36.0,7.0,56.0,333.0,63.0,18.0,47.0,3.59,87.4,10.4,Mixed Urban-Rural,27378.0,8.0,22.0,Yes,MDCAT (PMC) / Bolan Test,Difficult,65% / 210 marks,11.0
PK-BAL-003,Bolan University of Medical & Health Sciences,Public,Balochistan,Quetta,1972,0,W1,Pharmacy,STEM,2025,405,264,141,12,33.8,14.0,72.0,319.0,69.0,44.0,80.0,3.33,84.1,12.8,Mixed Urban-Rural,12876.0,19.0,21.0,Yes,MDCAT (PMC) / Bolan Test,Difficult,65% / 210 marks,13.0
PK-BAL-003,Bolan University of Medical & Health Sciences,Public,Balochistan,Quetta,1972,0,W1,Physiotherapy,STEM,2022,405,276,129,12,33.8,5.0,10.0,390.0,68.0,23.5,77.0,2.86,75.2,13.1,Mostly Rural,34320.0,4.0,30.0,Yes,MDCAT (PMC) / Bolan Test,Difficult,65% / 210 marks,13.0
PK-BAL-003,Bolan University of Medical & Health Sciences,Public,Balochistan,Quetta,1972,0,W1,Physiotherapy,STEM,2023,378,177,201,10,37.8,26.0,34.0,318.0,74.0,27.0,47.0,3.13,82.1,10.4,Mostly Urban,30468.0,10.0,33.0,Yes,MDCAT (PMC) / Bolan Test,Difficult,65% / 210 marks,11.0
PK-BAL-003,Bolan University of Medical & Health Sciences,Public,Balochistan,Quetta,1972,0,W1,Physiotherapy,STEM,2024,449,265,184,17,26.4,30.0,50.0,369.0,54.0,37.0,17.0,2.91,74.1,8.5,Mostly Urban,37527.0,1.0,34.0,Yes,MDCAT (PMC) / Bolan Test,Difficult,65% / 210 marks,13.0
PK-BAL-003,Bolan University of Medical & Health Sciences,Public,Balochistan,Quetta,1972,0,W1,Physiotherapy,STEM,2025,390,163,227,16,24.4,16.0,72.0,302.0,39.0,24.0,24.0,3.27,84.4,6.7,Mostly Rural,15897.0,11.0,4.0,Yes,MDCAT (PMC) / Bolan Test,Difficult,65% / 210 marks,13.0
PK-BAL-003,Bolan University of Medical & Health Sciences,Public,Balochistan,Quetta,1972,0,W1,Public Health,STEM,2022,286,142,144,8,35.8,17.0,13.0,256.0,18.0,38.0,8.0,3.28,66.4,10.4,Mostly Urban,32103.0,2.0,26.0,Yes,MDCAT (PMC) / Bolan Test,Difficult,65% / 210 marks,14.0
PK-BAL-003,Bolan University of Medical & Health Sciences,Public,Balochistan,Quetta,1972,0,W1,Public Health,STEM,2023,297,153,144,10,29.7,5.0,24.0,268.0,17.0,23.5,27.0,2.86,69.6,14.1,Mostly Rural,32103.0,19.0,27.0,Yes,MDCAT (PMC) / Bolan Test,Difficult,65% / 210 marks,13.0
PK-BAL-003,Bolan University of Medical & Health Sciences,Public,Balochistan,Quetta,1972,0,W1,Public Health,STEM,2024,284,157,127,12,23.7,0.0,20.0,264.0,37.5,23.0,47.0,3.13,67.2,15.2,Mostly Rural,22099.0,12.0,34.0,Yes,MDCAT (PMC) / Bolan Test,Difficult,65% / 210 marks,12.0
PK-BAL-003,Bolan University of Medical & Health Sciences,Public,Balochistan,Quetta,1972,0,W1,Public Health,STEM,2025,288,127,161,9,32.0,8.0,32.0,248.0,26.0,36.0,52.0,3.69,73.9,10.4,Mostly Urban,41683.0,18.0,15.0,Yes,MDCAT (PMC) / Bolan Test,Difficult,65% / 210 marks,10.0
PK-BAL-007,Lasbela University of Agriculture Water & Marine,Public,Balochistan,Lasbela,2005,0,W2,Agricultural Engineering,STEM,2022,365,256,109,13,28.1,16.0,7.0,342.0,9.0,12.0,26.0,2.82,65.3,13.3,Mostly Urban,13350.0,9.0,25.0,Yes,LUAWMS Entry Test,Easy,45% / 100 marks,12.0
PK-BAL-007,Lasbela University of Agriculture Water & Marine,Public,Balochistan,Lasbela,2005,0,W2,Agricultural Engineering,STEM,2023,388,254,134,12,32.3,13.0,40.0,335.0,13.0,31.0,61.0,2.72,60.4,6.4,Mostly Rural,14233.0,1.0,31.0,Yes,LUAWMS Entry Test,Easy,45% / 100 marks,10.0
PK-BAL-007,Lasbela University of Agriculture Water & Marine,Public,Balochistan,Lasbela,2005,0,W2,Agricultural Engineering,STEM,2024,400,263,137,15,26.7,30.0,71.0,299.0,5.0,54.0,46.0,3.25,62.4,7.8,Mostly Urban,43935.0,11.0,14.0,Yes,LUAWMS Entry Test,Easy,45% / 100 marks,12.0
PK-BAL-007,Lasbela University of Agriculture Water & Marine,Public,Balochistan,Lasbela,2005,0,W2,Agricultural Engineering,STEM,2025,473,225,248,15,31.5,22.0,66.0,385.0,61.0,54.0,5.0,3.05,64.5,10.3,Mostly Rural,37064.0,5.0,17.5,Yes,LUAWMS Entry Test,Easy,45% / 100 marks,12.0
PK-BAL-007,Lasbela University of Agriculture Water & Marine,Public,Balochistan,Lasbela,2005,0,W2,Agriculture,STEM,2022,201,106,95,7,28.7,3.0,37.0,161.0,23.0,17.0,27.0,2.93,53.4,10.9,Mixed Urban-Rural,8509.0,14.0,17.0,Yes,LUAWMS Entry Test,Easy,45% / 100 marks,12.0
PK-BAL-007,Lasbela University of Agriculture Water & Marine,Public,Balochistan,Lasbela,2005,0,W2,Agriculture,STEM,2023,202,134,68,7,28.9,5.0,29.0,168.0,33.0,22.0,35.0,3.22,48.3,7.1,Mostly Rural,28414.0,17.0,12.0,Yes,LUAWMS Entry Test,Easy,45% / 100 marks,9.0
PK-BAL-007,Lasbela University of Agriculture Water & Marine,Public,Balochistan,Lasbela,2005,0,W2,Agriculture,STEM,2024,202,138,64,6,33.7,12.0,0.0,190.0,16.0,28.0,6.0,2.72,61.9,10.0,Mostly Rural,8623.0,16.0,8.0,Yes,LUAWMS Entry Test,Easy,45% / 100 marks,8.0
PK-BAL-007,Lasbela University of Agriculture Water & Marine,Public,Balochistan,Lasbela,2005,0,W2,Agriculture,STEM,2025,209,135,74,6,34.8,0.0,17.0,192.0,31.5,40.0,8.0,2.65,62.2,10.9,Mostly Urban,43716.0,12.0,13.0,Yes,LUAWMS Entry Test,Easy,45% / 100 marks,9.0
PK-BAL-007,Lasbela University of Agriculture Water & Marine,Public,Balochistan,Lasbela,2005,0,W2,Fisheries,STEM,2022,558,362,196,23,24.3,12.0,43.0,503.0,56.0,36.0,33.0,3.28,45.0,13.6,Mostly Rural,39433.0,4.0,19.0,Yes,LUAWMS Entry Test,Easy,45% / 100 marks,12.0
PK-BAL-007,Lasbela University of Agriculture Water & Marine,Public,Balochistan,Lasbela,2005,0,W2,Fisheries,STEM,2023,511,248,263,19,26.9,9.0,11.0,491.0,67.0,37.0,66.0,2.72,51.1,10.5,Mostly Rural,34217.0,17.0,5.0,Yes,LUAWMS Entry Test,Easy,45% / 100 marks,10.0
PK-BAL-007,Lasbela University of Agriculture Water & Marine,Public,Balochistan,Lasbela,2005,0,W2,Fisheries,STEM,2024,502,235,267,21,23.9,7.0,0.0,495.0,50.0,16.0,62.0,3.64,48.2,12.6,Mostly Rural,25712.0,6.0,27.0,Yes,LUAWMS Entry Test,Easy,45% / 100 marks,8.0
PK-BAL-007,Lasbela University of Agriculture Water & Marine,Public,Balochistan,Lasbela,2005,0,W2,Fisheries,STEM,2025,571,341,230,18,31.7,15.0,46.0,510.0,107.0,6.0,5.0,2.93,44.4,15.1,Mostly Urban,35653.0,18.0,17.5,Yes,LUAWMS Entry Test,Easy,45% / 100 marks,12.0
PK-BAL-007,Lasbela University of Agriculture Water & Marine,Public,Balochistan,Lasbela,2005,0,W2,Food Science & Technology,STEM,2022,965,436,529,42,23.0,46.0,110.0,809.0,31.5,28.0,54.0,3.61,67.2,10.9,Mostly Rural,23082.0,10.0,24.0,Yes,LUAWMS Entry Test,Easy,45% / 100 marks,10.0
PK-BAL-007,Lasbela University of Agriculture Water & Marine,Public,Balochistan,Lasbela,2005,0,W2,Food Science & Technology,STEM,2023,923,582,341,37,24.9,60.0,86.0,777.0,30.0,41.0,24.0,3.17,63.4,12.4,Mixed Urban-Rural,13260.0,14.0,16.0,Yes,LUAWMS Entry Test,Easy,45% / 100 marks,9.0
PK-BAL-007,Lasbela University of Agriculture Water & Marine,Public,Balochistan,Lasbela,2005,0,W2,Food Science & Technology,STEM,2024,1023,480,543,31,33.0,68.0,0.0,955.0,56.0,28.0,70.0,2.88,62.4,10.9,Mostly Rural,43951.0,16.0,5.0,Yes,LUAWMS Entry Test,Easy,45% / 100 marks,10.0
PK-BAL-007,Lasbela University of Agriculture Water & Marine,Public,Balochistan,Lasbela,2005,0,W2,Food Science & Technology,STEM,2025,967,618,349,31,31.2,0.0,19.0,948.0,123.0,52.0,76.0,3.24,65.4,11.1,Mixed Urban-Rural,43009.0,4.0,18.0,Yes,LUAWMS Entry Test,Easy,45% / 100 marks,11.0
PK-BAL-007,Lasbela University of Agriculture Water & Marine,Public,Balochistan,Lasbela,2005,0,W2,Soil Science,STEM,2022,313,152,161,13,24.1,25.0,41.0,247.0,15.0,33.0,33.0,3.22,48.1,5.1,Mostly Rural,28414.0,8.0,35.0,Yes,LUAWMS Entry Test,Easy,45% / 100 marks,10.0
PK-BAL-007,Lasbela University of Agriculture Water & Marine,Public,Balochistan,Lasbela,2005,0,W2,Soil Science,STEM,2023,340,142,198,15,22.7,4.0,45.0,291.0,9.0,7.0,25.0,3.48,51.3,12.3,Mostly Urban,19710.0,11.0,32.0,Yes,LUAWMS Entry Test,Easy,45% / 100 marks,10.0
PK-BAL-007,Lasbela University of Agriculture Water & Marine,Public,Balochistan,Lasbela,2005,0,W2,Soil Science,STEM,2024,310,176,134,11,28.2,6.0,42.0,262.0,27.0,28.0,19.0,2.9,54.5,10.9,Mostly Rural,42618.0,17.0,34.0,Yes,LUAWMS Entry Test,Easy,45% / 100 marks,12.0
PK-BAL-007,Lasbela University of Agriculture Water & Marine,Public,Balochistan,Lasbela,2005,0,W2,Soil Science,STEM,2025,357,194,163,10,35.7,0.0,19.0,338.0,71.0,18.0,56.0,3.05,51.6,10.9,Mostly Urban,21385.0,5.0,14.0,Yes,LUAWMS Entry Test,Easy,45% / 100 marks,8.0
PK-BAL-010,Mir Chakar Khan Rind University Sibi,Public,Balochistan,Sibi,2019,0,W1,Biology,STEM,2022,211,136,75,9,23.4,9.0,0.0,202.0,20.0,60.0,10.0,3.09,46.0,1.8,Mixed Urban-Rural,35836.0,7.0,19.0,Yes,MCK Entry Test,Easy,40% / 100 marks,4.0
PK-BAL-010,Mir Chakar Khan Rind University Sibi,Public,Balochistan,Sibi,2019,0,W1,Biology,STEM,2023,197,79,118,7,28.1,0.0,34.0,163.0,21.0,58.0,33.0,3.02,56.2,8.6,Mostly Urban,40872.0,7.0,9.0,Yes,MCK Entry Test,Easy,40% / 100 marks,4.0
PK-BAL-010,Mir Chakar Khan Rind University Sibi,Public,Balochistan,Sibi,2019,0,W1,Biology,STEM,2024,195,92,103,6,32.5,0.0,30.0,165.0,19.0,37.0,27.0,3.07,49.5,14.9,Mostly Rural,15407.0,2.0,10.0,Yes,MCK Entry Test,Easy,40% / 100 marks,3.0
PK-BAL-010,Mir Chakar Khan Rind University Sibi,Public,Balochistan,Sibi,2019,0,W1,Biology,STEM,2025,226,149,77,6,37.7,12.0,21.0,193.0,19.0,32.0,62.0,2.79,45.1,9.9,Mixed Urban-Rural,25354.0,19.0,19.0,Yes,MCK Entry Test,Easy,40% / 100 marks,5.0
PK-BAL-010,Mir Chakar Khan Rind University Sibi,Public,Balochistan,Sibi,2019,0,W1,Computer Science,STEM,2022,434,264,170,15,28.9,5.0,17.0,412.0,80.0,10.0,23.0,3.17,89.2,1.6,Mostly Rural,26912.0,5.0,16.0,Yes,MCK Entry Test,Easy,40% / 100 marks,6.0
PK-BAL-010,Mir Chakar Khan Rind University Sibi,Public,Balochistan,Sibi,2019,0,W1,Computer Science,STEM,2023,477,185,292,17,28.1,37.0,0.0,440.0,15.0,56.0,70.0,3.34,85.2,5.2,Mixed Urban-Rural,31975.0,6.0,25.0,Yes,MCK Entry Test,Easy,40% / 100 marks,5.0
PK-BAL-010,Mir Chakar Khan Rind University Sibi,Public,Balochistan,Sibi,2019,0,W1,Computer Science,STEM,2024,412,240,172,16,25.8,0.0,53.0,359.0,19.0,32.0,41.0,3.07,81.0,4.1,Mostly Urban,24802.0,7.5,28.0,Yes,MCK Entry Test,Easy,40% / 100 marks,3.0
PK-BAL-010,Mir Chakar Khan Rind University Sibi,Public,Balochistan,Sibi,2019,0,W1,Computer Science,STEM,2025,425,228,197,15,28.3,30.0,26.0,369.0,32.0,32.0,48.0,3.39,80.2,9.4,Mostly Rural,40306.0,6.0,11.0,Yes,MCK Entry Test,Easy,40% / 100 marks,5.0
PK-BAL-010,Mir Chakar Khan Rind University Sibi,Public,Balochistan,Sibi,2019,0,W1,English Literature,Arts & Social Sciences,2022,166,91,75,5,33.2,0.0,32.0,134.0,29.0,50.0,65.0,3.52,41.2,17.6,Mixed Urban-Rural,44287.0,10.0,32.0,Yes,MCK Entry Test,Easy,40% / 100 marks,3.0
PK-BAL-010,Mir Chakar Khan Rind University Sibi,Public,Balochistan,Sibi,2019,0,W1,English Literature,Arts & Social Sciences,2023,168,81,87,5,33.6,4.0,27.0,137.0,16.0,5.0,25.0,3.47,46.5,17.7,Mixed Urban-Rural,40985.0,7.5,10.0,Yes,MCK Entry Test,Easy,40% / 100 marks,4.0
PK-BAL-010,Mir Chakar Khan Rind University Sibi,Public,Balochistan,Sibi,2019,0,W1,English Literature,Arts & Social Sciences,2024,184,74,110,5,36.8,0.0,7.0,177.0,31.0,4.0,27.0,3.07,45.6,3.6,Mostly Rural,35596.0,16.0,15.5,Yes,MCK Entry Test,Easy,40% / 100 marks,3.0
PK-BAL-010,Mir Chakar Khan Rind University Sibi,Public,Balochistan,Sibi,2019,0,W1,English Literature,Arts & Social Sciences,2025,197,113,84,5,39.4,12.0,15.0,170.0,17.0,31.0,22.0,3.19,54.7,2.7,Mostly Urban,33370.0,8.0,4.0,Yes,MCK Entry Test,Easy,40% / 100 marks,4.0
PK-BAL-010,Mir Chakar Khan Rind University Sibi,Public,Balochistan,Sibi,2019,0,W1,History,Arts & Social Sciences,2022,135,52,83,5,27.0,4.0,1.0,130.0,16.0,59.0,31.0,2.95,44.8,2.1,Mixed Urban-Rural,9436.0,14.0,15.5,Yes,MCK Entry Test,Easy,40% / 100 marks,4.0
PK-BAL-010,Mir Chakar Khan Rind University Sibi,Public,Balochistan,Sibi,2019,0,W1,History,Arts & Social Sciences,2023,140,55,85,5,28.0,10.0,5.0,125.0,25.0,21.0,77.0,2.79,34.5,7.7,Mostly Rural,43579.0,2.0,15.5,Yes,MCK Entry Test,Easy,40% / 100 marks,4.0
PK-BAL-010,Mir Chakar Khan Rind University Sibi,Public,Balochistan,Sibi,2019,0,W1,History,Arts & Social Sciences,2024,144,87,57,5,28.8,10.0,27.0,107.0,24.0,22.0,35.0,3.21,40.4,6.3,Mixed Urban-Rural,31975.0,7.0,5.0,Yes,MCK Entry Test,Easy,40% / 100 marks,5.0
PK-BAL-010,Mir Chakar Khan Rind University Sibi,Public,Balochistan,Sibi,2019,0,W1,History,Arts & Social Sciences,2025,156,62,94,6,26.0,7.0,14.0,135.0,29.0,37.0,52.0,2.76,35.5,6.3,Mostly Rural,38518.0,13.0,4.0,Yes,MCK Entry Test,Easy,40% / 100 marks,5.0
PK-BAL-010,Mir Chakar Khan Rind University Sibi,Public,Balochistan,Sibi,2019,0,W1,Law,Arts & Social Sciences,2022,111,77,34,5,22.2,8.0,13.0,90.0,17.0,3.0,3.0,2.68,75.3,14.1,Mixed Urban-Rural,18326.0,4.0,18.0,Yes,MCK Entry Test,Easy,40% / 100 marks,3.0
PK-BAL-010,Mir Chakar Khan Rind University Sibi,Public,Balochistan,Sibi,2019,0,W1,Law,Arts & Social Sciences,2023,115,62,53,5,23.0,2.0,15.0,98.0,19.0,46.0,6.0,3.28,69.7,3.3,Mostly Rural,27974.0,5.0,15.5,Yes,MCK Entry Test,Easy,40% / 100 marks,6.0
PK-BAL-010,Mir Chakar Khan Rind University Sibi,Public,Balochistan,Sibi,2019,0,W1,Law,Arts & Social Sciences,2024,107,54,53,5,21.4,4.0,17.0,86.0,11.0,27.0,72.0,3.17,73.9,6.3,Mixed Urban-Rural,27900.0,12.0,29.0,Yes,MCK Entry Test,Easy,40% / 100 marks,4.0
PK-BAL-010,Mir Chakar Khan Rind University Sibi,Public,Balochistan,Sibi,2019,0,W1,Law,Arts & Social Sciences,2025,108,72,36,5,21.6,1.0,0.0,107.0,9.0,22.0,79.0,2.85,71.8,6.3,Mostly Rural,39526.0,3.0,18.0,Yes,MCK Entry Test,Easy,40% / 100 marks,4.0
PK-BAL-010,Mir Chakar Khan Rind University Sibi,Public,Balochistan,Sibi,2019,0,W1,Mathematics,STEM,2022,458,206,252,14,32.7,31.0,10.0,417.0,54.0,58.0,62.0,2.89,59.2,9.5,Mixed Urban-Rural,15059.0,20.0,22.0,Yes,MCK Entry Test,Easy,40% / 100 marks,5.0
PK-BAL-010,Mir Chakar Khan Rind University Sibi,Public,Balochistan,Sibi,2019,0,W1,Mathematics,STEM,2023,422,275,147,16,26.4,0.0,49.0,373.0,12.0,9.0,39.0,3.06,65.2,15.8,Mostly Rural,39484.0,17.0,15.0,Yes,MCK Entry Test,Easy,40% / 100 marks,6.0
PK-BAL-010,Mir Chakar Khan Rind University Sibi,Public,Balochistan,Sibi,2019,0,W1,Mathematics,STEM,2024,448,293,155,18,24.9,0.0,74.0,374.0,19.0,33.0,28.0,2.65,64.8,2.7,Mostly Rural,44459.0,15.0,15.5,Yes,MCK Entry Test,Easy,40% / 100 marks,6.0
PK-BAL-010,Mir Chakar Khan Rind University Sibi,Public,Balochistan,Sibi,2019,0,W1,Mathematics,STEM,2025,481,251,230,20,24.1,37.0,32.0,412.0,19.0,60.0,4.0,3.02,54.8,6.3,Mostly Rural,39946.0,7.5,25.0,Yes,MCK Entry Test,Easy,40% / 100 marks,3.0
PK-BAL-010,Mir Chakar Khan Rind University Sibi,Public,Balochistan,Sibi,2019,0,W1,Mechanical Engineering,STEM,2022,249,141,108,7,35.6,10.0,9.0,230.0,46.0,25.0,50.0,2.66,64.8,3.6,Mixed Urban-Rural,30705.0,15.0,7.0,Yes,MCK Entry Test,Easy,40% / 100 marks,4.0
PK-BAL-010,Mir Chakar Khan Rind University Sibi,Public,Balochistan,Sibi,2019,0,W1,Mechanical Engineering,STEM,2023,224,95,129,9,24.9,17.0,11.0,196.0,14.0,32.0,29.0,2.91,72.1,6.3,Mostly Rural,35378.0,1.0,35.0,Yes,MCK Entry Test,Easy,40% / 100 marks,5.0
PK-BAL-010,Mir Chakar Khan Rind University Sibi,Public,Balochistan,Sibi,2019,0,W1,Mechanical Engineering,STEM,2024,221,120,101,8,27.6,10.0,25.0,186.0,19.0,16.0,64.0,3.42,66.0,11.5,Mostly Rural,14294.0,4.0,27.0,Yes,MCK Entry Test,Easy,40% / 100 marks,4.0
PK-BAL-010,Mir Chakar Khan Rind University Sibi,Public,Balochistan,Sibi,2019,0,W1,Mechanical Engineering,STEM,2025,270,167,103,11,24.5,0.0,45.0,225.0,9.0,8.0,7.0,3.02,79.4,1.9,Mostly Urban,25054.0,17.0,17.0,Yes,MCK Entry Test,Easy,40% / 100 marks,3.0
PK-BAL-010,Mir Chakar Khan Rind University Sibi,Public,Balochistan,Sibi,2019,0,W1,Pharmacy,STEM,2022,223,135,88,7,31.9,9.0,19.0,195.0,19.0,36.0,41.0,3.11,74.3,14.7,Mostly Urban,36130.0,20.0,5.0,Yes,MCK Entry Test,Easy,40% / 100 marks,3.0
PK-BAL-010,Mir Chakar Khan Rind University Sibi,Public,Balochistan,Sibi,2019,0,W1,Pharmacy,STEM,2023,245,175,70,9,27.2,12.0,0.0,233.0,19.0,54.0,4.0,3.07,87.0,3.7,Mixed Urban-Rural,40917.0,13.0,2.0,Yes,MCK Entry Test,Easy,40% / 100 marks,4.0
PK-BAL-010,Mir Chakar Khan Rind University Sibi,Public,Balochistan,Sibi,2019,0,W1,Pharmacy,STEM,2024,296,145,151,12,24.7,0.0,32.0,264.0,48.0,32.0,70.0,3.12,73.8,6.3,Mostly Urban,13403.0,7.5,15.5,Yes,MCK Entry Test,Easy,40% / 100 marks,3.0
PK-BAL-010,Mir Chakar Khan Rind University Sibi,Public,Balochistan,Sibi,2019,0,W1,Pharmacy,STEM,2025,313,128,185,10,31.3,12.0,26.0,275.0,12.0,32.0,23.0,2.77,81.4,4.6,Mixed Urban-Rural,29977.0,17.0,3.0,Yes,MCK Entry Test,Easy,40% / 100 marks,6.0
PK-BAL-010,Mir Chakar Khan Rind University Sibi,Public,Balochistan,Sibi,2019,0,W1,Statistics,STEM,2022,109,62,47,5,21.8,4.0,8.0,97.0,13.0,44.0,26.0,3.08,64.3,6.3,Mixed Urban-Rural,13618.0,5.0,15.5,Yes,MCK Entry Test,Easy,40% / 100 marks,4.0
PK-BAL-010,Mir Chakar Khan Rind University Sibi,Public,Balochistan,Sibi,2019,0,W1,Statistics,STEM,2023,112,61,51,5,22.4,2.0,10.0,100.0,19.0,32.0,52.0,3.49,65.8,3.5,Mostly Rural,39630.0,2.0,4.0,Yes,MCK Entry Test,Easy,40% / 100 marks,4.0
PK-BAL-010,Mir Chakar Khan Rind University Sibi,Public,Balochistan,Sibi,2019,0,W1,Statistics,STEM,2024,106,42,64,5,21.2,1.0,7.0,98.0,21.0,32.0,33.0,2.82,63.8,13.4,Mixed Urban-Rural,18156.0,15.0,15.5,Yes,MCK Entry Test,Easy,40% / 100 marks,4.0
PK-BAL-010,Mir Chakar Khan Rind University Sibi,Public,Balochistan,Sibi,2019,0,W1,Statistics,STEM,2025,102,51,51,5,20.4,2.0,8.0,92.0,10.0,30.0,6.0,3.28,64.3,13.8,Mostly Urban,12715.0,5.0,14.0,Yes,MCK Entry Test,Easy,40% / 100 marks,3.0
PK-BAL-004,Sardar Bahadur Khan Women's University,Public,Balochistan,Quetta,2004,0,W1,Computer Science,STEM,2022,310,173,137,11,28.2,22.0,41.0,247.0,38.0,5.0,25.0,3.11,80.8,7.25,Mixed Urban-Rural,31763.0,11.0,17.0,Yes,SBKWU Entry Test,Easy,40% / 100 marks,8.0
PK-BAL-004,Sardar Bahadur Khan Women's University,Public,Balochistan,Quetta,2004,0,W1,Computer Science,STEM,2023,298,139,159,10,29.8,0.0,38.0,260.0,48.0,60.0,5.0,2.8,86.5,8.3,Mostly Rural,30941.0,12.0,22.0,Yes,SBKWU Entry Test,Easy,40% / 100 marks,9.0
PK-BAL-004,Sardar Bahadur Khan Women's University,Public,Balochistan,Quetta,2004,0,W1,Computer Science,STEM,2024,315,146,169,9,35.0,18.0,42.0,255.0,47.0,1.0,11.0,3.23,83.8,12.1,Mostly Urban,32519.0,8.0,29.0,Yes,SBKWU Entry Test,Easy,40% / 100 marks,7.0
PK-BAL-004,Sardar Bahadur Khan Women's University,Public,Balochistan,Quetta,2004,0,W1,Computer Science,STEM,2025,359,252,107,11,32.6,22.0,32.0,305.0,56.0,25.0,9.0,2.86,86.7,4.5,Mixed Urban-Rural,29021.0,13.0,22.0,Yes,SBKWU Entry Test,Easy,40% / 100 marks,6.0
PK-BAL-004,Sardar Bahadur Khan Women's University,Public,Balochistan,Quetta,2004,0,W1,Economics,Business,2022,457,189,268,19,24.1,26.0,6.0,425.0,75.0,14.0,24.5,3.11,62.9,10.9,Mostly Urban,35423.0,20.0,22.0,Yes,SBKWU Entry Test,Easy,40% / 100 marks,6.0
PK-BAL-004,Sardar Bahadur Khan Women's University,Public,Balochistan,Quetta,2004,0,W1,Economics,Business,2023,433,226,207,18,24.1,13.0,55.0,365.0,48.0,4.0,25.0,3.47,73.0,7.25,Mostly Urban,37648.0,11.0,35.0,Yes,SBKWU Entry Test,Easy,40% / 100 marks,7.0
PK-BAL-004,Sardar Bahadur Khan Women's University,Public,Balochistan,Quetta,2004,0,W1,Economics,Business,2024,441,197,244,13,33.9,2.0,51.0,388.0,48.0,58.0,10.0,2.7,59.1,6.6,Mostly Urban,32392.0,11.0,32.0,Yes,SBKWU Entry Test,Easy,40% / 100 marks,9.0
PK-BAL-004,Sardar Bahadur Khan Women's University,Public,Balochistan,Quetta,2004,0,W1,Economics,Business,2025,466,311,155,19,24.5,34.0,30.0,402.0,92.0,30.0,61.0,2.98,70.4,6.2,Mixed Urban-Rural,35194.0,3.0,12.0,Yes,SBKWU Entry Test,Easy,40% / 100 marks,7.0
PK-BAL-004,Sardar Bahadur Khan Women's University,Public,Balochistan,Quetta,2004,0,W1,Education,Arts & Social Sciences,2022,392,244,148,15,26.1,0.0,0.0,392.0,75.0,32.0,24.5,3.17,60.1,15.8,Mostly Rural,29915.0,3.0,23.0,Yes,SBKWU Entry Test,Easy,40% / 100 marks,7.0
PK-BAL-004,Sardar Bahadur Khan Women's University,Public,Balochistan,Quetta,2004,0,W1,Education,Arts & Social Sciences,2023,359,149,210,12,29.9,2.0,38.0,319.0,48.0,30.0,40.0,3.0,73.4,13.0,Mixed Urban-Rural,36637.0,13.0,22.0,Yes,SBKWU Entry Test,Easy,40% / 100 marks,8.0
PK-BAL-004,Sardar Bahadur Khan Women's University,Public,Balochistan,Quetta,2004,0,W1,Education,Arts & Social Sciences,2024,381,203,178,16,23.8,3.0,56.0,322.0,51.0,30.0,8.0,3.28,65.8,7.2,Mostly Urban,21643.0,6.0,11.0,Yes,SBKWU Entry Test,Easy,40% / 100 marks,8.0
PK-BAL-004,Sardar Bahadur Khan Women's University,Public,Balochistan,Quetta,2004,0,W1,Education,Arts & Social Sciences,2025,386,273,113,13,29.7,11.0,76.0,299.0,29.0,54.0,32.0,3.61,64.4,9.0,Mixed Urban-Rural,29915.0,1.0,13.0,Yes,SBKWU Entry Test,Easy,40% / 100 marks,10.0
PK-BAL-004,Sardar Bahadur Khan Women's University,Public,Balochistan,Quetta,2004,0,W1,Electrical Engineering,STEM,2022,376,246,130,13,28.9,24.0,31.0,321.0,19.0,5.0,24.5,3.17,72.1,7.25,Mostly Urban,15518.0,9.0,3.0,Yes,SBKWU Entry Test,Easy,40% / 100 marks,10.0
PK-BAL-004,Sardar Bahadur Khan Women's University,Public,Balochistan,Quetta,2004,0,W1,Electrical Engineering,STEM,2023,471,208,263,13,36.2,1.0,76.0,394.0,73.0,45.0,52.0,2.75,73.0,9.3,Mixed Urban-Rural,42688.0,20.0,22.0,Yes,SBKWU Entry Test,Easy,40% / 100 marks,6.0
PK-BAL-004,Sardar Bahadur Khan Women's University,Public,Balochistan,Quetta,2004,0,W1,Electrical Engineering,STEM,2024,435,197,238,16,27.2,22.0,51.0,362.0,57.0,46.0,5.0,3.26,76.5,5.0,Mostly Urban,14554.0,6.0,18.0,Yes,SBKWU Entry Test,Easy,40% / 100 marks,8.0
PK-BAL-004,Sardar Bahadur Khan Women's University,Public,Balochistan,Quetta,2004,0,W1,Electrical Engineering,STEM,2025,449,206,243,16,28.1,29.0,15.0,405.0,56.0,30.0,11.0,3.39,77.3,3.9,Mixed Urban-Rural,26977.0,18.0,22.0,Yes,SBKWU Entry Test,Easy,40% / 100 marks,8.0
PK-BAL-004,Sardar Bahadur Khan Women's University,Public,Balochistan,Quetta,2004,0,W1,Information Technology,STEM,2022,469,302,167,14,33.5,29.0,75.0,365.0,48.0,7.0,45.0,3.39,82.8,7.25,Mixed Urban-Rural,22379.0,11.0,34.0,Yes,SBKWU Entry Test,Easy,40% / 100 marks,10.0
PK-BAL-004,Sardar Bahadur Khan Women's University,Public,Balochistan,Quetta,2004,0,W1,Information Technology,STEM,2023,428,221,207,16,26.8,9.0,73.0,346.0,81.0,16.0,19.0,3.52,77.3,15.3,Mostly Rural,29915.0,7.0,22.0,Yes,SBKWU Entry Test,Easy,40% / 100 marks,8.0
PK-BAL-004,Sardar Bahadur Khan Women's University,Public,Balochistan,Quetta,2004,0,W1,Information Technology,STEM,2024,499,304,195,17,29.4,21.0,27.0,451.0,76.0,3.0,30.0,3.17,74.9,15.0,Mostly Urban,20471.0,19.0,32.0,Yes,SBKWU Entry Test,Easy,40% / 100 marks,10.0
PK-BAL-004,Sardar Bahadur Khan Women's University,Public,Balochistan,Quetta,2004,0,W1,Information Technology,STEM,2025,542,244,298,15,36.1,0.0,0.0,542.0,86.0,21.0,67.0,2.89,76.1,7.2,Mixed Urban-Rural,40913.0,3.0,25.0,Yes,SBKWU Entry Test,Easy,40% / 100 marks,10.0
PK-BAL-004,Sardar Bahadur Khan Women's University,Public,Balochistan,Quetta,2004,0,W1,Pharmacy,STEM,2022,137,92,45,5,27.4,5.0,0.0,132.0,14.0,23.0,18.0,2.98,75.7,5.9,Mostly Rural,12567.0,8.0,20.0,Yes,SBKWU Entry Test,Easy,40% / 100 marks,6.0
PK-BAL-004,Sardar Bahadur Khan Women's University,Public,Balochistan,Quetta,2004,0,W1,Pharmacy,STEM,2023,131,64,67,5,26.2,4.0,6.0,121.0,26.0,41.0,12.0,3.66,74.0,7.25,Mostly Urban,24059.0,20.0,1.0,Yes,SBKWU Entry Test,Easy,40% / 100 marks,6.0
PK-BAL-004,Sardar Bahadur Khan Women's University,Public,Balochistan,Quetta,2004,0,W1,Pharmacy,STEM,2024,158,97,61,5,31.6,6.0,28.0,124.0,14.0,51.0,24.0,3.5,75.0,7.25,Mixed Urban-Rural,42766.0,6.0,26.0,Yes,SBKWU Entry Test,Easy,40% / 100 marks,10.0
PK-BAL-004,Sardar Bahadur Khan Women's University,Public,Balochistan,Quetta,2004,0,W1,Pharmacy,STEM,2025,144,57,87,5,28.8,6.0,21.0,117.0,15.0,18.0,64.0,3.17,82.7,7.3,Mostly Rural,13947.0,2.0,22.0,Yes,SBKWU Entry Test,Easy,40% / 100 marks,7.0
PK-BAL-004,Sardar Bahadur Khan Women's University,Public,Balochistan,Quetta,2004,0,W1,Sociology,Arts & Social Sciences,2022,208,127,81,8,26.0,13.0,1.0,194.0,8.0,40.0,77.0,2.8,53.7,2.9,Mostly Rural,29915.0,16.0,22.0,Yes,SBKWU Entry Test,Easy,40% / 100 marks,6.0
PK-BAL-004,Sardar Bahadur Khan Women's University,Public,Balochistan,Quetta,2004,0,W1,Sociology,Arts & Social Sciences,2023,253,125,128,9,28.1,10.0,22.0,221.0,46.0,49.0,24.5,3.26,45.6,4.0,Mixed Urban-Rural,8900.0,13.0,22.0,Yes,SBKWU Entry Test,Easy,40% / 100 marks,8.0
PK-BAL-004,Sardar Bahadur Khan Women's University,Public,Balochistan,Quetta,2004,0,W1,Sociology,Arts & Social Sciences,2024,220,157,63,7,31.4,17.0,26.0,177.0,48.0,34.0,77.0,2.71,54.5,9.8,Mixed Urban-Rural,30316.0,12.0,19.0,Yes,SBKWU Entry Test,Easy,40% / 100 marks,6.0
PK-BAL-004,Sardar Bahadur Khan Women's University,Public,Balochistan,Quetta,2004,0,W1,Sociology,Arts & Social Sciences,2025,261,102,159,10,26.1,7.0,1.0,253.0,11.0,50.0,16.0,3.38,45.4,4.2,Mixed Urban-Rural,10954.0,12.0,22.0,Yes,SBKWU Entry Test,Easy,40% / 100 marks,8.0
PK-BAL-001,University of Balochistan,Public,Balochistan,Quetta,1970,0,W1,Economics,Business,2022,205,132,73,6,34.2,11.0,17.0,177.0,15.0,20.0,30.0,3.03,68.1,10.2,Mostly Urban,14234.0,4.0,10.5,Yes,UoB Entry Test,Easy,40% / 100 marks,23.0
PK-BAL-001,University of Balochistan,Public,Balochistan,Quetta,1970,0,W1,Economics,Business,2023,236,91,145,8,29.5,18.0,26.0,192.0,17.0,36.0,70.0,2.98,67.5,13.4,Mostly Urban,30900.0,8.0,10.5,Yes,UoB Entry Test,Easy,40% / 100 marks,21.0
PK-BAL-001,University of Balochistan,Public,Balochistan,Quetta,1970,0,W1,Economics,Business,2024,241,141,100,7,34.4,16.0,12.0,213.0,37.0,48.0,69.0,3.65,67.3,15.0,Mostly Urban,40504.0,12.0,0.0,Yes,UoB Entry Test,Easy,40% / 100 marks,22.0
PK-BAL-001,University of Balochistan,Public,Balochistan,Quetta,1970,0,W1,Economics,Business,2025,204,94,110,6,34.0,13.0,19.0,172.0,22.0,32.0,4.0,3.33,65.7,16.7,Mostly Urban,31888.5,14.0,0.0,Yes,UoB Entry Test,Easy,40% / 100 marks,21.0
PK-BAL-001,University of Balochistan,Public,Balochistan,Quetta,1970,0,W1,English Literature,Arts & Social Sciences,2022,135,71,64,5,27.0,0.0,23.0,112.0,16.0,3.0,79.0,3.03,50.8,1.6,Mostly Urban,15301.0,14.0,33.0,Yes,UoB Entry Test,Easy,40% / 100 marks,21.0
PK-BAL-001,University of Balochistan,Public,Balochistan,Quetta,1970,0,W1,English Literature,Arts & Social Sciences,2023,137,60,77,5,27.4,7.0,14.0,116.0,11.0,28.0,13.0,3.05,49.4,9.1,Mostly Urban,27605.0,20.0,10.5,Yes,UoB Entry Test,Easy,40% / 100 marks,19.0
PK-BAL-001,University of Balochistan,Public,Balochistan,Quetta,1970,0,W1,English Literature,Arts & Social Sciences,2024,145,89,56,5,29.0,0.0,5.0,140.0,13.0,32.0,14.0,3.0,47.4,13.9,Mostly Rural,38964.0,12.0,16.0,Yes,UoB Entry Test,Easy,40% / 100 marks,20.0
PK-BAL-001,University of Balochistan,Public,Balochistan,Quetta,1970,0,W1,English Literature,Arts & Social Sciences,2025,131,86,45,5,26.2,0.0,18.0,113.0,17.0,37.0,71.0,3.18,51.9,10.2,Mixed Urban-Rural,31888.5,12.0,1.0,Yes,UoB Entry Test,Easy,40% / 100 marks,21.5
PK-BAL-001,University of Balochistan,Public,Balochistan,Quetta,1970,0,W1,History,Arts & Social Sciences,2022,94,62,32,5,18.8,1.0,9.0,84.0,16.0,32.0,30.0,2.94,44.6,10.2,Mostly Rural,20846.0,6.0,10.0,Yes,UoB Entry Test,Easy,40% / 100 marks,20.0
PK-BAL-001,University of Balochistan,Public,Balochistan,Quetta,1970,0,W1,History,Arts & Social Sciences,2023,104,47,57,5,20.8,3.0,5.0,96.0,14.0,41.0,30.0,2.65,42.6,17.6,Mixed Urban-Rural,29094.0,14.0,10.5,Yes,UoB Entry Test,Easy,40% / 100 marks,24.0
PK-BAL-001,University of Balochistan,Public,Balochistan,Quetta,1970,0,W1,History,Arts & Social Sciences,2024,107,66,41,5,21.4,8.0,8.0,91.0,7.0,46.0,3.0,3.26,44.5,8.4,Mostly Urban,14073.0,12.0,10.0,Yes,UoB Entry Test,Easy,40% / 100 marks,23.0
PK-BAL-001,University of Balochistan,Public,Balochistan,Quetta,1970,0,W1,History,Arts & Social Sciences,2025,107,65,42,5,21.4,5.0,0.0,102.0,16.0,22.0,79.0,2.68,32.9,14.1,Mostly Urban,33050.0,12.0,10.0,Yes,UoB Entry Test,Easy,40% / 100 marks,21.0
PK-BAL-001,University of Balochistan,Public,Balochistan,Quetta,1970,0,W1,Information Technology,STEM,2022,294,127,167,8,36.8,0.0,13.0,281.0,16.0,36.0,30.0,2.63,84.9,1.9,Mixed Urban-Rural,39333.0,15.0,10.5,Yes,UoB Entry Test,Easy,40% / 100 marks,19.0
PK-BAL-001,University of Balochistan,Public,Balochistan,Quetta,1970,0,W1,Information Technology,STEM,2023,329,149,180,9,36.6,15.0,53.0,261.0,14.0,29.0,27.0,3.01,75.5,11.6,Mostly Urban,29311.0,10.0,9.0,Yes,UoB Entry Test,Easy,40% / 100 marks,24.0
PK-BAL-001,University of Balochistan,Public,Balochistan,Quetta,1970,0,W1,Information Technology,STEM,2024,320,227,93,10,32.0,25.0,43.0,252.0,35.0,59.0,65.0,3.5,86.6,8.7,Mostly Rural,19762.0,9.0,8.0,Yes,UoB Entry Test,Easy,40% / 100 marks,24.0
PK-BAL-001,University of Balochistan,Public,Balochistan,Quetta,1970,0,W1,Information Technology,STEM,2025,365,215,150,12,30.4,3.0,0.0,362.0,71.0,56.0,21.0,3.69,76.8,10.2,Mostly Rural,31888.5,15.0,26.0,Yes,UoB Entry Test,Easy,40% / 100 marks,23.0
PK-BAL-001,University of Balochistan,Public,Balochistan,Quetta,1970,0,W1,Mass Communication,Arts & Social Sciences,2022,415,220,195,13,31.9,11.0,72.0,332.0,16.0,54.0,27.0,3.33,69.3,17.5,Mostly Rural,42205.0,10.0,11.0,Yes,UoB Entry Test,Easy,40% / 100 marks,22.0
PK-BAL-001,University of Balochistan,Public,Balochistan,Quetta,1970,0,W1,Mass Communication,Arts & Social Sciences,2023,516,254,262,16,32.2,25.0,98.0,393.0,42.0,9.0,63.0,3.54,64.6,3.0,Mostly Urban,30684.0,12.0,14.0,Yes,UoB Entry Test,Easy,40% / 100 marks,22.0
PK-BAL-001,University of Balochistan,Public,Balochistan,Quetta,1970,0,W1,Mass Communication,Arts & Social Sciences,2024,506,213,293,16,31.6,6.0,32.0,468.0,98.0,32.0,9.0,3.12,64.3,8.3,Mostly Urban,40384.0,12.0,26.0,Yes,UoB Entry Test,Easy,40% / 100 marks,24.0
PK-BAL-001,University of Balochistan,Public,Balochistan,Quetta,1970,0,W1,Mass Communication,Arts & Social Sciences,2025,492,204,288,14,35.1,0.0,47.0,445.0,44.0,32.0,24.0,3.26,65.0,12.9,Mostly Urban,44781.0,4.0,15.0,Yes,UoB Entry Test,Easy,40% / 100 marks,19.0
PK-BAL-001,University of Balochistan,Public,Balochistan,Quetta,1970,0,W1,Pharmacy,STEM,2022,106,69,37,5,21.2,0.0,19.0,87.0,7.0,3.0,13.0,3.19,86.1,2.0,Mostly Rural,28646.0,16.0,13.0,Yes,UoB Entry Test,Easy,40% / 100 marks,19.0
PK-BAL-001,University of Balochistan,Public,Balochistan,Quetta,1970,0,W1,Pharmacy,STEM,2023,115,50,65,5,23.0,4.0,7.0,104.0,12.0,37.0,11.0,3.12,73.1,10.0,Mostly Rural,41813.0,19.0,29.0,Yes,UoB Entry Test,Easy,40% / 100 marks,21.5
PK-BAL-001,University of Balochistan,Public,Balochistan,Quetta,1970,0,W1,Pharmacy,STEM,2024,142,78,64,5,28.4,6.0,16.0,120.0,25.0,32.0,27.0,3.4,78.8,10.8,Mostly Urban,32877.0,15.0,3.0,Yes,UoB Entry Test,Easy,40% / 100 marks,19.0
PK-BAL-001,University of Balochistan,Public,Balochistan,Quetta,1970,0,W1,Pharmacy,STEM,2025,144,61,83,5,28.8,2.0,8.0,134.0,22.0,37.0,45.0,2.87,76.7,7.9,Mostly Urban,42729.0,2.0,11.0,Yes,UoB Entry Test,Easy,40% / 100 marks,22.0
PK-BAL-001,University of Balochistan,Public,Balochistan,Quetta,1970,0,W1,Physics,STEM,2022,270,125,145,9,30.0,2.0,6.0,262.0,16.0,32.0,13.0,2.69,44.7,12.1,Mostly Urban,26277.0,4.0,21.0,Yes,UoB Entry Test,Easy,40% / 100 marks,18.0
PK-BAL-001,University of Balochistan,Public,Balochistan,Quetta,1970,0,W1,Physics,STEM,2023,271,124,147,12,22.6,0.0,0.0,271.0,28.0,32.0,60.0,3.12,56.3,17.4,Mostly Rural,38427.0,14.0,16.0,Yes,UoB Entry Test,Easy,40% / 100 marks,23.0
PK-BAL-001,University of Balochistan,Public,Balochistan,Quetta,1970,0,W1,Physics,STEM,2024,333,161,172,13,25.6,0.0,45.0,288.0,16.0,13.0,30.0,3.65,54.2,5.5,Mixed Urban-Rural,11612.0,6.0,10.5,Yes,UoB Entry Test,Easy,40% / 100 marks,23.0
PK-BAL-001,University of Balochistan,Public,Balochistan,Quetta,1970,0,W1,Physics,STEM,2025,309,195,114,9,34.3,21.0,5.0,283.0,16.0,5.0,72.0,3.15,53.6,17.2,Mostly Urban,20808.0,1.0,7.0,Yes,UoB Entry Test,Easy,40% / 100 marks,21.0
PK-BAL-001,University of Balochistan,Public,Balochistan,Quetta,1970,0,W1,Political Science,Arts & Social Sciences,2022,168,116,52,5,33.6,11.0,11.0,146.0,19.0,39.0,60.0,3.5,45.5,6.5,Mixed Urban-Rural,38729.0,3.0,10.5,Yes,UoB Entry Test,Easy,40% / 100 marks,19.0
PK-BAL-001,University of Balochistan,Public,Balochistan,Quetta,1970,0,W1,Political Science,Arts & Social Sciences,2023,209,105,104,6,34.8,0.0,20.0,189.0,7.0,32.0,65.0,3.23,53.9,14.7,Mostly Rural,36011.0,4.0,0.0,Yes,UoB Entry Test,Easy,40% / 100 marks,18.0
PK-BAL-001,University of Balochistan,Public,Balochistan,Quetta,1970,0,W1,Political Science,Arts & Social Sciences,2024,185,92,93,6,30.8,13.0,4.0,168.0,16.0,30.0,51.0,3.42,46.1,7.9,Mostly Urban,44031.0,17.0,35.0,Yes,UoB Entry Test,Easy,40% / 100 marks,24.0
PK-BAL-001,University of Balochistan,Public,Balochistan,Quetta,1970,0,W1,Political Science,Arts & Social Sciences,2025,183,85,98,5,36.6,13.0,0.0,170.0,36.0,32.0,42.0,3.12,52.9,12.8,Mixed Urban-Rural,25504.0,8.0,9.0,Yes,UoB Entry Test,Easy,40% / 100 marks,18.0
PK-BAL-001,University of Balochistan,Public,Balochistan,Quetta,1970,0,W1,Sociology,Arts & Social Sciences,2022,148,95,53,6,24.7,0.0,4.0,144.0,26.0,32.0,68.0,2.74,56.2,17.8,Mixed Urban-Rural,43506.0,13.0,3.0,Yes,UoB Entry Test,Easy,40% / 100 marks,19.0
PK-BAL-001,University of Balochistan,Public,Balochistan,Quetta,1970,0,W1,Sociology,Arts & Social Sciences,2023,152,85,67,5,30.4,8.0,25.0,119.0,5.0,18.0,17.0,3.39,48.1,7.3,Mostly Urban,39921.0,14.0,25.0,Yes,UoB Entry Test,Easy,40% / 100 marks,23.0
PK-BAL-001,University of Balochistan,Public,Balochistan,Quetta,1970,0,W1,Sociology,Arts & Social Sciences,2024,157,93,64,5,31.4,0.0,22.0,135.0,11.0,32.0,7.0,3.59,49.4,10.2,Mostly Urban,33815.0,12.0,3.0,Yes,UoB Entry Test,Easy,40% / 100 marks,18.0
PK-BAL-001,University of Balochistan,Public,Balochistan,Quetta,1970,0,W1,Sociology,Arts & Social Sciences,2025,178,109,69,6,29.7,12.0,20.0,146.0,35.0,52.0,14.0,3.02,55.5,6.4,Mostly Urban,24668.0,17.0,1.0,Yes,UoB Entry Test,Easy,40% / 100 marks,24.0
PK-BAL-001,University of Balochistan,Public,Balochistan,Quetta,1970,0,W1,Urdu,Arts & Social Sciences,2022,57,37,20,5,11.4,0.0,3.0,54.0,8.0,31.0,59.0,2.76,35.8,4.4,Mostly Urban,43532.0,6.0,9.0,Yes,UoB Entry Test,Easy,40% / 100 marks,19.0
PK-BAL-001,University of Balochistan,Public,Balochistan,Quetta,1970,0,W1,Urdu,Arts & Social Sciences,2023,58,26,32,5,11.6,3.0,6.0,49.0,8.0,23.0,30.0,2.66,39.3,10.2,Mostly Urban,31888.5,4.0,24.0,Yes,UoB Entry Test,Easy,40% / 100 marks,23.0
PK-BAL-001,University of Balochistan,Public,Balochistan,Quetta,1970,0,W1,Urdu,Arts & Social Sciences,2024,51,32,19,5,10.2,1.0,9.0,41.0,9.0,5.0,29.0,2.85,46.0,7.9,Mixed Urban-Rural,30783.0,1.0,23.0,Yes,UoB Entry Test,Easy,40% / 100 marks,22.0
PK-BAL-001,University of Balochistan,Public,Balochistan,Quetta,1970,0,W1,Urdu,Arts & Social Sciences,2025,57,28,29,5,11.4,0.0,0.0,57.0,6.0,35.0,68.0,3.03,49.2,10.4,Mostly Urban,28950.0,18.0,10.5,Yes,UoB Entry Test,Easy,40% / 100 marks,24.0
PK-BAL-008,University of Gwadar,Public,Balochistan,Gwadar,2016,0,W1,Civil Engineering,STEM,2022,535,297,238,15,35.7,32.0,93.0,410.0,41.0,10.0,63.0,2.65,67.6,6.5,Mostly Urban,36221.0,19.0,32.0,Yes,UoG Entry Test,Easy,40% / 100 marks,7.0
PK-BAL-008,University of Gwadar,Public,Balochistan,Gwadar,2016,0,W1,Civil Engineering,STEM,2023,471,307,164,16,29.4,26.0,56.0,389.0,41.0,32.0,8.0,2.94,74.3,7.0,Mixed Urban-Rural,30025.0,8.0,4.0,Yes,UoG Entry Test,Easy,40% / 100 marks,7.0
PK-BAL-008,University of Gwadar,Public,Balochistan,Gwadar,2016,0,W1,Civil Engineering,STEM,2024,565,324,241,22,25.7,28.0,101.0,436.0,93.0,7.0,31.5,3.52,66.0,17.7,Mostly Rural,33752.0,1.0,28.0,Yes,UoG Entry Test,Easy,40% / 100 marks,7.0
PK-BAL-008,University of Gwadar,Public,Balochistan,Gwadar,2016,0,W1,Civil Engineering,STEM,2025,482,195,287,17,28.4,0.0,52.0,430.0,56.0,44.0,61.0,3.03,68.6,6.9,Mixed Urban-Rural,21746.0,4.0,9.0,Yes,UoG Entry Test,Easy,40% / 100 marks,5.0
PK-BAL-008,University of Gwadar,Public,Balochistan,Gwadar,2016,0,W1,Economics,Business,2022,474,202,272,19,24.9,36.0,23.0,415.0,41.0,38.0,26.0,3.22,70.8,6.5,Mostly Urban,22084.0,3.0,13.0,Yes,UoG Entry Test,Easy,40% / 100 marks,6.0
PK-BAL-008,University of Gwadar,Public,Balochistan,Gwadar,2016,0,W1,Economics,Business,2023,441,283,158,13,33.9,0.0,0.0,441.0,85.0,47.0,30.0,2.74,66.1,11.2,Mostly Urban,9576.0,1.0,20.0,Yes,UoG Entry Test,Easy,40% / 100 marks,7.0
PK-BAL-008,University of Gwadar,Public,Balochistan,Gwadar,2016,0,W1,Economics,Business,2024,536,364,172,17,31.5,5.0,77.0,454.0,65.0,38.0,9.0,3.05,67.6,3.7,Mixed Urban-Rural,28456.0,14.0,5.0,Yes,UoG Entry Test,Easy,40% / 100 marks,6.0
PK-BAL-008,University of Gwadar,Public,Balochistan,Gwadar,2016,0,W1,Economics,Business,2025,475,182,293,21,22.6,12.0,51.0,412.0,35.0,47.0,74.0,2.67,68.0,9.0,Mostly Urban,35135.0,12.0,26.0,Yes,UoG Entry Test,Easy,40% / 100 marks,6.0
PK-BAL-008,University of Gwadar,Public,Balochistan,Gwadar,2016,0,W1,Electrical Engineering,STEM,2022,103,64,39,5,20.6,2.0,7.0,94.0,14.0,9.0,4.0,3.42,76.1,9.0,Mixed Urban-Rural,30475.0,7.0,9.0,Yes,UoG Entry Test,Easy,40% / 100 marks,6.0
PK-BAL-008,University of Gwadar,Public,Balochistan,Gwadar,2016,0,W1,Electrical Engineering,STEM,2023,87,59,28,5,17.4,0.0,15.0,72.0,5.0,14.0,69.0,3.48,78.9,13.7,Mostly Urban,28249.0,18.0,17.0,Yes,UoG Entry Test,Easy,40% / 100 marks,4.0
PK-BAL-008,University of Gwadar,Public,Balochistan,Gwadar,2016,0,W1,Electrical Engineering,STEM,2024,94,46,48,5,18.8,7.0,1.0,86.0,41.0,21.0,41.0,3.3,70.2,11.1,Mostly Urban,12309.0,3.0,13.0,Yes,UoG Entry Test,Easy,40% / 100 marks,5.0
PK-BAL-008,University of Gwadar,Public,Balochistan,Gwadar,2016,0,W1,Electrical Engineering,STEM,2025,107,67,40,5,21.4,2.0,9.0,96.0,7.0,32.0,33.0,3.03,77.2,2.3,Mostly Rural,32677.0,10.0,4.0,Yes,UoG Entry Test,Easy,40% / 100 marks,5.0
PK-BAL-008,University of Gwadar,Public,Balochistan,Gwadar,2016,0,W1,Mathematics,STEM,2022,327,211,116,10,32.7,14.0,53.0,260.0,41.0,27.0,56.0,2.93,63.3,9.0,Mixed Urban-Rural,40270.0,3.0,13.0,Yes,UoG Entry Test,Easy,40% / 100 marks,4.0
PK-BAL-008,University of Gwadar,Public,Balochistan,Gwadar,2016,0,W1,Mathematics,STEM,2023,309,218,91,11,28.1,6.0,0.0,303.0,14.0,37.0,31.5,2.78,50.8,3.4,Mostly Urban,15790.0,17.0,2.0,Yes,UoG Entry Test,Easy,40% / 100 marks,6.0
PK-BAL-008,University of Gwadar,Public,Balochistan,Gwadar,2016,0,W1,Mathematics,STEM,2024,338,232,106,9,37.6,20.0,42.0,276.0,41.0,32.0,75.0,2.62,63.2,2.9,Mostly Rural,11256.0,1.0,28.0,Yes,UoG Entry Test,Easy,40% / 100 marks,7.0
PK-BAL-008,University of Gwadar,Public,Balochistan,Gwadar,2016,0,W1,Mathematics,STEM,2025,371,244,127,14,26.5,0.0,24.0,347.0,71.0,18.0,24.0,3.35,52.0,12.3,Mixed Urban-Rural,28352.5,1.0,13.0,Yes,UoG Entry Test,Easy,40% / 100 marks,7.0
PK-BAL-008,University of Gwadar,Public,Balochistan,Gwadar,2016,0,W1,Mechanical Engineering,STEM,2022,439,247,192,17,25.8,23.0,6.0,410.0,44.0,47.0,58.0,3.18,76.9,17.0,Mostly Rural,33765.0,8.0,13.0,Yes,UoG Entry Test,Easy,40% / 100 marks,4.0
PK-BAL-008,University of Gwadar,Public,Balochistan,Gwadar,2016,0,W1,Mechanical Engineering,STEM,2023,458,304,154,18,25.4,0.0,44.0,414.0,87.0,36.0,17.0,3.06,75.4,9.0,Mostly Urban,23245.0,8.0,13.0,Yes,UoG Entry Test,Easy,40% / 100 marks,7.0
PK-BAL-008,University of Gwadar,Public,Balochistan,Gwadar,2016,0,W1,Mechanical Engineering,STEM,2024,556,219,337,18,30.9,0.0,55.0,501.0,51.0,22.0,13.0,3.65,78.7,9.0,Mixed Urban-Rural,10189.0,9.0,16.0,Yes,UoG Entry Test,Easy,40% / 100 marks,6.0
PK-BAL-008,University of Gwadar,Public,Balochistan,Gwadar,2016,0,W1,Mechanical Engineering,STEM,2025,558,296,262,22,25.4,25.0,43.0,490.0,53.0,54.0,29.0,2.75,67.4,2.5,Mixed Urban-Rural,9182.0,16.0,9.0,Yes,UoG Entry Test,Easy,40% / 100 marks,7.0
PK-BAL-008,University of Gwadar,Public,Balochistan,Gwadar,2016,0,W1,Physics,STEM,2022,286,115,171,8,35.8,19.0,0.0,267.0,39.0,32.0,53.0,3.05,59.3,11.9,Mixed Urban-Rural,10662.0,8.0,0.0,Yes,UoG Entry Test,Easy,40% / 100 marks,7.0
PK-BAL-008,University of Gwadar,Public,Balochistan,Gwadar,2016,0,W1,Physics,STEM,2023,287,152,135,12,23.9,7.0,54.0,226.0,41.0,32.0,10.0,3.27,55.0,14.8,Mostly Rural,21298.0,8.0,29.0,Yes,UoG Entry Test,Easy,40% / 100 marks,5.0
PK-BAL-008,University of Gwadar,Public,Balochistan,Gwadar,2016,0,W1,Physics,STEM,2024,327,159,168,14,23.4,8.0,6.0,313.0,55.0,32.0,72.0,2.82,59.7,9.0,Mostly Urban,29896.0,11.0,13.0,Yes,UoG Entry Test,Easy,40% / 100 marks,6.0
PK-BAL-008,University of Gwadar,Public,Balochistan,Gwadar,2016,0,W1,Physics,STEM,2025,276,118,158,9,30.7,22.0,16.0,238.0,42.0,41.0,31.5,3.29,55.9,16.6,Mostly Urban,10492.0,10.0,13.0,Yes,UoG Entry Test,Easy,40% / 100 marks,4.0
PK-BAL-008,University of Gwadar,Public,Balochistan,Gwadar,2016,0,W1,Statistics,STEM,2022,357,152,205,12,29.8,18.0,62.0,277.0,40.0,31.0,31.5,3.49,63.2,8.4,Mostly Urban,17877.0,3.0,23.0,Yes,UoG Entry Test,Easy,40% / 100 marks,7.0
PK-BAL-008,University of Gwadar,Public,Balochistan,Gwadar,2016,0,W1,Statistics,STEM,2023,412,221,191,12,34.3,17.0,46.0,349.0,34.0,32.0,27.0,2.76,68.0,10.8,Mostly Urban,38831.0,16.0,13.0,Yes,UoG Entry Test,Easy,40% / 100 marks,7.0
PK-BAL-008,University of Gwadar,Public,Balochistan,Gwadar,2016,0,W1,Statistics,STEM,2024,365,171,194,10,36.5,0.0,11.0,354.0,11.0,50.0,31.5,2.61,57.3,9.0,Mostly Rural,38683.0,14.0,16.0,Yes,UoG Entry Test,Easy,40% / 100 marks,4.0
PK-BAL-008,University of Gwadar,Public,Balochistan,Gwadar,2016,0,W1,Statistics,STEM,2025,416,262,154,12,34.7,21.0,2.0,393.0,38.0,40.0,31.5,2.76,58.7,3.9,Mostly Urban,44589.0,8.0,5.0,Yes,UoG Entry Test,Easy,40% / 100 marks,4.0
PK-BAL-008,University of Gwadar,Public,Balochistan,Gwadar,2016,0,W1,Urdu,Arts & Social Sciences,2022,379,232,147,13,29.2,9.0,39.0,331.0,20.0,14.0,21.0,3.44,46.4,10.1,Mostly Urban,43585.0,6.0,13.0,Yes,UoG Entry Test,Easy,40% / 100 marks,7.0
PK-BAL-008,University of Gwadar,Public,Balochistan,Gwadar,2016,0,W1,Urdu,Arts & Social Sciences,2023,336,145,191,14,24.0,5.0,43.0,288.0,13.0,44.0,33.0,3.22,35.0,11.7,Mixed Urban-Rural,28352.5,1.0,32.0,Yes,UoG Entry Test,Easy,40% / 100 marks,7.0
PK-BAL-008,University of Gwadar,Public,Balochistan,Gwadar,2016,0,W1,Urdu,Arts & Social Sciences,2024,359,170,189,12,29.9,15.0,34.0,310.0,71.0,11.0,14.0,3.32,34.4,2.3,Mixed Urban-Rural,13972.0,3.0,9.0,Yes,UoG Entry Test,Easy,40% / 100 marks,6.0
PK-BAL-008,University of Gwadar,Public,Balochistan,Gwadar,2016,0,W1,Urdu,Arts & Social Sciences,2025,366,143,223,15,24.4,25.0,60.0,281.0,41.0,16.0,55.0,2.95,35.1,9.0,Mixed Urban-Rural,33607.0,9.0,13.0,Yes,UoG Entry Test,Easy,40% / 100 marks,5.0
PK-BAL-009,University of Loralai,Public,Balochistan,Loralai,2009,0,W1,Civil Engineering,STEM,2022,130,77,53,5,26.0,0.0,18.0,112.0,22.0,44.0,56.0,3.61,63.0,6.0,Mixed Urban-Rural,37346.0,12.0,9.0,Yes,UoL Entry Test,Easy,40% / 100 marks,6.0
PK-BAL-009,University of Loralai,Public,Balochistan,Loralai,2009,0,W1,Civil Engineering,STEM,2023,143,55,88,5,28.6,1.0,9.0,133.0,11.0,60.0,32.0,3.135,63.0,2.4,Mostly Urban,29537.0,18.0,25.0,Yes,UoL Entry Test,Easy,40% / 100 marks,7.0
PK-BAL-009,University of Loralai,Public,Balochistan,Loralai,2009,0,W1,Civil Engineering,STEM,2024,123,56,67,5,24.6,6.0,10.0,107.0,13.0,38.0,66.0,3.135,66.5,3.1,Mixed Urban-Rural,11026.0,9.0,13.0,Yes,UoL Entry Test,Easy,40% / 100 marks,7.0
PK-BAL-009,University of Loralai,Public,Balochistan,Loralai,2009,0,W1,Civil Engineering,STEM,2025,145,88,57,5,29.0,11.0,10.0,124.0,24.0,23.0,53.0,3.135,74.6,4.2,Mostly Rural,17801.0,10.0,5.0,Yes,UoL Entry Test,Easy,40% / 100 marks,4.0
PK-BAL-009,University of Loralai,Public,Balochistan,Loralai,2009,0,W1,Information Technology,STEM,2022,321,212,109,9,35.7,0.0,28.0,293.0,23.5,37.0,10.0,3.31,85.9,3.8,Mixed Urban-Rural,37349.0,3.0,31.0,Yes,UoL Entry Test,Easy,40% / 100 marks,4.0
PK-BAL-009,University of Loralai,Public,Balochistan,Loralai,2009,0,W1,Information Technology,STEM,2023,330,145,185,10,33.0,3.0,17.0,310.0,29.0,60.0,59.0,2.87,76.5,4.0,Mostly Urban,11277.0,10.0,33.0,Yes,UoL Entry Test,Easy,40% / 100 marks,6.0
PK-BAL-009,University of Loralai,Public,Balochistan,Loralai,2009,0,W1,Information Technology,STEM,2024,379,166,213,12,31.6,21.0,53.0,305.0,14.0,31.0,74.0,3.135,81.2,4.6,Mostly Urban,44314.0,5.0,33.0,Yes,UoL Entry Test,Easy,40% / 100 marks,4.0
PK-BAL-009,University of Loralai,Public,Balochistan,Loralai,2009,0,W1,Information Technology,STEM,2025,352,160,192,11,32.0,13.0,0.0,339.0,64.0,19.0,48.5,3.28,72.9,6.0,Mixed Urban-Rural,18727.0,4.0,26.0,Yes,UoL Entry Test,Easy,40% / 100 marks,4.0
PK-BAL-009,University of Loralai,Public,Balochistan,Loralai,2009,0,W1,Mass Communication,Arts & Social Sciences,2022,451,283,168,13,34.7,24.0,54.0,373.0,21.0,34.0,76.0,2.85,69.1,9.6,Mostly Urban,23092.0,13.0,16.0,Yes,UoL Entry Test,Easy,40% / 100 marks,5.0
PK-BAL-009,University of Loralai,Public,Balochistan,Loralai,2009,0,W1,Mass Communication,Arts & Social Sciences,2023,547,292,255,20,27.4,32.0,12.0,503.0,23.5,37.5,38.0,2.76,58.1,6.0,Mostly Urban,16588.0,16.0,31.0,Yes,UoL Entry Test,Easy,40% / 100 marks,4.0
PK-BAL-009,University of Loralai,Public,Balochistan,Loralai,2009,0,W1,Mass Communication,Arts & Social Sciences,2024,526,314,212,17,30.9,4.0,33.0,489.0,23.5,23.0,54.0,3.3,62.0,6.0,Mostly Urban,44765.0,6.0,18.0,Yes,UoL Entry Test,Easy,40% / 100 marks,5.0
PK-BAL-009,University of Loralai,Public,Balochistan,Loralai,2009,0,W1,Mass Communication,Arts & Social Sciences,2025,590,311,279,17,34.7,11.0,45.0,534.0,51.0,25.0,48.5,2.84,60.6,14.9,Mixed Urban-Rural,21179.0,17.0,7.0,Yes,UoL Entry Test,Easy,40% / 100 marks,4.0
PK-BAL-009,University of Loralai,Public,Balochistan,Loralai,2009,0,W1,Mechanical Engineering,STEM,2022,154,105,49,6,25.7,0.0,10.0,144.0,19.0,18.0,74.0,3.35,70.5,17.3,Mostly Urban,37950.0,11.0,9.0,Yes,UoL Entry Test,Easy,40% / 100 marks,5.0
PK-BAL-009,University of Loralai,Public,Balochistan,Loralai,2009,0,W1,Mechanical Engineering,STEM,2023,134,79,55,5,26.8,4.0,3.0,127.0,23.0,29.0,44.0,3.135,77.6,15.4,Mostly Urban,43430.0,4.0,2.0,Yes,UoL Entry Test,Easy,40% / 100 marks,6.0
PK-BAL-009,University of Loralai,Public,Balochistan,Loralai,2009,0,W1,Mechanical Engineering,STEM,2024,138,56,82,5,27.6,0.0,22.0,116.0,23.5,37.5,8.0,3.16,71.5,6.6,Mostly Urban,30522.0,10.0,10.0,Yes,UoL Entry Test,Easy,40% / 100 marks,5.0
PK-BAL-009,University of Loralai,Public,Balochistan,Loralai,2009,0,W1,Mechanical Engineering,STEM,2025,179,127,52,5,35.8,0.0,1.0,178.0,23.5,1.0,16.0,3.23,70.4,3.2,Mostly Rural,25103.0,4.0,24.0,Yes,UoL Entry Test,Easy,40% / 100 marks,4.0
PK-BAL-009,University of Loralai,Public,Balochistan,Loralai,2009,0,W1,Pharmacy,STEM,2022,208,122,86,8,26.0,0.0,39.0,169.0,23.5,56.0,44.0,2.77,76.9,7.6,Mostly Urban,20556.0,7.0,25.0,Yes,UoL Entry Test,Easy,40% / 100 marks,5.0
PK-BAL-009,University of Loralai,Public,Balochistan,Loralai,2009,0,W1,Pharmacy,STEM,2023,200,92,108,8,25.0,0.0,36.0,164.0,23.0,38.0,70.0,2.74,80.0,10.5,Mostly Urban,38959.0,19.0,16.0,Yes,UoL Entry Test,Easy,40% / 100 marks,4.0
PK-BAL-009,University of Loralai,Public,Balochistan,Loralai,2009,0,W1,Pharmacy,STEM,2024,206,85,121,6,34.3,16.0,1.0,189.0,29.0,57.0,9.0,3.11,76.1,3.2,Mixed Urban-Rural,10436.0,16.0,32.0,Yes,UoL Entry Test,Easy,40% / 100 marks,6.0
PK-BAL-009,University of Loralai,Public,Balochistan,Loralai,2009,0,W1,Pharmacy,STEM,2025,247,146,101,9,27.4,15.0,32.0,200.0,8.0,47.0,76.0,3.135,84.2,6.0,Mostly Urban,24789.0,14.0,19.0,Yes,UoL Entry Test,Easy,40% / 100 marks,7.0
PK-BAL-009,University of Loralai,Public,Balochistan,Loralai,2009,0,W1,Physics,STEM,2022,357,230,127,10,35.7,17.0,46.0,294.0,9.0,44.0,21.0,2.81,56.3,4.4,Mostly Urban,44818.0,10.0,5.0,Yes,UoL Entry Test,Easy,40% / 100 marks,5.0
PK-BAL-009,University of Loralai,Public,Balochistan,Loralai,2009,0,W1,Physics,STEM,2023,349,166,183,11,31.7,3.0,53.0,293.0,45.0,37.5,65.0,3.55,50.3,6.0,Mixed Urban-Rural,22819.0,19.0,16.0,Yes,UoL Entry Test,Easy,40% / 100 marks,5.0
PK-BAL-009,University of Loralai,Public,Balochistan,Loralai,2009,0,W1,Physics,STEM,2024,449,294,155,14,32.1,0.0,49.0,400.0,86.0,45.0,9.0,2.77,59.9,6.0,Mostly Rural,11655.0,9.0,16.0,Yes,UoL Entry Test,Easy,40% / 100 marks,6.0
PK-BAL-009,University of Loralai,Public,Balochistan,Loralai,2009,0,W1,Physics,STEM,2025,465,205,260,18,25.8,37.0,78.0,350.0,45.0,58.0,16.0,2.68,55.4,2.2,Mostly Urban,38451.0,2.0,32.0,Yes,UoL Entry Test,Easy,40% / 100 marks,4.0
PK-BAL-009,University of Loralai,Public,Balochistan,Loralai,2009,0,W1,Sociology,Arts & Social Sciences,2022,288,158,130,9,32.0,0.0,7.0,281.0,54.0,7.0,67.0,3.19,45.1,12.6,Mixed Urban-Rural,43571.0,4.0,2.0,Yes,UoL Entry Test,Easy,40% / 100 marks,4.0
PK-BAL-009,University of Loralai,Public,Balochistan,Loralai,2009,0,W1,Sociology,Arts & Social Sciences,2023,278,120,158,9,30.9,12.0,47.0,219.0,33.0,49.0,40.0,2.66,45.1,6.0,Mostly Rural,34753.0,6.0,6.0,Yes,UoL Entry Test,Easy,40% / 100 marks,7.0
PK-BAL-009,University of Loralai,Public,Balochistan,Loralai,2009,0,W1,Sociology,Arts & Social Sciences,2024,247,162,85,7,35.3,19.0,6.0,222.0,30.0,35.0,17.0,3.51,45.4,2.7,Mixed Urban-Rural,43153.0,10.0,13.0,Yes,UoL Entry Test,Easy,40% / 100 marks,4.0
PK-BAL-009,University of Loralai,Public,Balochistan,Loralai,2009,0,W1,Sociology,Arts & Social Sciences,2025,291,176,115,9,32.3,0.0,20.0,271.0,27.0,22.0,43.0,3.17,46.1,10.0,Mostly Urban,10876.0,19.0,30.0,Yes,UoL Entry Test,Easy,40% / 100 marks,5.0
PK-BAL-009,University of Loralai,Public,Balochistan,Loralai,2009,0,W1,Statistics,STEM,2022,315,222,93,10,31.5,0.0,0.0,315.0,24.0,54.0,72.0,3.23,59.6,11.1,Mostly Urban,28150.0,5.0,16.0,Yes,UoL Entry Test,Easy,40% / 100 marks,7.0
PK-BAL-009,University of Loralai,Public,Balochistan,Loralai,2009,0,W1,Statistics,STEM,2023,330,189,141,14,23.6,16.0,42.0,272.0,17.0,37.5,66.0,2.83,69.6,4.2,Mostly Rural,38470.0,10.0,8.0,Yes,UoL Entry Test,Easy,40% / 100 marks,4.0
PK-BAL-009,University of Loralai,Public,Balochistan,Loralai,2009,0,W1,Statistics,STEM,2024,324,182,142,13,24.9,7.0,45.0,272.0,11.0,9.0,60.0,3.45,67.5,10.7,Mostly Urban,9138.0,16.0,8.0,Yes,UoL Entry Test,Easy,40% / 100 marks,6.0
PK-BAL-009,University of Loralai,Public,Balochistan,Loralai,2009,0,W1,Statistics,STEM,2025,313,190,123,13,24.1,11.0,0.0,302.0,22.0,58.0,44.0,2.62,66.9,14.0,Mostly Urban,33485.0,16.0,16.0,Yes,UoL Entry Test,Easy,40% / 100 marks,7.0
PK-BAL-006,University of Turbat,Public,Balochistan,Turbat,2012,0,W1,Business Administration,Business,2022,109,60,49,5,21.8,0.0,17.0,92.0,15.0,28.0,41.0,3.08,63.4,12.9,Mostly Rural,41027.0,13.0,8.0,Yes,UoT Entry Test,Easy,40% / 100 marks,8.0
PK-BAL-006,University of Turbat,Public,Balochistan,Turbat,2012,0,W1,Business Administration,Business,2023,111,70,41,5,22.2,1.0,0.0,110.0,5.0,34.0,44.0,3.12,66.1,9.4,Mixed Urban-Rural,15662.0,6.0,13.0,Yes,UoT Entry Test,Easy,40% / 100 marks,7.0
PK-BAL-006,University of Turbat,Public,Balochistan,Turbat,2012,0,W1,Business Administration,Business,2024,113,52,61,5,22.6,9.0,19.0,85.0,10.0,46.0,29.0,2.88,70.8,4.2,Mixed Urban-Rural,32192.0,10.0,30.0,Yes,UoT Entry Test,Easy,40% / 100 marks,8.0
PK-BAL-006,University of Turbat,Public,Balochistan,Turbat,2012,0,W1,Business Administration,Business,2025,130,69,61,5,26.0,1.0,0.0,129.0,19.0,46.0,40.0,3.23,74.3,8.0,Mostly Urban,25095.0,13.0,16.0,Yes,UoT Entry Test,Easy,40% / 100 marks,7.0
PK-BAL-006,University of Turbat,Public,Balochistan,Turbat,2012,0,W1,Civil Engineering,STEM,2022,286,203,83,8,35.8,6.0,34.0,246.0,15.0,38.0,74.0,2.63,63.1,15.7,Mostly Urban,32192.0,3.0,25.0,Yes,UoT Entry Test,Easy,40% / 100 marks,6.0
PK-BAL-006,University of Turbat,Public,Balochistan,Turbat,2012,0,W1,Civil Engineering,STEM,2023,282,183,99,8,35.2,12.0,45.0,225.0,9.0,28.0,44.0,3.12,72.6,15.3,Mixed Urban-Rural,28769.0,10.0,11.0,Yes,UoT Entry Test,Easy,40% / 100 marks,5.0
PK-BAL-006,University of Turbat,Public,Balochistan,Turbat,2012,0,W1,Civil Engineering,STEM,2024,335,148,187,9,37.2,0.0,23.0,312.0,27.0,8.0,15.0,3.19,64.1,9.4,Mostly Rural,15713.0,13.0,27.0,Yes,UoT Entry Test,Easy,40% / 100 marks,8.0
PK-BAL-006,University of Turbat,Public,Balochistan,Turbat,2012,0,W1,Civil Engineering,STEM,2025,354,214,140,12,29.5,28.0,44.0,282.0,39.0,28.0,65.0,3.58,60.4,9.4,Mostly Rural,24899.0,4.0,24.0,Yes,UoT Entry Test,Easy,40% / 100 marks,8.0
PK-BAL-006,University of Turbat,Public,Balochistan,Turbat,2012,0,W1,Education,Arts & Social Sciences,2022,307,206,101,8,38.4,23.0,15.0,269.0,5.0,17.0,11.0,2.89,66.9,7.0,Mixed Urban-Rural,34420.0,19.0,16.0,Yes,UoT Entry Test,Easy,40% / 100 marks,8.0
PK-BAL-006,University of Turbat,Public,Balochistan,Turbat,2012,0,W1,Education,Arts & Social Sciences,2023,281,190,91,12,23.4,0.0,21.0,260.0,43.0,10.0,73.0,2.65,65.4,13.5,Mixed Urban-Rural,30041.0,6.0,11.0,Yes,UoT Entry Test,Easy,40% / 100 marks,8.0
PK-BAL-006,University of Turbat,Public,Balochistan,Turbat,2012,0,W1,Education,Arts & Social Sciences,2024,361,157,204,14,25.8,10.0,42.0,309.0,6.0,0.0,49.0,2.76,62.6,8.6,Mixed Urban-Rural,36949.0,1.0,20.0,Yes,UoT Entry Test,Easy,40% / 100 marks,6.0
PK-BAL-006,University of Turbat,Public,Balochistan,Turbat,2012,0,W1,Education,Arts & Social Sciences,2025,368,190,178,12,30.7,26.0,4.0,338.0,43.0,28.0,64.0,3.28,64.4,9.2,Mixed Urban-Rural,40737.0,10.0,18.0,Yes,UoT Entry Test,Easy,40% / 100 marks,7.0
PK-BAL-006,University of Turbat,Public,Balochistan,Turbat,2012,0,W1,English Literature,Arts & Social Sciences,2022,389,194,195,15,25.9,20.0,35.0,334.0,51.0,1.0,13.0,3.23,50.9,2.7,Mostly Rural,43241.0,2.0,8.0,Yes,UoT Entry Test,Easy,40% / 100 marks,7.0
PK-BAL-006,University of Turbat,Public,Balochistan,Turbat,2012,0,W1,English Literature,Arts & Social Sciences,2023,420,193,227,15,28.0,15.0,5.0,400.0,70.0,12.0,41.0,3.12,41.0,5.7,Mixed Urban-Rural,25226.0,16.0,12.0,Yes,UoT Entry Test,Easy,40% / 100 marks,7.0
PK-BAL-006,University of Turbat,Public,Balochistan,Turbat,2012,0,W1,English Literature,Arts & Social Sciences,2024,361,156,205,10,36.1,2.0,32.0,327.0,38.0,12.0,72.0,3.44,41.0,11.3,Mixed Urban-Rural,11286.0,16.0,21.0,Yes,UoT Entry Test,Easy,40% / 100 marks,6.0
PK-BAL-006,University of Turbat,Public,Balochistan,Turbat,2012,0,W1,English Literature,Arts & Social Sciences,2025,415,202,213,12,34.6,2.0,42.0,371.0,15.0,26.0,71.0,3.65,49.4,9.4,Mixed Urban-Rural,44286.0,16.0,16.0,Yes,UoT Entry Test,Easy,40% / 100 marks,8.0
PK-BAL-006,University of Turbat,Public,Balochistan,Turbat,2012,0,W1,Environmental Science,STEM,2022,127,75,52,5,25.4,0.0,0.0,127.0,20.0,29.0,62.0,3.21,59.2,14.6,Mostly Rural,20505.0,10.0,14.0,Yes,UoT Entry Test,Easy,40% / 100 marks,6.0
PK-BAL-006,University of Turbat,Public,Balochistan,Turbat,2012,0,W1,Environmental Science,STEM,2023,162,108,54,5,32.4,0.0,22.0,140.0,15.0,9.0,12.0,3.04,51.9,17.8,Mixed Urban-Rural,44994.0,10.0,28.0,Yes,UoT Entry Test,Easy,40% / 100 marks,8.0
PK-BAL-006,University of Turbat,Public,Balochistan,Turbat,2012,0,W1,Environmental Science,STEM,2024,170,98,72,7,24.3,11.0,2.0,157.0,18.0,49.0,33.0,3.22,55.9,12.8,Mostly Rural,18528.0,18.0,33.0,Yes,UoT Entry Test,Easy,40% / 100 marks,5.0
PK-BAL-006,University of Turbat,Public,Balochistan,Turbat,2012,0,W1,Environmental Science,STEM,2025,146,95,51,5,29.2,2.0,29.0,115.0,14.0,59.0,22.0,3.12,48.4,4.4,Mostly Rural,33808.0,16.0,5.0,Yes,UoT Entry Test,Easy,40% / 100 marks,6.0
PK-BAL-006,University of Turbat,Public,Balochistan,Turbat,2012,0,W1,Law,Arts & Social Sciences,2022,68,26,42,5,13.6,3.0,7.0,58.0,15.0,47.0,44.0,3.05,79.9,9.9,Mostly Urban,12554.0,16.0,22.0,Yes,UoT Entry Test,Easy,40% / 100 marks,6.0
PK-BAL-006,University of Turbat,Public,Balochistan,Turbat,2012,0,W1,Law,Arts & Social Sciences,2023,61,41,20,5,12.2,0.0,1.0,60.0,15.0,28.0,48.0,2.96,69.7,4.8,Mostly Urban,18241.0,15.0,25.0,Yes,UoT Entry Test,Easy,40% / 100 marks,7.0
PK-BAL-006,University of Turbat,Public,Balochistan,Turbat,2012,0,W1,Law,Arts & Social Sciences,2024,79,40,39,5,15.8,3.0,1.0,75.0,6.0,3.0,30.0,3.61,74.7,9.4,Mostly Urban,33968.0,18.0,16.0,Yes,UoT Entry Test,Easy,40% / 100 marks,7.0
PK-BAL-006,University of Turbat,Public,Balochistan,Turbat,2012,0,W1,Law,Arts & Social Sciences,2025,75,40,35,5,15.0,0.0,7.0,68.0,15.0,28.0,28.0,3.52,72.3,9.7,Mixed Urban-Rural,9954.0,12.0,16.0,Yes,UoT Entry Test,Easy,40% / 100 marks,7.0
PK-BAL-006,University of Turbat,Public,Balochistan,Turbat,2012,0,W1,Mass Communication,Arts & Social Sciences,2022,100,57,43,5,20.0,3.0,4.0,93.0,11.0,29.0,76.0,3.18,65.1,8.0,Mostly Rural,35074.0,12.0,1.0,Yes,UoT Entry Test,Easy,40% / 100 marks,8.0
PK-BAL-006,University of Turbat,Public,Balochistan,Turbat,2012,0,W1,Mass Communication,Arts & Social Sciences,2023,96,38,58,5,19.2,0.0,10.0,86.0,14.0,22.0,36.0,3.12,66.8,5.4,Mixed Urban-Rural,33404.0,2.0,18.0,Yes,UoT Entry Test,Easy,40% / 100 marks,7.0
PK-BAL-006,University of Turbat,Public,Balochistan,Turbat,2012,0,W1,Mass Communication,Arts & Social Sciences,2024,124,62,62,5,24.8,0.0,16.0,108.0,7.0,28.0,21.0,2.68,63.1,9.4,Mostly Urban,36149.0,5.0,16.0,Yes,UoT Entry Test,Easy,40% / 100 marks,6.0
PK-BAL-006,University of Turbat,Public,Balochistan,Turbat,2012,0,W1,Mass Communication,Arts & Social Sciences,2025,128,52,76,5,25.6,0.0,0.0,128.0,16.0,28.0,65.0,2.98,54.5,8.6,Mixed Urban-Rural,36406.0,5.0,16.0,Yes,UoT Entry Test,Easy,40% / 100 marks,6.0
PK-BAL-006,University of Turbat,Public,Balochistan,Turbat,2012,0,W1,Mathematics,STEM,2022,326,206,120,12,27.2,6.0,18.0,302.0,15.0,55.0,61.0,3.05,54.3,13.0,Mostly Urban,10159.0,9.0,31.0,Yes,UoT Entry Test,Easy,40% / 100 marks,8.0
PK-BAL-006,University of Turbat,Public,Balochistan,Turbat,2012,0,W1,Mathematics,STEM,2023,347,160,187,10,34.7,20.0,38.0,289.0,47.0,28.0,27.0,2.81,65.4,1.9,Mostly Rural,32192.0,10.0,10.0,Yes,UoT Entry Test,Easy,40% / 100 marks,7.0
PK-BAL-006,University of Turbat,Public,Balochistan,Turbat,2012,0,W1,Mathematics,STEM,2024,380,171,209,15,25.3,10.0,0.0,370.0,55.0,10.0,74.0,3.1,63.5,4.9,Mostly Urban,16975.0,3.0,26.0,Yes,UoT Entry Test,Easy,40% / 100 marks,6.0
PK-BAL-006,University of Turbat,Public,Balochistan,Turbat,2012,0,W1,Mathematics,STEM,2025,382,207,175,11,34.7,17.0,21.0,344.0,46.0,57.0,10.0,2.72,65.2,9.4,Mixed Urban-Rural,32192.0,9.0,13.0,Yes,UoT Entry Test,Easy,40% / 100 marks,7.0
PK-BAL-006,University of Turbat,Public,Balochistan,Turbat,2012,0,W1,Psychology,Arts & Social Sciences,2022,143,91,52,5,28.6,0.0,0.0,143.0,6.0,53.0,33.0,3.15,52.9,9.4,Mixed Urban-Rural,33709.0,5.0,16.0,Yes,UoT Entry Test,Easy,40% / 100 marks,5.0
PK-BAL-006,University of Turbat,Public,Balochistan,Turbat,2012,0,W1,Psychology,Arts & Social Sciences,2023,154,82,72,5,30.8,7.0,0.0,147.0,14.0,9.0,58.0,3.48,57.6,9.4,Mostly Rural,34726.0,5.0,11.0,Yes,UoT Entry Test,Easy,40% / 100 marks,6.0
PK-BAL-006,University of Turbat,Public,Balochistan,Turbat,2012,0,W1,Psychology,Arts & Social Sciences,2024,156,79,77,5,31.2,0.0,1.0,155.0,13.0,28.0,68.0,3.1,66.3,13.1,Mostly Rural,22444.0,10.0,33.0,Yes,UoT Entry Test,Easy,40% / 100 marks,5.0
PK-BAL-006,University of Turbat,Public,Balochistan,Turbat,2012,0,W1,Psychology,Arts & Social Sciences,2025,173,122,51,6,28.8,10.0,30.0,133.0,16.0,46.0,65.0,3.56,64.1,12.2,Mixed Urban-Rural,36470.0,5.0,27.0,Yes,UoT Entry Test,Easy,40% / 100 marks,6.0
PK-BAL-006,University of Turbat,Public,Balochistan,Turbat,2012,0,W1,Sociology,Arts & Social Sciences,2022,220,144,76,6,36.7,15.0,1.0,204.0,27.0,56.0,78.0,3.62,55.7,13.3,Mixed Urban-Rural,14743.0,10.0,8.0,Yes,UoT Entry Test,Easy,40% / 100 marks,8.0
PK-BAL-006,University of Turbat,Public,Balochistan,Turbat,2012,0,W1,Sociology,Arts & Social Sciences,2023,267,149,118,8,33.4,3.0,22.0,242.0,34.0,20.0,17.0,2.65,48.5,7.3,Mixed Urban-Rural,43717.0,20.0,6.0,Yes,UoT Entry Test,Easy,40% / 100 marks,5.0
PK-BAL-006,University of Turbat,Public,Balochistan,Turbat,2012,0,W1,Sociology,Arts & Social Sciences,2024,224,127,97,7,32.0,0.0,0.0,224.0,13.0,57.0,44.0,2.73,43.0,8.3,Mostly Rural,19054.0,13.0,16.0,Yes,UoT Entry Test,Easy,40% / 100 marks,8.0
PK-BAL-006,University of Turbat,Public,Balochistan,Turbat,2012,0,W1,Sociology,Arts & Social Sciences,2025,266,189,77,8,33.2,4.0,35.0,227.0,5.0,15.0,64.0,3.27,48.5,13.6,Mostly Urban,37327.0,5.0,11.0,Yes,UoT Entry Test,Easy,40% / 100 marks,7.0
PK-GB-001,Karakoram International University,Public,Gilgit-Baltistan,Gilgit,2002,0,W1,Chemistry,STEM,2022,53,25,28,5,10.6,1.0,1.0,51.0,10.0,30.0,36.5,3.05,51.7,17.2,Mostly Urban,29306.0,14.0,19.0,Yes,KIU Entry Test,Easy,40% / 100 marks,10.0
PK-GB-001,Karakoram International University,Public,Gilgit-Baltistan,Gilgit,2002,0,W1,Chemistry,STEM,2023,61,40,21,5,12.2,0.0,11.0,50.0,9.0,25.5,31.0,3.05,46.9,6.4,Mixed Urban-Rural,27485.0,10.0,20.0,Yes,KIU Entry Test,Easy,40% / 100 marks,13.0
PK-GB-001,Karakoram International University,Public,Gilgit-Baltistan,Gilgit,2002,0,W1,Chemistry,STEM,2024,65,42,23,5,13.0,4.0,2.0,59.0,9.0,57.0,9.0,3.47,52.7,5.9,Mostly Rural,31838.0,7.0,5.0,Yes,KIU Entry Test,Easy,40% / 100 marks,10.0
PK-GB-001,Karakoram International University,Public,Gilgit-Baltistan,Gilgit,2002,0,W1,Chemistry,STEM,2025,69,27,42,5,13.8,4.0,7.0,58.0,10.0,31.0,36.5,3.05,57.7,11.4,Mostly Rural,26370.0,13.0,16.0,Yes,KIU Entry Test,Easy,40% / 100 marks,10.0
PK-GB-001,Karakoram International University,Public,Gilgit-Baltistan,Gilgit,2002,0,W1,Civil Engineering,STEM,2022,361,164,197,11,32.8,5.0,32.0,324.0,32.0,25.5,38.0,3.35,61.7,4.8,Mostly Urban,26802.0,10.0,0.0,Yes,KIU Entry Test,Easy,40% / 100 marks,10.0
PK-GB-001,Karakoram International University,Public,Gilgit-Baltistan,Gilgit,2002,0,W1,Civil Engineering,STEM,2023,316,181,135,12,26.3,17.0,46.0,253.0,16.0,6.0,36.5,3.24,75.1,11.2,Mostly Urban,13610.0,12.0,29.0,Yes,KIU Entry Test,Easy,40% / 100 marks,14.0
PK-GB-001,Karakoram International University,Public,Gilgit-Baltistan,Gilgit,2002,0,W1,Civil Engineering,STEM,2024,376,147,229,14,26.9,30.0,42.0,304.0,16.0,31.0,35.0,2.83,75.8,11.2,Mostly Rural,32406.0,2.0,16.0,Yes,KIU Entry Test,Easy,40% / 100 marks,10.0
PK-GB-001,Karakoram International University,Public,Gilgit-Baltistan,Gilgit,2002,0,W1,Civil Engineering,STEM,2025,400,273,127,16,25.0,0.0,12.0,388.0,76.0,20.0,8.0,3.0,71.6,14.0,Mixed Urban-Rural,31382.0,6.0,4.0,Yes,KIU Entry Test,Easy,40% / 100 marks,10.0
PK-GB-001,Karakoram International University,Public,Gilgit-Baltistan,Gilgit,2002,0,W1,Information Technology,STEM,2022,377,157,220,13,29.0,24.0,0.0,353.0,20.0,6.0,51.0,3.05,76.2,11.2,Mostly Urban,31274.0,10.0,7.0,Yes,KIU Entry Test,Easy,40% / 100 marks,13.0
PK-GB-001,Karakoram International University,Public,Gilgit-Baltistan,Gilgit,2002,0,W1,Information Technology,STEM,2023,372,161,211,16,23.2,0.0,37.0,335.0,74.0,25.5,36.5,2.8,77.7,8.2,Mostly Urban,40350.0,12.0,16.0,Yes,KIU Entry Test,Easy,40% / 100 marks,14.0
PK-GB-001,Karakoram International University,Public,Gilgit-Baltistan,Gilgit,2002,0,W1,Information Technology,STEM,2024,374,252,122,14,26.7,0.0,9.0,365.0,30.0,9.0,62.0,2.82,81.0,16.3,Mostly Rural,32981.0,10.0,12.0,Yes,KIU Entry Test,Easy,40% / 100 marks,14.0
PK-GB-001,Karakoram International University,Public,Gilgit-Baltistan,Gilgit,2002,0,W1,Information Technology,STEM,2025,441,288,153,12,36.8,4.0,37.0,400.0,38.0,25.5,38.0,2.98,72.3,3.4,Mostly Rural,26037.0,15.0,12.0,Yes,KIU Entry Test,Easy,40% / 100 marks,13.0
PK-GB-001,Karakoram International University,Public,Gilgit-Baltistan,Gilgit,2002,0,W1,Physics,STEM,2022,293,114,179,11,26.6,19.0,55.0,219.0,18.0,15.0,27.0,3.05,45.7,3.3,Mostly Rural,29306.0,5.0,20.0,Yes,KIU Entry Test,Easy,40% / 100 marks,14.0
PK-GB-001,Karakoram International University,Public,Gilgit-Baltistan,Gilgit,2002,0,W1,Physics,STEM,2023,261,164,97,9,29.0,10.0,31.0,220.0,16.0,25.5,51.0,3.05,52.9,16.7,Mixed Urban-Rural,10746.0,10.0,16.0,Yes,KIU Entry Test,Easy,40% / 100 marks,12.0
PK-GB-001,Karakoram International University,Public,Gilgit-Baltistan,Gilgit,2002,0,W1,Physics,STEM,2024,318,193,125,12,26.5,24.0,51.0,243.0,17.0,25.5,57.0,2.82,59.7,12.9,Mostly Urban,29890.0,10.0,16.0,Yes,KIU Entry Test,Easy,40% / 100 marks,10.0
PK-GB-001,Karakoram International University,Public,Gilgit-Baltistan,Gilgit,2002,0,W1,Physics,STEM,2025,266,118,148,8,33.2,5.0,47.0,214.0,19.0,10.0,27.0,3.16,53.7,16.5,Mixed Urban-Rural,35307.0,13.0,16.0,Yes,KIU Entry Test,Easy,40% / 100 marks,10.0
PK-GB-001,Karakoram International University,Public,Gilgit-Baltistan,Gilgit,2002,0,W1,Psychology,Arts & Social Sciences,2022,71,42,29,5,14.2,1.0,9.0,61.0,6.0,21.0,52.0,3.62,59.4,5.9,Mostly Rural,29306.0,10.0,15.0,Yes,KIU Entry Test,Easy,40% / 100 marks,11.0
PK-GB-001,Karakoram International University,Public,Gilgit-Baltistan,Gilgit,2002,0,W1,Psychology,Arts & Social Sciences,2023,81,36,45,5,16.2,1.0,3.0,77.0,7.0,12.0,6.0,3.37,67.0,11.2,Mostly Rural,38850.0,14.0,0.0,Yes,KIU Entry Test,Easy,40% / 100 marks,12.0
PK-GB-001,Karakoram International University,Public,Gilgit-Baltistan,Gilgit,2002,0,W1,Psychology,Arts & Social Sciences,2024,89,53,36,5,17.8,4.0,3.0,82.0,11.0,11.0,67.0,2.92,65.4,4.4,Mostly Urban,26652.0,4.0,22.0,Yes,KIU Entry Test,Easy,40% / 100 marks,11.0
PK-GB-001,Karakoram International University,Public,Gilgit-Baltistan,Gilgit,2002,0,W1,Psychology,Arts & Social Sciences,2025,87,61,26,5,17.4,0.0,0.0,87.0,9.0,30.0,32.0,2.65,64.0,18.0,Mixed Urban-Rural,24762.0,10.0,16.0,Yes,KIU Entry Test,Easy,40% / 100 marks,14.0
PK-GB-001,Karakoram International University,Public,Gilgit-Baltistan,Gilgit,2002,0,W1,Urdu,Arts & Social Sciences,2022,136,79,57,5,27.2,4.0,5.0,127.0,9.0,33.0,68.0,3.16,41.5,17.6,Mixed Urban-Rural,29306.0,6.0,23.0,Yes,KIU Entry Test,Easy,40% / 100 marks,10.0
PK-GB-001,Karakoram International University,Public,Gilgit-Baltistan,Gilgit,2002,0,W1,Urdu,Arts & Social Sciences,2023,142,59,83,5,28.4,3.0,3.0,136.0,16.0,48.0,42.0,2.63,49.9,5.1,Mostly Rural,18750.0,6.0,24.0,Yes,KIU Entry Test,Easy,40% / 100 marks,14.0
PK-GB-001,Karakoram International University,Public,Gilgit-Baltistan,Gilgit,2002,0,W1,Urdu,Arts & Social Sciences,2024,173,76,97,5,34.6,12.0,28.0,133.0,16.0,49.0,31.0,3.28,36.2,11.7,Mixed Urban-Rural,36347.0,5.0,23.0,Yes,KIU Entry Test,Easy,40% / 100 marks,10.0
PK-GB-001,Karakoram International University,Public,Gilgit-Baltistan,Gilgit,2002,0,W1,Urdu,Arts & Social Sciences,2025,162,92,70,6,27.0,8.0,22.0,132.0,23.0,39.0,11.0,3.08,47.1,4.3,Mixed Urban-Rural,19930.0,10.0,20.0,Yes,KIU Entry Test,Easy,40% / 100 marks,12.0
PK-GB-002,University of Baltistan Skardu,Public,Gilgit-Baltistan,Skardu,2016,0,W1,Biology,STEM,2022,152,102,50,5,30.4,10.0,0.0,142.0,12.0,23.0,75.0,2.83,46.0,8.6,Mostly Urban,29157.5,10.5,22.0,Yes,UBS Entry Test,Easy,40% / 100 marks,7.0
PK-GB-002,University of Baltistan Skardu,Public,Gilgit-Baltistan,Skardu,2016,0,W1,Biology,STEM,2023,163,81,82,5,32.6,2.0,0.0,161.0,25.0,25.0,79.0,3.12,55.7,8.5,Mostly Rural,32670.0,2.0,1.0,Yes,UBS Entry Test,Easy,40% / 100 marks,5.0
PK-GB-002,University of Baltistan Skardu,Public,Gilgit-Baltistan,Skardu,2016,0,W1,Biology,STEM,2024,141,72,69,5,28.2,10.0,16.0,115.0,38.5,29.0,9.0,3.66,51.3,17.4,Mostly Rural,29157.5,11.0,15.0,Yes,UBS Entry Test,Easy,40% / 100 marks,5.0
PK-GB-002,University of Baltistan Skardu,Public,Gilgit-Baltistan,Skardu,2016,0,W1,Biology,STEM,2025,156,93,63,5,31.2,1.0,0.0,155.0,6.0,29.0,37.0,2.79,45.0,10.8,Mostly Rural,9838.0,10.5,15.0,Yes,UBS Entry Test,Easy,40% / 100 marks,5.0
PK-GB-002,University of Baltistan Skardu,Public,Gilgit-Baltistan,Skardu,2016,0,W1,Business Administration,Business,2022,331,210,121,11,30.1,21.0,6.0,304.0,6.0,3.0,45.0,2.68,67.1,12.9,Mostly Rural,28994.0,4.0,15.0,Yes,UBS Entry Test,Easy,40% / 100 marks,6.0
PK-GB-002,University of Baltistan Skardu,Public,Gilgit-Baltistan,Skardu,2016,0,W1,Business Administration,Business,2023,395,194,201,14,28.2,3.0,70.0,322.0,61.0,43.0,6.0,2.63,76.4,8.55,Mostly Urban,22966.0,10.5,20.0,Yes,UBS Entry Test,Easy,40% / 100 marks,6.0
PK-GB-002,University of Baltistan Skardu,Public,Gilgit-Baltistan,Skardu,2016,0,W1,Business Administration,Business,2024,389,258,131,16,24.3,1.0,61.0,327.0,12.0,35.0,29.0,3.14,75.9,16.4,Mostly Rural,33127.0,10.5,3.0,Yes,UBS Entry Test,Easy,40% / 100 marks,6.0
PK-GB-002,University of Baltistan Skardu,Public,Gilgit-Baltistan,Skardu,2016,0,W1,Business Administration,Business,2025,378,144,234,16,23.6,5.0,35.0,338.0,50.0,29.0,56.0,2.71,68.5,8.55,Mostly Urban,26379.0,9.0,33.0,Yes,UBS Entry Test,Easy,40% / 100 marks,6.0
PK-GB-002,University of Baltistan Skardu,Public,Gilgit-Baltistan,Skardu,2016,0,W1,Chemistry,STEM,2022,370,243,127,14,26.4,11.0,37.0,322.0,60.0,29.0,21.0,2.89,47.6,2.8,Mostly Urban,44189.0,10.5,8.0,Yes,UBS Entry Test,Easy,40% / 100 marks,7.0
PK-GB-002,University of Baltistan Skardu,Public,Gilgit-Baltistan,Skardu,2016,0,W1,Chemistry,STEM,2023,384,196,188,13,29.5,19.0,64.0,301.0,73.0,46.0,25.0,3.05,49.5,8.2,Mostly Rural,25588.0,9.0,13.0,Yes,UBS Entry Test,Easy,40% / 100 marks,7.0
PK-GB-002,University of Baltistan Skardu,Public,Gilgit-Baltistan,Skardu,2016,0,W1,Chemistry,STEM,2024,397,234,163,13,30.5,16.0,77.0,304.0,38.5,15.0,75.0,3.36,56.7,5.1,Mixed Urban-Rural,37790.0,20.0,3.0,Yes,UBS Entry Test,Easy,40% / 100 marks,7.0
PK-GB-002,University of Baltistan Skardu,Public,Gilgit-Baltistan,Skardu,2016,0,W1,Chemistry,STEM,2025,397,173,224,12,33.1,21.0,4.0,372.0,38.5,19.0,63.0,3.06,46.9,12.6,Mostly Rural,12997.0,20.0,2.0,Yes,UBS Entry Test,Easy,40% / 100 marks,4.0
PK-GB-002,University of Baltistan Skardu,Public,Gilgit-Baltistan,Skardu,2016,0,W1,Civil Engineering,STEM,2022,279,191,88,9,31.0,0.0,0.0,279.0,19.0,3.0,45.0,2.9,69.6,9.9,Mostly Urban,24729.0,5.0,30.0,Yes,UBS Entry Test,Easy,40% / 100 marks,6.0
PK-GB-002,University of Baltistan Skardu,Public,Gilgit-Baltistan,Skardu,2016,0,W1,Civil Engineering,STEM,2023,295,209,86,8,36.9,11.0,43.0,241.0,38.5,0.0,45.0,3.18,61.0,8.1,Mostly Rural,12643.0,10.5,11.0,Yes,UBS Entry Test,Easy,40% / 100 marks,4.0
PK-GB-002,University of Baltistan Skardu,Public,Gilgit-Baltistan,Skardu,2016,0,W1,Civil Engineering,STEM,2024,348,234,114,10,34.8,3.0,58.0,287.0,65.0,19.0,72.0,3.01,60.1,4.2,Mixed Urban-Rural,36155.0,3.0,17.0,Yes,UBS Entry Test,Easy,40% / 100 marks,4.0
PK-GB-002,University of Baltistan Skardu,Public,Gilgit-Baltistan,Skardu,2016,0,W1,Civil Engineering,STEM,2025,350,175,175,12,29.2,22.0,5.0,323.0,30.0,29.0,45.0,2.7,61.1,17.3,Mostly Rural,29157.5,7.0,20.0,Yes,UBS Entry Test,Easy,40% / 100 marks,6.0
PK-GB-002,University of Baltistan Skardu,Public,Gilgit-Baltistan,Skardu,2016,0,W1,Information Technology,STEM,2022,537,244,293,20,26.9,17.0,0.0,520.0,90.0,29.0,45.0,3.5,79.7,8.55,Mixed Urban-Rural,38997.0,20.0,33.0,Yes,UBS Entry Test,Easy,40% / 100 marks,5.0
PK-GB-002,University of Baltistan Skardu,Public,Gilgit-Baltistan,Skardu,2016,0,W1,Information Technology,STEM,2023,513,209,304,17,30.2,2.0,98.0,413.0,101.0,29.0,45.0,3.32,79.1,7.5,Mostly Urban,38353.0,12.0,28.0,Yes,UBS Entry Test,Easy,40% / 100 marks,7.0
PK-GB-002,University of Baltistan Skardu,Public,Gilgit-Baltistan,Skardu,2016,0,W1,Information Technology,STEM,2024,577,298,279,18,32.1,0.0,62.0,515.0,39.0,24.0,19.0,2.84,77.5,4.4,Mostly Urban,40471.0,12.0,9.0,Yes,UBS Entry Test,Easy,40% / 100 marks,5.0
PK-GB-002,University of Baltistan Skardu,Public,Gilgit-Baltistan,Skardu,2016,0,W1,Information Technology,STEM,2025,492,329,163,15,32.8,11.0,33.0,448.0,91.0,33.0,26.0,3.12,84.1,10.8,Mostly Rural,19149.0,10.0,0.0,Yes,UBS Entry Test,Easy,40% / 100 marks,7.0
PK-GB-002,University of Baltistan Skardu,Public,Gilgit-Baltistan,Skardu,2016,0,W1,Pharmacy,STEM,2022,385,239,146,12,32.1,21.0,29.0,335.0,35.0,4.0,45.0,2.74,88.0,2.0,Mostly Rural,29321.0,18.0,26.0,Yes,UBS Entry Test,Easy,40% / 100 marks,7.0
PK-GB-002,University of Baltistan Skardu,Public,Gilgit-Baltistan,Skardu,2016,0,W1,Pharmacy,STEM,2023,363,181,182,16,22.7,9.0,12.0,342.0,44.0,48.0,6.0,3.33,77.0,5.1,Mostly Rural,33335.0,16.0,15.0,Yes,UBS Entry Test,Easy,40% / 100 marks,7.0
PK-GB-002,University of Baltistan Skardu,Public,Gilgit-Baltistan,Skardu,2016,0,W1,Pharmacy,STEM,2024,357,162,195,12,29.8,1.0,50.0,306.0,21.0,29.0,59.0,3.43,76.1,8.55,Mostly Rural,29157.5,1.0,35.0,Yes,UBS Entry Test,Easy,40% / 100 marks,6.0
PK-GB-002,University of Baltistan Skardu,Public,Gilgit-Baltistan,Skardu,2016,0,W1,Pharmacy,STEM,2025,429,177,252,15,28.6,0.0,2.0,427.0,23.0,60.0,4.0,3.56,80.0,10.8,Mostly Rural,32853.0,13.0,14.0,Yes,UBS Entry Test,Easy,40% / 100 marks,4.0
PK-GB-002,University of Baltistan Skardu,Public,Gilgit-Baltistan,Skardu,2016,0,W1,Political Science,Arts & Social Sciences,2022,197,134,63,6,32.8,0.0,35.0,162.0,38.5,2.0,10.0,3.12,53.4,6.0,Mostly Rural,33485.0,19.0,15.0,Yes,UBS Entry Test,Easy,40% / 100 marks,6.0
PK-GB-002,University of Baltistan Skardu,Public,Gilgit-Baltistan,Skardu,2016,0,W1,Political Science,Arts & Social Sciences,2023,181,95,86,5,36.2,0.0,27.0,154.0,38.5,29.0,54.0,3.48,53.3,15.7,Mostly Rural,9775.0,11.0,29.0,Yes,UBS Entry Test,Easy,40% / 100 marks,7.0
PK-GB-002,University of Baltistan Skardu,Public,Gilgit-Baltistan,Skardu,2016,0,W1,Political Science,Arts & Social Sciences,2024,185,84,101,6,30.8,0.0,15.0,170.0,10.0,53.0,55.0,3.31,46.9,16.0,Mostly Urban,15541.0,20.0,15.0,Yes,UBS Entry Test,Easy,40% / 100 marks,7.0
PK-GB-002,University of Baltistan Skardu,Public,Gilgit-Baltistan,Skardu,2016,0,W1,Political Science,Arts & Social Sciences,2025,187,106,81,5,37.4,6.0,0.0,181.0,23.0,29.0,51.0,3.6,53.0,2.1,Mostly Urban,30777.0,3.0,12.0,Yes,UBS Entry Test,Easy,40% / 100 marks,4.0
PK-GB-002,University of Baltistan Skardu,Public,Gilgit-Baltistan,Skardu,2016,0,W1,Sociology,Arts & Social Sciences,2022,380,234,146,13,29.2,0.0,0.0,380.0,43.0,42.0,52.0,3.12,45.1,7.5,Mixed Urban-Rural,38401.0,3.0,15.0,Yes,UBS Entry Test,Easy,40% / 100 marks,6.0
PK-GB-002,University of Baltistan Skardu,Public,Gilgit-Baltistan,Skardu,2016,0,W1,Sociology,Arts & Social Sciences,2023,387,168,219,12,32.2,0.0,41.0,346.0,72.0,43.0,15.0,3.47,55.2,4.1,Mostly Urban,23737.0,7.0,15.0,Yes,UBS Entry Test,Easy,40% / 100 marks,4.0
PK-GB-002,University of Baltistan Skardu,Public,Gilgit-Baltistan,Skardu,2016,0,W1,Sociology,Arts & Social Sciences,2024,466,183,283,18,25.9,29.0,59.0,378.0,82.0,44.0,67.0,3.63,44.6,17.2,Mostly Urban,14741.0,10.0,2.0,Yes,UBS Entry Test,Easy,40% / 100 marks,7.0
PK-GB-002,University of Baltistan Skardu,Public,Gilgit-Baltistan,Skardu,2016,0,W1,Sociology,Arts & Social Sciences,2025,459,325,134,17,27.0,0.0,2.0,457.0,38.0,44.0,27.0,2.88,57.8,10.0,Mostly Urban,18209.0,11.0,16.0,Yes,UBS Entry Test,Easy,40% / 100 marks,4.0
PK-FED-006,Air University Islamabad,Public,Islamabad,Islamabad,2002,0,W3,Computer Science,STEM,2022,1071,499,572,34,31.5,79.0,35.0,957.0,174.0,32.0,4.0,3.28,77.3,16.3,Mixed Urban-Rural,14964.0,9.0,12.0,Yes,AU Entry Test,Medium,50% / 100 marks,20.0
PK-FED-006,Air University Islamabad,Public,Islamabad,Islamabad,2002,0,W3,Computer Science,STEM,2023,1183,614,569,49,24.1,0.0,146.0,1037.0,5.0,32.0,64.0,3.15,82.8,4.0,Mixed Urban-Rural,14638.0,10.0,3.0,Yes,AU Entry Test,Medium,50% / 100 marks,16.0
PK-FED-006,Air University Islamabad,Public,Islamabad,Islamabad,2002,0,W3,Computer Science,STEM,2024,1144,502,642,50,22.9,5.0,0.0,1139.0,34.0,32.0,43.0,2.96,78.6,9.5,Mostly Urban,25583.0,11.0,14.5,Yes,AU Entry Test,Medium,50% / 100 marks,18.0
PK-FED-006,Air University Islamabad,Public,Islamabad,Islamabad,2002,0,W3,Computer Science,STEM,2025,1276,902,374,49,26.0,0.0,81.0,1195.0,209.0,32.0,56.0,3.13,80.2,9.5,Mostly Rural,36715.0,20.0,14.5,Yes,AU Entry Test,Medium,50% / 100 marks,19.0
PK-FED-006,Air University Islamabad,Public,Islamabad,Islamabad,2002,0,W3,Economics,Business,2022,1965,1232,733,58,33.9,0.0,268.0,1697.0,37.0,20.0,55.0,3.68,64.7,11.0,Mixed Urban-Rural,30170.0,4.0,15.0,Yes,AU Entry Test,Medium,50% / 100 marks,19.0
PK-FED-006,Air University Islamabad,Public,Islamabad,Islamabad,2002,0,W3,Economics,Business,2023,1864,1128,736,61,30.6,126.0,38.0,1700.0,88.0,32.0,9.0,2.91,59.4,6.8,Mostly Rural,44077.0,3.0,28.0,Yes,AU Entry Test,Medium,50% / 100 marks,18.0
PK-FED-006,Air University Islamabad,Public,Islamabad,Islamabad,2002,0,W3,Economics,Business,2024,1744,958,786,66,26.4,23.0,316.0,1405.0,88.0,35.0,5.0,3.32,72.7,16.2,Mostly Urban,30338.0,15.0,30.0,Yes,AU Entry Test,Medium,50% / 100 marks,18.0
PK-FED-006,Air University Islamabad,Public,Islamabad,Islamabad,2002,0,W3,Economics,Business,2025,2103,1058,1045,75,28.0,95.0,23.0,1985.0,329.0,18.0,3.0,3.42,58.6,9.6,Mostly Urban,24665.0,9.0,13.0,Yes,AU Entry Test,Medium,50% / 100 marks,21.0
PK-FED-006,Air University Islamabad,Public,Islamabad,Islamabad,2002,0,W3,Education,Arts & Social Sciences,2022,1440,640,800,54,26.7,75.0,68.0,1297.0,68.0,28.0,42.5,3.21,70.1,1.6,Mostly Urban,39649.0,6.0,8.0,Yes,AU Entry Test,Medium,50% / 100 marks,16.0
PK-FED-006,Air University Islamabad,Public,Islamabad,Islamabad,2002,0,W3,Education,Arts & Social Sciences,2023,1257,758,499,42,29.9,43.0,115.0,1099.0,239.0,15.0,56.0,3.58,63.1,3.8,Mixed Urban-Rural,43901.0,18.0,12.0,Yes,AU Entry Test,Medium,50% / 100 marks,20.0
PK-FED-006,Air University Islamabad,Public,Islamabad,Islamabad,2002,0,W3,Education,Arts & Social Sciences,2024,1336,832,504,43,31.1,61.0,213.0,1062.0,170.0,48.0,25.0,3.57,72.7,16.2,Mostly Urban,8836.0,2.0,12.0,Yes,AU Entry Test,Medium,50% / 100 marks,21.0
PK-FED-006,Air University Islamabad,Public,Islamabad,Islamabad,2002,0,W3,Education,Arts & Social Sciences,2025,1400,905,495,40,35.0,0.0,52.0,1348.0,156.0,34.0,10.0,2.85,68.9,12.6,Mixed Urban-Rural,33486.0,2.0,24.0,Yes,AU Entry Test,Medium,50% / 100 marks,19.0
PK-FED-006,Air University Islamabad,Public,Islamabad,Islamabad,2002,0,W3,Environmental Science,STEM,2022,1390,989,401,53,26.2,90.0,100.0,1200.0,231.0,58.0,42.5,2.8,55.8,17.4,Mixed Urban-Rural,20253.0,13.0,14.5,Yes,AU Entry Test,Medium,50% / 100 marks,19.0
PK-FED-006,Air University Islamabad,Public,Islamabad,Islamabad,2002,0,W3,Environmental Science,STEM,2023,1234,579,655,51,24.2,0.0,13.0,1221.0,244.0,32.0,42.5,2.93,60.5,11.8,Mixed Urban-Rural,44055.0,8.0,33.0,Yes,AU Entry Test,Medium,50% / 100 marks,22.0
PK-FED-006,Air University Islamabad,Public,Islamabad,Islamabad,2002,0,W3,Environmental Science,STEM,2024,1207,665,542,44,27.4,27.0,158.0,1022.0,59.0,21.0,42.5,3.68,55.6,17.9,Mostly Rural,30140.5,20.0,15.0,Yes,AU Entry Test,Medium,50% / 100 marks,19.0
PK-FED-006,Air University Islamabad,Public,Islamabad,Islamabad,2002,0,W3,Environmental Science,STEM,2025,1544,945,599,58,26.6,98.0,260.0,1186.0,149.0,32.0,52.0,2.81,61.7,2.2,Mixed Urban-Rural,14288.0,3.0,13.0,Yes,AU Entry Test,Medium,50% / 100 marks,21.0
PK-FED-006,Air University Islamabad,Public,Islamabad,Islamabad,2002,0,W3,History,Arts & Social Sciences,2022,1770,735,1035,61,29.0,0.0,19.0,1751.0,41.0,9.0,58.0,3.15,43.2,9.5,Mostly Urban,44574.0,9.0,28.0,Yes,AU Entry Test,Medium,50% / 100 marks,19.0
PK-FED-006,Air University Islamabad,Public,Islamabad,Islamabad,2002,0,W3,History,Arts & Social Sciences,2023,1933,1019,914,86,22.5,91.0,54.0,1788.0,304.0,32.0,11.0,2.91,42.8,12.8,Mixed Urban-Rural,32996.0,9.0,14.5,Yes,AU Entry Test,Medium,50% / 100 marks,18.0
PK-FED-006,Air University Islamabad,Public,Islamabad,Islamabad,2002,0,W3,History,Arts & Social Sciences,2024,1807,1145,662,55,32.9,0.0,72.0,1735.0,336.0,60.0,21.0,3.15,45.6,9.5,Mostly Urban,43202.0,12.0,32.0,Yes,AU Entry Test,Medium,50% / 100 marks,18.0
PK-FED-006,Air University Islamabad,Public,Islamabad,Islamabad,2002,0,W3,History,Arts & Social Sciences,2025,1829,809,1020,60,30.5,140.0,281.0,1408.0,295.0,54.0,42.5,2.88,36.0,9.5,Mostly Rural,39928.0,9.0,6.0,Yes,AU Entry Test,Medium,50% / 100 marks,19.0
PK-FED-006,Air University Islamabad,Public,Islamabad,Islamabad,2002,0,W3,Information Technology,STEM,2022,1011,693,318,38,26.6,54.0,80.0,877.0,44.0,23.0,42.0,3.08,78.2,5.2,Mostly Rural,16801.0,15.0,19.0,Yes,AU Entry Test,Medium,50% / 100 marks,17.0
PK-FED-006,Air University Islamabad,Public,Islamabad,Islamabad,2002,0,W3,Information Technology,STEM,2023,1019,424,595,33,30.9,9.0,129.0,881.0,55.0,56.0,20.0,3.45,72.3,14.9,Mixed Urban-Rural,10402.0,18.0,9.0,Yes,AU Entry Test,Medium,50% / 100 marks,17.0
PK-FED-006,Air University Islamabad,Public,Islamabad,Islamabad,2002,0,W3,Information Technology,STEM,2024,1022,465,557,31,33.0,0.0,157.0,865.0,28.0,32.0,62.0,2.78,82.7,14.0,Mostly Rural,17581.0,2.0,31.0,Yes,AU Entry Test,Medium,50% / 100 marks,20.0
PK-FED-006,Air University Islamabad,Public,Islamabad,Islamabad,2002,0,W3,Information Technology,STEM,2025,1020,479,541,40,25.5,41.0,133.0,846.0,121.0,2.0,49.0,3.24,81.7,6.0,Mostly Rural,32684.0,3.0,24.0,Yes,AU Entry Test,Medium,50% / 100 marks,17.0
PK-FED-006,Air University Islamabad,Public,Islamabad,Islamabad,2002,0,W3,Mathematics,STEM,2022,859,429,430,25,34.4,0.0,0.0,859.0,88.0,28.0,80.0,3.0,57.8,5.0,Mostly Rural,15754.0,4.0,30.0,Yes,AU Entry Test,Medium,50% / 100 marks,18.0
PK-FED-006,Air University Islamabad,Public,Islamabad,Islamabad,2002,0,W3,Mathematics,STEM,2023,885,514,371,29,30.5,18.0,0.0,867.0,46.0,32.0,19.0,3.26,56.6,4.5,Mixed Urban-Rural,9220.0,10.0,13.0,Yes,AU Entry Test,Medium,50% / 100 marks,22.0
PK-FED-006,Air University Islamabad,Public,Islamabad,Islamabad,2002,0,W3,Mathematics,STEM,2024,908,651,257,27,33.6,65.0,175.0,668.0,88.0,49.0,79.0,2.85,52.7,9.0,Mostly Urban,15115.0,17.0,9.0,Yes,AU Entry Test,Medium,50% / 100 marks,22.0
PK-FED-006,Air University Islamabad,Public,Islamabad,Islamabad,2002,0,W3,Mathematics,STEM,2025,974,428,546,28,34.8,77.0,0.0,897.0,35.0,32.0,71.0,3.17,59.6,14.3,Mostly Rural,10846.0,16.0,24.0,Yes,AU Entry Test,Medium,50% / 100 marks,19.0
PK-FED-006,Air University Islamabad,Public,Islamabad,Islamabad,2002,0,W3,Mechanical Engineering,STEM,2022,1140,720,420,35,32.6,10.0,224.0,906.0,88.0,14.0,42.5,3.15,75.1,5.8,Mostly Urban,8466.0,13.0,20.0,Yes,AU Entry Test,Medium,50% / 100 marks,21.0
PK-FED-006,Air University Islamabad,Public,Islamabad,Islamabad,2002,0,W3,Mechanical Engineering,STEM,2023,1136,472,664,41,27.7,26.0,200.0,910.0,98.0,43.0,71.0,3.13,73.4,4.4,Mostly Rural,30567.0,4.0,28.0,Yes,AU Entry Test,Medium,50% / 100 marks,20.0
PK-FED-006,Air University Islamabad,Public,Islamabad,Islamabad,2002,0,W3,Mechanical Engineering,STEM,2024,1282,900,382,55,23.3,81.0,0.0,1201.0,180.0,10.0,73.0,3.62,72.1,9.5,Mostly Rural,12199.0,9.0,14.5,Yes,AU Entry Test,Medium,50% / 100 marks,21.0
PK-FED-006,Air University Islamabad,Public,Islamabad,Islamabad,2002,0,W3,Mechanical Engineering,STEM,2025,1205,861,344,40,30.1,56.0,0.0,1149.0,88.0,11.0,79.0,2.81,72.3,16.9,Mostly Urban,41459.0,2.0,0.0,Yes,AU Entry Test,Medium,50% / 100 marks,17.0
PK-FED-006,Air University Islamabad,Public,Islamabad,Islamabad,2002,0,W3,Pharmacy,STEM,2022,650,307,343,23,28.3,0.0,89.0,561.0,99.0,58.0,28.0,3.66,82.7,15.0,Mostly Rural,34473.0,17.0,14.5,Yes,AU Entry Test,Medium,50% / 100 marks,19.0
PK-FED-006,Air University Islamabad,Public,Islamabad,Islamabad,2002,0,W3,Pharmacy,STEM,2023,673,323,350,19,35.4,49.0,86.0,538.0,69.0,24.0,71.0,3.25,84.8,9.1,Mostly Urban,30140.5,8.0,14.0,Yes,AU Entry Test,Medium,50% / 100 marks,20.0
PK-FED-006,Air University Islamabad,Public,Islamabad,Islamabad,2002,0,W3,Pharmacy,STEM,2024,832,432,400,31,26.8,9.0,45.0,778.0,28.0,47.0,36.0,2.9,80.6,7.3,Mostly Urban,20462.0,8.0,13.0,Yes,AU Entry Test,Medium,50% / 100 marks,19.0
PK-FED-006,Air University Islamabad,Public,Islamabad,Islamabad,2002,0,W3,Pharmacy,STEM,2025,749,497,252,22,34.0,2.0,95.0,652.0,131.0,48.0,18.0,3.59,77.7,9.6,Mixed Urban-Rural,40165.0,8.0,8.0,Yes,AU Entry Test,Medium,50% / 100 marks,18.0
PK-FED-006,Air University Islamabad,Public,Islamabad,Islamabad,2002,0,W3,Statistics,STEM,2022,513,268,245,14,36.6,0.0,0.0,513.0,20.0,29.0,25.0,3.27,55.5,11.1,Mostly Rural,43950.0,20.0,11.0,Yes,AU Entry Test,Medium,50% / 100 marks,21.0
PK-FED-006,Air University Islamabad,Public,Islamabad,Islamabad,2002,0,W3,Statistics,STEM,2023,530,239,291,17,31.2,14.0,92.0,424.0,78.0,32.0,38.0,3.02,61.0,5.4,Mostly Urban,17800.0,16.0,14.5,Yes,AU Entry Test,Medium,50% / 100 marks,19.0
PK-FED-006,Air University Islamabad,Public,Islamabad,Islamabad,2002,0,W3,Statistics,STEM,2024,599,356,243,20,29.9,0.0,27.0,572.0,77.0,32.0,35.0,3.09,60.1,9.4,Mixed Urban-Rural,31656.0,9.0,26.0,Yes,AU Entry Test,Medium,50% / 100 marks,22.0
PK-FED-006,Air University Islamabad,Public,Islamabad,Islamabad,2002,0,W3,Statistics,STEM,2025,514,346,168,14,36.7,28.0,48.0,438.0,41.0,43.0,71.0,3.56,58.2,9.2,Mixed Urban-Rural,30111.0,3.0,14.5,Yes,AU Entry Test,Medium,50% / 100 marks,18.0
PK-FED-005,Allama Iqbal Open University,Public,Islamabad,Islamabad,1974,0,W3,Civil Engineering,STEM,2022,1861,1115,746,62,30.0,23.0,169.0,1669.0,106.0,28.0,5.0,2.66,64.1,12.55,Mostly Rural,36387.0,13.0,11.0,No,None (Open University),Easy,40% / 100 marks,23.0
PK-FED-005,Allama Iqbal Open University,Public,Islamabad,Islamabad,1974,0,W3,Civil Engineering,STEM,2023,1811,1247,564,70,25.9,22.0,70.0,1719.0,260.0,35.0,34.0,2.87,67.1,12.1,Mostly Rural,43629.0,12.0,31.0,No,None (Open University),Easy,40% / 100 marks,21.0
PK-FED-005,Allama Iqbal Open University,Public,Islamabad,Islamabad,1974,0,W3,Civil Engineering,STEM,2024,1867,1068,799,71,26.3,120.0,299.0,1448.0,20.0,49.0,47.0,3.045,64.3,17.6,Mixed Urban-Rural,25467.0,10.0,14.0,No,None (Open University),Easy,40% / 100 marks,23.0
PK-FED-005,Allama Iqbal Open University,Public,Islamabad,Islamabad,1974,0,W3,Civil Engineering,STEM,2025,2039,1456,583,75,27.2,151.0,0.0,1888.0,308.0,47.0,25.0,3.22,75.0,17.1,Mostly Urban,40258.0,3.0,17.0,No,None (Open University),Easy,40% / 100 marks,23.0
PK-FED-005,Allama Iqbal Open University,Public,Islamabad,Islamabad,1974,0,W3,Economics,Business,2022,1521,850,671,69,22.0,7.0,0.0,1514.0,95.0,54.0,19.0,3.53,71.7,16.6,Mixed Urban-Rural,12753.0,4.0,20.0,No,None (Open University),Easy,40% / 100 marks,21.0
PK-FED-005,Allama Iqbal Open University,Public,Islamabad,Islamabad,1974,0,W3,Economics,Business,2023,1549,671,878,45,34.4,45.0,301.0,1203.0,292.0,59.0,43.0,2.92,69.7,7.7,Mixed Urban-Rural,8117.0,19.0,17.0,No,None (Open University),Easy,40% / 100 marks,19.0
PK-FED-005,Allama Iqbal Open University,Public,Islamabad,Islamabad,1974,0,W3,Economics,Business,2024,1797,1245,552,51,35.2,81.0,45.0,1671.0,114.0,15.0,66.0,2.97,60.5,12.6,Mixed Urban-Rural,23986.5,10.0,6.0,No,None (Open University),Easy,40% / 100 marks,22.0
PK-FED-005,Allama Iqbal Open University,Public,Islamabad,Islamabad,1974,0,W3,Economics,Business,2025,1907,755,1152,68,28.0,0.0,295.0,1612.0,198.0,24.0,55.0,2.68,63.7,12.8,Mostly Urban,27327.0,4.0,17.0,No,None (Open University),Easy,40% / 100 marks,18.0
PK-FED-005,Allama Iqbal Open University,Public,Islamabad,Islamabad,1974,0,W3,English Literature,Arts & Social Sciences,2022,817,355,462,35,23.3,0.0,42.0,775.0,162.0,45.0,46.0,3.045,55.1,8.7,Mixed Urban-Rural,20450.0,18.0,18.0,No,None (Open University),Easy,40% / 100 marks,21.0
PK-FED-005,Allama Iqbal Open University,Public,Islamabad,Islamabad,1974,0,W3,English Literature,Arts & Social Sciences,2023,740,305,435,27,27.4,40.0,51.0,649.0,114.0,40.0,9.0,3.3,48.8,12.55,Mostly Rural,39035.0,16.0,16.0,No,None (Open University),Easy,40% / 100 marks,21.0
PK-FED-005,Allama Iqbal Open University,Public,Islamabad,Islamabad,1974,0,W3,English Literature,Arts & Social Sciences,2024,725,409,316,29,25.0,17.0,38.0,670.0,114.0,16.0,60.0,3.045,54.2,12.5,Mixed Urban-Rural,43484.0,2.0,33.0,No,None (Open University),Easy,40% / 100 marks,19.0
PK-FED-005,Allama Iqbal Open University,Public,Islamabad,Islamabad,1974,0,W3,English Literature,Arts & Social Sciences,2025,814,457,357,24,33.9,0.0,132.0,682.0,106.0,45.0,63.0,2.73,47.6,12.7,Mostly Urban,19329.0,7.0,17.0,No,None (Open University),Easy,40% / 100 marks,23.0
PK-FED-005,Allama Iqbal Open University,Public,Islamabad,Islamabad,1974,0,W3,Information Technology,STEM,2022,1138,696,442,46,24.7,0.0,141.0,997.0,191.0,4.0,79.0,3.56,84.2,6.1,Mostly Urban,42246.0,5.0,6.0,No,None (Open University),Easy,40% / 100 marks,18.0
PK-FED-005,Allama Iqbal Open University,Public,Islamabad,Islamabad,1974,0,W3,Information Technology,STEM,2023,1452,829,623,62,23.4,60.0,0.0,1392.0,140.0,31.0,47.0,3.36,75.6,3.9,Mostly Rural,23986.5,2.0,17.0,No,None (Open University),Easy,40% / 100 marks,20.0
PK-FED-005,Allama Iqbal Open University,Public,Islamabad,Islamabad,1974,0,W3,Information Technology,STEM,2024,1491,576,915,45,33.1,0.0,226.0,1265.0,55.0,14.0,65.0,3.27,75.8,6.8,Mostly Rural,36948.0,17.0,3.0,No,None (Open University),Easy,40% / 100 marks,23.0
PK-FED-005,Allama Iqbal Open University,Public,Islamabad,Islamabad,1974,0,W3,Information Technology,STEM,2025,1411,612,799,54,26.1,25.0,127.0,1259.0,19.0,40.0,70.0,3.045,79.1,12.55,Mostly Rural,21048.0,4.0,15.0,No,None (Open University),Easy,40% / 100 marks,18.0
PK-FED-005,Allama Iqbal Open University,Public,Islamabad,Islamabad,1974,0,W3,Mathematics,STEM,2022,1158,615,543,33,35.1,0.0,0.0,1158.0,71.0,44.0,47.0,3.46,57.6,12.55,Mixed Urban-Rural,22506.0,14.0,0.0,No,None (Open University),Easy,40% / 100 marks,24.0
PK-FED-005,Allama Iqbal Open University,Public,Islamabad,Islamabad,1974,0,W3,Mathematics,STEM,2023,1200,509,691,49,24.5,54.0,218.0,928.0,83.0,45.0,80.0,3.34,62.8,5.7,Mostly Urban,34027.0,12.0,18.0,No,None (Open University),Easy,40% / 100 marks,22.0
PK-FED-005,Allama Iqbal Open University,Public,Islamabad,Islamabad,1974,0,W3,Mathematics,STEM,2024,1188,495,693,52,22.8,19.0,61.0,1108.0,187.0,41.0,38.0,3.26,65.8,14.8,Mixed Urban-Rural,17170.0,10.0,26.0,No,None (Open University),Easy,40% / 100 marks,20.0
PK-FED-005,Allama Iqbal Open University,Public,Islamabad,Islamabad,1974,0,W3,Mathematics,STEM,2025,1260,794,466,42,30.0,85.0,76.0,1099.0,61.0,40.0,46.0,2.8,65.9,15.4,Mixed Urban-Rural,16384.0,6.0,21.0,No,None (Open University),Easy,40% / 100 marks,24.0
PK-FED-005,Allama Iqbal Open University,Public,Islamabad,Islamabad,1974,0,W3,Urdu,Arts & Social Sciences,2022,1568,785,783,49,32.0,0.0,0.0,1568.0,304.0,54.0,45.0,3.12,38.9,11.1,Mostly Rural,15852.0,14.0,17.0,No,None (Open University),Easy,40% / 100 marks,21.0
PK-FED-005,Allama Iqbal Open University,Public,Islamabad,Islamabad,1974,0,W3,Urdu,Arts & Social Sciences,2023,1963,837,1126,79,24.8,124.0,90.0,1749.0,114.0,11.0,61.0,2.83,40.5,2.5,Mostly Urban,18383.0,10.0,27.0,No,None (Open University),Easy,40% / 100 marks,18.0
PK-FED-005,Allama Iqbal Open University,Public,Islamabad,Islamabad,1974,0,W3,Urdu,Arts & Social Sciences,2024,1827,1293,534,67,27.3,1.0,127.0,1699.0,169.0,33.0,50.0,2.71,34.6,16.0,Mostly Urban,28061.0,10.0,33.0,No,None (Open University),Easy,40% / 100 marks,23.0
PK-FED-005,Allama Iqbal Open University,Public,Islamabad,Islamabad,1974,0,W3,Urdu,Arts & Social Sciences,2025,1976,977,999,58,34.1,103.0,0.0,1873.0,101.0,40.0,65.0,2.62,49.9,17.8,Mixed Urban-Rural,16071.0,13.0,16.0,No,None (Open University),Easy,40% / 100 marks,19.0
PK-FED-011,Bahria University Islamabad,Public,Islamabad,Islamabad,2000,0,W3,Biology,STEM,2022,448,307,141,14,32.0,22.0,83.0,343.0,84.0,41.0,29.0,2.64,45.3,4.8,Mixed Urban-Rural,16257.0,3.0,19.0,Yes,Bahria University Entry Test,Medium,50% / 100 marks,19.0
PK-FED-011,Bahria University Islamabad,Public,Islamabad,Islamabad,2000,0,W3,Biology,STEM,2023,434,276,158,18,24.1,0.0,0.0,434.0,43.0,32.0,78.0,2.65,43.4,11.8,Mixed Urban-Rural,16175.0,15.0,15.0,Yes,Bahria University Entry Test,Medium,50% / 100 marks,22.0
PK-FED-011,Bahria University Islamabad,Public,Islamabad,Islamabad,2000,0,W3,Biology,STEM,2024,479,343,136,16,29.9,36.0,91.0,352.0,34.0,18.0,71.0,3.05,57.3,13.7,Mostly Rural,20619.0,5.0,26.0,Yes,Bahria University Entry Test,Medium,50% / 100 marks,22.0
PK-FED-011,Bahria University Islamabad,Public,Islamabad,Islamabad,2000,0,W3,Biology,STEM,2025,415,166,249,12,34.6,16.0,81.0,318.0,56.0,33.0,50.0,3.14,50.6,8.8,Mostly Urban,18672.0,15.0,15.0,Yes,Bahria University Entry Test,Medium,50% / 100 marks,17.0
PK-FED-011,Bahria University Islamabad,Public,Islamabad,Islamabad,2000,0,W3,Business Administration,Business,2022,1847,1034,813,59,31.3,0.0,56.0,1791.0,291.0,60.0,33.0,2.64,70.3,11.35,Mostly Rural,32344.0,16.0,15.0,Yes,Bahria University Entry Test,Medium,50% / 100 marks,19.0
PK-FED-011,Bahria University Islamabad,Public,Islamabad,Islamabad,2000,0,W3,Business Administration,Business,2023,1751,1132,619,63,27.8,17.0,213.0,1521.0,255.0,29.0,39.0,2.97,78.0,6.6,Mixed Urban-Rural,16703.0,15.0,9.0,Yes,Bahria University Entry Test,Medium,50% / 100 marks,19.0
PK-FED-011,Bahria University Islamabad,Public,Islamabad,Islamabad,2000,0,W3,Business Administration,Business,2024,2154,1056,1098,66,32.6,71.0,84.0,1999.0,178.0,42.0,32.0,3.38,73.6,10.9,Mostly Urban,16112.0,20.0,3.0,Yes,Bahria University Entry Test,Medium,50% / 100 marks,18.0
PK-FED-011,Bahria University Islamabad,Public,Islamabad,Islamabad,2000,0,W3,Business Administration,Business,2025,2269,1264,1005,71,32.0,0.0,125.0,2144.0,277.0,29.0,33.0,2.69,71.0,15.3,Mostly Urban,28999.0,1.0,11.0,Yes,Bahria University Entry Test,Medium,50% / 100 marks,17.0
PK-FED-011,Bahria University Islamabad,Public,Islamabad,Islamabad,2000,0,W3,Chemistry,STEM,2022,1106,618,488,41,27.0,19.0,104.0,983.0,41.0,29.0,72.0,2.8,47.5,2.5,Mostly Rural,27531.0,8.5,16.0,Yes,Bahria University Entry Test,Medium,50% / 100 marks,19.0
PK-FED-011,Bahria University Islamabad,Public,Islamabad,Islamabad,2000,0,W3,Chemistry,STEM,2023,1260,833,427,53,23.8,34.0,0.0,1226.0,135.0,24.0,78.0,3.05,49.2,8.2,Mixed Urban-Rural,9220.0,8.0,8.0,Yes,Bahria University Entry Test,Medium,50% / 100 marks,22.0
PK-FED-011,Bahria University Islamabad,Public,Islamabad,Islamabad,2000,0,W3,Chemistry,STEM,2024,1279,662,617,55,23.3,71.0,0.0,1208.0,48.0,34.0,21.0,3.32,56.2,17.4,Mostly Rural,11943.0,9.0,24.0,Yes,Bahria University Entry Test,Medium,50% / 100 marks,17.0
PK-FED-011,Bahria University Islamabad,Public,Islamabad,Islamabad,2000,0,W3,Chemistry,STEM,2025,1552,1034,518,62,25.0,0.0,71.0,1481.0,293.0,29.0,23.0,2.83,59.5,18.0,Mostly Rural,28860.0,15.0,20.0,Yes,Bahria University Entry Test,Medium,50% / 100 marks,22.0
PK-FED-011,Bahria University Islamabad,Public,Islamabad,Islamabad,2000,0,W3,Education,Arts & Social Sciences,2022,1022,721,301,38,26.9,0.0,178.0,844.0,6.0,43.0,3.0,3.47,72.6,14.1,Mixed Urban-Rural,13080.0,4.0,24.0,Yes,Bahria University Entry Test,Medium,50% / 100 marks,21.0
PK-FED-011,Bahria University Islamabad,Public,Islamabad,Islamabad,2000,0,W3,Education,Arts & Social Sciences,2023,1232,618,614,50,24.6,28.0,194.0,1010.0,121.5,12.0,4.0,2.7,70.3,16.7,Mostly Urban,27869.0,16.0,2.0,Yes,Bahria University Entry Test,Medium,50% / 100 marks,20.0
PK-FED-011,Bahria University Islamabad,Public,Islamabad,Islamabad,2000,0,W3,Education,Arts & Social Sciences,2024,1119,769,350,35,32.0,70.0,189.0,860.0,121.5,32.0,53.0,2.67,61.3,12.8,Mixed Urban-Rural,12263.0,17.0,17.0,Yes,Bahria University Entry Test,Medium,50% / 100 marks,19.0
PK-FED-011,Bahria University Islamabad,Public,Islamabad,Islamabad,2000,0,W3,Education,Arts & Social Sciences,2025,1129,689,440,32,35.3,86.0,13.0,1030.0,121.0,29.0,35.0,3.05,69.1,6.8,Mostly Rural,41966.0,2.0,14.0,Yes,Bahria University Entry Test,Medium,50% / 100 marks,19.0
PK-FED-011,Bahria University Islamabad,Public,Islamabad,Islamabad,2000,0,W3,Environmental Science,STEM,2022,469,245,224,16,29.3,27.0,31.0,411.0,8.0,14.0,13.0,3.05,47.1,6.9,Mostly Urban,9826.0,11.0,15.0,Yes,Bahria University Entry Test,Medium,50% / 100 marks,16.0
PK-FED-011,Bahria University Islamabad,Public,Islamabad,Islamabad,2000,0,W3,Environmental Science,STEM,2023,467,215,252,17,27.5,0.0,15.0,452.0,81.0,48.0,33.0,3.05,47.9,11.35,Mixed Urban-Rural,20875.0,8.5,15.0,Yes,Bahria University Entry Test,Medium,50% / 100 marks,19.0
PK-FED-011,Bahria University Islamabad,Public,Islamabad,Islamabad,2000,0,W3,Environmental Science,STEM,2024,586,310,276,22,26.6,25.0,0.0,561.0,76.0,29.0,33.0,3.33,57.0,5.3,Mostly Rural,20875.0,20.0,15.0,Yes,Bahria University Entry Test,Medium,50% / 100 marks,21.0
PK-FED-011,Bahria University Islamabad,Public,Islamabad,Islamabad,2000,0,W3,Environmental Science,STEM,2025,570,347,223,25,22.8,12.0,16.0,542.0,121.5,4.0,16.0,3.4,55.3,5.7,Mostly Urban,23935.0,8.5,27.0,Yes,Bahria University Entry Test,Medium,50% / 100 marks,16.0
PK-FED-011,Bahria University Islamabad,Public,Islamabad,Islamabad,2000,0,W3,Information Technology,STEM,2022,1609,1024,585,61,26.4,37.0,0.0,1572.0,313.0,23.0,21.0,3.06,85.2,15.3,Mostly Urban,21131.0,11.0,15.0,Yes,Bahria University Entry Test,Medium,50% / 100 marks,18.0
PK-FED-011,Bahria University Islamabad,Public,Islamabad,Islamabad,2000,0,W3,Information Technology,STEM,2023,1499,922,577,53,28.3,0.0,21.0,1478.0,158.0,10.0,75.0,3.36,82.1,16.7,Mixed Urban-Rural,21968.0,11.0,24.0,Yes,Bahria University Entry Test,Medium,50% / 100 marks,18.0
PK-FED-011,Bahria University Islamabad,Public,Islamabad,Islamabad,2000,0,W3,Information Technology,STEM,2024,1448,640,808,41,35.3,24.0,184.0,1240.0,121.5,29.0,33.0,3.05,76.8,11.35,Mostly Rural,19412.0,11.0,15.0,Yes,Bahria University Entry Test,Medium,50% / 100 marks,19.0
PK-FED-011,Bahria University Islamabad,Public,Islamabad,Islamabad,2000,0,W3,Information Technology,STEM,2025,1485,575,910,45,33.0,0.0,156.0,1329.0,199.0,56.0,33.0,2.79,85.6,7.6,Mostly Urban,36424.0,8.5,8.0,Yes,Bahria University Entry Test,Medium,50% / 100 marks,19.0
PK-FED-011,Bahria University Islamabad,Public,Islamabad,Islamabad,2000,0,W3,Political Science,Arts & Social Sciences,2022,729,370,359,27,27.0,20.0,71.0,638.0,53.0,18.0,34.0,3.57,47.6,15.5,Mixed Urban-Rural,13335.0,6.0,32.0,Yes,Bahria University Entry Test,Medium,50% / 100 marks,17.0
PK-FED-011,Bahria University Islamabad,Public,Islamabad,Islamabad,2000,0,W3,Political Science,Arts & Social Sciences,2023,794,441,353,32,24.8,4.0,51.0,739.0,131.0,37.0,64.0,3.07,49.4,5.4,Mostly Rural,18302.0,3.0,15.0,Yes,Bahria University Entry Test,Medium,50% / 100 marks,22.0
PK-FED-011,Bahria University Islamabad,Public,Islamabad,Islamabad,2000,0,W3,Political Science,Arts & Social Sciences,2024,762,404,358,28,27.2,20.0,6.0,736.0,124.0,23.0,46.0,3.0,47.3,5.4,Mixed Urban-Rural,40883.0,8.5,14.0,Yes,Bahria University Entry Test,Medium,50% / 100 marks,17.0
PK-FED-011,Bahria University Islamabad,Public,Islamabad,Islamabad,2000,0,W3,Political Science,Arts & Social Sciences,2025,790,319,471,35,22.6,17.0,139.0,634.0,75.0,29.0,45.0,3.5,41.2,1.6,Mixed Urban-Rural,34464.0,1.0,32.0,Yes,Bahria University Entry Test,Medium,50% / 100 marks,18.0
PK-FED-011,Bahria University Islamabad,Public,Islamabad,Islamabad,2000,0,W3,Psychology,Arts & Social Sciences,2022,2170,1463,707,86,25.2,118.0,43.0,2009.0,407.0,29.0,32.0,3.37,63.6,4.6,Mostly Urban,37489.0,19.0,19.0,Yes,Bahria University Entry Test,Medium,50% / 100 marks,21.0
PK-FED-011,Bahria University Islamabad,Public,Islamabad,Islamabad,2000,0,W3,Psychology,Arts & Social Sciences,2023,2252,863,1389,69,32.6,76.0,11.0,2165.0,390.0,49.0,56.0,3.67,65.3,2.0,Mostly Urban,33617.0,3.0,12.0,Yes,Bahria University Entry Test,Medium,50% / 100 marks,22.0
PK-FED-011,Bahria University Islamabad,Public,Islamabad,Islamabad,2000,0,W3,Psychology,Arts & Social Sciences,2024,2092,1028,1064,60,34.9,154.0,95.0,1843.0,121.5,2.0,24.0,2.83,62.2,16.5,Mostly Urban,42366.0,8.5,10.0,Yes,Bahria University Entry Test,Medium,50% / 100 marks,19.0
PK-FED-011,Bahria University Islamabad,Public,Islamabad,Islamabad,2000,0,W3,Psychology,Arts & Social Sciences,2025,2083,1435,648,76,27.4,33.0,158.0,1892.0,40.0,57.0,56.0,3.26,67.8,13.2,Mixed Urban-Rural,21302.0,7.0,15.0,Yes,Bahria University Entry Test,Medium,50% / 100 marks,22.0
PK-FED-011,Bahria University Islamabad,Public,Islamabad,Islamabad,2000,0,W3,Sociology,Arts & Social Sciences,2022,682,450,232,22,31.0,18.0,116.0,548.0,122.0,2.0,75.0,3.03,45.9,15.4,Mostly Urban,19477.0,14.0,11.0,Yes,Bahria University Entry Test,Medium,50% / 100 marks,21.0
PK-FED-011,Bahria University Islamabad,Public,Islamabad,Islamabad,2000,0,W3,Sociology,Arts & Social Sciences,2023,753,310,443,24,31.4,0.0,55.0,698.0,142.0,58.0,23.0,2.73,42.7,8.3,Mostly Rural,14895.0,6.0,32.0,Yes,Bahria University Entry Test,Medium,50% / 100 marks,20.0
PK-FED-011,Bahria University Islamabad,Public,Islamabad,Islamabad,2000,0,W3,Sociology,Arts & Social Sciences,2024,662,257,405,21,31.5,45.0,83.0,534.0,54.0,0.0,46.0,2.69,52.8,9.2,Mostly Rural,36686.0,6.0,6.0,Yes,Bahria University Entry Test,Medium,50% / 100 marks,22.0
PK-FED-011,Bahria University Islamabad,Public,Islamabad,Islamabad,2000,0,W3,Sociology,Arts & Social Sciences,2025,708,298,410,22,32.2,2.0,136.0,570.0,44.0,11.0,4.0,3.49,44.7,13.0,Mostly Rural,14736.0,20.0,15.0,Yes,Bahria University Entry Test,Medium,50% / 100 marks,18.0
PK-FED-011,Bahria University Islamabad,Public,Islamabad,Islamabad,2000,0,W3,Urdu,Arts & Social Sciences,2022,1922,862,1060,76,25.3,16.0,49.0,1857.0,12.0,12.0,5.0,2.78,48.5,15.2,Mostly Rural,15057.0,7.0,34.0,Yes,Bahria University Entry Test,Medium,50% / 100 marks,17.0
PK-FED-011,Bahria University Islamabad,Public,Islamabad,Islamabad,2000,0,W3,Urdu,Arts & Social Sciences,2023,2008,1055,953,80,25.1,56.0,0.0,1952.0,166.0,29.0,4.0,2.67,35.7,12.2,Mostly Rural,27761.0,4.0,10.0,Yes,Bahria University Entry Test,Medium,50% / 100 marks,18.0
PK-FED-011,Bahria University Islamabad,Public,Islamabad,Islamabad,2000,0,W3,Urdu,Arts & Social Sciences,2024,2002,825,1177,76,26.3,123.0,0.0,1879.0,330.0,44.0,20.0,3.09,44.1,11.35,Mixed Urban-Rural,23232.0,8.0,15.0,Yes,Bahria University Entry Test,Medium,50% / 100 marks,17.0
PK-FED-011,Bahria University Islamabad,Public,Islamabad,Islamabad,2000,0,W3,Urdu,Arts & Social Sciences,2025,2335,985,1350,93,25.1,96.0,19.0,2220.0,121.5,18.0,13.0,3.09,40.9,13.5,Mixed Urban-Rural,16799.0,2.0,26.0,Yes,Bahria University Entry Test,Medium,50% / 100 marks,21.0
PK-FED-003,COMSATS University Islamabad,Public,Islamabad,Islamabad,1998,0,W4,Biology,STEM,2022,2026,1119,907,84,24.1,57.0,287.0,1682.0,193.0,34.0,47.0,3.31,50.7,15.0,Mixed Urban-Rural,25489.5,6.0,19.0,Yes,NTS / Own Entry Test,Medium,50% / 100 marks,36.0
PK-FED-003,COMSATS University Islamabad,Public,Islamabad,Islamabad,1998,0,W4,Biology,STEM,2023,2565,1280,1285,105,24.4,0.0,385.0,2180.0,182.0,1.0,11.0,3.39,45.3,7.1,Mostly Urban,13567.0,20.0,16.0,Yes,NTS / Own Entry Test,Medium,50% / 100 marks,36.0
PK-FED-003,COMSATS University Islamabad,Public,Islamabad,Islamabad,1998,0,W4,Biology,STEM,2024,2166,1149,1017,78,27.8,173.0,269.0,1724.0,63.0,7.0,30.0,3.26,52.7,2.2,Mostly Urban,25489.5,9.0,7.0,Yes,NTS / Own Entry Test,Medium,50% / 100 marks,30.0
PK-FED-003,COMSATS University Islamabad,Public,Islamabad,Islamabad,1998,0,W4,Biology,STEM,2025,2192,1389,803,90,24.4,10.0,235.0,1947.0,347.0,4.0,67.0,3.23,49.1,15.7,Mostly Rural,35373.0,11.5,29.0,Yes,NTS / Own Entry Test,Medium,50% / 100 marks,32.0
PK-FED-003,COMSATS University Islamabad,Public,Islamabad,Islamabad,1998,0,W4,Chemistry,STEM,2022,2056,1371,685,81,25.4,19.0,58.0,1979.0,386.0,21.0,53.0,2.99,55.4,4.7,Mostly Urban,17679.0,6.0,4.0,Yes,NTS / Own Entry Test,Medium,50% / 100 marks,36.0
PK-FED-003,COMSATS University Islamabad,Public,Islamabad,Islamabad,1998,0,W4,Chemistry,STEM,2023,2189,1407,782,77,28.4,160.0,225.0,1804.0,294.0,39.0,60.0,2.93,58.1,11.5,Mostly Urban,11681.0,15.0,16.0,Yes,NTS / Own Entry Test,Medium,50% / 100 marks,34.0
PK-FED-003,COMSATS University Islamabad,Public,Islamabad,Islamabad,1998,0,W4,Chemistry,STEM,2024,2375,1134,1241,78,30.4,189.0,230.0,1956.0,201.0,35.0,49.0,3.27,61.6,10.9,Mostly Rural,12054.0,3.0,11.0,Yes,NTS / Own Entry Test,Medium,50% / 100 marks,31.0
PK-FED-003,COMSATS University Islamabad,Public,Islamabad,Islamabad,1998,0,W4,Chemistry,STEM,2025,2252,1397,855,64,35.2,153.0,0.0,2099.0,149.0,49.0,49.0,3.21,54.4,7.0,Mixed Urban-Rural,24514.0,20.0,21.0,Yes,NTS / Own Entry Test,Medium,50% / 100 marks,32.0
PK-FED-003,COMSATS University Islamabad,Public,Islamabad,Islamabad,1998,0,W4,Civil Engineering,STEM,2022,1155,494,661,43,26.9,48.0,84.0,1023.0,182.0,5.0,53.0,3.41,75.5,12.6,Mostly Urban,42497.0,17.0,23.0,Yes,NTS / Own Entry Test,Medium,50% / 100 marks,33.0
PK-FED-003,COMSATS University Islamabad,Public,Islamabad,Islamabad,1998,0,W4,Civil Engineering,STEM,2023,1124,790,334,42,26.8,69.0,134.0,921.0,80.0,6.0,20.0,3.44,72.3,11.5,Mostly Urban,32688.0,20.0,10.0,Yes,NTS / Own Entry Test,Medium,50% / 100 marks,31.0
PK-FED-003,COMSATS University Islamabad,Public,Islamabad,Islamabad,1998,0,W4,Civil Engineering,STEM,2024,1282,506,776,47,27.3,100.0,99.0,1083.0,205.0,34.0,39.0,3.11,71.5,17.1,Mostly Rural,33026.0,7.0,8.0,Yes,NTS / Own Entry Test,Medium,50% / 100 marks,32.0
PK-FED-003,COMSATS University Islamabad,Public,Islamabad,Islamabad,1998,0,W4,Civil Engineering,STEM,2025,1370,544,826,48,28.5,0.0,262.0,1108.0,150.0,34.0,69.0,2.84,65.9,8.7,Mostly Rural,30910.0,11.5,15.0,Yes,NTS / Own Entry Test,Medium,50% / 100 marks,32.0
PK-FED-003,COMSATS University Islamabad,Public,Islamabad,Islamabad,1998,0,W4,Education,Arts & Social Sciences,2022,2663,1351,1312,119,22.4,120.0,142.0,2401.0,145.0,34.0,45.0,3.6,72.9,9.2,Mostly Urban,25489.5,20.0,7.0,Yes,NTS / Own Entry Test,Medium,50% / 100 marks,32.0
PK-FED-003,COMSATS University Islamabad,Public,Islamabad,Islamabad,1998,0,W4,Education,Arts & Social Sciences,2023,2640,1216,1424,111,23.8,4.0,247.0,2389.0,182.0,31.0,61.0,3.245,61.8,6.3,Mixed Urban-Rural,35300.0,11.5,4.0,Yes,NTS / Own Entry Test,Medium,50% / 100 marks,33.0
PK-FED-003,COMSATS University Islamabad,Public,Islamabad,Islamabad,1998,0,W4,Education,Arts & Social Sciences,2024,2838,1603,1235,88,32.2,4.0,69.0,2765.0,49.0,23.0,49.0,3.45,66.1,13.6,Mostly Rural,29791.0,6.0,29.0,Yes,NTS / Own Entry Test,Medium,50% / 100 marks,32.0
PK-FED-003,COMSATS University Islamabad,Public,Islamabad,Islamabad,1998,0,W4,Education,Arts & Social Sciences,2025,2947,1599,1348,120,24.6,10.0,317.0,2620.0,182.0,50.0,61.0,2.88,60.2,17.8,Mostly Urban,20524.0,11.0,23.0,Yes,NTS / Own Entry Test,Medium,50% / 100 marks,32.0
PK-FED-003,COMSATS University Islamabad,Public,Islamabad,Islamabad,1998,0,W4,English Literature,Arts & Social Sciences,2022,2831,1791,1040,84,33.7,21.0,80.0,2730.0,381.0,33.0,66.0,2.92,46.2,17.9,Mostly Rural,29490.0,14.0,16.0,Yes,NTS / Own Entry Test,Medium,50% / 100 marks,33.0
PK-FED-003,COMSATS University Islamabad,Public,Islamabad,Islamabad,1998,0,W4,English Literature,Arts & Social Sciences,2023,2656,1413,1243,84,31.6,93.0,163.0,2400.0,63.0,34.0,58.0,3.46,54.6,3.9,Mostly Urban,25489.5,12.0,2.0,Yes,NTS / Own Entry Test,Medium,50% / 100 marks,31.0
PK-FED-003,COMSATS University Islamabad,Public,Islamabad,Islamabad,1998,0,W4,English Literature,Arts & Social Sciences,2024,2853,1742,1111,83,34.4,63.0,26.0,2764.0,182.0,20.0,76.0,3.22,46.0,9.7,Mostly Urban,25058.0,10.0,31.0,Yes,NTS / Own Entry Test,Medium,50% / 100 marks,31.0
PK-FED-003,COMSATS University Islamabad,Public,Islamabad,Islamabad,1998,0,W4,English Literature,Arts & Social Sciences,2025,2667,1136,1531,116,23.0,0.0,307.0,2360.0,332.0,45.0,14.0,3.3,42.8,13.2,Mostly Urban,41341.0,8.0,1.0,Yes,NTS / Own Entry Test,Medium,50% / 100 marks,35.0
PK-FED-003,COMSATS University Islamabad,Public,Islamabad,Islamabad,1998,0,W4,Information Technology,STEM,2022,2307,1166,1141,71,32.5,134.0,209.0,1964.0,182.0,45.0,14.0,3.31,79.8,2.7,Mixed Urban-Rural,41905.0,6.0,8.0,Yes,NTS / Own Entry Test,Medium,50% / 100 marks,33.0
PK-FED-003,COMSATS University Islamabad,Public,Islamabad,Islamabad,1998,0,W4,Information Technology,STEM,2023,2330,1606,724,102,22.8,72.0,128.0,2130.0,368.0,60.0,24.0,3.29,73.0,17.3,Mostly Urban,14122.0,19.0,16.0,Yes,NTS / Own Entry Test,Medium,50% / 100 marks,36.0
PK-FED-003,COMSATS University Islamabad,Public,Islamabad,Islamabad,1998,0,W4,Information Technology,STEM,2024,2542,1588,954,85,29.9,166.0,292.0,2084.0,182.0,49.0,6.0,3.29,84.5,12.0,Mixed Urban-Rural,27798.0,15.0,16.0,Yes,NTS / Own Entry Test,Medium,50% / 100 marks,30.0
PK-FED-003,COMSATS University Islamabad,Public,Islamabad,Islamabad,1998,0,W4,Information Technology,STEM,2025,2261,1197,1064,79,28.6,102.0,189.0,1970.0,168.0,55.0,43.0,2.73,74.3,3.3,Mostly Urban,17232.0,13.0,26.0,Yes,NTS / Own Entry Test,Medium,50% / 100 marks,30.0
PK-FED-003,COMSATS University Islamabad,Public,Islamabad,Islamabad,1998,0,W4,Law,Arts & Social Sciences,2022,2017,1385,632,61,33.1,78.0,46.0,1893.0,260.0,29.0,27.0,2.84,79.9,9.8,Mixed Urban-Rural,11312.0,16.0,0.0,Yes,NTS / Own Entry Test,Medium,50% / 100 marks,30.0
PK-FED-003,COMSATS University Islamabad,Public,Islamabad,Islamabad,1998,0,W4,Law,Arts & Social Sciences,2023,2046,1077,969,61,33.5,92.0,37.0,1917.0,182.0,34.0,49.0,3.51,76.6,8.9,Mostly Urban,15786.0,11.0,23.0,Yes,NTS / Own Entry Test,Medium,50% / 100 marks,35.0
PK-FED-003,COMSATS University Islamabad,Public,Islamabad,Islamabad,1998,0,W4,Law,Arts & Social Sciences,2024,2071,927,1144,72,28.8,38.0,263.0,1770.0,182.0,30.0,49.0,2.95,73.0,11.5,Mixed Urban-Rural,27610.0,18.0,19.0,Yes,NTS / Own Entry Test,Medium,50% / 100 marks,32.0
PK-FED-003,COMSATS University Islamabad,Public,Islamabad,Islamabad,1998,0,W4,Law,Arts & Social Sciences,2025,2003,772,1231,76,26.4,0.0,335.0,1668.0,376.0,40.0,42.0,3.39,66.8,14.3,Mixed Urban-Rural,19174.0,13.0,16.0,Yes,NTS / Own Entry Test,Medium,50% / 100 marks,36.0
PK-FED-003,COMSATS University Islamabad,Public,Islamabad,Islamabad,1998,0,W4,Mechanical Engineering,STEM,2022,1590,1116,474,67,23.7,120.0,31.0,1439.0,109.0,49.0,22.0,3.7,64.3,10.1,Mostly Urban,32695.0,18.0,22.0,Yes,NTS / Own Entry Test,Medium,50% / 100 marks,32.0
PK-FED-003,COMSATS University Islamabad,Public,Islamabad,Islamabad,1998,0,W4,Mechanical Engineering,STEM,2023,1942,1310,632,62,31.3,76.0,360.0,1506.0,131.0,19.0,64.0,2.98,76.9,13.1,Mixed Urban-Rural,25921.0,13.0,25.0,Yes,NTS / Own Entry Test,Medium,50% / 100 marks,31.0
PK-FED-003,COMSATS University Islamabad,Public,Islamabad,Islamabad,1998,0,W4,Mechanical Engineering,STEM,2024,2073,1460,613,63,32.9,51.0,138.0,1884.0,231.0,47.0,13.0,3.28,68.6,13.0,Mostly Urban,23889.0,8.0,3.0,Yes,NTS / Own Entry Test,Medium,50% / 100 marks,34.0
PK-FED-003,COMSATS University Islamabad,Public,Islamabad,Islamabad,1998,0,W4,Mechanical Engineering,STEM,2025,1798,885,913,63,28.5,121.0,102.0,1575.0,85.0,59.0,73.0,2.67,74.9,6.2,Mixed Urban-Rural,23218.0,2.0,11.0,Yes,NTS / Own Entry Test,Medium,50% / 100 marks,34.0
PK-FED-003,COMSATS University Islamabad,Public,Islamabad,Islamabad,1998,0,W4,Psychology,Arts & Social Sciences,2022,2741,1205,1536,80,34.3,154.0,343.0,2244.0,301.0,0.0,66.0,3.14,68.0,17.8,Mostly Urban,41044.0,11.0,16.0,Yes,NTS / Own Entry Test,Medium,50% / 100 marks,34.0
PK-FED-003,COMSATS University Islamabad,Public,Islamabad,Islamabad,1998,0,W4,Psychology,Arts & Social Sciences,2023,2585,1208,1377,105,24.6,103.0,335.0,2147.0,202.0,34.0,75.0,2.8,63.8,11.5,Mostly Urban,29207.0,8.0,17.0,Yes,NTS / Own Entry Test,Medium,50% / 100 marks,30.0
PK-FED-003,COMSATS University Islamabad,Public,Islamabad,Islamabad,1998,0,W4,Psychology,Arts & Social Sciences,2024,2993,1444,1549,95,31.5,103.0,318.0,2572.0,182.0,34.0,33.0,3.0,52.2,12.0,Mostly Rural,16753.0,20.0,35.0,Yes,NTS / Own Entry Test,Medium,50% / 100 marks,33.0
PK-FED-003,COMSATS University Islamabad,Public,Islamabad,Islamabad,1998,0,W4,Psychology,Arts & Social Sciences,2025,3063,1952,1111,94,32.6,19.0,114.0,2930.0,88.0,33.0,79.0,3.16,65.2,11.5,Mixed Urban-Rural,17820.0,7.0,31.0,Yes,NTS / Own Entry Test,Medium,50% / 100 marks,32.0
PK-FED-003,COMSATS University Islamabad,Public,Islamabad,Islamabad,1998,0,W4,Statistics,STEM,2022,1284,682,602,56,22.9,2.0,1.0,1281.0,182.0,51.0,75.0,3.245,57.1,11.0,Mostly Urban,12178.0,3.0,30.0,Yes,NTS / Own Entry Test,Medium,50% / 100 marks,30.0
PK-FED-003,COMSATS University Islamabad,Public,Islamabad,Islamabad,1998,0,W4,Statistics,STEM,2023,1081,561,520,33,32.8,48.0,0.0,1033.0,102.0,58.0,56.0,3.55,67.3,15.9,Mostly Urban,43209.0,8.0,1.0,Yes,NTS / Own Entry Test,Medium,50% / 100 marks,30.0
PK-FED-003,COMSATS University Islamabad,Public,Islamabad,Islamabad,1998,0,W4,Statistics,STEM,2024,1404,754,650,44,31.9,112.0,57.0,1235.0,182.0,34.0,32.0,3.28,61.8,11.5,Mostly Urban,9025.0,11.5,16.0,Yes,NTS / Own Entry Test,Medium,50% / 100 marks,33.0
PK-FED-003,COMSATS University Islamabad,Public,Islamabad,Islamabad,1998,0,W4,Statistics,STEM,2025,1331,824,507,58,22.9,29.0,163.0,1139.0,33.0,34.0,32.0,2.86,66.8,14.2,Mostly Rural,42160.0,18.0,11.0,Yes,NTS / Own Entry Test,Medium,50% / 100 marks,31.0
PK-FED-007,Capital University of Science & Technology,Private,Islamabad,Islamabad,1998,0,W4,Civil Engineering,STEM,2022,1942,999,943,57,34.1,32.0,338.0,1572.0,235.0,11.0,78.0,2.83,72.5,13.8,Mostly Urban,67524.0,18.0,16.5,Yes,CUST Entry Test,Medium,50% / 100 marks,13.0
PK-FED-007,Capital University of Science & Technology,Private,Islamabad,Islamabad,1998,0,W4,Civil Engineering,STEM,2023,2098,1171,927,60,35.0,113.0,67.0,1918.0,204.0,15.0,13.0,3.24,61.7,4.3,Mostly Rural,97624.0,18.0,35.0,Yes,CUST Entry Test,Medium,50% / 100 marks,14.0
PK-FED-007,Capital University of Science & Technology,Private,Islamabad,Islamabad,1998,0,W4,Civil Engineering,STEM,2024,2010,1426,584,64,31.4,123.0,45.0,1842.0,332.0,19.0,75.0,2.93,62.8,7.5,Mostly Urban,97624.0,16.0,31.0,Yes,CUST Entry Test,Medium,50% / 100 marks,17.0
PK-FED-007,Capital University of Science & Technology,Private,Islamabad,Islamabad,1998,0,W4,Civil Engineering,STEM,2025,2329,1262,1067,105,22.2,111.0,83.0,2135.0,285.0,26.0,32.0,2.84,66.9,12.2,Mixed Urban-Rural,97624.0,20.0,17.0,Yes,CUST Entry Test,Medium,50% / 100 marks,16.0
PK-FED-007,Capital University of Science & Technology,Private,Islamabad,Islamabad,1998,0,W4,Electrical Engineering,STEM,2022,2036,1141,895,79,25.8,115.0,318.0,1603.0,263.5,19.0,54.0,3.67,71.0,6.8,Mostly Rural,97624.0,15.0,14.0,Yes,CUST Entry Test,Medium,50% / 100 marks,17.0
PK-FED-007,Capital University of Science & Technology,Private,Islamabad,Islamabad,1998,0,W4,Electrical Engineering,STEM,2023,1843,709,1134,74,24.9,37.0,0.0,1806.0,242.0,2.0,66.0,2.81,74.7,2.7,Mostly Urban,105014.0,8.0,28.0,Yes,CUST Entry Test,Medium,50% / 100 marks,15.0
PK-FED-007,Capital University of Science & Technology,Private,Islamabad,Islamabad,1998,0,W4,Electrical Engineering,STEM,2024,1985,1425,560,80,24.8,82.0,372.0,1531.0,111.0,43.0,54.0,3.17,79.8,6.35,Mostly Urban,94166.0,7.0,15.0,Yes,CUST Entry Test,Medium,50% / 100 marks,18.0
PK-FED-007,Capital University of Science & Technology,Private,Islamabad,Islamabad,1998,0,W4,Electrical Engineering,STEM,2025,2251,1103,1148,93,24.2,121.0,79.0,2051.0,9.0,37.0,54.0,2.7,72.4,3.0,Mostly Urban,62871.0,18.0,8.0,Yes,CUST Entry Test,Medium,50% / 100 marks,15.0
PK-FED-007,Capital University of Science & Technology,Private,Islamabad,Islamabad,1998,0,W4,Industrial Engineering,STEM,2022,2618,1868,750,81,32.3,64.0,496.0,2058.0,26.0,22.0,59.0,3.14,74.1,10.7,Mixed Urban-Rural,126253.0,20.0,35.0,Yes,CUST Entry Test,Medium,50% / 100 marks,15.5
PK-FED-007,Capital University of Science & Technology,Private,Islamabad,Islamabad,1998,0,W4,Industrial Engineering,STEM,2023,2672,1497,1175,95,28.1,4.0,372.0,2296.0,263.5,24.0,61.0,3.32,75.1,5.4,Mixed Urban-Rural,105789.0,18.0,16.5,Yes,CUST Entry Test,Medium,50% / 100 marks,14.0
PK-FED-007,Capital University of Science & Technology,Private,Islamabad,Islamabad,1998,0,W4,Industrial Engineering,STEM,2024,2851,1480,1371,108,26.4,0.0,196.0,2655.0,137.0,19.0,8.0,3.52,63.5,6.35,Mixed Urban-Rural,123920.0,12.0,4.0,Yes,CUST Entry Test,Medium,50% / 100 marks,15.0
PK-FED-007,Capital University of Science & Technology,Private,Islamabad,Islamabad,1998,0,W4,Industrial Engineering,STEM,2025,2742,1900,842,89,30.8,106.0,59.0,2577.0,67.0,47.0,62.0,3.24,76.9,5.9,Mostly Urban,97624.0,4.0,16.5,Yes,CUST Entry Test,Medium,50% / 100 marks,18.0
PK-FED-007,Capital University of Science & Technology,Private,Islamabad,Islamabad,1998,0,W4,Mechanical Engineering,STEM,2022,1759,781,978,60,29.3,91.0,340.0,1328.0,290.0,6.0,25.0,3.2,68.0,3.2,Mixed Urban-Rural,75732.0,12.0,35.0,Yes,CUST Entry Test,Medium,50% / 100 marks,17.0
PK-FED-007,Capital University of Science & Technology,Private,Islamabad,Islamabad,1998,0,W4,Mechanical Engineering,STEM,2023,2030,995,1035,75,27.1,65.0,231.0,1734.0,293.0,24.0,44.0,3.68,76.2,8.1,Mostly Rural,122844.0,12.0,13.0,Yes,CUST Entry Test,Medium,50% / 100 marks,17.0
PK-FED-007,Capital University of Science & Technology,Private,Islamabad,Islamabad,1998,0,W4,Mechanical Engineering,STEM,2024,2037,789,1248,62,32.9,0.0,79.0,1958.0,297.0,9.0,73.0,3.24,75.0,6.35,Mostly Urban,94361.0,7.0,20.0,Yes,CUST Entry Test,Medium,50% / 100 marks,15.0
PK-FED-007,Capital University of Science & Technology,Private,Islamabad,Islamabad,1998,0,W4,Mechanical Engineering,STEM,2025,2074,910,1164,63,32.9,97.0,0.0,1977.0,158.0,19.0,15.0,2.98,75.0,6.35,Mostly Urban,109594.0,8.0,0.0,Yes,CUST Entry Test,Medium,50% / 100 marks,12.0
PK-FED-007,Capital University of Science & Technology,Private,Islamabad,Islamabad,1998,0,W4,Software Engineering,STEM,2022,3622,1847,1775,139,26.1,201.0,609.0,2812.0,719.0,3.0,22.0,3.47,76.7,3.0,Mostly Urban,134062.0,2.0,16.0,Yes,CUST Entry Test,Medium,50% / 100 marks,18.0
PK-FED-007,Capital University of Science & Technology,Private,Islamabad,Islamabad,1998,0,W4,Software Engineering,STEM,2023,3180,1750,1430,99,32.1,188.0,248.0,2744.0,409.0,12.0,74.0,2.96,78.1,6.35,Mostly Rural,101743.0,12.0,16.5,Yes,CUST Entry Test,Medium,50% / 100 marks,17.0
PK-FED-007,Capital University of Science & Technology,Private,Islamabad,Islamabad,1998,0,W4,Software Engineering,STEM,2024,3514,2118,1396,109,32.2,102.0,159.0,3253.0,456.0,19.0,59.0,3.24,78.7,15.6,Mostly Urban,97624.0,10.0,16.5,Yes,CUST Entry Test,Medium,50% / 100 marks,17.0
PK-FED-007,Capital University of Science & Technology,Private,Islamabad,Islamabad,1998,0,W4,Software Engineering,STEM,2025,3944,1647,2297,141,28.0,72.0,684.0,3188.0,564.0,16.0,71.0,3.33,76.4,6.35,Mostly Rural,97624.0,20.0,29.0,Yes,CUST Entry Test,Medium,50% / 100 marks,15.5
PK-FED-007,Capital University of Science & Technology,Private,Islamabad,Islamabad,1998,0,W4,Telecommunication,STEM,2022,3852,1550,2302,125,30.8,118.0,520.0,3214.0,24.0,56.0,49.0,3.55,80.6,3.1,Mostly Rural,79434.0,1.0,16.5,Yes,CUST Entry Test,Medium,50% / 100 marks,14.0
PK-FED-007,Capital University of Science & Technology,Private,Islamabad,Islamabad,1998,0,W4,Telecommunication,STEM,2023,3987,1928,2059,140,28.5,256.0,63.0,3668.0,368.0,15.0,54.0,3.5,81.9,16.0,Mostly Rural,97624.0,11.0,8.0,Yes,CUST Entry Test,Medium,50% / 100 marks,13.0
PK-FED-007,Capital University of Science & Technology,Private,Islamabad,Islamabad,1998,0,W4,Telecommunication,STEM,2024,3371,1719,1652,97,34.8,168.0,134.0,3069.0,591.0,19.0,32.0,3.48,79.8,3.8,Mixed Urban-Rural,95501.0,14.0,9.0,Yes,CUST Entry Test,Medium,50% / 100 marks,13.0
PK-FED-007,Capital University of Science & Technology,Private,Islamabad,Islamabad,1998,0,W4,Telecommunication,STEM,2025,4008,2292,1716,166,24.1,211.0,310.0,3487.0,154.0,48.0,18.0,3.63,71.1,16.9,Mostly Urban,79632.0,12.0,17.0,Yes,CUST Entry Test,Medium,50% / 100 marks,18.0
PK-FED-009,FAST – National University of Computer Sciences,Private,Islamabad,Islamabad,2000,0,W3,Chemistry,STEM,2022,1687,1044,643,50,33.7,94.0,324.0,1269.0,75.0,25.0,35.0,3.02,58.0,10.3,Mostly Urban,124588.0,9.0,34.0,Yes,NU Entry Test (NUCES),Difficult,70% / 100 marks,14.0
PK-FED-009,FAST – National University of Computer Sciences,Private,Islamabad,Islamabad,2000,0,W3,Chemistry,STEM,2023,1874,844,1030,60,31.2,0.0,316.0,1558.0,350.0,3.0,10.0,3.31,55.9,10.3,Mostly Urban,128499.0,6.0,34.0,Yes,NU Entry Test (NUCES),Difficult,70% / 100 marks,16.0
PK-FED-009,FAST – National University of Computer Sciences,Private,Islamabad,Islamabad,2000,0,W3,Chemistry,STEM,2024,1726,936,790,50,34.5,108.0,32.0,1586.0,120.0,57.0,29.0,3.51,55.3,9.0,Mixed Urban-Rural,124717.0,15.0,4.0,Yes,NU Entry Test (NUCES),Difficult,70% / 100 marks,16.0
PK-FED-009,FAST – National University of Computer Sciences,Private,Islamabad,Islamabad,2000,0,W3,Chemistry,STEM,2025,1817,1236,581,78,23.3,0.0,104.0,1713.0,129.5,44.0,12.0,3.67,52.3,11.9,Mostly Rural,72305.0,1.0,4.0,Yes,NU Entry Test (NUCES),Difficult,70% / 100 marks,14.0
PK-FED-009,FAST – National University of Computer Sciences,Private,Islamabad,Islamabad,2000,0,W3,Civil Engineering,STEM,2022,484,222,262,14,34.6,35.0,38.0,411.0,46.0,42.0,46.0,3.47,70.3,16.3,Mostly Urban,103745.0,6.0,10.0,Yes,NU Entry Test (NUCES),Difficult,70% / 100 marks,16.0
PK-FED-009,FAST – National University of Computer Sciences,Private,Islamabad,Islamabad,2000,0,W3,Civil Engineering,STEM,2023,475,206,269,16,29.7,8.0,47.0,420.0,19.0,29.5,22.0,3.24,62.9,10.8,Mostly Rural,100068.0,6.0,7.0,Yes,NU Entry Test (NUCES),Difficult,70% / 100 marks,11.0
PK-FED-009,FAST – National University of Computer Sciences,Private,Islamabad,Islamabad,2000,0,W3,Civil Engineering,STEM,2024,526,272,254,18,29.2,18.0,37.0,471.0,99.0,32.0,43.0,3.33,62.3,13.9,Mostly Urban,112947.0,2.0,18.5,Yes,NU Entry Test (NUCES),Difficult,70% / 100 marks,16.0
PK-FED-009,FAST – National University of Computer Sciences,Private,Islamabad,Islamabad,2000,0,W3,Civil Engineering,STEM,2025,499,241,258,18,27.7,17.0,10.0,472.0,82.0,37.0,14.0,2.7,73.5,8.9,Mixed Urban-Rural,80486.0,2.0,23.0,Yes,NU Entry Test (NUCES),Difficult,70% / 100 marks,15.0
PK-FED-009,FAST – National University of Computer Sciences,Private,Islamabad,Islamabad,2000,0,W3,Computer Science,STEM,2022,1111,744,367,41,27.1,56.0,106.0,949.0,119.0,5.0,47.0,3.67,80.0,6.3,Mixed Urban-Rural,144289.0,5.0,30.0,Yes,NU Entry Test (NUCES),Difficult,70% / 100 marks,14.0
PK-FED-009,FAST – National University of Computer Sciences,Private,Islamabad,Islamabad,2000,0,W3,Computer Science,STEM,2023,1410,787,623,53,26.6,22.0,70.0,1318.0,129.5,58.0,51.0,3.14,88.9,15.2,Mostly Rural,129582.0,15.0,0.0,Yes,NU Entry Test (NUCES),Difficult,70% / 100 marks,16.0
PK-FED-009,FAST – National University of Computer Sciences,Private,Islamabad,Islamabad,2000,0,W3,Computer Science,STEM,2024,1196,576,620,39,30.7,15.0,126.0,1055.0,130.0,41.0,39.0,3.24,84.2,2.6,Mostly Rural,123804.0,4.0,1.0,Yes,NU Entry Test (NUCES),Difficult,70% / 100 marks,14.0
PK-FED-009,FAST – National University of Computer Sciences,Private,Islamabad,Islamabad,2000,0,W3,Computer Science,STEM,2025,1459,635,824,64,22.8,45.0,0.0,1414.0,32.0,26.0,20.0,3.24,79.1,12.0,Mostly Urban,172317.0,6.0,20.0,Yes,NU Entry Test (NUCES),Difficult,70% / 100 marks,11.0
PK-FED-009,FAST – National University of Computer Sciences,Private,Islamabad,Islamabad,2000,0,W3,Electrical Engineering,STEM,2022,1931,912,1019,62,31.1,124.0,83.0,1724.0,11.0,29.5,48.0,2.84,73.8,10.3,Mixed Urban-Rural,128224.0,18.0,7.0,Yes,NU Entry Test (NUCES),Difficult,70% / 100 marks,11.0
PK-FED-009,FAST – National University of Computer Sciences,Private,Islamabad,Islamabad,2000,0,W3,Electrical Engineering,STEM,2023,1836,1269,567,78,23.5,133.0,175.0,1528.0,358.0,52.0,35.0,2.73,70.1,6.5,Mostly Rural,73659.0,6.0,18.5,Yes,NU Entry Test (NUCES),Difficult,70% / 100 marks,14.0
PK-FED-009,FAST – National University of Computer Sciences,Private,Islamabad,Islamabad,2000,0,W3,Electrical Engineering,STEM,2024,1741,1070,671,54,32.2,131.0,240.0,1370.0,129.5,29.5,58.0,2.67,69.2,10.3,Mixed Urban-Rural,67648.0,7.0,18.5,Yes,NU Entry Test (NUCES),Difficult,70% / 100 marks,10.0
PK-FED-009,FAST – National University of Computer Sciences,Private,Islamabad,Islamabad,2000,0,W3,Electrical Engineering,STEM,2025,1928,792,1136,58,33.2,145.0,0.0,1783.0,261.0,39.0,47.0,3.39,83.1,14.1,Mixed Urban-Rural,77514.0,6.0,13.0,Yes,NU Entry Test (NUCES),Difficult,70% / 100 marks,16.0
PK-FED-009,FAST – National University of Computer Sciences,Private,Islamabad,Islamabad,2000,0,W3,English Literature,Arts & Social Sciences,2022,1552,840,712,49,31.7,29.0,160.0,1363.0,186.0,27.0,16.0,3.24,43.0,10.3,Mixed Urban-Rural,102349.0,3.0,7.0,Yes,NU Entry Test (NUCES),Difficult,70% / 100 marks,14.0
PK-FED-009,FAST – National University of Computer Sciences,Private,Islamabad,Islamabad,2000,0,W3,English Literature,Arts & Social Sciences,2023,1448,775,673,45,32.2,8.0,243.0,1197.0,153.0,27.0,31.0,3.24,51.0,7.6,Mixed Urban-Rural,68785.0,3.0,18.5,Yes,NU Entry Test (NUCES),Difficult,70% / 100 marks,14.0
PK-FED-009,FAST – National University of Computer Sciences,Private,Islamabad,Islamabad,2000,0,W3,English Literature,Arts & Social Sciences,2024,1500,924,576,43,34.9,108.0,62.0,1330.0,129.5,21.0,24.0,3.44,51.9,8.5,Mixed Urban-Rural,90779.0,12.0,25.0,Yes,NU Entry Test (NUCES),Difficult,70% / 100 marks,14.0
PK-FED-009,FAST – National University of Computer Sciences,Private,Islamabad,Islamabad,2000,0,W3,English Literature,Arts & Social Sciences,2025,1775,983,792,74,24.0,0.0,0.0,1775.0,326.0,1.0,65.0,3.67,47.3,10.3,Mixed Urban-Rural,97854.0,3.0,33.0,Yes,NU Entry Test (NUCES),Difficult,70% / 100 marks,16.0
PK-FED-009,FAST – National University of Computer Sciences,Private,Islamabad,Islamabad,2000,0,W3,Law,Arts & Social Sciences,2022,1967,1059,908,76,25.9,110.0,60.0,1797.0,281.0,60.0,72.0,3.11,73.0,6.7,Mostly Rural,100068.0,6.0,8.0,Yes,NU Entry Test (NUCES),Difficult,70% / 100 marks,15.0
PK-FED-009,FAST – National University of Computer Sciences,Private,Islamabad,Islamabad,2000,0,W3,Law,Arts & Social Sciences,2023,1957,1002,955,61,32.1,129.0,0.0,1828.0,297.0,35.0,73.0,3.34,74.1,11.3,Mostly Urban,92281.0,5.0,22.0,Yes,NU Entry Test (NUCES),Difficult,70% / 100 marks,13.0
PK-FED-009,FAST – National University of Computer Sciences,Private,Islamabad,Islamabad,2000,0,W3,Law,Arts & Social Sciences,2024,2276,1316,960,71,32.1,63.0,159.0,2054.0,187.0,3.0,57.0,3.24,75.0,16.5,Mixed Urban-Rural,99249.0,15.0,27.0,Yes,NU Entry Test (NUCES),Difficult,70% / 100 marks,10.0
PK-FED-009,FAST – National University of Computer Sciences,Private,Islamabad,Islamabad,2000,0,W3,Law,Arts & Social Sciences,2025,2223,1526,697,87,25.6,25.0,105.0,2093.0,204.0,6.0,43.0,2.97,76.1,9.8,Mostly Urban,102622.0,3.0,34.0,Yes,NU Entry Test (NUCES),Difficult,70% / 100 marks,13.0
PK-FED-009,FAST – National University of Computer Sciences,Private,Islamabad,Islamabad,2000,0,W3,Mathematics,STEM,2022,795,314,481,22,36.1,8.0,135.0,652.0,153.0,29.5,14.0,3.32,56.4,5.0,Mixed Urban-Rural,94309.0,14.0,32.0,Yes,NU Entry Test (NUCES),Difficult,70% / 100 marks,13.0
PK-FED-009,FAST – National University of Computer Sciences,Private,Islamabad,Islamabad,2000,0,W3,Mathematics,STEM,2023,861,550,311,35,24.6,59.0,163.0,639.0,59.0,52.0,26.0,3.08,50.3,11.6,Mostly Rural,62848.0,8.0,18.5,Yes,NU Entry Test (NUCES),Difficult,70% / 100 marks,13.0
PK-FED-009,FAST – National University of Computer Sciences,Private,Islamabad,Islamabad,2000,0,W3,Mathematics,STEM,2024,940,453,487,33,28.5,32.0,60.0,848.0,110.0,18.0,11.0,2.87,55.1,3.4,Mostly Rural,115838.0,2.0,17.0,Yes,NU Entry Test (NUCES),Difficult,70% / 100 marks,13.0
PK-FED-009,FAST – National University of Computer Sciences,Private,Islamabad,Islamabad,2000,0,W3,Mathematics,STEM,2025,849,397,452,26,32.7,10.0,76.0,763.0,129.0,3.0,8.0,3.0,60.5,16.4,Mixed Urban-Rural,66836.0,8.0,18.5,Yes,NU Entry Test (NUCES),Difficult,70% / 100 marks,10.0
PK-FED-014,Institute of Space Technology,Public,Islamabad,Islamabad,2002,0,W2,Computer Science,STEM,2022,255,162,93,7,36.4,14.0,7.0,234.0,47.0,26.0,77.0,3.66,75.6,9.2,Mixed Urban-Rural,35062.0,13.0,14.0,Yes,IST Entry Test,Difficult,70% / 100 marks,13.0
PK-FED-014,Institute of Space Technology,Public,Islamabad,Islamabad,2002,0,W2,Computer Science,STEM,2023,258,117,141,10,25.8,0.0,0.0,258.0,5.0,26.0,56.0,3.42,88.1,15.4,Mostly Rural,19168.0,13.0,14.0,Yes,IST Entry Test,Difficult,70% / 100 marks,14.0
PK-FED-014,Institute of Space Technology,Public,Islamabad,Islamabad,2002,0,W2,Computer Science,STEM,2024,284,187,97,8,35.5,13.0,45.0,226.0,16.0,20.0,52.0,3.46,83.2,9.8,Mostly Urban,25054.0,7.0,14.0,Yes,IST Entry Test,Difficult,70% / 100 marks,16.0
PK-FED-014,Institute of Space Technology,Public,Islamabad,Islamabad,2002,0,W2,Computer Science,STEM,2025,251,96,155,7,35.9,4.0,40.0,207.0,10.0,1.0,72.0,3.59,76.4,7.4,Mixed Urban-Rural,43089.0,13.0,3.0,Yes,IST Entry Test,Difficult,70% / 100 marks,14.0
PK-FED-014,Institute of Space Technology,Public,Islamabad,Islamabad,2002,0,W2,Electrical Engineering,STEM,2022,387,165,222,17,22.8,28.0,9.0,350.0,20.0,28.0,17.0,3.03,83.8,7.5,Mostly Rural,9438.0,3.0,26.0,Yes,IST Entry Test,Difficult,70% / 100 marks,16.0
PK-FED-014,Institute of Space Technology,Public,Islamabad,Islamabad,2002,0,W2,Electrical Engineering,STEM,2023,434,211,223,12,36.2,0.0,44.0,390.0,77.0,54.0,4.0,2.77,80.9,11.6,Mostly Urban,15968.0,17.0,9.0,Yes,IST Entry Test,Difficult,70% / 100 marks,15.0
PK-FED-014,Institute of Space Technology,Public,Islamabad,Islamabad,2002,0,W2,Electrical Engineering,STEM,2024,431,217,214,12,35.9,5.0,70.0,356.0,21.0,30.0,13.0,3.08,68.5,9.2,Mostly Urban,20652.0,9.0,6.0,Yes,IST Entry Test,Difficult,70% / 100 marks,15.0
PK-FED-014,Institute of Space Technology,Public,Islamabad,Islamabad,2002,0,W2,Electrical Engineering,STEM,2025,488,312,176,18,27.1,20.0,77.0,391.0,62.0,47.0,65.0,3.59,80.7,4.8,Mostly Urban,37452.0,9.0,18.0,Yes,IST Entry Test,Difficult,70% / 100 marks,12.0
PK-FED-014,Institute of Space Technology,Public,Islamabad,Islamabad,2002,0,W2,Industrial Engineering,STEM,2022,828,496,332,23,36.0,9.0,95.0,724.0,87.0,11.0,51.0,2.95,67.6,14.4,Mostly Rural,25054.0,11.0,35.0,Yes,IST Entry Test,Difficult,70% / 100 marks,16.0
PK-FED-014,Institute of Space Technology,Public,Islamabad,Islamabad,2002,0,W2,Industrial Engineering,STEM,2023,715,340,375,28,25.5,48.0,81.0,586.0,24.0,41.0,80.0,2.65,65.5,2.3,Mostly Urban,15815.0,19.0,1.0,Yes,IST Entry Test,Difficult,70% / 100 marks,13.0
PK-FED-014,Institute of Space Technology,Public,Islamabad,Islamabad,2002,0,W2,Industrial Engineering,STEM,2024,783,468,315,23,34.0,58.0,86.0,639.0,53.5,2.0,39.0,3.04,77.8,2.6,Mostly Rural,27726.0,18.0,31.0,Yes,IST Entry Test,Difficult,70% / 100 marks,13.0
PK-FED-014,Institute of Space Technology,Public,Islamabad,Islamabad,2002,0,W2,Industrial Engineering,STEM,2025,875,449,426,28,31.2,1.0,82.0,792.0,163.0,28.0,18.0,2.7,69.3,13.5,Mixed Urban-Rural,32174.0,2.0,2.0,Yes,IST Entry Test,Difficult,70% / 100 marks,15.0
PK-FED-014,Institute of Space Technology,Public,Islamabad,Islamabad,2002,0,W2,Mechanical Engineering,STEM,2022,234,113,121,9,26.0,4.0,9.0,221.0,15.0,37.0,51.0,3.05,75.0,16.1,Mostly Urban,16019.0,16.0,20.0,Yes,IST Entry Test,Difficult,70% / 100 marks,12.0
PK-FED-014,Institute of Space Technology,Public,Islamabad,Islamabad,2002,0,W2,Mechanical Engineering,STEM,2023,291,158,133,12,24.2,22.0,0.0,269.0,20.0,47.0,48.0,3.04,76.3,2.5,Mostly Urban,33235.0,19.0,32.0,Yes,IST Entry Test,Difficult,70% / 100 marks,14.0
PK-FED-014,Institute of Space Technology,Public,Islamabad,Islamabad,2002,0,W2,Mechanical Engineering,STEM,2024,307,196,111,11,27.9,12.0,55.0,240.0,53.5,28.0,67.0,2.68,71.3,4.8,Mixed Urban-Rural,28129.0,5.0,6.0,Yes,IST Entry Test,Difficult,70% / 100 marks,14.0
PK-FED-014,Institute of Space Technology,Public,Islamabad,Islamabad,2002,0,W2,Mechanical Engineering,STEM,2025,309,142,167,9,34.3,2.0,13.0,294.0,33.0,7.0,51.0,2.66,67.0,9.8,Mostly Urban,14410.0,14.0,14.0,Yes,IST Entry Test,Difficult,70% / 100 marks,15.0
PK-FED-014,Institute of Space Technology,Public,Islamabad,Islamabad,2002,0,W2,Software Engineering,STEM,2022,334,194,140,11,30.4,0.0,34.0,300.0,66.0,28.0,9.0,3.57,83.9,10.3,Mostly Urban,34513.0,9.0,10.0,Yes,IST Entry Test,Difficult,70% / 100 marks,12.0
PK-FED-014,Institute of Space Technology,Public,Islamabad,Islamabad,2002,0,W2,Software Engineering,STEM,2023,381,189,192,14,27.2,7.0,8.0,366.0,66.0,54.0,15.0,3.66,85.5,7.0,Mostly Urban,36044.0,3.0,14.0,Yes,IST Entry Test,Difficult,70% / 100 marks,12.0
PK-FED-014,Institute of Space Technology,Public,Islamabad,Islamabad,2002,0,W2,Software Engineering,STEM,2024,391,149,242,14,27.9,18.0,67.0,306.0,65.0,28.0,51.0,2.71,83.6,14.0,Mixed Urban-Rural,29998.0,18.0,31.0,Yes,IST Entry Test,Difficult,70% / 100 marks,14.0
PK-FED-014,Institute of Space Technology,Public,Islamabad,Islamabad,2002,0,W2,Software Engineering,STEM,2025,358,191,167,10,35.8,23.0,18.0,317.0,66.0,28.0,69.0,2.76,80.8,15.6,Mixed Urban-Rural,24014.0,12.0,5.0,Yes,IST Entry Test,Difficult,70% / 100 marks,14.0
PK-FED-014,Institute of Space Technology,Public,Islamabad,Islamabad,2002,0,W2,Telecommunication,STEM,2022,383,194,189,16,23.9,8.0,44.0,331.0,62.0,56.0,72.0,3.69,74.4,8.0,Mixed Urban-Rural,10693.0,20.0,14.0,Yes,IST Entry Test,Difficult,70% / 100 marks,16.0
PK-FED-014,Institute of Space Technology,Public,Islamabad,Islamabad,2002,0,W2,Telecommunication,STEM,2023,387,221,166,11,35.2,4.0,37.0,346.0,53.5,9.0,51.0,2.92,75.6,12.5,Mostly Urban,9021.0,19.0,14.0,Yes,IST Entry Test,Difficult,70% / 100 marks,12.0
PK-FED-014,Institute of Space Technology,Public,Islamabad,Islamabad,2002,0,W2,Telecommunication,STEM,2024,373,142,231,14,26.6,21.0,71.0,281.0,53.5,50.0,51.0,3.7,83.3,2.9,Mostly Urban,13289.0,12.0,24.0,Yes,IST Entry Test,Difficult,70% / 100 marks,15.0
PK-FED-014,Institute of Space Technology,Public,Islamabad,Islamabad,2002,0,W2,Telecommunication,STEM,2025,379,268,111,16,23.7,4.0,25.0,350.0,60.0,20.0,42.0,2.94,74.2,8.4,Mostly Rural,38222.0,14.0,14.0,Yes,IST Entry Test,Difficult,70% / 100 marks,12.0
PK-FED-004,International Islamic University Islamabad,Public,Islamabad,Islamabad,1980,0,W3,Biology,STEM,2022,671,296,375,23,29.2,8.0,65.0,598.0,19.0,26.0,21.0,3.53,46.9,12.2,Mostly Urban,20483.0,20.0,4.0,Yes,IIUI Entry Test,Medium,50% / 100 marks,36.0
PK-FED-004,International Islamic University Islamabad,Public,Islamabad,Islamabad,1980,0,W3,Biology,STEM,2023,678,433,245,21,32.3,7.0,122.0,549.0,8.0,12.0,45.0,3.04,51.9,13.0,Mostly Rural,29077.0,12.0,23.0,Yes,IIUI Entry Test,Medium,50% / 100 marks,32.0
PK-FED-004,International Islamic University Islamabad,Public,Islamabad,Islamabad,1980,0,W3,Biology,STEM,2024,760,417,343,32,23.8,14.0,4.0,742.0,99.0,2.0,43.0,3.06,58.7,16.9,Mixed Urban-Rural,29618.0,16.0,21.0,Yes,IIUI Entry Test,Medium,50% / 100 marks,33.0
PK-FED-004,International Islamic University Islamabad,Public,Islamabad,Islamabad,1980,0,W3,Biology,STEM,2025,736,485,251,21,35.0,31.0,138.0,567.0,95.0,40.0,24.0,3.52,53.3,17.3,Mostly Urban,29077.0,14.0,9.5,Yes,IIUI Entry Test,Medium,50% / 100 marks,35.0
PK-FED-004,International Islamic University Islamabad,Public,Islamabad,Islamabad,1980,0,W3,Economics,Business,2022,1582,981,601,71,22.3,1.0,0.0,1581.0,13.0,40.0,64.0,3.15,65.1,10.3,Mostly Urban,36218.0,12.5,9.5,Yes,IIUI Entry Test,Medium,50% / 100 marks,32.0
PK-FED-004,International Islamic University Islamabad,Public,Islamabad,Islamabad,1980,0,W3,Economics,Business,2023,1610,716,894,55,29.3,57.0,41.0,1512.0,97.0,29.0,53.0,2.7,70.0,15.7,Mixed Urban-Rural,44221.0,12.5,9.5,Yes,IIUI Entry Test,Medium,50% / 100 marks,36.0
PK-FED-004,International Islamic University Islamabad,Public,Islamabad,Islamabad,1980,0,W3,Economics,Business,2024,1817,958,859,56,32.4,145.0,23.0,1649.0,26.0,57.0,15.0,3.2,66.1,12.8,Mostly Rural,19754.0,12.5,9.0,Yes,IIUI Entry Test,Medium,50% / 100 marks,38.0
PK-FED-004,International Islamic University Islamabad,Public,Islamabad,Islamabad,1980,0,W3,Economics,Business,2025,1990,1238,752,73,27.3,35.0,352.0,1603.0,204.0,34.0,33.0,2.66,58.2,9.8,Mixed Urban-Rural,12981.0,13.0,20.0,Yes,IIUI Entry Test,Medium,50% / 100 marks,33.0
PK-FED-004,International Islamic University Islamabad,Public,Islamabad,Islamabad,1980,0,W3,English Literature,Arts & Social Sciences,2022,474,306,168,17,27.9,0.0,31.0,443.0,92.0,24.0,51.0,3.38,43.7,2.9,Mostly Urban,33534.0,12.5,28.0,Yes,IIUI Entry Test,Medium,50% / 100 marks,38.0
PK-FED-004,International Islamic University Islamabad,Public,Islamabad,Islamabad,1980,0,W3,English Literature,Arts & Social Sciences,2023,462,217,245,19,24.3,5.0,41.0,416.0,18.0,40.0,74.0,3.46,43.0,1.7,Mostly Urban,44669.0,6.0,10.0,Yes,IIUI Entry Test,Medium,50% / 100 marks,38.0
PK-FED-004,International Islamic University Islamabad,Public,Islamabad,Islamabad,1980,0,W3,English Literature,Arts & Social Sciences,2024,451,217,234,15,30.1,31.0,25.0,395.0,14.0,60.0,56.0,3.16,41.0,3.7,Mostly Rural,32896.0,14.0,8.0,Yes,IIUI Entry Test,Medium,50% / 100 marks,36.0
PK-FED-004,International Islamic University Islamabad,Public,Islamabad,Islamabad,1980,0,W3,English Literature,Arts & Social Sciences,2025,486,284,202,15,32.4,36.0,41.0,409.0,42.0,40.0,53.0,2.73,47.7,15.0,Mixed Urban-Rural,43758.0,12.5,13.0,Yes,IIUI Entry Test,Medium,50% / 100 marks,35.0
PK-FED-004,International Islamic University Islamabad,Public,Islamabad,Islamabad,1980,0,W3,Information Technology,STEM,2022,1389,920,469,60,23.1,91.0,193.0,1105.0,97.0,16.0,66.0,3.13,84.6,9.8,Mixed Urban-Rural,41201.0,2.0,23.0,Yes,IIUI Entry Test,Medium,50% / 100 marks,37.0
PK-FED-004,International Islamic University Islamabad,Public,Islamabad,Islamabad,1980,0,W3,Information Technology,STEM,2023,1414,927,487,47,30.1,72.0,204.0,1138.0,186.0,40.0,44.0,2.72,85.6,7.0,Mixed Urban-Rural,22549.0,19.0,23.0,Yes,IIUI Entry Test,Medium,50% / 100 marks,35.0
PK-FED-004,International Islamic University Islamabad,Public,Islamabad,Islamabad,1980,0,W3,Information Technology,STEM,2024,1357,872,485,45,30.2,0.0,72.0,1285.0,156.0,5.0,6.0,3.17,79.0,7.2,Mixed Urban-Rural,14397.0,3.0,7.0,Yes,IIUI Entry Test,Medium,50% / 100 marks,34.0
PK-FED-004,International Islamic University Islamabad,Public,Islamabad,Islamabad,1980,0,W3,Information Technology,STEM,2025,1274,632,642,54,23.6,59.0,103.0,1112.0,146.0,40.0,34.0,3.04,83.8,4.6,Mostly Rural,20931.0,7.0,4.0,Yes,IIUI Entry Test,Medium,50% / 100 marks,34.0
PK-FED-004,International Islamic University Islamabad,Public,Islamabad,Islamabad,1980,0,W3,Law,Arts & Social Sciences,2022,1430,967,463,58,24.7,49.0,58.0,1323.0,255.0,40.0,36.0,3.5,70.2,15.5,Mixed Urban-Rural,27493.0,12.5,9.5,Yes,IIUI Entry Test,Medium,50% / 100 marks,35.0
PK-FED-004,International Islamic University Islamabad,Public,Islamabad,Islamabad,1980,0,W3,Law,Arts & Social Sciences,2023,1494,722,772,61,24.5,88.0,88.0,1318.0,201.0,31.0,56.0,2.95,76.1,9.6,Mostly Urban,11513.0,7.0,35.0,Yes,IIUI Entry Test,Medium,50% / 100 marks,38.0
PK-FED-004,International Islamic University Islamabad,Public,Islamabad,Islamabad,1980,0,W3,Law,Arts & Social Sciences,2024,1702,933,769,55,30.9,74.0,0.0,1628.0,294.0,40.0,65.0,3.22,71.7,6.3,Mostly Urban,40460.0,9.0,23.0,Yes,IIUI Entry Test,Medium,50% / 100 marks,37.0
PK-FED-004,International Islamic University Islamabad,Public,Islamabad,Islamabad,1980,0,W3,Law,Arts & Social Sciences,2025,1773,1129,644,55,32.2,8.0,178.0,1587.0,97.0,48.0,57.0,2.73,72.1,2.9,Mixed Urban-Rural,21754.0,20.0,10.0,Yes,IIUI Entry Test,Medium,50% / 100 marks,33.0
PK-FED-004,International Islamic University Islamabad,Public,Islamabad,Islamabad,1980,0,W3,Mass Communication,Arts & Social Sciences,2022,1517,683,834,61,24.9,73.0,263.0,1181.0,91.0,45.0,38.0,3.16,54.9,12.7,Mostly Rural,34974.0,5.0,8.0,Yes,IIUI Entry Test,Medium,50% / 100 marks,32.0
PK-FED-004,International Islamic University Islamabad,Public,Islamabad,Islamabad,1980,0,W3,Mass Communication,Arts & Social Sciences,2023,1623,1009,614,49,33.1,115.0,0.0,1508.0,97.0,40.0,65.0,3.42,66.2,14.2,Mostly Rural,32187.0,1.0,5.0,Yes,IIUI Entry Test,Medium,50% / 100 marks,36.0
PK-FED-004,International Islamic University Islamabad,Public,Islamabad,Islamabad,1980,0,W3,Mass Communication,Arts & Social Sciences,2024,1884,1009,875,61,30.9,68.0,145.0,1671.0,116.0,52.0,44.0,3.13,59.7,11.0,Mostly Urban,11172.0,15.0,9.5,Yes,IIUI Entry Test,Medium,50% / 100 marks,35.0
PK-FED-004,International Islamic University Islamabad,Public,Islamabad,Islamabad,1980,0,W3,Mass Communication,Arts & Social Sciences,2025,2033,881,1152,72,28.2,70.0,0.0,1963.0,159.0,40.0,19.0,3.31,69.9,2.9,Mixed Urban-Rural,29077.0,8.0,5.0,Yes,IIUI Entry Test,Medium,50% / 100 marks,33.0
PK-FED-004,International Islamic University Islamabad,Public,Islamabad,Islamabad,1980,0,W3,Political Science,Arts & Social Sciences,2022,1662,752,910,72,23.1,0.0,67.0,1595.0,97.0,52.0,59.0,3.16,47.5,5.3,Mostly Rural,14763.0,12.5,8.0,Yes,IIUI Entry Test,Medium,50% / 100 marks,37.0
PK-FED-004,International Islamic University Islamabad,Public,Islamabad,Islamabad,1980,0,W3,Political Science,Arts & Social Sciences,2023,1979,1207,772,86,23.0,0.0,351.0,1628.0,374.0,47.0,24.0,2.75,47.0,5.1,Mostly Rural,33167.0,5.0,5.0,Yes,IIUI Entry Test,Medium,50% / 100 marks,36.0
PK-FED-004,International Islamic University Islamabad,Public,Islamabad,Islamabad,1980,0,W3,Political Science,Arts & Social Sciences,2024,1859,1086,773,59,31.5,130.0,200.0,1529.0,342.0,13.0,6.0,3.65,42.6,2.4,Mixed Urban-Rural,15388.0,17.0,0.0,Yes,IIUI Entry Test,Medium,50% / 100 marks,32.0
PK-FED-004,International Islamic University Islamabad,Public,Islamabad,Islamabad,1980,0,W3,Political Science,Arts & Social Sciences,2025,2282,1591,691,96,23.8,0.0,7.0,2275.0,93.0,49.0,49.0,3.16,51.8,2.2,Mixed Urban-Rural,41201.0,14.0,25.0,Yes,IIUI Entry Test,Medium,50% / 100 marks,38.0
PK-FED-004,International Islamic University Islamabad,Public,Islamabad,Islamabad,1980,0,W3,Psychology,Arts & Social Sciences,2022,587,330,257,24,24.5,37.0,106.0,444.0,108.0,40.0,44.0,3.08,53.3,12.1,Mostly Urban,23639.0,12.5,29.0,Yes,IIUI Entry Test,Medium,50% / 100 marks,37.0
PK-FED-004,International Islamic University Islamabad,Public,Islamabad,Islamabad,1980,0,W3,Psychology,Arts & Social Sciences,2023,606,241,365,19,31.9,22.0,100.0,484.0,94.0,40.0,4.0,3.42,62.5,5.8,Mostly Urban,15736.0,14.0,4.0,Yes,IIUI Entry Test,Medium,50% / 100 marks,35.0
PK-FED-004,International Islamic University Islamabad,Public,Islamabad,Islamabad,1980,0,W3,Psychology,Arts & Social Sciences,2024,575,409,166,19,30.3,0.0,114.0,461.0,77.0,40.0,10.0,3.16,59.9,13.4,Mostly Urban,29077.0,12.5,9.0,Yes,IIUI Entry Test,Medium,50% / 100 marks,35.0
PK-FED-004,International Islamic University Islamabad,Public,Islamabad,Islamabad,1980,0,W3,Psychology,Arts & Social Sciences,2025,581,410,171,25,23.2,4.0,15.0,562.0,36.0,46.0,56.0,3.48,64.8,16.4,Mostly Urban,34275.0,10.0,19.0,Yes,IIUI Entry Test,Medium,50% / 100 marks,35.0
PK-FED-004,International Islamic University Islamabad,Public,Islamabad,Islamabad,1980,0,W3,Urdu,Arts & Social Sciences,2022,963,515,448,35,27.5,69.0,62.0,832.0,156.0,49.0,34.0,3.16,38.7,16.9,Mostly Urban,8628.0,13.0,19.0,Yes,IIUI Entry Test,Medium,50% / 100 marks,38.0
PK-FED-004,International Islamic University Islamabad,Public,Islamabad,Islamabad,1980,0,W3,Urdu,Arts & Social Sciences,2023,1007,564,443,40,25.2,66.0,95.0,846.0,187.0,2.0,44.0,3.16,41.9,13.8,Mostly Urban,33844.0,14.0,8.0,Yes,IIUI Entry Test,Medium,50% / 100 marks,34.0
PK-FED-004,International Islamic University Islamabad,Public,Islamabad,Islamabad,1980,0,W3,Urdu,Arts & Social Sciences,2024,1077,504,573,41,26.3,74.0,27.0,976.0,74.0,60.0,44.0,3.19,46.8,9.2,Mostly Rural,21607.0,4.0,9.5,Yes,IIUI Entry Test,Medium,50% / 100 marks,34.0
PK-FED-004,International Islamic University Islamabad,Public,Islamabad,Islamabad,1980,0,W3,Urdu,Arts & Social Sciences,2025,1275,616,659,40,31.9,6.0,133.0,1136.0,97.0,22.0,44.0,3.54,43.7,4.4,Mostly Rural,44052.0,12.5,7.0,Yes,IIUI Entry Test,Medium,50% / 100 marks,36.0
PK-FED-008,National University of Modern Languages,Public,Islamabad,Islamabad,1969,0,W2,Computer Science,STEM,2022,581,387,194,20,29.1,26.0,1.0,554.0,22.0,30.0,52.0,3.34,84.4,17.2,Mostly Urban,21406.0,15.0,31.0,Yes,NUML Entry Test,Easy,40% / 100 marks,19.0
PK-FED-008,National University of Modern Languages,Public,Islamabad,Islamabad,1969,0,W2,Computer Science,STEM,2023,693,467,226,20,34.6,47.0,137.0,509.0,102.0,25.0,80.0,3.17,80.8,16.0,Mostly Urban,10779.0,13.0,2.0,Yes,NUML Entry Test,Easy,40% / 100 marks,15.0
PK-FED-008,National University of Modern Languages,Public,Islamabad,Islamabad,1969,0,W2,Computer Science,STEM,2024,695,386,309,23,30.2,3.0,36.0,656.0,78.0,27.0,53.0,3.07,74.8,12.2,Mixed Urban-Rural,19781.0,13.0,28.0,Yes,NUML Entry Test,Easy,40% / 100 marks,17.0
PK-FED-008,National University of Modern Languages,Public,Islamabad,Islamabad,1969,0,W2,Computer Science,STEM,2025,627,334,293,18,34.8,45.0,11.0,571.0,93.0,45.0,14.0,3.0,88.3,11.95,Mixed Urban-Rural,33171.0,6.0,24.0,Yes,NUML Entry Test,Easy,40% / 100 marks,15.0
PK-FED-008,National University of Modern Languages,Public,Islamabad,Islamabad,1969,0,W2,Education,Arts & Social Sciences,2022,206,142,64,7,29.4,14.0,11.0,181.0,8.0,19.0,21.0,2.82,68.6,11.95,Mostly Urban,24587.0,16.0,0.0,Yes,NUML Entry Test,Easy,40% / 100 marks,15.0
PK-FED-008,National University of Modern Languages,Public,Islamabad,Islamabad,1969,0,W2,Education,Arts & Social Sciences,2023,206,112,94,8,25.8,8.0,35.0,163.0,36.0,15.0,59.0,2.66,68.6,4.9,Mixed Urban-Rural,17527.0,20.0,5.0,Yes,NUML Entry Test,Easy,40% / 100 marks,20.0
PK-FED-008,National University of Modern Languages,Public,Islamabad,Islamabad,1969,0,W2,Education,Arts & Social Sciences,2024,185,96,89,7,26.4,14.0,0.0,171.0,16.0,47.0,79.0,3.5,68.8,6.8,Mostly Urban,44075.0,4.0,17.0,Yes,NUML Entry Test,Easy,40% / 100 marks,16.0
PK-FED-008,National University of Modern Languages,Public,Islamabad,Islamabad,1969,0,W2,Education,Arts & Social Sciences,2025,206,107,99,8,25.8,9.0,20.0,177.0,38.0,30.0,52.5,3.62,61.3,11.0,Mixed Urban-Rural,40531.0,6.0,14.0,Yes,NUML Entry Test,Easy,40% / 100 marks,17.0
PK-FED-008,National University of Modern Languages,Public,Islamabad,Islamabad,1969,0,W2,English Literature,Arts & Social Sciences,2022,831,370,461,35,23.7,27.0,0.0,804.0,111.0,21.0,29.0,2.94,47.4,6.1,Mostly Urban,29228.0,11.0,1.0,Yes,NUML Entry Test,Easy,40% / 100 marks,15.0
PK-FED-008,National University of Modern Languages,Public,Islamabad,Islamabad,1969,0,W2,English Literature,Arts & Social Sciences,2023,982,437,545,29,33.9,0.0,137.0,845.0,170.0,30.0,63.0,3.62,54.8,9.1,Mixed Urban-Rural,22475.5,11.0,1.0,Yes,NUML Entry Test,Easy,40% / 100 marks,18.0
PK-FED-008,National University of Modern Languages,Public,Islamabad,Islamabad,1969,0,W2,English Literature,Arts & Social Sciences,2024,874,535,339,26,33.6,21.0,99.0,754.0,12.0,24.0,22.0,2.94,54.2,3.4,Mostly Urban,10072.0,8.0,19.0,Yes,NUML Entry Test,Easy,40% / 100 marks,18.0
PK-FED-008,National University of Modern Languages,Public,Islamabad,Islamabad,1969,0,W2,English Literature,Arts & Social Sciences,2025,905,436,469,38,23.8,24.0,123.0,758.0,11.0,57.0,14.0,2.76,52.6,10.1,Mostly Urban,41826.0,2.0,33.0,Yes,NUML Entry Test,Easy,40% / 100 marks,19.0
PK-FED-008,National University of Modern Languages,Public,Islamabad,Islamabad,1969,0,W2,Environmental Science,STEM,2022,236,164,72,7,33.7,9.0,0.0,227.0,7.0,30.0,52.5,2.82,56.5,12.0,Mostly Rural,42883.0,9.0,14.0,Yes,NUML Entry Test,Easy,40% / 100 marks,14.0
PK-FED-008,National University of Modern Languages,Public,Islamabad,Islamabad,1969,0,W2,Environmental Science,STEM,2023,263,101,162,8,32.9,9.0,10.0,244.0,22.0,30.0,47.0,2.97,55.2,11.95,Mostly Urban,16524.0,2.0,14.0,Yes,NUML Entry Test,Easy,40% / 100 marks,17.0
PK-FED-008,National University of Modern Languages,Public,Islamabad,Islamabad,1969,0,W2,Environmental Science,STEM,2024,257,134,123,10,25.7,17.0,0.0,240.0,24.0,12.0,60.0,2.7,56.5,14.1,Mostly Urban,38688.0,15.0,14.0,Yes,NUML Entry Test,Easy,40% / 100 marks,14.0
PK-FED-008,National University of Modern Languages,Public,Islamabad,Islamabad,1969,0,W2,Environmental Science,STEM,2025,272,186,86,10,27.2,0.0,30.0,242.0,25.0,1.0,45.0,3.26,52.8,4.3,Mixed Urban-Rural,14745.0,11.0,4.0,Yes,NUML Entry Test,Easy,40% / 100 marks,14.0
PK-FED-008,National University of Modern Languages,Public,Islamabad,Islamabad,1969,0,W2,History,Arts & Social Sciences,2022,462,238,224,16,28.9,27.0,43.0,392.0,48.0,44.0,64.0,2.69,41.9,5.4,Mixed Urban-Rural,39891.0,18.0,14.0,Yes,NUML Entry Test,Easy,40% / 100 marks,18.0
PK-FED-008,National University of Modern Languages,Public,Islamabad,Islamabad,1969,0,W2,History,Arts & Social Sciences,2023,471,228,243,17,27.7,5.0,17.0,449.0,53.0,41.0,79.0,2.6,41.6,16.4,Mostly Rural,17779.0,19.0,13.0,Yes,NUML Entry Test,Easy,40% / 100 marks,17.0
PK-FED-008,National University of Modern Languages,Public,Islamabad,Islamabad,1969,0,W2,History,Arts & Social Sciences,2024,514,250,264,17,30.2,0.0,51.0,463.0,49.0,37.0,58.0,3.07,46.6,15.6,Mostly Urban,11481.0,12.0,14.0,Yes,NUML Entry Test,Easy,40% / 100 marks,17.0
PK-FED-008,National University of Modern Languages,Public,Islamabad,Islamabad,1969,0,W2,History,Arts & Social Sciences,2025,482,188,294,17,28.4,0.0,71.0,411.0,60.0,42.0,51.0,2.77,41.4,16.8,Mostly Urban,16227.0,5.0,31.0,Yes,NUML Entry Test,Easy,40% / 100 marks,17.0
PK-FED-008,National University of Modern Languages,Public,Islamabad,Islamabad,1969,0,W2,Information Technology,STEM,2022,810,580,230,35,23.1,0.0,141.0,669.0,159.0,39.0,61.0,3.07,81.3,7.8,Mixed Urban-Rural,22475.5,17.0,34.0,Yes,NUML Entry Test,Easy,40% / 100 marks,16.0
PK-FED-008,National University of Modern Languages,Public,Islamabad,Islamabad,1969,0,W2,Information Technology,STEM,2023,871,340,531,38,22.9,35.0,20.0,816.0,25.0,30.0,77.0,3.29,78.7,11.6,Mixed Urban-Rural,13117.0,10.0,21.0,Yes,NUML Entry Test,Easy,40% / 100 marks,18.0
PK-FED-008,National University of Modern Languages,Public,Islamabad,Islamabad,1969,0,W2,Information Technology,STEM,2024,892,342,550,31,28.8,38.0,144.0,710.0,80.0,2.0,45.0,3.23,85.5,11.9,Mixed Urban-Rural,27120.0,11.0,8.0,Yes,NUML Entry Test,Easy,40% / 100 marks,19.0
PK-FED-008,National University of Modern Languages,Public,Islamabad,Islamabad,1969,0,W2,Information Technology,STEM,2025,914,611,303,35,26.1,0.0,38.0,876.0,36.0,30.0,35.0,3.46,73.1,7.6,Mostly Urban,19849.0,3.0,9.0,Yes,NUML Entry Test,Easy,40% / 100 marks,14.0
PK-FED-008,National University of Modern Languages,Public,Islamabad,Islamabad,1969,0,W2,Law,Arts & Social Sciences,2022,696,362,334,25,27.8,52.0,42.0,602.0,93.0,30.0,24.0,3.64,75.6,9.4,Mixed Urban-Rural,23313.0,9.0,14.0,Yes,NUML Entry Test,Easy,40% / 100 marks,14.0
PK-FED-008,National University of Modern Languages,Public,Islamabad,Islamabad,1969,0,W2,Law,Arts & Social Sciences,2023,744,285,459,21,35.4,22.0,110.0,612.0,15.0,30.0,70.0,2.9,72.2,12.3,Mostly Rural,24734.0,8.0,12.0,Yes,NUML Entry Test,Easy,40% / 100 marks,18.0
PK-FED-008,National University of Modern Languages,Public,Islamabad,Islamabad,1969,0,W2,Law,Arts & Social Sciences,2024,709,432,277,20,35.5,33.0,114.0,562.0,36.0,30.0,52.5,2.64,70.0,13.5,Mixed Urban-Rural,11727.0,7.0,7.0,Yes,NUML Entry Test,Easy,40% / 100 marks,14.0
PK-FED-008,National University of Modern Languages,Public,Islamabad,Islamabad,1969,0,W2,Law,Arts & Social Sciences,2025,765,321,444,23,33.3,18.0,19.0,728.0,52.0,44.0,75.0,3.07,67.1,16.7,Mostly Urban,29194.0,2.0,21.0,Yes,NUML Entry Test,Easy,40% / 100 marks,16.0
PK-FED-008,National University of Modern Languages,Public,Islamabad,Islamabad,1969,0,W2,Mathematics,STEM,2022,198,129,69,8,24.8,0.0,13.0,185.0,16.0,6.0,28.0,2.88,51.1,3.3,Mostly Urban,22475.5,15.0,14.0,Yes,NUML Entry Test,Easy,40% / 100 marks,15.0
PK-FED-008,National University of Modern Languages,Public,Islamabad,Islamabad,1969,0,W2,Mathematics,STEM,2023,219,131,88,9,24.3,15.0,25.0,179.0,30.0,32.0,22.0,3.19,50.6,14.4,Mostly Rural,22475.5,11.0,22.0,Yes,NUML Entry Test,Easy,40% / 100 marks,15.0
PK-FED-008,National University of Modern Languages,Public,Islamabad,Islamabad,1969,0,W2,Mathematics,STEM,2024,217,104,113,9,24.1,9.0,11.0,197.0,26.0,30.0,49.0,2.93,66.0,17.5,Mostly Rural,14997.0,15.0,8.0,Yes,NUML Entry Test,Easy,40% / 100 marks,19.0
PK-FED-008,National University of Modern Languages,Public,Islamabad,Islamabad,1969,0,W2,Mathematics,STEM,2025,208,80,128,5,41.6,0.0,0.0,208.0,36.0,53.0,72.0,2.65,53.8,11.95,Mixed Urban-Rural,42283.0,18.0,14.0,Yes,NUML Entry Test,Easy,40% / 100 marks,18.0
PK-FED-008,National University of Modern Languages,Public,Islamabad,Islamabad,1969,0,W2,Pharmacy,STEM,2022,695,281,414,22,31.6,0.0,12.0,683.0,16.0,41.0,52.5,3.07,79.8,15.0,Mostly Urban,12191.0,11.0,14.0,Yes,NUML Entry Test,Easy,40% / 100 marks,20.0
PK-FED-008,National University of Modern Languages,Public,Islamabad,Islamabad,1969,0,W2,Pharmacy,STEM,2023,691,310,381,26,26.6,2.0,85.0,604.0,40.0,50.0,54.0,3.43,85.4,11.95,Mostly Rural,32243.0,19.0,14.0,Yes,NUML Entry Test,Easy,40% / 100 marks,19.0
PK-FED-008,National University of Modern Languages,Public,Islamabad,Islamabad,1969,0,W2,Pharmacy,STEM,2024,722,482,240,24,30.1,45.0,72.0,605.0,6.0,30.0,52.5,3.36,84.4,14.8,Mostly Rural,25756.0,6.0,2.0,Yes,NUML Entry Test,Easy,40% / 100 marks,19.0
PK-FED-008,National University of Modern Languages,Public,Islamabad,Islamabad,1969,0,W2,Pharmacy,STEM,2025,843,525,318,28,30.1,0.0,24.0,819.0,6.0,12.0,41.0,3.16,73.4,15.7,Mostly Urban,21638.0,11.0,14.0,Yes,NUML Entry Test,Easy,40% / 100 marks,15.0
PK-FED-008,National University of Modern Languages,Public,Islamabad,Islamabad,1969,0,W2,Statistics,STEM,2022,634,275,359,18,35.2,2.0,6.0,626.0,47.0,56.0,29.0,3.13,55.9,4.4,Mixed Urban-Rural,23420.0,14.0,14.0,Yes,NUML Entry Test,Easy,40% / 100 marks,16.0
PK-FED-008,National University of Modern Languages,Public,Islamabad,Islamabad,1969,0,W2,Statistics,STEM,2023,688,337,351,21,32.8,0.0,13.0,675.0,56.0,14.0,52.5,3.1,60.2,3.9,Mostly Urban,16939.0,9.0,8.0,Yes,NUML Entry Test,Easy,40% / 100 marks,18.0
PK-FED-008,National University of Modern Languages,Public,Islamabad,Islamabad,1969,0,W2,Statistics,STEM,2024,605,346,259,23,26.3,40.0,115.0,450.0,48.0,18.0,56.0,2.7,56.8,17.5,Mostly Urban,40061.0,15.0,27.0,Yes,NUML Entry Test,Easy,40% / 100 marks,20.0
PK-FED-008,National University of Modern Languages,Public,Islamabad,Islamabad,1969,0,W2,Statistics,STEM,2025,744,345,399,28,26.6,0.0,129.0,615.0,6.0,2.0,78.0,3.13,64.3,11.95,Mostly Urban,14422.0,11.0,26.0,Yes,NUML Entry Test,Easy,40% / 100 marks,15.0
PK-FED-002,National University of Sciences & Technology,Public,Islamabad,Islamabad,1991,0,W4,Civil Engineering,STEM,2022,922,608,314,39,23.6,34.0,137.0,751.0,116.0,25.0,61.0,3.25,75.4,9.2,Mostly Urban,24088.0,15.0,29.0,Yes,Own Entry Test,Easy,40% / 100 marks,55.0
PK-FED-002,National University of Sciences & Technology,Public,Islamabad,Islamabad,1991,0,W4,Civil Engineering,STEM,2023,899,545,354,34,26.4,35.0,132.0,732.0,71.0,56.0,65.0,3.14,67.9,2.9,Mostly Rural,39201.0,1.0,23.0,Yes,Own Entry Test,Easy,40% / 100 marks,55.0
PK-FED-002,National University of Sciences & Technology,Public,Islamabad,Islamabad,1991,0,W4,Civil Engineering,STEM,2024,853,524,329,32,26.7,39.0,30.0,784.0,145.0,44.0,70.0,3.65,69.3,6.7,Mostly Rural,20552.0,19.0,33.0,Yes,Own Entry Test,Easy,40% / 100 marks,53.0
PK-FED-002,National University of Sciences & Technology,Public,Islamabad,Islamabad,1991,0,W4,Civil Engineering,STEM,2025,966,689,277,29,33.3,0.0,0.0,966.0,145.0,17.0,41.0,3.43,64.7,17.1,Mostly Rural,8803.0,11.0,23.0,Yes,Own Entry Test,Easy,40% / 100 marks,53.0
PK-FED-002,National University of Sciences & Technology,Public,Islamabad,Islamabad,1991,0,W4,Computer Science,STEM,2022,950,639,311,40,23.8,38.0,0.0,912.0,18.0,25.0,76.0,3.26,75.0,10.7,Mostly Rural,42247.0,19.0,19.0,Yes,Own Entry Test,Easy,40% / 100 marks,49.0
PK-FED-002,National University of Sciences & Technology,Public,Islamabad,Islamabad,1991,0,W4,Computer Science,STEM,2023,1067,427,640,30,35.6,0.0,0.0,1067.0,25.0,25.0,30.0,3.25,75.6,9.25,Mostly Rural,23170.0,15.0,23.0,Yes,Own Entry Test,Easy,40% / 100 marks,52.0
PK-FED-002,National University of Sciences & Technology,Public,Islamabad,Islamabad,1991,0,W4,Computer Science,STEM,2024,1016,477,539,31,32.8,18.0,0.0,998.0,144.0,9.0,28.0,3.23,83.4,6.6,Mostly Rural,16149.0,9.0,31.0,Yes,Own Entry Test,Easy,40% / 100 marks,48.0
PK-FED-002,National University of Sciences & Technology,Public,Islamabad,Islamabad,1991,0,W4,Computer Science,STEM,2025,1104,643,461,32,34.5,75.0,195.0,834.0,145.0,53.0,6.0,3.255,85.8,5.9,Mostly Rural,38834.0,6.0,27.0,Yes,Own Entry Test,Easy,40% / 100 marks,49.0
PK-FED-002,National University of Sciences & Technology,Public,Islamabad,Islamabad,1991,0,W4,Electrical Engineering,STEM,2022,3656,2593,1063,130,28.1,205.0,563.0,2888.0,342.0,31.0,16.0,3.255,74.5,9.25,Mostly Rural,15597.0,1.0,34.0,Yes,Own Entry Test,Easy,40% / 100 marks,52.5
PK-FED-002,National University of Sciences & Technology,Public,Islamabad,Islamabad,1991,0,W4,Electrical Engineering,STEM,2023,3503,1395,2108,121,29.0,224.0,496.0,2783.0,213.0,8.0,59.0,3.27,78.0,9.25,Mostly Urban,18379.0,3.0,7.0,Yes,Own Entry Test,Easy,40% / 100 marks,53.0
PK-FED-002,National University of Sciences & Technology,Public,Islamabad,Islamabad,1991,0,W4,Electrical Engineering,STEM,2024,3621,1520,2101,110,32.9,282.0,195.0,3144.0,430.0,30.0,68.0,3.55,76.0,9.9,Mixed Urban-Rural,35193.0,1.0,19.0,Yes,Own Entry Test,Easy,40% / 100 marks,49.0
PK-FED-002,National University of Sciences & Technology,Public,Islamabad,Islamabad,1991,0,W4,Electrical Engineering,STEM,2025,4079,2354,1725,133,30.7,164.0,714.0,3201.0,570.0,24.0,64.0,3.05,81.8,7.8,Mostly Rural,38996.0,5.0,2.0,Yes,Own Entry Test,Easy,40% / 100 marks,49.0
PK-FED-002,National University of Sciences & Technology,Public,Islamabad,Islamabad,1991,0,W4,Industrial Engineering,STEM,2022,1317,764,553,39,33.8,19.0,0.0,1298.0,12.0,26.0,70.0,3.04,76.0,5.9,Mixed Urban-Rural,29532.0,11.0,31.0,Yes,Own Entry Test,Easy,40% / 100 marks,56.0
PK-FED-002,National University of Sciences & Technology,Public,Islamabad,Islamabad,1991,0,W4,Industrial Engineering,STEM,2023,1492,585,907,65,23.0,111.0,85.0,1296.0,227.0,48.0,32.0,3.255,72.1,16.4,Mostly Rural,27226.0,10.5,11.0,Yes,Own Entry Test,Easy,40% / 100 marks,56.0
PK-FED-002,National University of Sciences & Technology,Public,Islamabad,Islamabad,1991,0,W4,Industrial Engineering,STEM,2024,1303,530,773,39,33.4,85.0,0.0,1218.0,145.0,16.0,77.0,2.77,71.9,16.4,Mostly Rural,30646.0,14.0,29.0,Yes,Own Entry Test,Easy,40% / 100 marks,48.0
PK-FED-002,National University of Sciences & Technology,Public,Islamabad,Islamabad,1991,0,W4,Industrial Engineering,STEM,2025,1583,708,875,58,27.3,0.0,202.0,1381.0,156.0,18.0,76.0,3.42,69.7,10.8,Mostly Rural,25657.0,10.0,14.0,Yes,Own Entry Test,Easy,40% / 100 marks,51.0
PK-FED-002,National University of Sciences & Technology,Public,Islamabad,Islamabad,1991,0,W4,Mechanical Engineering,STEM,2022,3524,1601,1923,144,24.5,17.0,134.0,3373.0,647.0,19.0,20.0,3.42,68.0,9.25,Mostly Rural,16661.0,9.0,16.0,Yes,Own Entry Test,Easy,40% / 100 marks,55.0
PK-FED-002,National University of Sciences & Technology,Public,Islamabad,Islamabad,1991,0,W4,Mechanical Engineering,STEM,2023,3757,2633,1124,108,34.8,203.0,570.0,2984.0,82.0,25.0,17.0,3.255,68.7,14.5,Mixed Urban-Rural,37804.0,19.0,23.0,Yes,Own Entry Test,Easy,40% / 100 marks,48.0
PK-FED-002,National University of Sciences & Technology,Public,Islamabad,Islamabad,1991,0,W4,Mechanical Engineering,STEM,2024,3200,1470,1730,143,22.4,59.0,38.0,3103.0,480.0,19.0,31.0,3.255,78.1,9.6,Mostly Rural,16890.0,18.0,9.0,Yes,Own Entry Test,Easy,40% / 100 marks,53.0
PK-FED-002,National University of Sciences & Technology,Public,Islamabad,Islamabad,1991,0,W4,Mechanical Engineering,STEM,2025,3984,2401,1583,121,32.9,120.0,101.0,3763.0,145.0,28.0,38.0,3.31,73.9,7.6,Mostly Urban,25657.0,15.0,23.0,Yes,Own Entry Test,Easy,40% / 100 marks,49.0
PK-FED-002,National University of Sciences & Technology,Public,Islamabad,Islamabad,1991,0,W4,Software Engineering,STEM,2022,1724,1005,719,77,22.4,53.0,119.0,1552.0,110.0,25.0,19.0,2.6,88.6,3.9,Mixed Urban-Rural,17482.0,6.0,23.0,Yes,Own Entry Test,Easy,40% / 100 marks,52.5
PK-FED-002,National University of Sciences & Technology,Public,Islamabad,Islamabad,1991,0,W4,Software Engineering,STEM,2023,1887,801,1086,70,27.0,29.0,243.0,1615.0,31.0,25.0,5.0,3.1,88.6,7.5,Mixed Urban-Rural,10841.0,15.0,1.0,Yes,Own Entry Test,Easy,40% / 100 marks,55.0
PK-FED-002,National University of Sciences & Technology,Public,Islamabad,Islamabad,1991,0,W4,Software Engineering,STEM,2024,1604,870,734,58,27.7,16.0,319.0,1269.0,145.0,25.0,59.0,3.69,87.0,10.5,Mostly Rural,37734.0,10.5,35.0,Yes,Own Entry Test,Easy,40% / 100 marks,56.0
PK-FED-002,National University of Sciences & Technology,Public,Islamabad,Islamabad,1991,0,W4,Software Engineering,STEM,2025,1949,883,1066,69,28.2,65.0,78.0,1806.0,378.0,25.0,61.0,3.255,79.7,9.3,Mostly Urban,36303.0,5.0,35.0,Yes,Own Entry Test,Easy,40% / 100 marks,50.0
PK-FED-015,Pakistan Institute of Development Economics,Public,Islamabad,Islamabad,1957,0,W2,Biology,STEM,2022,551,314,237,15,36.7,36.0,6.0,509.0,79.0,8.0,41.0,2.61,49.7,8.0,Mostly Urban,41948.0,12.5,6.0,Yes,PIDE Entry Test,Medium,60% / 100 marks,10.0
PK-FED-015,Pakistan Institute of Development Economics,Public,Islamabad,Islamabad,1957,0,W2,Biology,STEM,2023,621,256,365,24,25.9,3.0,66.0,552.0,55.0,32.0,10.0,2.85,50.7,13.7,Mostly Rural,18143.0,1.0,12.0,Yes,PIDE Entry Test,Medium,60% / 100 marks,10.0
PK-FED-015,Pakistan Institute of Development Economics,Public,Islamabad,Islamabad,1957,0,W2,Biology,STEM,2024,606,230,376,20,30.3,25.0,0.0,581.0,65.0,25.0,41.0,3.68,44.9,10.9,Mixed Urban-Rural,43829.0,20.0,15.5,Yes,PIDE Entry Test,Medium,60% / 100 marks,8.0
PK-FED-015,Pakistan Institute of Development Economics,Public,Islamabad,Islamabad,1957,0,W2,Biology,STEM,2025,631,244,387,26,24.3,42.0,75.0,514.0,74.0,30.0,68.0,3.37,54.9,12.5,Mostly Urban,35321.0,12.5,24.0,Yes,PIDE Entry Test,Medium,60% / 100 marks,10.0
PK-FED-015,Pakistan Institute of Development Economics,Public,Islamabad,Islamabad,1957,0,W2,Economics,Business,2022,164,64,100,5,32.8,2.0,32.0,130.0,19.0,29.0,48.0,3.16,67.5,16.4,Mixed Urban-Rural,17922.0,15.0,8.0,Yes,PIDE Entry Test,Medium,60% / 100 marks,8.0
PK-FED-015,Pakistan Institute of Development Economics,Public,Islamabad,Islamabad,1957,0,W2,Economics,Business,2023,158,101,57,6,26.3,8.0,16.0,134.0,20.0,11.0,64.0,3.65,63.3,10.9,Mostly Urban,34461.0,12.5,14.0,Yes,PIDE Entry Test,Medium,60% / 100 marks,11.0
PK-FED-015,Pakistan Institute of Development Economics,Public,Islamabad,Islamabad,1957,0,W2,Economics,Business,2024,156,64,92,5,31.2,12.0,4.0,140.0,55.0,46.0,33.0,2.64,64.6,10.9,Mixed Urban-Rural,36936.0,1.0,20.0,Yes,PIDE Entry Test,Medium,60% / 100 marks,12.0
PK-FED-015,Pakistan Institute of Development Economics,Public,Islamabad,Islamabad,1957,0,W2,Economics,Business,2025,161,85,76,6,26.8,2.0,12.0,147.0,19.0,14.0,28.0,3.165,67.2,10.9,Mostly Urban,14304.0,12.0,34.0,Yes,PIDE Entry Test,Medium,60% / 100 marks,10.0
PK-FED-015,Pakistan Institute of Development Economics,Public,Islamabad,Islamabad,1957,0,W2,Education,Arts & Social Sciences,2022,214,130,84,6,35.7,17.0,4.0,193.0,41.0,32.0,27.0,3.23,69.7,11.8,Mostly Urban,41898.0,2.0,21.0,Yes,PIDE Entry Test,Medium,60% / 100 marks,9.0
PK-FED-015,Pakistan Institute of Development Economics,Public,Islamabad,Islamabad,1957,0,W2,Education,Arts & Social Sciences,2023,205,135,70,7,29.3,0.0,33.0,172.0,55.0,18.0,48.0,2.66,71.3,9.8,Mostly Rural,15266.0,2.0,16.0,Yes,PIDE Entry Test,Medium,60% / 100 marks,10.0
PK-FED-015,Pakistan Institute of Development Economics,Public,Islamabad,Islamabad,1957,0,W2,Education,Arts & Social Sciences,2024,222,151,71,9,24.7,1.0,4.0,217.0,8.0,4.0,45.0,2.69,61.3,11.4,Mostly Urban,16484.0,12.5,14.0,Yes,PIDE Entry Test,Medium,60% / 100 marks,11.0
PK-FED-015,Pakistan Institute of Development Economics,Public,Islamabad,Islamabad,1957,0,W2,Education,Arts & Social Sciences,2025,256,134,122,9,28.4,19.0,43.0,194.0,6.0,51.0,5.0,3.03,71.6,1.8,Mostly Rural,16207.0,4.0,23.0,Yes,PIDE Entry Test,Medium,60% / 100 marks,8.0
PK-FED-015,Pakistan Institute of Development Economics,Public,Islamabad,Islamabad,1957,0,W2,English Literature,Arts & Social Sciences,2022,472,249,223,20,23.6,0.0,7.0,465.0,73.0,51.0,32.0,2.8,43.7,10.9,Mixed Urban-Rural,26520.0,10.0,15.5,Yes,PIDE Entry Test,Medium,60% / 100 marks,11.0
PK-FED-015,Pakistan Institute of Development Economics,Public,Islamabad,Islamabad,1957,0,W2,English Literature,Arts & Social Sciences,2023,517,312,205,16,32.3,14.0,38.0,465.0,99.0,57.0,29.0,3.32,41.2,14.4,Mixed Urban-Rural,25533.0,2.0,26.0,Yes,PIDE Entry Test,Medium,60% / 100 marks,10.0
PK-FED-015,Pakistan Institute of Development Economics,Public,Islamabad,Islamabad,1957,0,W2,English Literature,Arts & Social Sciences,2024,575,340,235,22,26.1,9.0,0.0,566.0,99.0,7.0,69.0,3.65,43.3,8.8,Mostly Rural,26520.0,13.0,5.0,Yes,PIDE Entry Test,Medium,60% / 100 marks,12.0
PK-FED-015,Pakistan Institute of Development Economics,Public,Islamabad,Islamabad,1957,0,W2,English Literature,Arts & Social Sciences,2025,506,339,167,18,28.1,34.0,0.0,472.0,55.0,11.0,59.0,2.63,40.3,10.4,Mostly Rural,30034.0,19.0,1.0,Yes,PIDE Entry Test,Medium,60% / 100 marks,11.0
PK-FED-015,Pakistan Institute of Development Economics,Public,Islamabad,Islamabad,1957,0,W2,History,Arts & Social Sciences,2022,526,311,215,15,35.1,18.0,68.0,440.0,75.0,46.0,10.0,3.17,44.5,10.9,Mostly Urban,32988.0,12.5,15.5,Yes,PIDE Entry Test,Medium,60% / 100 marks,8.0
PK-FED-015,Pakistan Institute of Development Economics,Public,Islamabad,Islamabad,1957,0,W2,History,Arts & Social Sciences,2023,556,391,165,24,23.2,16.0,103.0,437.0,9.0,23.0,46.0,3.33,36.0,1.7,Mostly Urban,19716.0,15.0,15.5,Yes,PIDE Entry Test,Medium,60% / 100 marks,9.0
PK-FED-015,Pakistan Institute of Development Economics,Public,Islamabad,Islamabad,1957,0,W2,History,Arts & Social Sciences,2024,518,309,209,17,30.5,16.0,35.0,467.0,83.0,4.0,13.0,2.79,38.5,9.7,Mixed Urban-Rural,11249.0,12.5,28.0,Yes,PIDE Entry Test,Medium,60% / 100 marks,10.0
PK-FED-015,Pakistan Institute of Development Economics,Public,Islamabad,Islamabad,1957,0,W2,History,Arts & Social Sciences,2025,564,222,342,18,31.3,34.0,76.0,454.0,7.0,54.0,36.0,2.72,33.0,3.3,Mixed Urban-Rural,26520.0,14.0,15.5,Yes,PIDE Entry Test,Medium,60% / 100 marks,11.0
PK-FED-015,Pakistan Institute of Development Economics,Public,Islamabad,Islamabad,1957,0,W2,Law,Arts & Social Sciences,2022,638,273,365,24,26.6,10.0,74.0,554.0,52.0,18.0,55.0,3.165,77.6,16.5,Mixed Urban-Rural,28519.0,19.0,13.0,Yes,PIDE Entry Test,Medium,60% / 100 marks,9.0
PK-FED-015,Pakistan Institute of Development Economics,Public,Islamabad,Islamabad,1957,0,W2,Law,Arts & Social Sciences,2023,591,341,250,19,31.1,46.0,93.0,452.0,33.0,36.0,13.0,3.48,67.4,10.9,Mostly Rural,42370.0,19.0,15.0,Yes,PIDE Entry Test,Medium,60% / 100 marks,10.0
PK-FED-015,Pakistan Institute of Development Economics,Public,Islamabad,Islamabad,1957,0,W2,Law,Arts & Social Sciences,2024,604,393,211,17,35.5,5.0,64.0,535.0,61.0,56.0,17.0,3.13,68.7,10.9,Mostly Urban,35449.0,8.0,26.0,Yes,PIDE Entry Test,Medium,60% / 100 marks,8.0
PK-FED-015,Pakistan Institute of Development Economics,Public,Islamabad,Islamabad,1957,0,W2,Law,Arts & Social Sciences,2025,677,410,267,22,30.8,40.0,50.0,587.0,55.0,9.0,18.0,3.165,77.7,16.0,Mixed Urban-Rural,25260.0,4.0,15.5,Yes,PIDE Entry Test,Medium,60% / 100 marks,12.0
PK-FED-015,Pakistan Institute of Development Economics,Public,Islamabad,Islamabad,1957,0,W2,Pharmacy,STEM,2022,198,76,122,8,24.8,7.0,7.0,184.0,32.0,25.0,70.0,3.27,73.2,15.1,Mostly Urban,10964.0,15.0,28.0,Yes,PIDE Entry Test,Medium,60% / 100 marks,10.0
PK-FED-015,Pakistan Institute of Development Economics,Public,Islamabad,Islamabad,1957,0,W2,Pharmacy,STEM,2023,202,106,96,6,33.7,11.0,29.0,162.0,37.0,25.0,78.0,3.25,83.2,8.7,Mostly Rural,14350.0,19.0,33.0,Yes,PIDE Entry Test,Medium,60% / 100 marks,10.0
PK-FED-015,Pakistan Institute of Development Economics,Public,Islamabad,Islamabad,1957,0,W2,Pharmacy,STEM,2024,201,134,67,7,28.7,6.0,17.0,178.0,7.0,47.0,25.0,3.165,77.2,11.7,Mostly Rural,15769.0,6.0,16.0,Yes,PIDE Entry Test,Medium,60% / 100 marks,12.0
PK-FED-015,Pakistan Institute of Development Economics,Public,Islamabad,Islamabad,1957,0,W2,Pharmacy,STEM,2025,228,145,83,6,38.0,1.0,34.0,193.0,37.0,1.0,29.0,3.5,82.7,4.7,Mixed Urban-Rural,26470.0,15.0,29.0,Yes,PIDE Entry Test,Medium,60% / 100 marks,11.0
PK-FED-015,Pakistan Institute of Development Economics,Public,Islamabad,Islamabad,1957,0,W2,Political Science,Arts & Social Sciences,2022,497,309,188,14,35.5,22.0,95.0,380.0,22.0,46.0,66.0,3.16,39.9,13.5,Mostly Urban,41609.0,11.0,2.0,Yes,PIDE Entry Test,Medium,60% / 100 marks,9.0
PK-FED-015,Pakistan Institute of Development Economics,Public,Islamabad,Islamabad,1957,0,W2,Political Science,Arts & Social Sciences,2023,462,322,140,14,33.0,0.0,28.0,434.0,85.0,25.0,7.0,3.5,43.1,5.9,Mixed Urban-Rural,26520.0,17.0,13.0,Yes,PIDE Entry Test,Medium,60% / 100 marks,12.0
PK-FED-015,Pakistan Institute of Development Economics,Public,Islamabad,Islamabad,1957,0,W2,Political Science,Arts & Social Sciences,2024,427,172,255,14,30.5,22.0,84.0,321.0,83.0,37.0,56.0,3.56,41.3,16.0,Mostly Rural,40127.0,18.0,6.0,Yes,PIDE Entry Test,Medium,60% / 100 marks,9.0
PK-FED-015,Pakistan Institute of Development Economics,Public,Islamabad,Islamabad,1957,0,W2,Political Science,Arts & Social Sciences,2025,467,330,137,13,35.9,20.0,44.0,403.0,89.0,11.0,60.0,3.13,50.2,13.1,Mixed Urban-Rural,40058.0,10.0,13.0,Yes,PIDE Entry Test,Medium,60% / 100 marks,8.0
PK-FED-015,Pakistan Institute of Development Economics,Public,Islamabad,Islamabad,1957,0,W2,Psychology,Arts & Social Sciences,2022,508,326,182,19,26.7,14.0,5.0,489.0,38.0,17.0,59.0,2.78,57.1,8.3,Mixed Urban-Rural,15229.0,5.0,1.0,Yes,PIDE Entry Test,Medium,60% / 100 marks,9.0
PK-FED-015,Pakistan Institute of Development Economics,Public,Islamabad,Islamabad,1957,0,W2,Psychology,Arts & Social Sciences,2023,654,253,401,24,27.2,0.0,50.0,604.0,75.0,25.0,48.0,3.39,64.5,15.3,Mostly Rural,18577.0,18.0,0.0,Yes,PIDE Entry Test,Medium,60% / 100 marks,12.0
PK-FED-015,Pakistan Institute of Development Economics,Public,Islamabad,Islamabad,1957,0,W2,Psychology,Arts & Social Sciences,2024,542,209,333,15,36.1,15.0,0.0,527.0,55.0,1.0,65.0,3.04,53.6,14.9,Mostly Urban,25694.0,12.5,26.0,Yes,PIDE Entry Test,Medium,60% / 100 marks,11.0
PK-FED-015,Pakistan Institute of Development Economics,Public,Islamabad,Islamabad,1957,0,W2,Psychology,Arts & Social Sciences,2025,557,352,205,19,29.3,19.0,54.0,484.0,55.0,25.0,41.0,2.82,66.7,1.9,Mostly Rural,38893.0,12.5,35.0,Yes,PIDE Entry Test,Medium,60% / 100 marks,9.0
PK-FED-015,Pakistan Institute of Development Economics,Public,Islamabad,Islamabad,1957,0,W2,Sociology,Arts & Social Sciences,2022,433,298,135,14,30.9,6.0,73.0,354.0,55.0,48.0,41.0,3.01,45.9,8.1,Mixed Urban-Rural,28356.0,4.0,13.0,Yes,PIDE Entry Test,Medium,60% / 100 marks,11.0
PK-FED-015,Pakistan Institute of Development Economics,Public,Islamabad,Islamabad,1957,0,W2,Sociology,Arts & Social Sciences,2023,492,268,224,19,25.9,16.0,94.0,382.0,77.0,3.0,63.0,3.22,44.3,4.0,Mostly Urban,8365.0,16.0,20.0,Yes,PIDE Entry Test,Medium,60% / 100 marks,9.0
PK-FED-015,Pakistan Institute of Development Economics,Public,Islamabad,Islamabad,1957,0,W2,Sociology,Arts & Social Sciences,2024,519,238,281,18,28.8,0.0,0.0,519.0,59.0,24.0,13.0,3.56,49.7,3.5,Mixed Urban-Rural,35799.0,16.0,15.5,Yes,PIDE Entry Test,Medium,60% / 100 marks,12.0
PK-FED-015,Pakistan Institute of Development Economics,Public,Islamabad,Islamabad,1957,0,W2,Sociology,Arts & Social Sciences,2025,526,274,252,23,22.9,9.0,87.0,430.0,83.0,36.0,37.0,3.17,43.9,11.6,Mostly Rural,38335.0,5.0,15.5,Yes,PIDE Entry Test,Medium,60% / 100 marks,11.0
PK-FED-010,Pakistan Institute of Engineering & Applied Sci.,Public,Islamabad,Nilore,1967,0,W4,Computer Science,STEM,2022,1817,1168,649,69,26.3,0.0,225.0,1592.0,116.0,40.5,33.0,3.34,87.3,15.7,Mostly Rural,15403.0,8.0,9.0,Yes,PIEAS Entry Test,Difficult,80% / 200 marks,28.0
PK-FED-010,Pakistan Institute of Engineering & Applied Sci.,Public,Islamabad,Nilore,1967,0,W4,Computer Science,STEM,2023,1785,1112,673,54,33.1,61.0,196.0,1528.0,211.0,51.0,80.0,3.49,74.3,17.3,Mostly Rural,23491.0,13.0,16.0,Yes,PIEAS Entry Test,Difficult,80% / 200 marks,26.0
PK-FED-010,Pakistan Institute of Engineering & Applied Sci.,Public,Islamabad,Nilore,1967,0,W4,Computer Science,STEM,2024,1816,1268,548,57,31.9,104.0,140.0,1572.0,328.0,51.0,23.0,3.12,78.8,15.1,Mostly Urban,29805.0,9.0,22.0,Yes,PIEAS Entry Test,Difficult,80% / 200 marks,23.0
PK-FED-010,Pakistan Institute of Engineering & Applied Sci.,Public,Islamabad,Nilore,1967,0,W4,Computer Science,STEM,2025,1932,1213,719,66,29.3,0.0,321.0,1611.0,99.0,50.0,9.0,3.34,79.2,11.0,Mixed Urban-Rural,16525.0,11.0,8.0,Yes,PIEAS Entry Test,Difficult,80% / 200 marks,28.0
PK-FED-010,Pakistan Institute of Engineering & Applied Sci.,Public,Islamabad,Nilore,1967,0,W4,Electrical Engineering,STEM,2022,1720,1000,720,65,26.5,57.0,0.0,1663.0,206.0,60.0,48.0,3.27,72.5,11.25,Mostly Urban,13831.0,6.0,15.0,Yes,PIEAS Entry Test,Difficult,80% / 200 marks,28.0
PK-FED-010,Pakistan Institute of Engineering & Applied Sci.,Public,Islamabad,Nilore,1967,0,W4,Electrical Engineering,STEM,2023,1996,1165,831,83,24.0,116.0,253.0,1627.0,211.0,27.0,75.0,2.81,83.3,11.25,Mostly Rural,25445.0,14.0,13.0,Yes,PIEAS Entry Test,Difficult,80% / 200 marks,27.0
PK-FED-010,Pakistan Institute of Engineering & Applied Sci.,Public,Islamabad,Nilore,1967,0,W4,Electrical Engineering,STEM,2024,2245,1069,1176,72,31.2,63.0,350.0,1832.0,211.0,15.0,21.0,3.56,74.7,2.9,Mixed Urban-Rural,34054.0,14.0,16.0,Yes,PIEAS Entry Test,Difficult,80% / 200 marks,24.0
PK-FED-010,Pakistan Institute of Engineering & Applied Sci.,Public,Islamabad,Nilore,1967,0,W4,Electrical Engineering,STEM,2025,1860,1059,801,82,22.7,11.0,0.0,1849.0,348.0,38.0,48.0,3.34,82.9,7.8,Mostly Urban,44671.0,6.0,21.0,Yes,PIEAS Entry Test,Difficult,80% / 200 marks,22.0
PK-FED-010,Pakistan Institute of Engineering & Applied Sci.,Public,Islamabad,Nilore,1967,0,W4,Industrial Engineering,STEM,2022,2476,1208,1268,85,29.1,71.0,474.0,1931.0,211.0,40.5,48.0,3.51,64.3,16.4,Mostly Urban,41880.0,16.0,9.0,Yes,PIEAS Entry Test,Difficult,80% / 200 marks,26.0
PK-FED-010,Pakistan Institute of Engineering & Applied Sci.,Public,Islamabad,Nilore,1967,0,W4,Industrial Engineering,STEM,2023,2863,1986,877,94,30.5,111.0,506.0,2246.0,41.0,10.0,9.0,3.38,69.0,11.25,Mixed Urban-Rural,40308.0,4.0,13.0,Yes,PIEAS Entry Test,Difficult,80% / 200 marks,24.0
PK-FED-010,Pakistan Institute of Engineering & Applied Sci.,Public,Islamabad,Nilore,1967,0,W4,Industrial Engineering,STEM,2024,3178,1402,1776,131,24.3,235.0,0.0,2943.0,9.0,36.0,77.0,2.63,70.1,12.7,Mixed Urban-Rural,15994.0,4.0,9.0,Yes,PIEAS Entry Test,Difficult,80% / 200 marks,23.0
PK-FED-010,Pakistan Institute of Engineering & Applied Sci.,Public,Islamabad,Nilore,1967,0,W4,Industrial Engineering,STEM,2025,2674,1434,1240,85,31.5,115.0,132.0,2427.0,10.0,2.0,37.0,2.96,69.7,2.3,Mostly Urban,28631.0,13.0,15.0,Yes,PIEAS Entry Test,Difficult,80% / 200 marks,26.0
PK-FED-010,Pakistan Institute of Engineering & Applied Sci.,Public,Islamabad,Nilore,1967,0,W4,Mechanical Engineering,STEM,2022,1702,1205,497,51,33.4,39.0,251.0,1412.0,211.0,48.0,23.0,3.59,65.4,13.6,Mostly Rural,31530.0,16.0,24.0,Yes,PIEAS Entry Test,Difficult,80% / 200 marks,25.0
PK-FED-010,Pakistan Institute of Engineering & Applied Sci.,Public,Islamabad,Nilore,1967,0,W4,Mechanical Engineering,STEM,2023,1907,1089,818,69,27.6,118.0,331.0,1458.0,223.0,40.5,26.0,3.29,76.1,4.1,Mostly Urban,27051.0,16.0,8.0,Yes,PIEAS Entry Test,Difficult,80% / 200 marks,23.0
PK-FED-010,Pakistan Institute of Engineering & Applied Sci.,Public,Islamabad,Nilore,1967,0,W4,Mechanical Engineering,STEM,2024,2071,998,1073,82,25.3,0.0,48.0,2023.0,211.0,40.5,73.0,2.99,70.8,13.4,Mostly Urban,40993.0,15.0,15.0,Yes,PIEAS Entry Test,Difficult,80% / 200 marks,24.0
PK-FED-010,Pakistan Institute of Engineering & Applied Sci.,Public,Islamabad,Nilore,1967,0,W4,Mechanical Engineering,STEM,2025,1891,971,920,81,23.3,47.0,40.0,1804.0,348.0,51.0,78.0,2.72,78.0,11.5,Mostly Urban,8383.0,16.0,25.0,Yes,PIEAS Entry Test,Difficult,80% / 200 marks,25.0
PK-FED-010,Pakistan Institute of Engineering & Applied Sci.,Public,Islamabad,Nilore,1967,0,W4,Software Engineering,STEM,2022,3884,2270,1614,137,28.4,64.0,195.0,3625.0,711.0,51.0,49.0,3.34,85.9,11.25,Mixed Urban-Rural,9757.0,13.0,34.0,Yes,PIEAS Entry Test,Difficult,80% / 200 marks,26.0
PK-FED-010,Pakistan Institute of Engineering & Applied Sci.,Public,Islamabad,Nilore,1967,0,W4,Software Engineering,STEM,2023,3364,1622,1742,120,28.0,241.0,0.0,3123.0,161.0,28.0,48.0,3.51,83.6,5.5,Mostly Urban,29879.0,14.0,31.0,Yes,PIEAS Entry Test,Difficult,80% / 200 marks,25.0
PK-FED-010,Pakistan Institute of Engineering & Applied Sci.,Public,Islamabad,Nilore,1967,0,W4,Software Engineering,STEM,2024,3969,2312,1657,135,29.4,249.0,62.0,3658.0,747.0,43.0,65.0,2.67,80.7,8.5,Mostly Urban,35337.0,12.0,27.0,Yes,PIEAS Entry Test,Difficult,80% / 200 marks,24.0
PK-FED-010,Pakistan Institute of Engineering & Applied Sci.,Public,Islamabad,Nilore,1967,0,W4,Software Engineering,STEM,2025,3432,1640,1792,140,24.5,239.0,300.0,2893.0,352.0,54.0,31.0,3.64,81.5,7.9,Mostly Urban,31609.0,10.0,5.0,Yes,PIEAS Entry Test,Difficult,80% / 200 marks,24.0
PK-FED-010,Pakistan Institute of Engineering & Applied Sci.,Public,Islamabad,Nilore,1967,0,W4,Telecommunication,STEM,2022,2529,1132,1397,84,30.1,66.0,81.0,2382.0,112.0,1.0,66.0,3.49,71.6,15.7,Mostly Urban,15469.0,16.0,21.0,Yes,PIEAS Entry Test,Difficult,80% / 200 marks,28.0
PK-FED-010,Pakistan Institute of Engineering & Applied Sci.,Public,Islamabad,Nilore,1967,0,W4,Telecommunication,STEM,2023,3085,1979,1106,96,32.1,204.0,113.0,2768.0,111.0,59.0,68.0,3.54,78.9,14.4,Mostly Urban,44862.0,13.0,13.0,Yes,PIEAS Entry Test,Difficult,80% / 200 marks,24.0
PK-FED-010,Pakistan Institute of Engineering & Applied Sci.,Public,Islamabad,Nilore,1967,0,W4,Telecommunication,STEM,2024,3279,1421,1858,127,25.8,0.0,425.0,2854.0,377.0,8.0,15.0,3.12,77.1,1.6,Mostly Urban,19223.0,14.0,15.0,Yes,PIEAS Entry Test,Difficult,80% / 200 marks,25.0
PK-FED-010,Pakistan Institute of Engineering & Applied Sci.,Public,Islamabad,Nilore,1967,0,W4,Telecommunication,STEM,2025,2824,1796,1028,102,27.7,92.0,453.0,2279.0,474.0,33.0,55.0,3.64,73.7,1.7,Mostly Urban,28631.0,13.0,9.0,Yes,PIEAS Entry Test,Difficult,80% / 200 marks,28.0
PK-FED-001,Quaid-i-Azam University,Public,Islamabad,Islamabad,1967,0,W4,Civil Engineering,STEM,2022,2732,1430,1302,122,22.4,1.0,163.0,2568.0,434.0,37.0,6.0,3.65,63.5,7.1,Mostly Rural,14078.0,20.0,2.0,Yes,QAU Entry Test,Medium,60% / 100 marks,44.0
PK-FED-001,Quaid-i-Azam University,Public,Islamabad,Islamabad,1967,0,W4,Civil Engineering,STEM,2023,3328,1871,1457,96,34.7,148.0,238.0,2942.0,76.0,34.0,49.0,3.52,66.1,7.8,Mostly Rural,31283.0,3.0,10.0,Yes,QAU Entry Test,Medium,60% / 100 marks,43.0
PK-FED-001,Quaid-i-Azam University,Public,Islamabad,Islamabad,1967,0,W4,Civil Engineering,STEM,2024,3287,1522,1765,117,28.1,0.0,323.0,2964.0,337.0,49.0,74.0,3.22,64.3,2.6,Mostly Rural,21934.0,15.0,13.0,Yes,QAU Entry Test,Medium,60% / 100 marks,42.0
PK-FED-001,Quaid-i-Azam University,Public,Islamabad,Islamabad,1967,0,W4,Civil Engineering,STEM,2025,3075,1947,1128,106,29.0,23.0,112.0,2940.0,229.0,8.0,77.0,3.26,72.0,4.1,Mixed Urban-Rural,38674.0,1.0,7.0,Yes,QAU Entry Test,Medium,60% / 100 marks,42.0
PK-FED-001,Quaid-i-Azam University,Public,Islamabad,Islamabad,1967,0,W4,Computer Science,STEM,2022,3179,2038,1141,120,26.5,0.0,305.0,2874.0,274.0,48.0,3.0,3.01,78.7,9.9,Mixed Urban-Rural,42757.0,1.0,13.0,Yes,QAU Entry Test,Medium,60% / 100 marks,39.0
PK-FED-001,Quaid-i-Azam University,Public,Islamabad,Islamabad,1967,0,W4,Computer Science,STEM,2023,3016,2156,860,92,32.8,0.0,128.0,2888.0,92.0,52.0,75.0,3.2,77.8,8.6,Mixed Urban-Rural,35730.0,7.0,25.0,Yes,QAU Entry Test,Medium,60% / 100 marks,42.0
PK-FED-001,Quaid-i-Azam University,Public,Islamabad,Islamabad,1967,0,W4,Computer Science,STEM,2024,3607,2167,1440,130,27.7,112.0,0.0,3495.0,199.0,34.0,31.0,3.255,82.3,2.5,Mixed Urban-Rural,26129.0,16.0,8.0,Yes,QAU Entry Test,Medium,60% / 100 marks,42.0
PK-FED-001,Quaid-i-Azam University,Public,Islamabad,Islamabad,1967,0,W4,Computer Science,STEM,2025,3507,2384,1123,118,29.7,239.0,55.0,3213.0,104.0,22.0,55.0,3.255,77.9,17.7,Mostly Urban,30236.0,7.0,8.0,Yes,QAU Entry Test,Medium,60% / 100 marks,38.0
PK-FED-001,Quaid-i-Azam University,Public,Islamabad,Islamabad,1967,0,W4,Environmental Science,STEM,2022,2335,1254,1081,69,33.8,23.0,434.0,1878.0,199.0,34.0,73.0,3.55,48.2,8.2,Mostly Rural,18789.0,15.0,35.0,Yes,QAU Entry Test,Medium,60% / 100 marks,39.0
PK-FED-001,Quaid-i-Azam University,Public,Islamabad,Islamabad,1967,0,W4,Environmental Science,STEM,2023,2731,1489,1242,111,24.6,0.0,543.0,2188.0,67.0,3.0,39.5,3.255,50.5,17.4,Mostly Urban,12453.0,19.0,2.0,Yes,QAU Entry Test,Medium,60% / 100 marks,38.0
PK-FED-001,Quaid-i-Azam University,Public,Islamabad,Islamabad,1967,0,W4,Environmental Science,STEM,2024,2795,1460,1335,94,29.7,0.0,468.0,2327.0,326.0,25.0,29.0,3.255,55.4,13.9,Mostly Urban,44896.0,17.0,22.0,Yes,QAU Entry Test,Medium,60% / 100 marks,43.0
PK-FED-001,Quaid-i-Azam University,Public,Islamabad,Islamabad,1967,0,W4,Environmental Science,STEM,2025,3062,2078,984,114,26.9,76.0,106.0,2880.0,546.0,34.0,41.0,3.255,49.5,3.7,Mostly Rural,44256.0,11.0,16.0,Yes,QAU Entry Test,Medium,60% / 100 marks,41.0
PK-FED-001,Quaid-i-Azam University,Public,Islamabad,Islamabad,1967,0,W4,Mathematics,STEM,2022,2862,1968,894,86,33.3,67.0,452.0,2343.0,199.0,8.0,38.0,3.255,51.5,8.6,Mostly Urban,26129.0,12.0,9.0,Yes,QAU Entry Test,Medium,60% / 100 marks,44.0
PK-FED-001,Quaid-i-Azam University,Public,Islamabad,Islamabad,1967,0,W4,Mathematics,STEM,2023,2934,1156,1778,109,26.9,0.0,416.0,2518.0,220.0,42.0,8.0,2.86,64.9,13.9,Mostly Urban,19603.0,11.0,26.0,Yes,QAU Entry Test,Medium,60% / 100 marks,42.0
PK-FED-001,Quaid-i-Azam University,Public,Islamabad,Islamabad,1967,0,W4,Mathematics,STEM,2024,3309,2229,1080,101,32.8,235.0,233.0,2841.0,44.0,14.0,16.0,2.91,54.3,12.4,Mostly Rural,26129.0,13.0,34.0,Yes,QAU Entry Test,Medium,60% / 100 marks,43.0
PK-FED-001,Quaid-i-Azam University,Public,Islamabad,Islamabad,1967,0,W4,Mathematics,STEM,2025,3056,1189,1867,91,33.6,80.0,523.0,2453.0,199.0,22.0,36.0,2.81,54.2,8.6,Mixed Urban-Rural,26129.0,18.0,12.0,Yes,QAU Entry Test,Medium,60% / 100 marks,39.0
PK-FED-001,Quaid-i-Azam University,Public,Islamabad,Islamabad,1967,0,W4,Mechanical Engineering,STEM,2022,2253,1582,671,66,34.1,103.0,283.0,1867.0,158.0,42.0,18.0,3.63,74.0,8.6,Mostly Rural,19405.0,1.0,13.0,Yes,QAU Entry Test,Medium,60% / 100 marks,40.0
PK-FED-001,Quaid-i-Azam University,Public,Islamabad,Islamabad,1967,0,W4,Mechanical Engineering,STEM,2023,2342,1351,991,76,30.8,168.0,0.0,2174.0,411.0,50.0,30.0,3.5,71.4,11.9,Mostly Urban,28343.0,12.5,13.0,Yes,QAU Entry Test,Medium,60% / 100 marks,42.0
PK-FED-001,Quaid-i-Azam University,Public,Islamabad,Islamabad,1967,0,W4,Mechanical Engineering,STEM,2024,2748,1615,1133,85,32.3,0.0,109.0,2639.0,398.0,15.0,76.0,3.37,71.3,5.1,Mostly Urban,44530.0,15.0,35.0,Yes,QAU Entry Test,Medium,60% / 100 marks,42.0
PK-FED-001,Quaid-i-Azam University,Public,Islamabad,Islamabad,1967,0,W4,Mechanical Engineering,STEM,2025,2601,1828,773,77,33.8,115.0,253.0,2233.0,461.0,47.0,67.0,3.13,73.8,6.1,Mostly Urban,36827.0,9.0,34.0,Yes,QAU Entry Test,Medium,60% / 100 marks,43.0
PK-FED-001,Quaid-i-Azam University,Public,Islamabad,Islamabad,1967,0,W4,Physics,STEM,2022,1031,472,559,33,31.2,53.0,197.0,781.0,143.0,3.0,39.5,3.44,55.3,13.0,Mostly Rural,8386.0,14.0,34.0,Yes,QAU Entry Test,Medium,60% / 100 marks,42.0
PK-FED-001,Quaid-i-Azam University,Public,Islamabad,Islamabad,1967,0,W4,Physics,STEM,2023,1259,862,397,44,28.6,0.0,32.0,1227.0,178.0,46.0,52.0,3.25,48.4,10.3,Mostly Urban,13501.0,6.0,13.0,Yes,QAU Entry Test,Medium,60% / 100 marks,38.0
PK-FED-001,Quaid-i-Azam University,Public,Islamabad,Islamabad,1967,0,W4,Physics,STEM,2024,1179,532,647,44,26.8,44.0,17.0,1118.0,25.0,47.0,56.0,3.64,56.2,12.3,Mostly Urban,9335.0,12.5,13.0,Yes,QAU Entry Test,Medium,60% / 100 marks,42.0
PK-FED-001,Quaid-i-Azam University,Public,Islamabad,Islamabad,1967,0,W4,Physics,STEM,2025,1243,580,663,46,27.0,39.0,232.0,972.0,46.0,6.0,17.0,2.68,53.7,8.0,Mostly Rural,23915.0,20.0,2.0,Yes,QAU Entry Test,Medium,60% / 100 marks,42.0
PK-FED-012,Riphah International University,Private,Islamabad,Islamabad,2002,0,W2,Biology,STEM,2022,893,406,487,26,34.3,0.0,52.0,841.0,56.5,12.0,3.0,3.2,51.3,9.7,Mostly Urban,81787.0,15.0,12.0,Yes,Riphah Entry Test,Easy,40% / 100 marks,17.0
PK-FED-012,Riphah International University,Private,Islamabad,Islamabad,2002,0,W2,Biology,STEM,2023,832,366,466,32,26.0,50.0,120.0,662.0,128.0,31.0,28.0,3.44,47.6,9.8,Mostly Urban,118176.0,3.0,19.0,Yes,Riphah Entry Test,Easy,40% / 100 marks,14.0
PK-FED-012,Riphah International University,Private,Islamabad,Islamabad,2002,0,W2,Biology,STEM,2024,937,404,533,29,32.3,60.0,48.0,829.0,148.0,4.0,61.0,3.4,47.1,9.7,Mostly Rural,108025.0,12.0,19.0,Yes,Riphah Entry Test,Easy,40% / 100 marks,16.0
PK-FED-012,Riphah International University,Private,Islamabad,Islamabad,2002,0,W2,Biology,STEM,2025,978,567,411,35,27.9,32.0,192.0,754.0,46.0,31.0,52.0,3.36,43.6,9.9,Mixed Urban-Rural,105506.0,16.0,13.0,Yes,Riphah Entry Test,Easy,40% / 100 marks,14.0
PK-FED-012,Riphah International University,Private,Islamabad,Islamabad,2002,0,W2,Computer Science,STEM,2022,536,326,210,17,31.5,42.0,1.0,493.0,23.0,38.0,61.0,3.37,84.3,9.7,Mixed Urban-Rural,140377.0,3.0,12.0,Yes,Riphah Entry Test,Easy,40% / 100 marks,14.0
PK-FED-012,Riphah International University,Private,Islamabad,Islamabad,2002,0,W2,Computer Science,STEM,2023,589,257,332,21,28.0,46.0,13.0,530.0,53.0,46.0,71.0,2.76,85.1,14.3,Mostly Urban,142162.0,16.0,13.0,Yes,Riphah Entry Test,Easy,40% / 100 marks,19.0
PK-FED-012,Riphah International University,Private,Islamabad,Islamabad,2002,0,W2,Computer Science,STEM,2024,501,308,193,17,29.5,32.0,57.0,412.0,28.0,12.0,24.0,3.42,84.5,5.0,Mostly Rural,115150.0,20.0,13.0,Yes,Riphah Entry Test,Easy,40% / 100 marks,14.0
PK-FED-012,Riphah International University,Private,Islamabad,Islamabad,2002,0,W2,Computer Science,STEM,2025,596,242,354,25,23.8,6.0,0.0,590.0,56.5,31.0,38.0,3.47,76.0,17.3,Mostly Urban,87785.0,17.0,17.0,Yes,Riphah Entry Test,Easy,40% / 100 marks,19.0
PK-FED-012,Riphah International University,Private,Islamabad,Islamabad,2002,0,W2,Economics,Business,2022,642,317,325,23,27.9,3.0,84.0,555.0,125.0,25.0,43.0,3.04,62.9,1.6,Mostly Urban,73201.0,12.0,15.0,Yes,Riphah Entry Test,Easy,40% / 100 marks,17.0
PK-FED-012,Riphah International University,Private,Islamabad,Islamabad,2002,0,W2,Economics,Business,2023,651,384,267,21,31.0,1.0,11.0,639.0,56.5,60.0,27.0,2.86,64.6,13.6,Mostly Rural,65665.0,4.0,18.0,Yes,Riphah Entry Test,Easy,40% / 100 marks,18.0
PK-FED-012,Riphah International University,Private,Islamabad,Islamabad,2002,0,W2,Economics,Business,2024,713,443,270,21,34.0,43.0,119.0,551.0,56.5,5.0,67.0,3.37,71.0,8.9,Mostly Urban,86575.0,3.0,13.0,Yes,Riphah Entry Test,Easy,40% / 100 marks,19.0
PK-FED-012,Riphah International University,Private,Islamabad,Islamabad,2002,0,W2,Economics,Business,2025,803,313,490,23,34.9,15.0,136.0,652.0,70.0,60.0,38.0,2.97,62.2,9.6,Mostly Rural,63476.0,13.0,35.0,Yes,Riphah Entry Test,Easy,40% / 100 marks,20.0
PK-FED-012,Riphah International University,Private,Islamabad,Islamabad,2002,0,W2,Environmental Science,STEM,2022,641,292,349,27,23.7,36.0,80.0,525.0,124.0,31.0,38.0,3.37,48.4,11.0,Mostly Rural,87785.0,11.0,8.0,Yes,Riphah Entry Test,Easy,40% / 100 marks,19.0
PK-FED-012,Riphah International University,Private,Islamabad,Islamabad,2002,0,W2,Environmental Science,STEM,2023,623,364,259,25,24.9,43.0,76.0,504.0,109.0,53.0,61.0,3.51,53.3,13.8,Mixed Urban-Rural,87785.0,4.0,30.0,Yes,Riphah Entry Test,Easy,40% / 100 marks,15.0
PK-FED-012,Riphah International University,Private,Islamabad,Islamabad,2002,0,W2,Environmental Science,STEM,2024,661,299,362,25,26.4,51.0,13.0,597.0,44.0,13.0,38.0,3.4,62.5,14.3,Mixed Urban-Rural,75865.0,14.0,22.0,Yes,Riphah Entry Test,Easy,40% / 100 marks,14.0
PK-FED-012,Riphah International University,Private,Islamabad,Islamabad,2002,0,W2,Environmental Science,STEM,2025,703,360,343,24,29.3,50.0,13.0,640.0,105.0,31.0,27.0,2.78,51.5,13.2,Mostly Urban,118234.0,7.0,0.0,Yes,Riphah Entry Test,Easy,40% / 100 marks,17.0
PK-FED-012,Riphah International University,Private,Islamabad,Islamabad,2002,0,W2,History,Arts & Social Sciences,2022,548,315,233,17,32.2,30.0,6.0,512.0,26.0,6.0,57.0,2.97,47.8,9.7,Mostly Rural,74473.0,4.0,31.0,Yes,Riphah Entry Test,Easy,40% / 100 marks,17.0
PK-FED-012,Riphah International University,Private,Islamabad,Islamabad,2002,0,W2,History,Arts & Social Sciences,2023,515,300,215,21,24.5,23.0,0.0,492.0,88.0,40.0,14.0,3.31,43.9,9.7,Mostly Urban,84482.0,19.0,6.0,Yes,Riphah Entry Test,Easy,40% / 100 marks,15.0
PK-FED-012,Riphah International University,Private,Islamabad,Islamabad,2002,0,W2,History,Arts & Social Sciences,2024,598,264,334,21,28.5,34.0,104.0,460.0,56.5,45.0,76.0,3.46,42.3,8.0,Mixed Urban-Rural,63379.0,4.0,13.0,Yes,Riphah Entry Test,Easy,40% / 100 marks,16.0
PK-FED-012,Riphah International University,Private,Islamabad,Islamabad,2002,0,W2,History,Arts & Social Sciences,2025,641,439,202,26,24.7,0.0,41.0,600.0,45.0,31.0,74.0,3.43,41.6,9.7,Mostly Rural,71346.0,6.0,0.0,Yes,Riphah Entry Test,Easy,40% / 100 marks,18.0
PK-FED-012,Riphah International University,Private,Islamabad,Islamabad,2002,0,W2,Information Technology,STEM,2022,384,269,115,13,29.5,11.0,65.0,308.0,56.5,20.0,59.0,2.86,83.5,3.1,Mostly Urban,94283.0,20.0,22.0,Yes,Riphah Entry Test,Easy,40% / 100 marks,20.0
PK-FED-012,Riphah International University,Private,Islamabad,Islamabad,2002,0,W2,Information Technology,STEM,2023,397,249,148,14,28.4,9.0,9.0,379.0,15.0,43.0,23.0,3.31,79.8,5.9,Mixed Urban-Rural,128877.0,14.0,20.0,Yes,Riphah Entry Test,Easy,40% / 100 marks,17.0
PK-FED-012,Riphah International University,Private,Islamabad,Islamabad,2002,0,W2,Information Technology,STEM,2024,485,255,230,21,23.1,4.0,11.0,470.0,56.5,31.0,38.0,3.56,80.7,7.0,Mostly Urban,56292.0,8.0,6.0,Yes,Riphah Entry Test,Easy,40% / 100 marks,19.0
PK-FED-012,Riphah International University,Private,Islamabad,Islamabad,2002,0,W2,Information Technology,STEM,2025,478,201,277,16,29.9,35.0,12.0,431.0,56.5,36.0,65.0,3.03,85.0,4.3,Mostly Rural,124688.0,5.0,32.0,Yes,Riphah Entry Test,Easy,40% / 100 marks,16.0
PK-FED-012,Riphah International University,Private,Islamabad,Islamabad,2002,0,W2,Mathematics,STEM,2022,807,341,466,29,27.8,53.0,46.0,708.0,99.0,15.0,38.0,2.92,61.8,7.3,Mostly Urban,123235.0,3.0,26.0,Yes,Riphah Entry Test,Easy,40% / 100 marks,14.0
PK-FED-012,Riphah International University,Private,Islamabad,Islamabad,2002,0,W2,Mathematics,STEM,2023,974,650,324,32,30.4,63.0,2.0,909.0,19.0,31.0,14.0,3.4,51.2,8.5,Mixed Urban-Rural,122503.0,4.0,12.0,Yes,Riphah Entry Test,Easy,40% / 100 marks,16.0
PK-FED-012,Riphah International University,Private,Islamabad,Islamabad,2002,0,W2,Mathematics,STEM,2024,1039,658,381,33,31.5,67.0,10.0,962.0,174.0,52.0,34.0,3.57,61.2,17.4,Mostly Rural,84500.0,17.0,3.0,Yes,Riphah Entry Test,Easy,40% / 100 marks,20.0
PK-FED-012,Riphah International University,Private,Islamabad,Islamabad,2002,0,W2,Mathematics,STEM,2025,958,487,471,35,27.4,27.0,0.0,931.0,35.0,30.0,34.0,3.62,51.8,8.0,Mostly Urban,122571.0,20.0,3.0,Yes,Riphah Entry Test,Easy,40% / 100 marks,17.0
PK-FED-012,Riphah International University,Private,Islamabad,Islamabad,2002,0,W2,Statistics,STEM,2022,453,243,210,17,26.6,5.0,19.0,429.0,6.0,31.0,26.0,3.37,56.7,16.6,Mostly Rural,87785.0,12.0,11.0,Yes,Riphah Entry Test,Easy,40% / 100 marks,17.0
PK-FED-012,Riphah International University,Private,Islamabad,Islamabad,2002,0,W2,Statistics,STEM,2023,539,254,285,15,35.9,12.0,36.0,491.0,60.0,31.0,20.0,3.42,65.5,9.7,Mostly Rural,76012.0,9.0,13.0,Yes,Riphah Entry Test,Easy,40% / 100 marks,15.0
PK-FED-012,Riphah International University,Private,Islamabad,Islamabad,2002,0,W2,Statistics,STEM,2024,551,302,249,17,32.4,0.0,101.0,450.0,99.0,24.0,54.0,3.15,57.0,9.7,Mostly Urban,85999.0,14.0,0.0,Yes,Riphah Entry Test,Easy,40% / 100 marks,17.0
PK-FED-012,Riphah International University,Private,Islamabad,Islamabad,2002,0,W2,Statistics,STEM,2025,561,268,293,19,29.5,0.0,89.0,472.0,28.0,49.0,22.0,3.38,67.2,15.0,Mostly Urban,120841.0,19.0,9.0,Yes,Riphah Entry Test,Easy,40% / 100 marks,20.0
PK-FED-013,Virtual University of Pakistan,Public,Islamabad,Islamabad,2002,0,W2,Civil Engineering,STEM,2022,518,232,286,15,34.5,3.0,34.0,481.0,59.0,32.0,32.0,2.87,66.1,17.1,Mostly Urban,19911.0,9.5,13.0,No,None (Online Admission),Easy,40% / 100 marks,6.0
PK-FED-013,Virtual University of Pakistan,Public,Islamabad,Islamabad,2002,0,W2,Civil Engineering,STEM,2023,578,274,304,19,30.4,43.0,110.0,425.0,43.0,28.0,65.0,3.49,66.9,10.4,Mostly Urban,42659.0,7.0,5.0,No,None (Online Admission),Easy,40% / 100 marks,6.0
PK-FED-013,Virtual University of Pakistan,Public,Islamabad,Islamabad,2002,0,W2,Civil Engineering,STEM,2024,688,291,397,21,32.8,39.0,121.0,528.0,119.0,4.0,27.0,2.65,61.9,4.8,Mixed Urban-Rural,44077.0,12.0,7.0,No,None (Online Admission),Easy,40% / 100 marks,7.0
PK-FED-013,Virtual University of Pakistan,Public,Islamabad,Islamabad,2002,0,W2,Civil Engineering,STEM,2025,714,287,427,26,27.5,36.0,0.0,678.0,75.0,8.0,5.0,3.14,74.9,4.6,Mostly Urban,41651.0,17.0,24.0,No,None (Online Admission),Easy,40% / 100 marks,8.0
PK-FED-013,Virtual University of Pakistan,Public,Islamabad,Islamabad,2002,0,W2,Economics,Business,2022,574,258,316,26,22.1,33.0,109.0,432.0,106.0,32.0,4.0,2.79,66.2,13.2,Mostly Urban,25224.0,9.0,17.0,No,None (Online Admission),Easy,40% / 100 marks,8.0
PK-FED-013,Virtual University of Pakistan,Public,Islamabad,Islamabad,2002,0,W2,Economics,Business,2023,634,252,382,18,35.2,20.0,0.0,614.0,53.0,38.0,17.0,3.05,72.8,10.6,Mixed Urban-Rural,29275.0,12.0,17.0,No,None (Online Admission),Easy,40% / 100 marks,8.0
PK-FED-013,Virtual University of Pakistan,Public,Islamabad,Islamabad,2002,0,W2,Economics,Business,2024,555,394,161,19,29.2,16.0,81.0,458.0,53.0,24.0,77.0,2.96,72.7,4.9,Mostly Urban,33917.0,14.0,30.0,No,None (Online Admission),Easy,40% / 100 marks,9.0
PK-FED-013,Virtual University of Pakistan,Public,Islamabad,Islamabad,2002,0,W2,Economics,Business,2025,560,247,313,22,25.5,11.0,87.0,462.0,28.0,1.0,65.0,3.11,70.8,2.6,Mixed Urban-Rural,34378.0,9.5,0.0,No,None (Online Admission),Easy,40% / 100 marks,9.0
PK-FED-013,Virtual University of Pakistan,Public,Islamabad,Islamabad,2002,0,W2,Information Technology,STEM,2022,693,353,340,29,23.9,0.0,3.0,690.0,53.0,17.0,8.0,3.2,71.2,1.7,Mostly Rural,13568.0,15.0,19.0,No,None (Online Admission),Easy,40% / 100 marks,6.0
PK-FED-013,Virtual University of Pakistan,Public,Islamabad,Islamabad,2002,0,W2,Information Technology,STEM,2023,765,330,435,33,23.2,6.0,106.0,653.0,53.0,28.0,18.0,3.11,82.1,16.6,Mostly Rural,17658.0,13.0,7.0,No,None (Online Admission),Easy,40% / 100 marks,8.0
PK-FED-013,Virtual University of Pakistan,Public,Islamabad,Islamabad,2002,0,W2,Information Technology,STEM,2024,822,589,233,32,25.7,5.0,45.0,772.0,35.0,59.0,12.0,3.07,86.3,7.0,Mostly Rural,27763.0,4.0,31.0,No,None (Online Admission),Easy,40% / 100 marks,9.0
PK-FED-013,Virtual University of Pakistan,Public,Islamabad,Islamabad,2002,0,W2,Information Technology,STEM,2025,884,616,268,27,32.7,18.0,99.0,767.0,53.0,9.0,29.5,3.5,82.4,14.6,Mostly Rural,36013.0,9.5,8.0,No,None (Online Admission),Easy,40% / 100 marks,6.0
PK-FED-013,Virtual University of Pakistan,Public,Islamabad,Islamabad,2002,0,W2,Mechanical Engineering,STEM,2022,357,178,179,12,29.8,7.0,70.0,280.0,47.0,28.0,80.0,3.5,71.7,10.3,Mixed Urban-Rural,35645.0,8.0,15.0,No,None (Online Admission),Easy,40% / 100 marks,9.0
PK-FED-013,Virtual University of Pakistan,Public,Islamabad,Islamabad,2002,0,W2,Mechanical Engineering,STEM,2023,337,151,186,10,33.7,24.0,37.0,276.0,8.0,23.0,20.0,3.62,69.8,15.3,Mostly Urban,21810.0,4.0,9.0,No,None (Online Admission),Easy,40% / 100 marks,7.0
PK-FED-013,Virtual University of Pakistan,Public,Islamabad,Islamabad,2002,0,W2,Mechanical Engineering,STEM,2024,350,136,214,10,35.0,0.0,18.0,332.0,53.0,55.0,77.0,3.11,69.9,10.4,Mostly Urban,35295.0,5.0,19.0,No,None (Online Admission),Easy,40% / 100 marks,7.0
PK-FED-013,Virtual University of Pakistan,Public,Islamabad,Islamabad,2002,0,W2,Mechanical Engineering,STEM,2025,370,231,139,13,28.5,19.0,64.0,287.0,53.0,28.0,29.5,3.64,74.3,8.0,Mixed Urban-Rural,24911.0,8.0,10.0,No,None (Online Admission),Easy,40% / 100 marks,8.0
PK-FED-013,Virtual University of Pakistan,Public,Islamabad,Islamabad,2002,0,W2,Physics,STEM,2022,476,265,211,13,36.6,4.0,59.0,413.0,28.0,35.0,10.0,3.02,46.0,12.3,Mostly Rural,25224.0,4.0,10.0,No,None (Online Admission),Easy,40% / 100 marks,6.0
PK-FED-013,Virtual University of Pakistan,Public,Islamabad,Islamabad,2002,0,W2,Physics,STEM,2023,430,277,153,16,26.9,12.0,81.0,337.0,53.0,48.0,16.0,3.11,47.8,5.5,Mostly Rural,10940.0,9.5,19.0,No,None (Online Admission),Easy,40% / 100 marks,8.0
PK-FED-013,Virtual University of Pakistan,Public,Islamabad,Islamabad,2002,0,W2,Physics,STEM,2024,405,203,202,15,27.0,32.0,19.0,354.0,21.0,6.0,53.0,3.12,50.4,10.4,Mostly Urban,10451.0,3.0,5.0,No,None (Online Admission),Easy,40% / 100 marks,8.0
PK-FED-013,Virtual University of Pakistan,Public,Islamabad,Islamabad,2002,0,W2,Physics,STEM,2025,526,241,285,21,25.0,33.0,43.0,450.0,69.0,46.0,23.0,3.29,54.9,3.7,Mixed Urban-Rural,10622.0,7.0,4.0,No,None (Online Admission),Easy,40% / 100 marks,7.0
PK-FED-013,Virtual University of Pakistan,Public,Islamabad,Islamabad,2002,0,W2,Statistics,STEM,2022,310,222,88,13,23.8,14.0,59.0,237.0,56.0,5.0,42.0,2.99,55.2,2.6,Mostly Rural,25224.0,16.0,28.0,No,None (Online Admission),Easy,40% / 100 marks,8.0
PK-FED-013,Virtual University of Pakistan,Public,Islamabad,Islamabad,2002,0,W2,Statistics,STEM,2023,329,140,189,13,25.3,4.0,65.0,260.0,30.0,39.0,29.5,3.35,64.1,17.2,Mixed Urban-Rural,25224.0,9.5,3.0,No,None (Online Admission),Easy,40% / 100 marks,6.0
PK-FED-013,Virtual University of Pakistan,Public,Islamabad,Islamabad,2002,0,W2,Statistics,STEM,2024,347,160,187,10,34.7,14.0,44.0,289.0,56.0,14.0,40.0,3.11,55.1,12.1,Mostly Rural,15100.0,7.0,4.0,No,None (Online Admission),Easy,40% / 100 marks,10.0
PK-FED-013,Virtual University of Pakistan,Public,Islamabad,Islamabad,2002,0,W2,Statistics,STEM,2025,324,232,92,11,29.5,20.0,4.0,300.0,39.0,28.0,38.0,3.11,66.2,14.3,Mostly Urban,36187.0,9.5,27.0,No,None (Online Admission),Easy,40% / 100 marks,8.0
PK-FED-013,Virtual University of Pakistan,Public,Islamabad,Islamabad,2002,0,W2,Urdu,Arts & Social Sciences,2022,400,175,225,16,25.0,16.0,6.0,378.0,62.0,33.0,29.5,2.98,38.4,10.4,Mostly Rural,18782.0,18.0,10.0,No,None (Online Admission),Easy,40% / 100 marks,7.0
PK-FED-013,Virtual University of Pakistan,Public,Islamabad,Islamabad,2002,0,W2,Urdu,Arts & Social Sciences,2023,492,260,232,14,35.1,37.0,41.0,414.0,81.0,28.0,74.0,3.51,43.1,15.1,Mostly Rural,8929.0,16.0,7.0,No,None (Online Admission),Easy,40% / 100 marks,6.0
PK-FED-013,Virtual University of Pakistan,Public,Islamabad,Islamabad,2002,0,W2,Urdu,Arts & Social Sciences,2024,490,298,192,19,25.8,0.0,24.0,466.0,86.0,6.0,19.0,3.02,45.6,10.5,Mixed Urban-Rural,20527.0,12.0,1.0,No,None (Online Admission),Easy,40% / 100 marks,9.0
PK-FED-013,Virtual University of Pakistan,Public,Islamabad,Islamabad,2002,0,W2,Urdu,Arts & Social Sciences,2025,450,217,233,13,34.6,21.0,22.0,407.0,50.0,34.0,61.0,2.78,36.0,7.7,Mixed Urban-Rural,26679.0,10.0,6.0,No,None (Online Admission),Easy,40% / 100 marks,10.0
PK-KPK-013,Abbottabad University of Science & Technology,Public,KPK,Havelian,2008,0,W1,Civil Engineering,STEM,2022,60,39,21,5,12.0,0.0,0.0,60.0,12.0,45.0,11.0,3.24,74.5,17.7,Mostly Rural,42758.0,18.0,33.0,Yes,AUST Entry Test,Easy,45% / 100 marks,10.0
PK-KPK-013,Abbottabad University of Science & Technology,Public,KPK,Havelian,2008,0,W1,Civil Engineering,STEM,2023,59,37,22,5,11.8,2.0,8.0,49.0,23.5,35.0,33.0,3.22,66.3,6.8,Mostly Urban,15001.0,2.0,34.0,Yes,AUST Entry Test,Easy,45% / 100 marks,9.0
PK-KPK-013,Abbottabad University of Science & Technology,Public,KPK,Havelian,2008,0,W1,Civil Engineering,STEM,2024,58,41,17,5,11.6,4.0,8.0,46.0,23.5,17.0,73.0,2.94,65.2,15.2,Mostly Rural,21170.5,2.0,23.0,Yes,AUST Entry Test,Easy,45% / 100 marks,10.0
PK-KPK-013,Abbottabad University of Science & Technology,Public,KPK,Havelian,2008,0,W1,Civil Engineering,STEM,2025,58,31,27,5,11.6,0.0,0.0,58.0,11.0,46.0,22.0,3.03,60.6,18.0,Mostly Urban,8688.0,8.0,3.0,Yes,AUST Entry Test,Easy,45% / 100 marks,11.0
PK-KPK-013,Abbottabad University of Science & Technology,Public,KPK,Havelian,2008,0,W1,Computer Science,STEM,2022,256,129,127,9,28.4,11.0,44.0,201.0,23.5,1.0,49.0,3.23,87.4,6.9,Mostly Urban,39214.0,20.0,17.0,Yes,AUST Entry Test,Easy,45% / 100 marks,9.0
PK-KPK-013,Abbottabad University of Science & Technology,Public,KPK,Havelian,2008,0,W1,Computer Science,STEM,2023,255,110,145,8,31.9,12.0,1.0,242.0,10.0,49.0,44.0,3.6,83.5,1.9,Mostly Rural,12669.0,8.0,19.5,Yes,AUST Entry Test,Easy,45% / 100 marks,11.0
PK-KPK-013,Abbottabad University of Science & Technology,Public,KPK,Havelian,2008,0,W1,Computer Science,STEM,2024,255,167,88,8,31.9,17.0,14.0,224.0,33.0,42.5,20.0,3.21,76.1,14.5,Mostly Rural,43208.0,6.0,34.0,Yes,AUST Entry Test,Easy,45% / 100 marks,11.0
PK-KPK-013,Abbottabad University of Science & Technology,Public,KPK,Havelian,2008,0,W1,Computer Science,STEM,2025,321,208,113,12,26.8,10.0,50.0,261.0,21.0,51.0,26.0,3.65,80.2,10.3,Mostly Urban,10669.0,18.0,22.0,Yes,AUST Entry Test,Easy,45% / 100 marks,10.0
PK-KPK-013,Abbottabad University of Science & Technology,Public,KPK,Havelian,2008,0,W1,Industrial Engineering,STEM,2022,523,237,286,22,23.8,21.0,13.0,489.0,45.0,43.0,9.0,3.28,69.5,2.3,Mixed Urban-Rural,25939.0,10.0,33.0,Yes,AUST Entry Test,Easy,45% / 100 marks,8.0
PK-KPK-013,Abbottabad University of Science & Technology,Public,KPK,Havelian,2008,0,W1,Industrial Engineering,STEM,2023,566,237,329,18,31.4,42.0,32.0,492.0,39.0,5.0,17.0,3.21,75.5,10.25,Mostly Rural,21170.5,5.0,25.0,Yes,AUST Entry Test,Easy,45% / 100 marks,10.0
PK-KPK-013,Abbottabad University of Science & Technology,Public,KPK,Havelian,2008,0,W1,Industrial Engineering,STEM,2024,528,299,229,20,26.4,31.0,46.0,451.0,86.0,14.0,33.0,2.65,74.5,16.2,Mostly Urban,26057.0,18.0,19.5,Yes,AUST Entry Test,Easy,45% / 100 marks,9.0
PK-KPK-013,Abbottabad University of Science & Technology,Public,KPK,Havelian,2008,0,W1,Industrial Engineering,STEM,2025,545,241,304,19,28.7,10.0,29.0,506.0,55.0,42.5,16.0,2.67,66.3,13.3,Mixed Urban-Rural,21542.0,7.0,19.5,Yes,AUST Entry Test,Easy,45% / 100 marks,9.0
PK-KPK-013,Abbottabad University of Science & Technology,Public,KPK,Havelian,2008,0,W1,Mechanical Engineering,STEM,2022,144,60,84,6,24.0,9.0,14.0,121.0,14.0,19.0,33.0,3.58,71.1,4.4,Mostly Urban,39626.0,14.0,10.0,Yes,AUST Entry Test,Easy,45% / 100 marks,12.0
PK-KPK-013,Abbottabad University of Science & Technology,Public,KPK,Havelian,2008,0,W1,Mechanical Engineering,STEM,2023,150,84,66,5,30.0,11.0,15.0,124.0,8.0,45.0,37.0,2.9,72.4,10.2,Mostly Urban,20799.0,14.0,19.5,Yes,AUST Entry Test,Easy,45% / 100 marks,9.0
PK-KPK-013,Abbottabad University of Science & Technology,Public,KPK,Havelian,2008,0,W1,Mechanical Engineering,STEM,2024,160,82,78,5,32.0,2.0,5.0,153.0,21.0,47.0,10.0,2.94,73.4,11.4,Mostly Rural,16260.0,17.0,15.0,Yes,AUST Entry Test,Easy,45% / 100 marks,9.0
PK-KPK-013,Abbottabad University of Science & Technology,Public,KPK,Havelian,2008,0,W1,Mechanical Engineering,STEM,2025,158,73,85,6,26.3,9.0,19.0,130.0,23.5,42.0,60.0,3.36,70.8,5.0,Mostly Urban,19745.0,13.0,17.0,Yes,AUST Entry Test,Easy,45% / 100 marks,8.0
PK-KPK-013,Abbottabad University of Science & Technology,Public,KPK,Havelian,2008,0,W1,Software Engineering,STEM,2022,300,125,175,9,33.3,16.0,46.0,238.0,19.0,42.5,33.0,3.21,80.8,4.8,Mostly Urban,12508.0,10.0,19.5,Yes,AUST Entry Test,Easy,45% / 100 marks,12.0
PK-KPK-013,Abbottabad University of Science & Technology,Public,KPK,Havelian,2008,0,W1,Software Engineering,STEM,2023,274,163,111,8,34.2,11.0,49.0,214.0,11.0,54.0,42.0,3.2,80.8,9.5,Mostly Rural,38605.0,3.0,33.0,Yes,AUST Entry Test,Easy,45% / 100 marks,12.0
PK-KPK-013,Abbottabad University of Science & Technology,Public,KPK,Havelian,2008,0,W1,Software Engineering,STEM,2024,260,121,139,7,37.1,5.0,41.0,214.0,24.0,54.0,33.0,3.1,84.3,15.1,Mostly Rural,21170.5,11.0,19.5,Yes,AUST Entry Test,Easy,45% / 100 marks,8.0
PK-KPK-013,Abbottabad University of Science & Technology,Public,KPK,Havelian,2008,0,W1,Software Engineering,STEM,2025,267,102,165,8,33.4,0.0,14.0,253.0,44.0,42.5,18.0,3.51,80.2,2.0,Mostly Rural,17090.0,7.0,14.0,Yes,AUST Entry Test,Easy,45% / 100 marks,11.0
PK-KPK-013,Abbottabad University of Science & Technology,Public,KPK,Havelian,2008,0,W1,Telecommunication,STEM,2022,467,313,154,20,23.4,22.0,18.0,427.0,47.0,16.0,52.0,3.0,83.3,14.0,Mostly Rural,11435.0,19.0,12.0,Yes,AUST Entry Test,Easy,45% / 100 marks,11.0
PK-KPK-013,Abbottabad University of Science & Technology,Public,KPK,Havelian,2008,0,W1,Telecommunication,STEM,2023,526,350,176,22,23.9,3.0,78.0,445.0,23.0,40.0,78.0,2.88,80.8,13.2,Mostly Rural,21170.5,8.0,19.5,Yes,AUST Entry Test,Easy,45% / 100 marks,11.0
PK-KPK-013,Abbottabad University of Science & Technology,Public,KPK,Havelian,2008,0,W1,Telecommunication,STEM,2024,554,265,289,17,32.6,10.0,36.0,508.0,58.0,3.0,28.0,3.21,79.7,4.4,Mixed Urban-Rural,43390.0,6.0,19.5,Yes,AUST Entry Test,Easy,45% / 100 marks,8.0
PK-KPK-013,Abbottabad University of Science & Technology,Public,KPK,Havelian,2008,0,W1,Telecommunication,STEM,2025,497,249,248,17,29.2,36.0,41.0,420.0,78.0,56.0,79.0,3.55,84.6,10.25,Mostly Rural,25746.0,12.0,10.0,Yes,AUST Entry Test,Easy,45% / 100 marks,10.0
PK-KPK-006,Abdul Wali Khan University Mardan,Public,KPK,Mardan,2009,0,W1,Biology,STEM,2022,307,160,147,10,30.7,11.0,59.0,237.0,58.0,40.0,78.0,3.42,48.8,14.7,Mostly Rural,16310.0,11.0,10.5,Yes,AWKUM Entry Test,Easy,40% / 100 marks,15.0
PK-KPK-006,Abdul Wali Khan University Mardan,Public,KPK,Mardan,2009,0,W1,Biology,STEM,2023,303,133,170,10,30.3,3.0,57.0,243.0,10.0,48.0,8.0,3.14,58.2,16.0,Mostly Urban,8940.0,9.0,5.0,Yes,AWKUM Entry Test,Easy,40% / 100 marks,16.0
PK-KPK-006,Abdul Wali Khan University Mardan,Public,KPK,Mardan,2009,0,W1,Biology,STEM,2024,395,253,142,14,28.2,12.0,13.0,370.0,10.0,52.0,41.0,3.33,48.3,8.9,Mostly Urban,19623.0,8.0,25.0,Yes,AWKUM Entry Test,Easy,40% / 100 marks,16.0
PK-KPK-006,Abdul Wali Khan University Mardan,Public,KPK,Mardan,2009,0,W1,Biology,STEM,2025,325,145,180,10,32.5,11.0,41.0,273.0,59.0,25.0,74.0,3.33,46.4,16.2,Mixed Urban-Rural,40361.0,16.0,10.5,Yes,AWKUM Entry Test,Easy,40% / 100 marks,13.0
PK-KPK-006,Abdul Wali Khan University Mardan,Public,KPK,Mardan,2009,0,W1,Computer Science,STEM,2022,94,50,44,5,18.8,0.0,0.0,94.0,6.0,7.0,41.0,2.71,87.2,15.5,Mixed Urban-Rural,8631.0,11.0,31.0,Yes,AWKUM Entry Test,Easy,40% / 100 marks,13.0
PK-KPK-006,Abdul Wali Khan University Mardan,Public,KPK,Mardan,2009,0,W1,Computer Science,STEM,2023,112,62,50,5,22.4,0.0,18.0,94.0,20.0,16.0,13.0,3.04,75.8,12.6,Mostly Urban,22910.0,11.0,10.5,Yes,AWKUM Entry Test,Easy,40% / 100 marks,12.0
PK-KPK-006,Abdul Wali Khan University Mardan,Public,KPK,Mardan,2009,0,W1,Computer Science,STEM,2024,109,72,37,5,21.8,2.0,9.0,98.0,6.0,40.0,41.0,3.24,80.9,8.3,Mostly Rural,42760.0,13.0,13.0,Yes,AWKUM Entry Test,Easy,40% / 100 marks,16.0
PK-KPK-006,Abdul Wali Khan University Mardan,Public,KPK,Mardan,2009,0,W1,Computer Science,STEM,2025,123,74,49,5,24.6,4.0,13.0,106.0,22.0,40.0,80.0,2.93,78.4,12.5,Mostly Rural,22718.0,13.0,2.0,Yes,AWKUM Entry Test,Easy,40% / 100 marks,13.0
PK-KPK-006,Abdul Wali Khan University Mardan,Public,KPK,Mardan,2009,0,W1,Environmental Science,STEM,2022,408,163,245,15,27.2,0.0,32.0,376.0,61.0,13.0,62.0,3.19,52.4,10.9,Mixed Urban-Rural,18875.0,11.0,10.5,Yes,AWKUM Entry Test,Easy,40% / 100 marks,13.0
PK-KPK-006,Abdul Wali Khan University Mardan,Public,KPK,Mardan,2009,0,W1,Environmental Science,STEM,2023,354,182,172,10,35.4,15.0,0.0,339.0,25.0,40.0,41.0,2.7,48.3,16.9,Mixed Urban-Rural,35996.0,15.0,10.0,Yes,AWKUM Entry Test,Easy,40% / 100 marks,16.0
PK-KPK-006,Abdul Wali Khan University Mardan,Public,KPK,Mardan,2009,0,W1,Environmental Science,STEM,2024,414,175,239,15,27.6,19.0,80.0,315.0,47.0,40.0,76.0,3.21,53.7,12.9,Mostly Rural,21008.0,13.0,1.0,Yes,AWKUM Entry Test,Easy,40% / 100 marks,12.0
PK-KPK-006,Abdul Wali Khan University Mardan,Public,KPK,Mardan,2009,0,W1,Environmental Science,STEM,2025,409,294,115,15,27.3,14.0,44.0,351.0,56.0,14.0,20.0,3.11,55.5,4.8,Mostly Rural,14842.0,16.0,1.0,Yes,AWKUM Entry Test,Easy,40% / 100 marks,16.0
PK-KPK-006,Abdul Wali Khan University Mardan,Public,KPK,Mardan,2009,0,W1,History,Arts & Social Sciences,2022,85,47,38,5,17.0,0.0,8.0,77.0,9.0,4.0,33.0,2.82,44.8,13.9,Mixed Urban-Rural,42136.0,10.0,10.5,Yes,AWKUM Entry Test,Easy,40% / 100 marks,14.0
PK-KPK-006,Abdul Wali Khan University Mardan,Public,KPK,Mardan,2009,0,W1,History,Arts & Social Sciences,2023,88,47,41,5,17.6,0.0,1.0,87.0,14.0,43.0,8.0,2.97,35.6,8.6,Mostly Urban,22910.0,11.0,24.0,Yes,AWKUM Entry Test,Easy,40% / 100 marks,12.0
PK-KPK-006,Abdul Wali Khan University Mardan,Public,KPK,Mardan,2009,0,W1,History,Arts & Social Sciences,2024,99,59,40,5,19.8,4.0,0.0,95.0,19.0,40.0,52.0,3.41,39.2,15.2,Mixed Urban-Rural,28708.0,11.0,10.0,Yes,AWKUM Entry Test,Easy,40% / 100 marks,13.0
PK-KPK-006,Abdul Wali Khan University Mardan,Public,KPK,Mardan,2009,0,W1,History,Arts & Social Sciences,2025,108,50,58,5,21.6,3.0,0.0,105.0,19.0,47.0,59.0,2.63,36.8,5.8,Mixed Urban-Rural,24706.0,1.0,3.0,Yes,AWKUM Entry Test,Easy,40% / 100 marks,16.0
PK-KPK-006,Abdul Wali Khan University Mardan,Public,KPK,Mardan,2009,0,W1,Information Technology,STEM,2022,87,50,37,5,17.4,0.0,17.0,70.0,15.0,53.0,45.0,2.6,81.8,9.4,Mostly Rural,38873.0,7.0,0.0,Yes,AWKUM Entry Test,Easy,40% / 100 marks,16.0
PK-KPK-006,Abdul Wali Khan University Mardan,Public,KPK,Mardan,2009,0,W1,Information Technology,STEM,2023,89,49,40,5,17.8,7.0,5.0,77.0,7.0,58.0,58.0,3.51,77.7,14.1,Mixed Urban-Rural,22910.0,17.0,15.0,Yes,AWKUM Entry Test,Easy,40% / 100 marks,16.0
PK-KPK-006,Abdul Wali Khan University Mardan,Public,KPK,Mardan,2009,0,W1,Information Technology,STEM,2024,89,44,45,5,17.8,5.0,8.0,76.0,5.0,16.0,24.0,3.38,74.8,8.1,Mostly Urban,8732.0,15.0,10.0,Yes,AWKUM Entry Test,Easy,40% / 100 marks,14.0
PK-KPK-006,Abdul Wali Khan University Mardan,Public,KPK,Mardan,2009,0,W1,Information Technology,STEM,2025,97,38,59,5,19.4,3.0,8.0,86.0,13.0,54.0,21.0,3.36,79.2,3.7,Mostly Rural,23732.0,6.0,3.0,Yes,AWKUM Entry Test,Easy,40% / 100 marks,12.0
PK-KPK-006,Abdul Wali Khan University Mardan,Public,KPK,Mardan,2009,0,W1,Pharmacy,STEM,2022,132,94,38,5,26.4,10.0,17.0,105.0,21.0,44.0,41.0,3.04,86.2,2.3,Mostly Urban,24707.0,10.0,29.0,Yes,AWKUM Entry Test,Easy,40% / 100 marks,16.0
PK-KPK-006,Abdul Wali Khan University Mardan,Public,KPK,Mardan,2009,0,W1,Pharmacy,STEM,2023,121,60,61,5,24.2,6.0,23.0,92.0,19.0,7.0,71.0,2.69,75.1,7.7,Mostly Rural,40456.0,11.0,13.0,Yes,AWKUM Entry Test,Easy,40% / 100 marks,13.0
PK-KPK-006,Abdul Wali Khan University Mardan,Public,KPK,Mardan,2009,0,W1,Pharmacy,STEM,2024,152,87,65,5,30.4,11.0,23.0,118.0,14.0,42.0,18.0,3.61,78.4,13.6,Mostly Urban,12980.0,19.0,11.0,Yes,AWKUM Entry Test,Easy,40% / 100 marks,15.0
PK-KPK-006,Abdul Wali Khan University Mardan,Public,KPK,Mardan,2009,0,W1,Pharmacy,STEM,2025,130,71,59,5,26.0,7.0,0.0,123.0,19.0,6.0,59.0,3.27,86.2,12.5,Mostly Urban,43178.0,11.0,32.0,Yes,AWKUM Entry Test,Easy,40% / 100 marks,12.0
PK-KPK-006,Abdul Wali Khan University Mardan,Public,KPK,Mardan,2009,0,W1,Political Science,Arts & Social Sciences,2022,87,33,54,5,17.4,0.0,3.0,84.0,8.0,17.0,41.0,3.69,42.7,7.2,Mixed Urban-Rural,12339.0,15.0,10.5,Yes,AWKUM Entry Test,Easy,40% / 100 marks,16.0
PK-KPK-006,Abdul Wali Khan University Mardan,Public,KPK,Mardan,2009,0,W1,Political Science,Arts & Social Sciences,2023,83,31,52,5,16.6,1.0,0.0,82.0,14.0,40.0,57.0,2.87,45.0,16.4,Mostly Urban,34230.0,1.0,23.0,Yes,AWKUM Entry Test,Easy,40% / 100 marks,14.0
PK-KPK-006,Abdul Wali Khan University Mardan,Public,KPK,Mardan,2009,0,W1,Political Science,Arts & Social Sciences,2024,78,48,30,5,15.6,5.0,10.0,63.0,19.0,40.0,14.0,3.25,49.6,11.3,Mostly Urban,37425.0,11.0,0.0,Yes,AWKUM Entry Test,Easy,40% / 100 marks,15.0
PK-KPK-006,Abdul Wali Khan University Mardan,Public,KPK,Mardan,2009,0,W1,Political Science,Arts & Social Sciences,2025,83,46,37,5,16.6,2.0,6.0,75.0,19.0,59.0,8.0,3.17,43.9,15.9,Mostly Rural,23102.0,10.0,19.0,Yes,AWKUM Entry Test,Easy,40% / 100 marks,12.0
PK-KPK-006,Abdul Wali Khan University Mardan,Public,KPK,Mardan,2009,0,W1,Statistics,STEM,2022,398,229,169,11,36.2,8.0,48.0,342.0,57.0,48.0,27.0,3.55,55.5,14.4,Mostly Urban,17622.0,3.0,11.0,Yes,AWKUM Entry Test,Easy,40% / 100 marks,13.0
PK-KPK-006,Abdul Wali Khan University Mardan,Public,KPK,Mardan,2009,0,W1,Statistics,STEM,2023,410,192,218,16,25.6,0.0,26.0,384.0,66.0,10.0,9.0,3.19,67.2,3.7,Mostly Urban,9213.0,20.0,2.0,Yes,AWKUM Entry Test,Easy,40% / 100 marks,15.0
PK-KPK-006,Abdul Wali Khan University Mardan,Public,KPK,Mardan,2009,0,W1,Statistics,STEM,2024,406,276,130,12,33.8,0.0,7.0,399.0,43.0,27.0,50.0,3.65,70.2,17.6,Mostly Urban,22910.0,11.0,17.0,Yes,AWKUM Entry Test,Easy,40% / 100 marks,14.0
PK-KPK-006,Abdul Wali Khan University Mardan,Public,KPK,Mardan,2009,0,W1,Statistics,STEM,2025,505,281,224,21,24.0,16.0,13.0,476.0,35.0,58.0,38.0,2.98,66.2,3.3,Mixed Urban-Rural,16523.0,4.0,3.0,Yes,AWKUM Entry Test,Easy,40% / 100 marks,14.0
PK-KPK-011,Bacha Khan University Charsadda,Public,KPK,Charsadda,2012,0,W1,Business Administration,Business,2022,429,164,265,12,35.8,0.0,49.0,380.0,43.0,14.0,42.0,3.08,72.8,15.8,Mixed Urban-Rural,10073.0,14.0,19.0,Yes,BKU Entry Test,Easy,40% / 100 marks,8.0
PK-KPK-011,Bacha Khan University Charsadda,Public,KPK,Charsadda,2012,0,W1,Business Administration,Business,2023,485,282,203,14,34.6,20.0,41.0,424.0,36.5,52.0,66.0,3.6,73.2,15.5,Mostly Urban,38265.0,15.0,14.0,Yes,BKU Entry Test,Easy,40% / 100 marks,8.0
PK-KPK-011,Bacha Khan University Charsadda,Public,KPK,Charsadda,2012,0,W1,Business Administration,Business,2024,429,187,242,15,28.6,11.0,48.0,370.0,64.0,9.0,25.0,3.19,72.3,6.8,Mixed Urban-Rural,40743.0,10.0,19.0,Yes,BKU Entry Test,Easy,40% / 100 marks,7.0
PK-KPK-011,Bacha Khan University Charsadda,Public,KPK,Charsadda,2012,0,W1,Business Administration,Business,2025,460,217,243,20,23.0,24.0,72.0,364.0,36.5,54.0,42.0,3.69,77.3,16.3,Mostly Urban,22095.0,11.0,13.0,Yes,BKU Entry Test,Easy,40% / 100 marks,10.0
PK-KPK-011,Bacha Khan University Charsadda,Public,KPK,Charsadda,2012,0,W1,Chemistry,STEM,2022,221,122,99,9,24.6,11.0,40.0,170.0,31.0,49.0,79.0,2.84,48.1,1.6,Mostly Urban,43859.0,15.0,4.0,Yes,BKU Entry Test,Easy,40% / 100 marks,8.0
PK-KPK-011,Bacha Khan University Charsadda,Public,KPK,Charsadda,2012,0,W1,Chemistry,STEM,2023,253,102,151,9,28.1,0.0,33.0,220.0,10.0,37.0,15.0,2.77,53.3,10.1,Mostly Rural,24189.0,3.0,14.0,Yes,BKU Entry Test,Easy,40% / 100 marks,6.0
PK-KPK-011,Bacha Khan University Charsadda,Public,KPK,Charsadda,2012,0,W1,Chemistry,STEM,2024,247,167,80,7,35.3,11.0,47.0,189.0,43.0,40.0,11.0,3.56,51.4,14.5,Mixed Urban-Rural,10521.0,3.0,14.0,Yes,BKU Entry Test,Easy,40% / 100 marks,7.0
PK-KPK-011,Bacha Khan University Charsadda,Public,KPK,Charsadda,2012,0,W1,Chemistry,STEM,2025,261,175,86,10,26.1,9.0,41.0,211.0,5.0,21.0,65.0,3.205,46.2,4.6,Mostly Urban,19346.0,13.0,26.0,Yes,BKU Entry Test,Easy,40% / 100 marks,6.0
PK-KPK-011,Bacha Khan University Charsadda,Public,KPK,Charsadda,2012,0,W1,Education,Arts & Social Sciences,2022,398,238,160,17,23.4,5.0,34.0,359.0,69.0,56.0,61.0,3.58,61.9,17.4,Mostly Urban,22466.0,9.0,7.0,Yes,BKU Entry Test,Easy,40% / 100 marks,9.0
PK-KPK-011,Bacha Khan University Charsadda,Public,KPK,Charsadda,2012,0,W1,Education,Arts & Social Sciences,2023,420,187,233,13,32.3,20.0,6.0,394.0,43.0,8.0,11.0,2.87,71.3,6.2,Mostly Rural,27190.0,9.5,30.0,Yes,BKU Entry Test,Easy,40% / 100 marks,9.0
PK-KPK-011,Bacha Khan University Charsadda,Public,KPK,Charsadda,2012,0,W1,Education,Arts & Social Sciences,2024,492,214,278,18,27.3,18.0,88.0,386.0,80.0,11.0,75.0,2.77,71.1,13.5,Mixed Urban-Rural,24189.0,13.0,14.0,Yes,BKU Entry Test,Easy,40% / 100 marks,7.0
PK-KPK-011,Bacha Khan University Charsadda,Public,KPK,Charsadda,2012,0,W1,Education,Arts & Social Sciences,2025,503,334,169,18,27.9,39.0,49.0,415.0,88.0,37.0,29.0,2.79,63.1,17.6,Mostly Urban,23526.0,1.0,14.0,Yes,BKU Entry Test,Easy,40% / 100 marks,10.0
PK-KPK-011,Bacha Khan University Charsadda,Public,KPK,Charsadda,2012,0,W1,Mass Communication,Arts & Social Sciences,2022,405,171,234,15,27.0,13.0,62.0,330.0,28.0,23.0,45.0,2.99,59.6,5.1,Mostly Rural,42788.0,4.0,6.0,Yes,BKU Entry Test,Easy,40% / 100 marks,7.0
PK-KPK-011,Bacha Khan University Charsadda,Public,KPK,Charsadda,2012,0,W1,Mass Communication,Arts & Social Sciences,2023,432,181,251,15,28.8,11.0,11.0,410.0,30.0,57.0,29.0,3.21,56.0,11.1,Mostly Urban,39168.0,8.0,13.0,Yes,BKU Entry Test,Easy,40% / 100 marks,9.0
PK-KPK-011,Bacha Khan University Charsadda,Public,KPK,Charsadda,2012,0,W1,Mass Communication,Arts & Social Sciences,2024,407,251,156,14,29.1,11.0,20.0,376.0,40.0,49.0,47.0,3.46,63.4,9.5,Mostly Rural,21244.0,9.5,14.0,Yes,BKU Entry Test,Easy,40% / 100 marks,9.0
PK-KPK-011,Bacha Khan University Charsadda,Public,KPK,Charsadda,2012,0,W1,Mass Communication,Arts & Social Sciences,2025,451,265,186,13,34.7,6.0,50.0,395.0,24.0,30.0,63.0,3.205,60.7,14.5,Mostly Urban,31181.0,20.0,8.0,Yes,BKU Entry Test,Easy,40% / 100 marks,8.0
PK-KPK-011,Bacha Khan University Charsadda,Public,KPK,Charsadda,2012,0,W1,Pharmacy,STEM,2022,429,303,126,13,33.0,6.0,10.0,413.0,58.0,36.0,38.0,3.3,80.3,10.1,Mostly Urban,28458.0,5.0,14.0,Yes,BKU Entry Test,Easy,40% / 100 marks,6.0
PK-KPK-011,Bacha Khan University Charsadda,Public,KPK,Charsadda,2012,0,W1,Pharmacy,STEM,2023,393,245,148,12,32.8,0.0,21.0,372.0,34.0,47.0,55.0,2.99,72.2,12.4,Mixed Urban-Rural,12052.0,20.0,28.0,Yes,BKU Entry Test,Easy,40% / 100 marks,10.0
PK-KPK-011,Bacha Khan University Charsadda,Public,KPK,Charsadda,2012,0,W1,Pharmacy,STEM,2024,410,249,161,14,29.3,18.0,57.0,335.0,30.0,37.0,42.0,3.31,82.9,9.2,Mixed Urban-Rural,35532.0,12.0,32.0,Yes,BKU Entry Test,Easy,40% / 100 marks,7.0
PK-KPK-011,Bacha Khan University Charsadda,Public,KPK,Charsadda,2012,0,W1,Pharmacy,STEM,2025,438,226,212,17,25.8,22.0,64.0,352.0,30.0,37.0,34.0,3.205,74.8,8.2,Mostly Rural,20244.0,9.5,24.0,Yes,BKU Entry Test,Easy,40% / 100 marks,8.0
PK-KPK-011,Bacha Khan University Charsadda,Public,KPK,Charsadda,2012,0,W1,Physics,STEM,2022,263,183,80,8,32.9,0.0,0.0,263.0,50.0,37.0,42.0,3.53,54.8,8.3,Mostly Rural,33263.0,4.0,16.0,Yes,BKU Entry Test,Easy,40% / 100 marks,8.0
PK-KPK-011,Bacha Khan University Charsadda,Public,KPK,Charsadda,2012,0,W1,Physics,STEM,2023,249,151,98,11,22.6,12.0,0.0,237.0,23.0,13.0,75.0,3.205,56.0,10.1,Mostly Urban,18183.0,4.0,13.0,Yes,BKU Entry Test,Easy,40% / 100 marks,9.0
PK-KPK-011,Bacha Khan University Charsadda,Public,KPK,Charsadda,2012,0,W1,Physics,STEM,2024,290,164,126,9,32.2,7.0,54.0,229.0,41.0,37.0,21.0,3.13,55.4,10.1,Mostly Urban,14312.0,9.5,4.0,Yes,BKU Entry Test,Easy,40% / 100 marks,6.0
PK-KPK-011,Bacha Khan University Charsadda,Public,KPK,Charsadda,2012,0,W1,Physics,STEM,2025,295,148,147,10,29.5,4.0,19.0,272.0,33.0,20.0,69.0,3.17,44.1,2.9,Mostly Rural,41447.0,11.0,5.0,Yes,BKU Entry Test,Easy,40% / 100 marks,9.0
PK-KPK-011,Bacha Khan University Charsadda,Public,KPK,Charsadda,2012,0,W1,Political Science,Arts & Social Sciences,2022,331,148,183,13,25.5,22.0,62.0,247.0,41.0,15.0,61.0,3.48,51.5,8.5,Mostly Rural,24189.0,3.0,14.0,Yes,BKU Entry Test,Easy,40% / 100 marks,8.0
PK-KPK-011,Bacha Khan University Charsadda,Public,KPK,Charsadda,2012,0,W1,Political Science,Arts & Social Sciences,2023,312,132,180,11,28.4,15.0,0.0,297.0,36.5,7.0,46.0,2.79,52.0,10.3,Mostly Urban,20794.0,1.0,14.0,Yes,BKU Entry Test,Easy,40% / 100 marks,9.0
PK-KPK-011,Bacha Khan University Charsadda,Public,KPK,Charsadda,2012,0,W1,Political Science,Arts & Social Sciences,2024,304,116,188,10,30.4,22.0,45.0,237.0,33.0,47.0,67.0,3.58,53.9,3.8,Mixed Urban-Rural,22265.0,4.0,21.0,Yes,BKU Entry Test,Easy,40% / 100 marks,8.0
PK-KPK-011,Bacha Khan University Charsadda,Public,KPK,Charsadda,2012,0,W1,Political Science,Arts & Social Sciences,2025,364,201,163,10,36.4,10.0,0.0,354.0,49.0,37.0,8.0,3.2,53.3,12.5,Mixed Urban-Rural,29182.0,14.0,14.0,Yes,BKU Entry Test,Easy,40% / 100 marks,10.0
PK-KPK-011,Bacha Khan University Charsadda,Public,KPK,Charsadda,2012,0,W1,Psychology,Arts & Social Sciences,2022,328,154,174,11,29.8,22.0,31.0,275.0,52.0,51.0,14.0,3.205,59.9,15.2,Mostly Urban,38063.0,20.0,26.0,Yes,BKU Entry Test,Easy,40% / 100 marks,10.0
PK-KPK-011,Bacha Khan University Charsadda,Public,KPK,Charsadda,2012,0,W1,Psychology,Arts & Social Sciences,2023,369,186,183,11,33.5,6.0,56.0,307.0,11.0,57.0,56.0,3.53,67.2,9.5,Mixed Urban-Rural,24189.0,7.0,7.0,Yes,BKU Entry Test,Easy,40% / 100 marks,9.0
PK-KPK-011,Bacha Khan University Charsadda,Public,KPK,Charsadda,2012,0,W1,Psychology,Arts & Social Sciences,2024,374,239,135,13,28.8,19.0,42.0,313.0,36.5,58.0,42.0,3.35,67.8,9.9,Mixed Urban-Rural,39826.0,2.0,0.0,Yes,BKU Entry Test,Easy,40% / 100 marks,10.0
PK-KPK-011,Bacha Khan University Charsadda,Public,KPK,Charsadda,2012,0,W1,Psychology,Arts & Social Sciences,2025,359,184,175,10,35.9,22.0,59.0,278.0,39.0,50.0,42.0,3.54,63.2,9.9,Mostly Rural,40217.0,19.0,6.0,Yes,BKU Entry Test,Easy,40% / 100 marks,10.0
PK-KPK-011,Bacha Khan University Charsadda,Public,KPK,Charsadda,2012,0,W1,Sociology,Arts & Social Sciences,2022,216,88,128,6,36.0,5.0,40.0,171.0,8.0,37.0,11.0,3.205,51.6,14.8,Mostly Rural,21383.0,13.0,27.0,Yes,BKU Entry Test,Easy,40% / 100 marks,6.0
PK-KPK-011,Bacha Khan University Charsadda,Public,KPK,Charsadda,2012,0,W1,Sociology,Arts & Social Sciences,2023,209,126,83,6,34.8,0.0,3.0,206.0,29.0,21.0,5.0,2.71,50.4,16.6,Mostly Rural,10577.0,4.0,14.0,Yes,BKU Entry Test,Easy,40% / 100 marks,6.0
PK-KPK-011,Bacha Khan University Charsadda,Public,KPK,Charsadda,2012,0,W1,Sociology,Arts & Social Sciences,2024,199,87,112,6,33.2,8.0,36.0,155.0,31.0,4.0,9.0,2.93,51.6,13.4,Mixed Urban-Rural,42177.0,3.0,14.0,Yes,BKU Entry Test,Easy,40% / 100 marks,8.0
PK-KPK-011,Bacha Khan University Charsadda,Public,KPK,Charsadda,2012,0,W1,Sociology,Arts & Social Sciences,2025,234,124,110,8,29.2,0.0,14.0,220.0,45.0,48.0,28.0,3.63,44.4,3.5,Mostly Rural,20528.0,19.0,23.0,Yes,BKU Entry Test,Easy,40% / 100 marks,8.0
PK-KPK-005,GHULAM ISHAQ KHAN Institute of Engineering,Private,KPK,Topi,1993,0,W3,Civil Engineering,STEM,2022,647,367,280,20,32.4,21.0,37.0,589.0,119.0,40.0,37.0,2.86,74.7,11.3,Mostly Urban,72236.0,15.0,18.5,Yes,GIK Entry Test,Difficult,70% / 200 marks,15.0
PK-KPK-005,GHULAM ISHAQ KHAN Institute of Engineering,Private,KPK,Topi,1993,0,W3,Civil Engineering,STEM,2023,658,367,291,22,29.9,31.0,59.0,568.0,47.0,33.0,36.0,3.67,68.7,14.0,Mostly Urban,118529.0,17.0,31.0,Yes,GIK Entry Test,Difficult,70% / 200 marks,17.0
PK-KPK-005,GHULAM ISHAQ KHAN Institute of Engineering,Private,KPK,Topi,1993,0,W3,Civil Engineering,STEM,2024,800,381,419,23,34.8,8.0,0.0,792.0,122.0,23.0,79.0,3.26,68.6,1.5,Mostly Urban,86127.0,7.0,21.0,Yes,GIK Entry Test,Difficult,70% / 200 marks,17.5
PK-KPK-005,GHULAM ISHAQ KHAN Institute of Engineering,Private,KPK,Topi,1993,0,W3,Civil Engineering,STEM,2025,757,503,254,31,24.4,34.0,115.0,608.0,42.0,51.0,28.0,2.8,61.1,4.7,Mostly Rural,120857.0,20.0,18.5,Yes,GIK Entry Test,Difficult,70% / 200 marks,19.0
PK-KPK-005,GHULAM ISHAQ KHAN Institute of Engineering,Private,KPK,Topi,1993,0,W3,Computer Science,STEM,2022,873,612,261,26,33.6,0.0,7.0,866.0,88.0,33.0,13.0,3.285,77.1,9.5,Mostly Urban,128177.0,4.0,19.0,Yes,GIK Entry Test,Difficult,70% / 200 marks,17.0
PK-KPK-005,GHULAM ISHAQ KHAN Institute of Engineering,Private,KPK,Topi,1993,0,W3,Computer Science,STEM,2023,729,354,375,21,34.7,52.0,56.0,621.0,104.0,1.0,35.0,3.31,77.0,5.2,Mostly Urban,109278.0,20.0,12.0,Yes,GIK Entry Test,Difficult,70% / 200 marks,15.0
PK-KPK-005,GHULAM ISHAQ KHAN Institute of Engineering,Private,KPK,Topi,1993,0,W3,Computer Science,STEM,2024,868,465,403,36,24.1,46.0,20.0,802.0,64.0,33.0,73.0,2.97,88.8,14.8,Mostly Rural,165930.0,16.0,22.0,Yes,GIK Entry Test,Difficult,70% / 200 marks,18.0
PK-KPK-005,GHULAM ISHAQ KHAN Institute of Engineering,Private,KPK,Topi,1993,0,W3,Computer Science,STEM,2025,775,478,297,31,25.0,35.0,17.0,723.0,53.0,33.0,31.0,3.51,86.9,11.4,Mixed Urban-Rural,149818.0,12.0,18.5,Yes,GIK Entry Test,Difficult,70% / 200 marks,18.0
PK-KPK-005,GHULAM ISHAQ KHAN Institute of Engineering,Private,KPK,Topi,1993,0,W3,Electrical Engineering,STEM,2022,1507,853,654,47,32.1,85.0,234.0,1188.0,119.0,24.0,49.0,3.42,83.3,15.8,Mostly Rural,72063.0,9.0,6.0,Yes,GIK Entry Test,Difficult,70% / 200 marks,17.0
PK-KPK-005,GHULAM ISHAQ KHAN Institute of Engineering,Private,KPK,Topi,1993,0,W3,Electrical Engineering,STEM,2023,1859,1177,682,81,23.0,104.0,330.0,1425.0,160.0,9.0,55.0,3.51,80.0,14.5,Mostly Rural,96035.0,8.0,17.0,Yes,GIK Entry Test,Difficult,70% / 200 marks,19.0
PK-KPK-005,GHULAM ISHAQ KHAN Institute of Engineering,Private,KPK,Topi,1993,0,W3,Electrical Engineering,STEM,2024,1652,790,862,51,32.4,57.0,208.0,1387.0,119.0,54.0,22.0,3.56,80.2,6.4,Mostly Rural,82230.0,15.0,17.0,Yes,GIK Entry Test,Difficult,70% / 200 marks,18.0
PK-KPK-005,GHULAM ISHAQ KHAN Institute of Engineering,Private,KPK,Topi,1993,0,W3,Electrical Engineering,STEM,2025,1714,721,993,57,30.1,93.0,39.0,1582.0,338.0,39.0,55.0,2.78,73.4,4.6,Mostly Rural,107671.0,18.0,27.0,Yes,GIK Entry Test,Difficult,70% / 200 marks,20.0
PK-KPK-005,GHULAM ISHAQ KHAN Institute of Engineering,Private,KPK,Topi,1993,0,W3,Industrial Engineering,STEM,2022,1343,815,528,52,25.8,0.0,20.0,1323.0,119.0,47.0,32.0,3.285,64.6,13.6,Mostly Urban,93010.0,20.0,8.0,Yes,GIK Entry Test,Difficult,70% / 200 marks,17.0
PK-KPK-005,GHULAM ISHAQ KHAN Institute of Engineering,Private,KPK,Topi,1993,0,W3,Industrial Engineering,STEM,2023,1220,770,450,43,28.4,0.0,185.0,1035.0,154.0,33.0,6.0,2.81,73.5,9.1,Mostly Rural,109278.0,6.0,18.0,Yes,GIK Entry Test,Difficult,70% / 200 marks,16.0
PK-KPK-005,GHULAM ISHAQ KHAN Institute of Engineering,Private,KPK,Topi,1993,0,W3,Industrial Engineering,STEM,2024,1417,638,779,45,31.5,85.0,105.0,1227.0,71.0,33.0,33.5,3.01,68.6,9.1,Mostly Urban,109278.0,17.0,20.0,Yes,GIK Entry Test,Difficult,70% / 200 marks,14.0
PK-KPK-005,GHULAM ISHAQ KHAN Institute of Engineering,Private,KPK,Topi,1993,0,W3,Industrial Engineering,STEM,2025,1280,667,613,39,32.8,42.0,179.0,1059.0,72.0,22.0,17.0,3.62,69.1,9.1,Mostly Urban,75457.0,18.0,6.0,Yes,GIK Entry Test,Difficult,70% / 200 marks,19.0
PK-KPK-005,GHULAM ISHAQ KHAN Institute of Engineering,Private,KPK,Topi,1993,0,W3,Mechanical Engineering,STEM,2022,986,401,585,31,31.8,4.0,165.0,817.0,197.0,12.0,15.0,3.285,66.8,17.4,Mostly Rural,120392.0,4.0,2.0,Yes,GIK Entry Test,Difficult,70% / 200 marks,17.0
PK-KPK-005,GHULAM ISHAQ KHAN Institute of Engineering,Private,KPK,Topi,1993,0,W3,Mechanical Engineering,STEM,2023,1127,619,508,49,23.0,22.0,5.0,1100.0,144.0,19.0,44.0,3.41,66.3,8.7,Mostly Urban,71820.0,14.0,18.5,Yes,GIK Entry Test,Difficult,70% / 200 marks,20.0
PK-KPK-005,GHULAM ISHAQ KHAN Institute of Engineering,Private,KPK,Topi,1993,0,W3,Mechanical Engineering,STEM,2024,1214,842,372,41,29.6,34.0,6.0,1174.0,156.0,60.0,12.0,2.78,74.5,11.6,Mostly Urban,114201.0,19.0,18.5,Yes,GIK Entry Test,Difficult,70% / 200 marks,20.0
PK-KPK-005,GHULAM ISHAQ KHAN Institute of Engineering,Private,KPK,Topi,1993,0,W3,Mechanical Engineering,STEM,2025,1262,819,443,51,24.7,79.0,91.0,1092.0,90.0,55.0,42.0,3.5,72.3,4.7,Mostly Urban,110885.0,18.0,27.0,Yes,GIK Entry Test,Difficult,70% / 200 marks,14.0
PK-KPK-005,GHULAM ISHAQ KHAN Institute of Engineering,Private,KPK,Topi,1993,0,W3,Software Engineering,STEM,2022,1718,882,836,62,27.7,34.0,239.0,1445.0,119.0,60.0,33.5,3.285,80.5,6.0,Mixed Urban-Rural,151701.0,13.0,32.0,Yes,GIK Entry Test,Difficult,70% / 200 marks,16.0
PK-KPK-005,GHULAM ISHAQ KHAN Institute of Engineering,Private,KPK,Topi,1993,0,W3,Software Engineering,STEM,2023,1565,857,708,54,29.0,110.0,97.0,1358.0,119.0,5.0,9.0,3.23,90.3,3.1,Mostly Urban,109278.0,13.0,18.5,Yes,GIK Entry Test,Difficult,70% / 200 marks,20.0
PK-KPK-005,GHULAM ISHAQ KHAN Institute of Engineering,Private,KPK,Topi,1993,0,W3,Software Engineering,STEM,2024,1897,1135,762,85,22.3,0.0,205.0,1692.0,171.0,43.0,22.0,3.61,83.1,9.1,Mostly Urban,166864.0,1.0,0.0,Yes,GIK Entry Test,Difficult,70% / 200 marks,18.0
PK-KPK-005,GHULAM ISHAQ KHAN Institute of Engineering,Private,KPK,Topi,1993,0,W3,Software Engineering,STEM,2025,1942,1150,792,61,31.8,0.0,117.0,1825.0,252.0,26.0,64.0,3.26,78.9,4.9,Mixed Urban-Rural,95772.0,16.0,21.0,Yes,GIK Entry Test,Difficult,70% / 200 marks,17.5
PK-KPK-007,Gomal University Dera Ismail Khan,Public,KPK,Dera Ismail Khan,1974,0,W1,Biology,STEM,2022,101,67,34,5,20.2,1.0,16.0,84.0,5.0,1.0,29.0,2.97,52.2,9.7,Mostly Rural,22200.0,8.0,13.0,Yes,Gomal Entry Test,Easy,40% / 100 marks,17.0
PK-KPK-007,Gomal University Dera Ismail Khan,Public,KPK,Dera Ismail Khan,1974,0,W1,Biology,STEM,2023,122,61,61,5,24.4,6.0,0.0,116.0,9.0,35.5,80.0,2.82,46.1,9.7,Mostly Urban,9898.0,12.0,11.0,Yes,Gomal Entry Test,Easy,40% / 100 marks,19.0
PK-KPK-007,Gomal University Dera Ismail Khan,Public,KPK,Dera Ismail Khan,1974,0,W1,Biology,STEM,2024,136,82,54,5,27.2,4.0,17.0,115.0,16.5,38.0,72.0,3.69,51.7,7.0,Mostly Rural,21783.0,8.0,28.0,Yes,Gomal Entry Test,Easy,40% / 100 marks,20.0
PK-KPK-007,Gomal University Dera Ismail Khan,Public,KPK,Dera Ismail Khan,1974,0,W1,Biology,STEM,2025,135,82,53,5,27.0,0.0,24.0,111.0,11.0,40.0,75.0,3.04,44.6,12.9,Mixed Urban-Rural,9740.0,5.0,19.0,Yes,Gomal Entry Test,Easy,40% / 100 marks,15.0
PK-KPK-007,Gomal University Dera Ismail Khan,Public,KPK,Dera Ismail Khan,1974,0,W1,Chemistry,STEM,2022,339,167,172,11,30.8,1.0,65.0,273.0,17.0,9.0,8.0,2.96,61.6,10.3,Mostly Rural,43378.0,7.0,34.0,Yes,Gomal Entry Test,Easy,40% / 100 marks,17.0
PK-KPK-007,Gomal University Dera Ismail Khan,Public,KPK,Dera Ismail Khan,1974,0,W1,Chemistry,STEM,2023,286,155,131,11,26.0,18.0,19.0,249.0,16.5,50.0,22.0,3.04,53.5,4.9,Mostly Urban,38064.0,9.0,22.0,Yes,Gomal Entry Test,Easy,40% / 100 marks,19.0
PK-KPK-007,Gomal University Dera Ismail Khan,Public,KPK,Dera Ismail Khan,1974,0,W1,Chemistry,STEM,2024,347,145,202,13,26.7,15.0,0.0,332.0,16.5,45.0,73.0,3.5,51.1,9.7,Mixed Urban-Rural,15153.0,8.0,19.0,Yes,Gomal Entry Test,Easy,40% / 100 marks,14.0
PK-KPK-007,Gomal University Dera Ismail Khan,Public,KPK,Dera Ismail Khan,1974,0,W1,Chemistry,STEM,2025,322,223,99,14,23.0,4.0,46.0,272.0,25.0,44.0,44.0,3.04,57.6,6.0,Mostly Urban,44961.0,8.0,12.0,Yes,Gomal Entry Test,Easy,40% / 100 marks,17.0
PK-KPK-007,Gomal University Dera Ismail Khan,Public,KPK,Dera Ismail Khan,1974,0,W1,Education,Arts & Social Sciences,2022,353,174,179,11,32.1,7.0,4.0,342.0,16.5,19.0,17.0,2.75,59.7,13.9,Mostly Rural,13006.0,14.0,19.0,Yes,Gomal Entry Test,Easy,40% / 100 marks,19.0
PK-KPK-007,Gomal University Dera Ismail Khan,Public,KPK,Dera Ismail Khan,1974,0,W1,Education,Arts & Social Sciences,2023,405,280,125,12,33.8,0.0,74.0,331.0,31.0,44.0,48.0,3.69,59.0,7.1,Mixed Urban-Rural,24104.0,7.0,19.0,Yes,Gomal Entry Test,Easy,40% / 100 marks,18.0
PK-KPK-007,Gomal University Dera Ismail Khan,Public,KPK,Dera Ismail Khan,1974,0,W1,Education,Arts & Social Sciences,2024,377,174,203,14,26.9,1.0,25.0,351.0,16.5,42.0,67.0,3.46,72.3,17.9,Mostly Rural,28771.5,8.0,17.0,Yes,Gomal Entry Test,Easy,40% / 100 marks,17.0
PK-KPK-007,Gomal University Dera Ismail Khan,Public,KPK,Dera Ismail Khan,1974,0,W1,Education,Arts & Social Sciences,2025,395,236,159,14,28.2,11.0,15.0,369.0,15.0,35.5,60.0,2.69,61.7,15.2,Mixed Urban-Rural,30926.0,3.0,21.0,Yes,Gomal Entry Test,Easy,40% / 100 marks,19.0
PK-KPK-007,Gomal University Dera Ismail Khan,Public,KPK,Dera Ismail Khan,1974,0,W1,Electrical Engineering,STEM,2022,97,56,41,5,19.4,0.0,17.0,80.0,15.0,8.0,57.0,3.62,80.6,5.9,Mostly Urban,43044.0,5.0,29.0,Yes,Gomal Entry Test,Easy,40% / 100 marks,19.0
PK-KPK-007,Gomal University Dera Ismail Khan,Public,KPK,Dera Ismail Khan,1974,0,W1,Electrical Engineering,STEM,2023,111,56,55,5,22.2,8.0,7.0,96.0,16.5,21.0,36.0,3.44,78.5,9.7,Mostly Urban,32436.0,8.0,19.0,Yes,Gomal Entry Test,Easy,40% / 100 marks,15.0
PK-KPK-007,Gomal University Dera Ismail Khan,Public,KPK,Dera Ismail Khan,1974,0,W1,Electrical Engineering,STEM,2024,111,50,61,5,22.2,7.0,16.0,88.0,14.0,35.5,48.0,3.01,69.8,12.7,Mostly Rural,17050.0,1.0,8.0,Yes,Gomal Entry Test,Easy,40% / 100 marks,19.0
PK-KPK-007,Gomal University Dera Ismail Khan,Public,KPK,Dera Ismail Khan,1974,0,W1,Electrical Engineering,STEM,2025,104,65,39,5,20.8,6.0,9.0,89.0,19.0,22.0,63.0,2.62,74.4,9.7,Mixed Urban-Rural,36472.0,15.0,19.0,Yes,Gomal Entry Test,Easy,40% / 100 marks,17.0
PK-KPK-007,Gomal University Dera Ismail Khan,Public,KPK,Dera Ismail Khan,1974,0,W1,English Literature,Arts & Social Sciences,2022,291,129,162,9,32.3,15.0,42.0,234.0,16.5,35.5,59.0,2.65,48.1,7.4,Mostly Rural,28771.5,1.0,9.0,Yes,Gomal Entry Test,Easy,40% / 100 marks,15.0
PK-KPK-007,Gomal University Dera Ismail Khan,Public,KPK,Dera Ismail Khan,1974,0,W1,English Literature,Arts & Social Sciences,2023,263,162,101,7,37.6,6.0,4.0,253.0,40.0,35.5,20.0,3.57,51.6,8.2,Mostly Rural,28145.0,2.0,7.0,Yes,Gomal Entry Test,Easy,40% / 100 marks,18.0
PK-KPK-007,Gomal University Dera Ismail Khan,Public,KPK,Dera Ismail Khan,1974,0,W1,English Literature,Arts & Social Sciences,2024,306,171,135,9,34.0,4.0,3.0,299.0,16.5,34.0,48.0,3.01,45.3,9.7,Mostly Urban,34257.0,5.0,11.0,Yes,Gomal Entry Test,Easy,40% / 100 marks,16.0
PK-KPK-007,Gomal University Dera Ismail Khan,Public,KPK,Dera Ismail Khan,1974,0,W1,English Literature,Arts & Social Sciences,2025,325,156,169,10,32.5,14.0,63.0,248.0,59.0,4.0,51.0,2.99,48.6,1.9,Mostly Urban,12291.0,16.0,19.0,Yes,Gomal Entry Test,Easy,40% / 100 marks,20.0
PK-KPK-007,Gomal University Dera Ismail Khan,Public,KPK,Dera Ismail Khan,1974,0,W1,Law,Arts & Social Sciences,2022,171,74,97,6,28.5,3.0,27.0,141.0,14.0,28.0,35.0,3.04,69.2,6.2,Mixed Urban-Rural,38050.0,14.0,19.0,Yes,Gomal Entry Test,Easy,40% / 100 marks,19.0
PK-KPK-007,Gomal University Dera Ismail Khan,Public,KPK,Dera Ismail Khan,1974,0,W1,Law,Arts & Social Sciences,2023,183,100,83,6,30.5,5.0,29.0,149.0,31.0,33.0,62.0,3.3,68.5,12.9,Mixed Urban-Rural,41848.0,8.0,20.0,Yes,Gomal Entry Test,Easy,40% / 100 marks,16.0
PK-KPK-007,Gomal University Dera Ismail Khan,Public,KPK,Dera Ismail Khan,1974,0,W1,Law,Arts & Social Sciences,2024,223,93,130,9,24.8,14.0,3.0,206.0,33.0,40.0,48.0,3.04,70.4,8.8,Mostly Urban,32463.0,8.0,19.0,Yes,Gomal Entry Test,Easy,40% / 100 marks,15.0
PK-KPK-007,Gomal University Dera Ismail Khan,Public,KPK,Dera Ismail Khan,1974,0,W1,Law,Arts & Social Sciences,2025,212,88,124,6,35.3,11.0,8.0,193.0,11.0,36.0,47.0,3.31,66.7,7.6,Mostly Urban,29398.0,10.0,22.0,Yes,Gomal Entry Test,Easy,40% / 100 marks,16.0
PK-KPK-007,Gomal University Dera Ismail Khan,Public,KPK,Dera Ismail Khan,1974,0,W1,Mathematics,STEM,2022,258,179,79,9,28.7,4.0,0.0,254.0,24.0,35.5,37.0,2.6,64.6,9.7,Mostly Urban,34595.0,11.0,19.0,Yes,Gomal Entry Test,Easy,40% / 100 marks,15.0
PK-KPK-007,Gomal University Dera Ismail Khan,Public,KPK,Dera Ismail Khan,1974,0,W1,Mathematics,STEM,2023,251,166,85,8,31.4,5.0,3.0,243.0,16.5,60.0,56.0,3.41,61.6,17.9,Mostly Urban,20787.0,1.0,22.0,Yes,Gomal Entry Test,Easy,40% / 100 marks,16.0
PK-KPK-007,Gomal University Dera Ismail Khan,Public,KPK,Dera Ismail Khan,1974,0,W1,Mathematics,STEM,2024,258,176,82,9,28.7,6.0,37.0,215.0,38.0,42.0,45.0,2.63,60.1,2.7,Mostly Urban,28771.5,8.0,31.0,Yes,Gomal Entry Test,Easy,40% / 100 marks,19.0
PK-KPK-007,Gomal University Dera Ismail Khan,Public,KPK,Dera Ismail Khan,1974,0,W1,Mathematics,STEM,2025,292,114,178,12,24.3,14.0,38.0,240.0,16.5,44.0,26.0,3.23,62.6,11.2,Mostly Rural,28771.5,9.0,13.0,Yes,Gomal Entry Test,Easy,40% / 100 marks,19.0
PK-KPK-007,Gomal University Dera Ismail Khan,Public,KPK,Dera Ismail Khan,1974,0,W1,Pharmacy,STEM,2022,205,90,115,7,29.3,0.0,29.0,176.0,7.0,29.0,13.0,2.97,72.7,16.9,Mostly Rural,20614.0,6.0,25.0,Yes,Gomal Entry Test,Easy,40% / 100 marks,17.0
PK-KPK-007,Gomal University Dera Ismail Khan,Public,KPK,Dera Ismail Khan,1974,0,W1,Pharmacy,STEM,2023,173,94,79,6,28.8,0.0,4.0,169.0,11.0,48.0,70.0,3.36,86.2,2.0,Mostly Rural,21623.0,6.0,19.0,Yes,Gomal Entry Test,Easy,40% / 100 marks,20.0
PK-KPK-007,Gomal University Dera Ismail Khan,Public,KPK,Dera Ismail Khan,1974,0,W1,Pharmacy,STEM,2024,200,98,102,7,28.6,12.0,26.0,162.0,16.0,35.0,53.0,3.62,84.7,9.7,Mixed Urban-Rural,35401.0,11.0,8.0,Yes,Gomal Entry Test,Easy,40% / 100 marks,16.0
PK-KPK-007,Gomal University Dera Ismail Khan,Public,KPK,Dera Ismail Khan,1974,0,W1,Pharmacy,STEM,2025,207,96,111,6,34.5,12.0,2.0,193.0,16.5,42.0,48.0,3.04,81.1,12.5,Mixed Urban-Rural,36001.0,12.0,5.0,Yes,Gomal Entry Test,Easy,40% / 100 marks,19.0
PK-KPK-007,Gomal University Dera Ismail Khan,Public,KPK,Dera Ismail Khan,1974,0,W1,Psychology,Arts & Social Sciences,2022,370,235,135,14,26.4,0.0,0.0,370.0,58.0,56.0,24.0,2.86,59.8,14.3,Mostly Rural,20245.0,9.0,25.0,Yes,Gomal Entry Test,Easy,40% / 100 marks,17.0
PK-KPK-007,Gomal University Dera Ismail Khan,Public,KPK,Dera Ismail Khan,1974,0,W1,Psychology,Arts & Social Sciences,2023,321,180,141,9,35.7,23.0,23.0,275.0,7.0,20.0,48.0,3.04,57.7,9.5,Mostly Urban,40203.0,20.0,29.0,Yes,Gomal Entry Test,Easy,40% / 100 marks,20.0
PK-KPK-007,Gomal University Dera Ismail Khan,Public,KPK,Dera Ismail Khan,1974,0,W1,Psychology,Arts & Social Sciences,2024,347,246,101,15,23.1,7.0,9.0,331.0,16.5,9.0,21.0,3.66,61.5,7.0,Mixed Urban-Rural,40109.0,6.0,23.0,Yes,Gomal Entry Test,Easy,40% / 100 marks,17.0
PK-KPK-007,Gomal University Dera Ismail Khan,Public,KPK,Dera Ismail Khan,1974,0,W1,Psychology,Arts & Social Sciences,2025,420,287,133,14,30.0,18.0,0.0,402.0,16.5,13.0,58.0,3.16,65.8,14.9,Mixed Urban-Rural,15365.0,13.0,25.0,Yes,Gomal Entry Test,Easy,40% / 100 marks,19.0
PK-KPK-007,Gomal University Dera Ismail Khan,Public,KPK,Dera Ismail Khan,1974,0,W1,Urdu,Arts & Social Sciences,2022,253,98,155,7,36.1,15.0,0.0,238.0,6.0,35.5,45.0,2.62,41.7,12.9,Mixed Urban-Rural,8375.0,8.0,28.0,Yes,Gomal Entry Test,Easy,40% / 100 marks,17.0
PK-KPK-007,Gomal University Dera Ismail Khan,Public,KPK,Dera Ismail Khan,1974,0,W1,Urdu,Arts & Social Sciences,2023,273,128,145,8,34.1,20.0,26.0,227.0,36.0,14.0,60.0,3.56,37.5,13.1,Mostly Rural,18341.0,5.0,15.0,Yes,Gomal Entry Test,Easy,40% / 100 marks,19.0
PK-KPK-007,Gomal University Dera Ismail Khan,Public,KPK,Dera Ismail Khan,1974,0,W1,Urdu,Arts & Social Sciences,2024,291,182,109,8,36.4,2.0,39.0,250.0,16.5,51.0,42.0,3.04,42.2,11.6,Mixed Urban-Rural,35292.0,19.0,1.0,Yes,Gomal Entry Test,Easy,40% / 100 marks,15.0
PK-KPK-007,Gomal University Dera Ismail Khan,Public,KPK,Dera Ismail Khan,1974,0,W1,Urdu,Arts & Social Sciences,2025,278,158,120,12,23.2,9.0,8.0,261.0,33.0,35.5,53.0,3.03,34.3,7.4,Mixed Urban-Rural,16772.0,6.0,19.0,Yes,Gomal Entry Test,Easy,40% / 100 marks,16.0
PK-KPK-003,Islamia College University Peshawar,Public,KPK,Peshawar,1913,0,W2,Business Administration,Business,2022,509,326,183,19,26.8,22.0,56.0,431.0,69.0,31.0,51.0,2.85,68.5,5.1,Mostly Urban,26958.0,12.0,19.0,Yes,ICU Entry Test,Easy,45% / 100 marks,19.0
PK-KPK-003,Islamia College University Peshawar,Public,KPK,Peshawar,1913,0,W2,Business Administration,Business,2023,512,283,229,16,32.0,36.0,23.0,453.0,72.0,0.0,26.0,3.09,71.8,15.2,Mixed Urban-Rural,12665.0,12.0,33.0,Yes,ICU Entry Test,Easy,45% / 100 marks,14.0
PK-KPK-003,Islamia College University Peshawar,Public,KPK,Peshawar,1913,0,W2,Business Administration,Business,2024,498,317,181,16,31.1,24.0,0.0,474.0,58.0,22.0,40.0,3.63,74.7,16.6,Mixed Urban-Rural,41264.0,11.0,19.0,Yes,ICU Entry Test,Easy,45% / 100 marks,18.0
PK-KPK-003,Islamia College University Peshawar,Public,KPK,Peshawar,1913,0,W2,Business Administration,Business,2025,552,373,179,18,30.7,3.0,36.0,513.0,47.0,57.0,19.0,2.89,63.6,1.8,Mostly Urban,39457.0,2.0,19.0,Yes,ICU Entry Test,Easy,45% / 100 marks,14.0
PK-KPK-003,Islamia College University Peshawar,Public,KPK,Peshawar,1913,0,W2,Civil Engineering,STEM,2022,850,561,289,26,32.7,0.0,46.0,804.0,25.0,41.0,15.0,3.04,60.2,12.05,Mixed Urban-Rural,12719.0,9.0,27.0,Yes,ICU Entry Test,Easy,45% / 100 marks,18.0
PK-KPK-003,Islamia College University Peshawar,Public,KPK,Peshawar,1913,0,W2,Civil Engineering,STEM,2023,743,443,300,21,35.4,14.0,113.0,616.0,47.0,22.0,64.0,3.38,66.6,7.6,Mostly Urban,14972.0,11.0,19.0,Yes,ICU Entry Test,Easy,45% / 100 marks,17.0
PK-KPK-003,Islamia College University Peshawar,Public,KPK,Peshawar,1913,0,W2,Civil Engineering,STEM,2024,901,366,535,27,33.4,63.0,98.0,740.0,150.0,3.0,44.0,3.64,63.5,13.2,Mostly Urban,9586.0,8.0,19.0,Yes,ICU Entry Test,Easy,45% / 100 marks,17.0
PK-KPK-003,Islamia College University Peshawar,Public,KPK,Peshawar,1913,0,W2,Civil Engineering,STEM,2025,879,397,482,26,33.8,50.0,0.0,829.0,126.0,22.0,35.0,3.1,64.8,12.1,Mostly Urban,18782.0,11.0,19.0,Yes,ICU Entry Test,Easy,45% / 100 marks,17.0
PK-KPK-003,Islamia College University Peshawar,Public,KPK,Peshawar,1913,0,W2,Computer Science,STEM,2022,208,136,72,9,23.1,0.0,25.0,183.0,11.0,29.0,71.0,3.41,84.6,12.0,Mostly Rural,32272.0,1.0,14.0,Yes,ICU Entry Test,Easy,45% / 100 marks,20.0
PK-KPK-003,Islamia College University Peshawar,Public,KPK,Peshawar,1913,0,W2,Computer Science,STEM,2023,214,114,100,6,35.7,6.0,30.0,178.0,10.0,1.0,38.0,2.95,84.1,10.4,Mostly Rural,10816.0,7.0,19.0,Yes,ICU Entry Test,Easy,45% / 100 marks,18.0
PK-KPK-003,Islamia College University Peshawar,Public,KPK,Peshawar,1913,0,W2,Computer Science,STEM,2024,247,95,152,8,30.9,0.0,29.0,218.0,7.0,22.0,44.0,3.49,82.7,5.8,Mixed Urban-Rural,36453.0,11.0,33.0,Yes,ICU Entry Test,Easy,45% / 100 marks,15.0
PK-KPK-003,Islamia College University Peshawar,Public,KPK,Peshawar,1913,0,W2,Computer Science,STEM,2025,213,86,127,7,30.4,2.0,11.0,200.0,47.0,22.0,28.0,3.55,87.1,17.3,Mixed Urban-Rural,11468.0,18.0,0.0,Yes,ICU Entry Test,Easy,45% / 100 marks,17.0
PK-KPK-003,Islamia College University Peshawar,Public,KPK,Peshawar,1913,0,W2,Economics,Business,2022,763,423,340,27,28.3,56.0,101.0,606.0,133.0,22.0,44.0,3.61,68.1,12.7,Mostly Urban,14548.0,17.0,19.0,Yes,ICU Entry Test,Easy,45% / 100 marks,15.0
PK-KPK-003,Islamia College University Peshawar,Public,KPK,Peshawar,1913,0,W2,Economics,Business,2023,737,505,232,21,35.1,0.0,107.0,630.0,64.0,8.0,56.0,2.68,70.6,15.2,Mixed Urban-Rural,8430.0,14.0,19.0,Yes,ICU Entry Test,Easy,45% / 100 marks,16.0
PK-KPK-003,Islamia College University Peshawar,Public,KPK,Peshawar,1913,0,W2,Economics,Business,2024,678,366,312,27,25.1,11.0,81.0,586.0,90.0,22.0,57.0,3.52,71.0,16.8,Mostly Urban,40198.0,19.0,24.0,Yes,ICU Entry Test,Easy,45% / 100 marks,17.0
PK-KPK-003,Islamia College University Peshawar,Public,KPK,Peshawar,1913,0,W2,Economics,Business,2025,798,407,391,32,24.9,2.0,90.0,706.0,12.0,22.0,34.0,3.48,59.6,17.4,Mostly Urban,31012.0,13.0,14.0,Yes,ICU Entry Test,Easy,45% / 100 marks,20.0
PK-KPK-003,Islamia College University Peshawar,Public,KPK,Peshawar,1913,0,W2,Education,Arts & Social Sciences,2022,274,164,110,9,30.4,20.0,45.0,209.0,49.0,22.0,78.0,2.85,65.9,12.8,Mostly Urban,27084.0,11.0,1.0,Yes,ICU Entry Test,Easy,45% / 100 marks,18.0
PK-KPK-003,Islamia College University Peshawar,Public,KPK,Peshawar,1913,0,W2,Education,Arts & Social Sciences,2023,300,169,131,9,33.3,18.0,22.0,260.0,47.0,58.0,55.0,3.62,59.4,12.0,Mostly Rural,21423.0,2.0,33.0,Yes,ICU Entry Test,Easy,45% / 100 marks,19.0
PK-KPK-003,Islamia College University Peshawar,Public,KPK,Peshawar,1913,0,W2,Education,Arts & Social Sciences,2024,315,185,130,9,35.0,0.0,49.0,266.0,47.0,16.0,65.0,2.92,73.5,14.7,Mostly Rural,24764.5,20.0,8.0,Yes,ICU Entry Test,Easy,45% / 100 marks,14.0
PK-KPK-003,Islamia College University Peshawar,Public,KPK,Peshawar,1913,0,W2,Education,Arts & Social Sciences,2025,317,145,172,12,26.4,17.0,5.0,295.0,26.0,22.0,25.0,2.77,65.7,7.2,Mostly Urban,39246.0,11.0,21.0,Yes,ICU Entry Test,Easy,45% / 100 marks,15.0
PK-KPK-003,Islamia College University Peshawar,Public,KPK,Peshawar,1913,0,W2,Environmental Science,STEM,2022,616,374,242,17,36.2,47.0,117.0,452.0,5.0,6.0,54.0,3.53,56.0,8.5,Mostly Rural,34275.0,11.0,7.0,Yes,ICU Entry Test,Easy,45% / 100 marks,20.0
PK-KPK-003,Islamia College University Peshawar,Public,KPK,Peshawar,1913,0,W2,Environmental Science,STEM,2023,695,306,389,24,29.0,41.0,83.0,571.0,41.0,19.0,44.0,3.1,48.2,12.05,Mostly Rural,36811.0,2.0,26.0,Yes,ICU Entry Test,Easy,45% / 100 marks,14.0
PK-KPK-003,Islamia College University Peshawar,Public,KPK,Peshawar,1913,0,W2,Environmental Science,STEM,2024,701,375,326,27,26.0,15.0,73.0,613.0,116.0,22.0,18.0,2.74,50.6,12.0,Mixed Urban-Rural,16309.0,13.0,12.0,Yes,ICU Entry Test,Easy,45% / 100 marks,17.0
PK-KPK-003,Islamia College University Peshawar,Public,KPK,Peshawar,1913,0,W2,Environmental Science,STEM,2025,827,541,286,31,26.7,0.0,27.0,800.0,32.0,6.0,48.0,3.1,54.8,12.05,Mixed Urban-Rural,38308.0,3.0,32.0,Yes,ICU Entry Test,Easy,45% / 100 marks,15.0
PK-KPK-003,Islamia College University Peshawar,Public,KPK,Peshawar,1913,0,W2,Pharmacy,STEM,2022,765,500,265,26,29.4,0.0,125.0,640.0,39.0,4.0,4.0,3.15,76.5,16.6,Mostly Urban,8294.0,10.0,16.0,Yes,ICU Entry Test,Easy,45% / 100 marks,20.0
PK-KPK-003,Islamia College University Peshawar,Public,KPK,Peshawar,1913,0,W2,Pharmacy,STEM,2023,750,419,331,24,31.2,55.0,24.0,671.0,45.0,22.0,71.0,3.42,72.5,14.1,Mostly Urban,24764.5,9.0,26.0,Yes,ICU Entry Test,Easy,45% / 100 marks,17.0
PK-KPK-003,Islamia College University Peshawar,Public,KPK,Peshawar,1913,0,W2,Pharmacy,STEM,2024,907,515,392,26,34.9,5.0,141.0,761.0,103.0,11.0,33.0,2.63,80.4,12.05,Mixed Urban-Rural,42451.0,11.0,0.0,Yes,ICU Entry Test,Easy,45% / 100 marks,18.0
PK-KPK-003,Islamia College University Peshawar,Public,KPK,Peshawar,1913,0,W2,Pharmacy,STEM,2025,798,554,244,28,28.5,19.0,0.0,779.0,46.0,41.0,70.0,2.67,74.5,4.6,Mostly Rural,12097.0,6.0,13.0,Yes,ICU Entry Test,Easy,45% / 100 marks,16.0
PK-KPK-003,Islamia College University Peshawar,Public,KPK,Peshawar,1913,0,W2,Urdu,Arts & Social Sciences,2022,892,453,439,29,30.8,0.0,0.0,892.0,22.0,35.0,11.0,2.75,36.7,16.3,Mostly Urban,28201.0,14.0,34.0,Yes,ICU Entry Test,Easy,45% / 100 marks,19.0
PK-KPK-003,Islamia College University Peshawar,Public,KPK,Peshawar,1913,0,W2,Urdu,Arts & Social Sciences,2023,967,445,522,32,30.2,34.0,89.0,844.0,168.0,31.0,74.0,3.45,45.3,2.4,Mixed Urban-Rural,23712.0,15.0,9.0,Yes,ICU Entry Test,Easy,45% / 100 marks,17.0
PK-KPK-003,Islamia College University Peshawar,Public,KPK,Peshawar,1913,0,W2,Urdu,Arts & Social Sciences,2024,1027,617,410,40,25.7,44.0,142.0,841.0,47.0,42.0,80.0,2.76,44.5,4.9,Mixed Urban-Rural,25817.0,2.0,19.0,Yes,ICU Entry Test,Easy,45% / 100 marks,15.0
PK-KPK-003,Islamia College University Peshawar,Public,KPK,Peshawar,1913,0,W2,Urdu,Arts & Social Sciences,2025,868,467,401,33,26.3,35.0,67.0,766.0,135.0,46.0,26.0,3.1,44.5,2.8,Mostly Urban,15929.0,11.0,19.0,Yes,ICU Entry Test,Easy,45% / 100 marks,17.0
PK-KPK-004,Khyber Medical University,Public,KPK,Peshawar,2007,0,W2,Biomedical Engineering,STEM,2022,367,144,223,11,33.4,0.0,23.0,344.0,49.0,53.0,69.0,3.33,72.7,15.2,Mostly Urban,9354.0,10.0,20.0,Yes,MDCAT (PMC),Difficult,65% / 210 marks,18.0
PK-KPK-004,Khyber Medical University,Public,KPK,Peshawar,2007,0,W2,Biomedical Engineering,STEM,2023,423,259,164,13,32.5,17.0,76.0,330.0,58.0,44.0,50.0,3.32,75.9,1.5,Mostly Urban,21832.0,6.0,18.0,Yes,MDCAT (PMC),Difficult,65% / 210 marks,13.0
PK-KPK-004,Khyber Medical University,Public,KPK,Peshawar,2007,0,W2,Biomedical Engineering,STEM,2024,474,289,185,21,22.6,19.0,54.0,401.0,55.0,28.0,76.0,3.49,81.6,7.3,Mostly Rural,39758.0,16.0,24.0,Yes,MDCAT (PMC),Difficult,65% / 210 marks,17.0
PK-KPK-004,Khyber Medical University,Public,KPK,Peshawar,2007,0,W2,Biomedical Engineering,STEM,2025,430,294,136,18,23.9,6.0,86.0,338.0,54.0,1.0,59.0,3.51,77.0,7.3,Mixed Urban-Rural,38159.0,12.0,20.0,Yes,MDCAT (PMC),Difficult,65% / 210 marks,15.0
PK-KPK-004,Khyber Medical University,Public,KPK,Peshawar,2007,0,W2,Nursing,STEM,2022,459,195,264,14,32.8,13.0,55.0,391.0,77.0,22.0,42.0,3.62,79.5,14.3,Mostly Rural,32782.0,12.0,21.0,Yes,MDCAT (PMC),Difficult,65% / 210 marks,14.0
PK-KPK-004,Khyber Medical University,Public,KPK,Peshawar,2007,0,W2,Nursing,STEM,2023,437,248,189,12,36.4,10.0,39.0,388.0,39.0,32.0,57.0,3.34,91.0,9.9,Mostly Urban,32599.0,9.0,16.0,Yes,MDCAT (PMC),Difficult,65% / 210 marks,16.0
PK-KPK-004,Khyber Medical University,Public,KPK,Peshawar,2007,0,W2,Nursing,STEM,2024,434,201,233,16,27.1,0.0,15.0,419.0,85.0,18.0,77.0,3.34,86.9,6.6,Mostly Urban,33273.0,14.0,21.0,Yes,MDCAT (PMC),Difficult,65% / 210 marks,13.0
PK-KPK-004,Khyber Medical University,Public,KPK,Peshawar,2007,0,W2,Nursing,STEM,2025,482,322,160,16,30.1,22.0,35.0,425.0,61.0,23.0,28.0,3.33,86.4,11.0,Mixed Urban-Rural,17945.0,15.0,29.0,Yes,MDCAT (PMC),Difficult,65% / 210 marks,18.0
PK-KPK-004,Khyber Medical University,Public,KPK,Peshawar,2007,0,W2,Pharmacy,STEM,2022,798,444,354,24,33.2,0.0,133.0,665.0,54.0,53.0,61.0,3.34,83.4,4.1,Mostly Rural,35238.0,20.0,19.0,Yes,MDCAT (PMC),Difficult,65% / 210 marks,15.0
PK-KPK-004,Khyber Medical University,Public,KPK,Peshawar,2007,0,W2,Pharmacy,STEM,2023,982,503,479,28,35.1,67.0,117.0,798.0,105.0,5.0,67.0,3.34,80.5,17.5,Mostly Urban,20389.0,11.0,20.0,Yes,MDCAT (PMC),Difficult,65% / 210 marks,16.0
PK-KPK-004,Khyber Medical University,Public,KPK,Peshawar,2007,0,W2,Pharmacy,STEM,2024,853,525,328,25,34.1,2.0,125.0,726.0,54.0,8.0,6.0,3.48,83.8,3.8,Mixed Urban-Rural,27791.0,15.0,20.0,Yes,MDCAT (PMC),Difficult,65% / 210 marks,15.0
PK-KPK-004,Khyber Medical University,Public,KPK,Peshawar,2007,0,W2,Pharmacy,STEM,2025,953,644,309,41,23.2,13.0,177.0,763.0,54.0,28.0,32.0,2.72,74.7,7.3,Mixed Urban-Rural,25148.0,6.0,33.0,Yes,MDCAT (PMC),Difficult,65% / 210 marks,13.0
PK-KPK-004,Khyber Medical University,Public,KPK,Peshawar,2007,0,W2,Physiotherapy,STEM,2022,230,101,129,8,28.8,14.0,13.0,203.0,54.0,11.0,42.0,2.74,83.4,16.5,Mixed Urban-Rural,21183.0,12.0,29.0,Yes,MDCAT (PMC),Difficult,65% / 210 marks,15.0
PK-KPK-004,Khyber Medical University,Public,KPK,Peshawar,2007,0,W2,Physiotherapy,STEM,2023,202,138,64,9,22.4,7.0,17.0,178.0,5.0,54.0,42.0,2.8,78.4,6.1,Mostly Urban,32599.0,12.0,4.0,Yes,MDCAT (PMC),Difficult,65% / 210 marks,15.0
PK-KPK-004,Khyber Medical University,Public,KPK,Peshawar,2007,0,W2,Physiotherapy,STEM,2024,233,139,94,7,33.3,2.0,40.0,191.0,26.0,23.0,7.0,3.56,78.8,5.3,Mixed Urban-Rural,20975.0,9.0,19.0,Yes,MDCAT (PMC),Difficult,65% / 210 marks,15.0
PK-KPK-004,Khyber Medical University,Public,KPK,Peshawar,2007,0,W2,Physiotherapy,STEM,2025,231,101,130,10,23.1,0.0,0.0,231.0,46.0,56.0,34.0,3.49,84.1,13.5,Mostly Urban,34581.0,20.0,20.0,Yes,MDCAT (PMC),Difficult,65% / 210 marks,18.0
PK-KPK-004,Khyber Medical University,Public,KPK,Peshawar,2007,0,W2,Public Health,STEM,2022,408,228,180,13,31.4,26.0,28.0,354.0,11.0,2.0,24.0,2.86,67.6,7.5,Mostly Urban,44360.0,18.0,13.0,Yes,MDCAT (PMC),Difficult,65% / 210 marks,14.0
PK-KPK-004,Khyber Medical University,Public,KPK,Peshawar,2007,0,W2,Public Health,STEM,2023,450,290,160,17,26.5,13.0,25.0,412.0,54.0,23.0,8.0,3.41,72.6,1.6,Mostly Urban,33448.0,1.0,29.0,Yes,MDCAT (PMC),Difficult,65% / 210 marks,17.0
PK-KPK-004,Khyber Medical University,Public,KPK,Peshawar,2007,0,W2,Public Health,STEM,2024,495,250,245,21,23.6,39.0,95.0,361.0,55.0,20.0,42.0,3.19,72.9,7.3,Mixed Urban-Rural,40560.0,5.0,20.0,Yes,MDCAT (PMC),Difficult,65% / 210 marks,14.0
PK-KPK-004,Khyber Medical University,Public,KPK,Peshawar,2007,0,W2,Public Health,STEM,2025,431,190,241,17,25.4,6.0,31.0,394.0,9.0,54.0,11.0,3.44,60.3,5.5,Mixed Urban-Rural,13957.0,12.0,20.0,Yes,MDCAT (PMC),Difficult,65% / 210 marks,17.0
PK-KPK-009,Kohat University of Science & Technology,Public,KPK,Kohat,2001,0,W1,Civil Engineering,STEM,2022,141,92,49,5,28.2,0.0,13.0,128.0,11.0,41.0,17.0,2.83,75.9,16.9,Mostly Rural,26091.5,12.0,27.0,Yes,KUST Entry Test,Easy,45% / 100 marks,8.0
PK-KPK-009,Kohat University of Science & Technology,Public,KPK,Kohat,2001,0,W1,Civil Engineering,STEM,2023,155,91,64,6,25.8,11.0,11.0,133.0,11.0,23.0,56.0,3.63,74.5,17.1,Mostly Urban,12189.0,11.0,2.0,Yes,KUST Entry Test,Easy,45% / 100 marks,9.0
PK-KPK-009,Kohat University of Science & Technology,Public,KPK,Kohat,2001,0,W1,Civil Engineering,STEM,2024,151,95,56,5,30.2,12.0,17.0,122.0,11.0,27.0,66.0,3.66,64.8,17.7,Mostly Rural,41295.0,16.0,22.0,Yes,KUST Entry Test,Easy,45% / 100 marks,12.0
PK-KPK-009,Kohat University of Science & Technology,Public,KPK,Kohat,2001,0,W1,Civil Engineering,STEM,2025,167,81,86,5,33.4,9.0,26.0,132.0,16.0,3.0,74.0,3.375,71.6,15.8,Mostly Urban,8343.0,11.0,29.0,Yes,KUST Entry Test,Easy,45% / 100 marks,10.0
PK-KPK-009,Kohat University of Science & Technology,Public,KPK,Kohat,2001,0,W1,Computer Science,STEM,2022,48,20,28,5,9.6,2.0,6.0,40.0,23.0,3.0,48.0,2.84,89.3,12.9,Mostly Urban,20028.0,4.0,29.0,Yes,KUST Entry Test,Easy,45% / 100 marks,10.0
PK-KPK-009,Kohat University of Science & Technology,Public,KPK,Kohat,2001,0,W1,Computer Science,STEM,2023,50,33,17,5,10.0,1.0,2.0,47.0,6.0,23.0,23.0,3.37,76.6,12.6,Mostly Rural,16809.0,4.0,18.0,Yes,KUST Entry Test,Easy,45% / 100 marks,9.0
PK-KPK-009,Kohat University of Science & Technology,Public,KPK,Kohat,2001,0,W1,Computer Science,STEM,2024,54,25,29,5,10.8,4.0,8.0,42.0,23.0,21.0,15.0,2.85,84.1,16.3,Mixed Urban-Rural,27221.0,20.0,4.0,Yes,KUST Entry Test,Easy,45% / 100 marks,9.0
PK-KPK-009,Kohat University of Science & Technology,Public,KPK,Kohat,2001,0,W1,Computer Science,STEM,2025,55,27,28,5,11.0,2.0,0.0,53.0,6.0,23.0,79.0,3.375,88.8,10.9,Mixed Urban-Rural,40541.0,3.0,21.0,Yes,KUST Entry Test,Easy,45% / 100 marks,11.0
PK-KPK-009,Kohat University of Science & Technology,Public,KPK,Kohat,2001,0,W1,Electrical Engineering,STEM,2022,215,112,103,8,26.9,10.0,24.0,181.0,8.0,0.0,15.0,3.59,81.6,3.2,Mostly Urban,12036.0,20.0,33.0,Yes,KUST Entry Test,Easy,45% / 100 marks,12.0
PK-KPK-009,Kohat University of Science & Technology,Public,KPK,Kohat,2001,0,W1,Electrical Engineering,STEM,2023,190,131,59,5,38.0,0.0,18.0,172.0,23.0,10.0,24.0,3.29,73.7,16.0,Mostly Urban,29006.0,18.0,20.0,Yes,KUST Entry Test,Easy,45% / 100 marks,12.0
PK-KPK-009,Kohat University of Science & Technology,Public,KPK,Kohat,2001,0,W1,Electrical Engineering,STEM,2024,203,125,78,7,29.0,14.0,28.0,161.0,23.0,23.0,80.0,3.59,73.4,11.1,Mostly Urban,34340.0,19.0,13.0,Yes,KUST Entry Test,Easy,45% / 100 marks,12.0
PK-KPK-009,Kohat University of Science & Technology,Public,KPK,Kohat,2001,0,W1,Electrical Engineering,STEM,2025,232,152,80,9,25.8,18.0,34.0,180.0,43.0,49.0,74.0,3.36,76.7,9.5,Mostly Rural,16611.0,4.0,24.0,Yes,KUST Entry Test,Easy,45% / 100 marks,9.0
PK-KPK-009,Kohat University of Science & Technology,Public,KPK,Kohat,2001,0,W1,Mechanical Engineering,STEM,2022,352,240,112,11,32.0,0.0,28.0,324.0,27.0,7.0,56.0,3.62,71.0,2.8,Mixed Urban-Rural,24962.0,13.0,21.0,Yes,KUST Entry Test,Easy,45% / 100 marks,12.0
PK-KPK-009,Kohat University of Science & Technology,Public,KPK,Kohat,2001,0,W1,Mechanical Engineering,STEM,2023,389,209,180,12,32.4,17.0,10.0,362.0,59.0,30.0,74.0,3.38,73.6,10.4,Mixed Urban-Rural,8178.0,12.0,5.0,Yes,KUST Entry Test,Easy,45% / 100 marks,8.0
PK-KPK-009,Kohat University of Science & Technology,Public,KPK,Kohat,2001,0,W1,Mechanical Engineering,STEM,2024,330,151,179,10,33.0,20.0,1.0,309.0,11.0,10.0,23.0,2.76,73.8,16.0,Mixed Urban-Rural,35279.0,20.0,32.0,Yes,KUST Entry Test,Easy,45% / 100 marks,12.0
PK-KPK-009,Kohat University of Science & Technology,Public,KPK,Kohat,2001,0,W1,Mechanical Engineering,STEM,2025,395,175,220,11,35.9,0.0,37.0,358.0,23.0,23.0,56.0,2.72,66.8,13.3,Mostly Urban,44816.0,19.0,7.0,Yes,KUST Entry Test,Easy,45% / 100 marks,8.0
PK-KPK-009,Kohat University of Science & Technology,Public,KPK,Kohat,2001,0,W1,Software Engineering,STEM,2022,489,319,170,14,34.9,32.0,17.0,440.0,23.0,55.0,78.0,3.375,86.7,3.1,Mostly Urban,22624.0,16.0,13.0,Yes,KUST Entry Test,Easy,45% / 100 marks,8.0
PK-KPK-009,Kohat University of Science & Technology,Public,KPK,Kohat,2001,0,W1,Software Engineering,STEM,2023,451,205,246,13,34.7,0.0,31.0,420.0,47.0,40.0,63.0,3.15,76.9,10.1,Mostly Urban,11072.0,5.0,31.0,Yes,KUST Entry Test,Easy,45% / 100 marks,12.0
PK-KPK-009,Kohat University of Science & Technology,Public,KPK,Kohat,2001,0,W1,Software Engineering,STEM,2024,509,289,220,14,36.4,0.0,65.0,444.0,62.0,23.0,56.0,3.375,82.5,11.1,Mixed Urban-Rural,8646.0,10.0,21.0,Yes,KUST Entry Test,Easy,45% / 100 marks,9.0
PK-KPK-009,Kohat University of Science & Technology,Public,KPK,Kohat,2001,0,W1,Software Engineering,STEM,2025,532,240,292,22,24.2,6.0,32.0,494.0,97.0,40.0,56.0,3.68,85.2,7.7,Mostly Urban,29379.0,12.0,33.0,Yes,KUST Entry Test,Easy,45% / 100 marks,9.0
PK-KPK-009,Kohat University of Science & Technology,Public,KPK,Kohat,2001,0,W1,Telecommunication,STEM,2022,196,113,83,6,32.7,4.0,3.0,189.0,33.0,23.0,77.0,3.69,75.7,5.6,Mostly Rural,37344.0,9.0,16.0,Yes,KUST Entry Test,Easy,45% / 100 marks,12.0
PK-KPK-009,Kohat University of Science & Technology,Public,KPK,Kohat,2001,0,W1,Telecommunication,STEM,2023,219,107,112,6,36.5,10.0,8.0,201.0,38.0,23.0,49.0,3.33,74.8,9.9,Mostly Urban,32832.0,20.0,1.0,Yes,KUST Entry Test,Easy,45% / 100 marks,9.0
PK-KPK-009,Kohat University of Science & Technology,Public,KPK,Kohat,2001,0,W1,Telecommunication,STEM,2024,198,141,57,7,28.3,15.0,33.0,150.0,11.0,27.0,33.0,3.59,78.9,5.0,Mostly Rural,36920.0,5.0,21.0,Yes,KUST Entry Test,Easy,45% / 100 marks,11.0
PK-KPK-009,Kohat University of Science & Technology,Public,KPK,Kohat,2001,0,W1,Telecommunication,STEM,2025,197,141,56,5,39.4,5.0,8.0,184.0,38.0,17.0,56.0,3.61,85.8,17.6,Mostly Urban,26091.5,12.0,30.0,Yes,KUST Entry Test,Easy,45% / 100 marks,12.0
PK-KPK-012,University of Agriculture Peshawar,Public,KPK,Peshawar,1981,0,W3,Agriculture,STEM,2022,1557,897,660,69,22.6,32.0,124.0,1401.0,235.0,27.0,25.0,2.83,48.8,13.4,Mostly Rural,17771.0,15.0,14.0,Yes,UAP Entry Test,Medium,50% / 100 marks,16.0
PK-KPK-012,University of Agriculture Peshawar,Public,KPK,Peshawar,1981,0,W3,Agriculture,STEM,2023,1527,1046,481,45,33.9,93.0,150.0,1284.0,245.0,59.0,64.0,2.8,54.3,17.4,Mostly Urban,26865.0,9.0,8.0,Yes,UAP Entry Test,Medium,50% / 100 marks,20.0
PK-KPK-012,University of Agriculture Peshawar,Public,KPK,Peshawar,1981,0,W3,Agriculture,STEM,2024,1415,701,714,61,23.2,28.0,30.0,1357.0,256.0,26.0,5.0,3.03,55.7,13.5,Mixed Urban-Rural,35508.0,20.0,10.0,Yes,UAP Entry Test,Medium,50% / 100 marks,19.0
PK-KPK-012,University of Agriculture Peshawar,Public,KPK,Peshawar,1981,0,W3,Agriculture,STEM,2025,1617,766,851,57,28.4,0.0,109.0,1508.0,226.0,27.0,71.0,3.11,63.8,7.6,Mostly Urban,38350.0,19.0,5.0,Yes,UAP Entry Test,Medium,50% / 100 marks,19.0
PK-KPK-012,University of Agriculture Peshawar,Public,KPK,Peshawar,1981,0,W3,Agronomy,STEM,2022,1367,864,503,62,22.0,54.0,141.0,1172.0,145.0,27.0,4.0,3.53,58.8,4.5,Mostly Urban,8005.0,18.0,2.0,Yes,UAP Entry Test,Medium,50% / 100 marks,18.0
PK-KPK-012,University of Agriculture Peshawar,Public,KPK,Peshawar,1981,0,W3,Agronomy,STEM,2023,1436,928,508,55,26.1,69.0,155.0,1212.0,49.0,54.0,75.0,3.26,59.4,9.9,Mostly Urban,19692.0,5.0,14.0,Yes,UAP Entry Test,Medium,50% / 100 marks,19.0
PK-KPK-012,University of Agriculture Peshawar,Public,KPK,Peshawar,1981,0,W3,Agronomy,STEM,2024,1532,1067,465,53,28.9,41.0,197.0,1294.0,256.0,50.0,63.0,2.89,45.4,5.0,Mixed Urban-Rural,26865.0,13.0,14.0,Yes,UAP Entry Test,Medium,50% / 100 marks,16.0
PK-KPK-012,University of Agriculture Peshawar,Public,KPK,Peshawar,1981,0,W3,Agronomy,STEM,2025,1440,1026,414,53,27.2,0.0,161.0,1279.0,127.0,23.0,56.0,2.86,49.1,13.7,Mostly Rural,17875.0,5.0,16.0,Yes,UAP Entry Test,Medium,50% / 100 marks,20.0
PK-KPK-012,University of Agriculture Peshawar,Public,KPK,Peshawar,1981,0,W3,Animal Husbandry,STEM,2022,1385,527,858,39,35.5,0.0,269.0,1116.0,145.0,3.0,67.0,3.07,48.4,13.3,Mostly Urban,38135.0,13.0,15.0,Yes,UAP Entry Test,Medium,50% / 100 marks,19.0
PK-KPK-012,University of Agriculture Peshawar,Public,KPK,Peshawar,1981,0,W3,Animal Husbandry,STEM,2023,1517,966,551,47,32.3,54.0,107.0,1356.0,105.0,33.0,28.0,3.47,49.6,14.6,Mostly Rural,41601.0,14.0,6.0,Yes,UAP Entry Test,Medium,50% / 100 marks,16.0
PK-KPK-012,University of Agriculture Peshawar,Public,KPK,Peshawar,1981,0,W3,Animal Husbandry,STEM,2024,1660,844,816,68,24.4,60.0,251.0,1349.0,330.0,45.0,65.0,3.24,48.3,11.9,Mostly Rural,32700.0,20.0,12.0,Yes,UAP Entry Test,Medium,50% / 100 marks,16.0
PK-KPK-012,University of Agriculture Peshawar,Public,KPK,Peshawar,1981,0,W3,Animal Husbandry,STEM,2025,1721,1197,524,70,24.6,39.0,323.0,1359.0,145.0,9.0,47.0,3.09,60.5,10.3,Mixed Urban-Rural,37116.0,15.0,14.0,Yes,UAP Entry Test,Medium,50% / 100 marks,16.0
PK-KPK-012,University of Agriculture Peshawar,Public,KPK,Peshawar,1981,0,W3,Food Science & Technology,STEM,2022,1880,762,1118,53,35.5,146.0,116.0,1618.0,229.0,27.0,51.5,2.91,69.7,7.5,Mostly Urban,18343.0,2.0,15.0,Yes,UAP Entry Test,Medium,50% / 100 marks,19.0
PK-KPK-012,University of Agriculture Peshawar,Public,KPK,Peshawar,1981,0,W3,Food Science & Technology,STEM,2023,1749,1249,500,56,31.2,104.0,41.0,1604.0,145.0,7.0,16.0,3.07,62.0,11.1,Mostly Urban,31876.0,13.0,35.0,Yes,UAP Entry Test,Medium,50% / 100 marks,19.0
PK-KPK-012,University of Agriculture Peshawar,Public,KPK,Peshawar,1981,0,W3,Food Science & Technology,STEM,2024,1901,1217,684,58,32.8,76.0,260.0,1565.0,145.0,27.0,7.0,3.56,64.6,13.0,Mixed Urban-Rural,26865.0,14.0,10.0,Yes,UAP Entry Test,Medium,50% / 100 marks,17.0
PK-KPK-012,University of Agriculture Peshawar,Public,KPK,Peshawar,1981,0,W3,Food Science & Technology,STEM,2025,2176,1548,628,71,30.6,0.0,239.0,1937.0,38.0,39.0,5.0,3.01,68.0,7.2,Mostly Rural,26815.0,13.0,25.0,Yes,UAP Entry Test,Medium,50% / 100 marks,21.0
PK-KPK-012,University of Agriculture Peshawar,Public,KPK,Peshawar,1981,0,W3,Soil Science,STEM,2022,636,347,289,20,31.8,19.0,96.0,521.0,145.0,27.0,61.0,3.63,50.2,2.9,Mostly Urban,10237.0,5.0,23.0,Yes,UAP Entry Test,Medium,50% / 100 marks,19.0
PK-KPK-012,University of Agriculture Peshawar,Public,KPK,Peshawar,1981,0,W3,Soil Science,STEM,2023,665,446,219,23,28.9,44.0,0.0,621.0,116.0,15.0,63.0,3.21,47.7,5.7,Mostly Rural,8640.0,3.0,14.0,Yes,UAP Entry Test,Medium,50% / 100 marks,19.0
PK-KPK-012,University of Agriculture Peshawar,Public,KPK,Peshawar,1981,0,W3,Soil Science,STEM,2024,721,283,438,27,26.7,22.0,56.0,643.0,25.0,23.0,51.5,2.76,41.1,16.2,Mostly Rural,28894.0,7.0,14.0,Yes,UAP Entry Test,Medium,50% / 100 marks,19.0
PK-KPK-012,University of Agriculture Peshawar,Public,KPK,Peshawar,1981,0,W3,Soil Science,STEM,2025,606,383,223,20,30.3,5.0,51.0,550.0,107.0,36.0,13.0,2.86,50.8,4.8,Mostly Rural,26865.0,2.0,22.0,Yes,UAP Entry Test,Medium,50% / 100 marks,21.0
PK-KPK-002,University of Engineering & Technology Peshawar,Public,KPK,Peshawar,1952,0,W2,Civil Engineering,STEM,2022,473,270,203,19,24.9,0.0,49.0,424.0,54.0,32.0,51.0,3.13,72.1,2.5,Mixed Urban-Rural,29814.0,3.0,6.0,Yes,ECAT (KPK),Difficult,60% / 100 marks,26.0
PK-KPK-002,University of Engineering & Technology Peshawar,Public,KPK,Peshawar,1952,0,W2,Civil Engineering,STEM,2023,513,362,151,18,28.5,1.0,62.0,450.0,33.0,32.0,78.0,3.58,66.6,11.8,Mostly Rural,8629.0,4.0,17.0,Yes,ECAT (KPK),Difficult,60% / 100 marks,25.0
PK-KPK-002,University of Engineering & Technology Peshawar,Public,KPK,Peshawar,1952,0,W2,Civil Engineering,STEM,2024,493,330,163,16,30.8,13.0,30.0,450.0,97.0,13.0,3.0,2.78,69.5,9.0,Mostly Urban,32061.0,2.0,17.0,Yes,ECAT (KPK),Difficult,60% / 100 marks,20.0
PK-KPK-002,University of Engineering & Technology Peshawar,Public,KPK,Peshawar,1952,0,W2,Civil Engineering,STEM,2025,575,291,284,21,27.4,42.0,95.0,438.0,24.0,0.0,51.0,3.56,65.1,14.4,Mixed Urban-Rural,28614.0,10.0,17.0,Yes,ECAT (KPK),Difficult,60% / 100 marks,24.0
PK-KPK-002,University of Engineering & Technology Peshawar,Public,KPK,Peshawar,1952,0,W2,Electrical Engineering,STEM,2022,718,462,256,22,32.6,28.0,5.0,685.0,22.0,12.0,55.0,3.01,82.8,4.2,Mostly Rural,13990.0,13.0,28.0,Yes,ECAT (KPK),Difficult,60% / 100 marks,21.0
PK-KPK-002,University of Engineering & Technology Peshawar,Public,KPK,Peshawar,1952,0,W2,Electrical Engineering,STEM,2023,732,360,372,22,33.3,23.0,134.0,575.0,73.0,11.0,52.0,3.37,72.2,14.9,Mostly Urban,34231.0,4.0,20.0,Yes,ECAT (KPK),Difficult,60% / 100 marks,21.0
PK-KPK-002,University of Engineering & Technology Peshawar,Public,KPK,Peshawar,1952,0,W2,Electrical Engineering,STEM,2024,793,311,482,33,24.0,0.0,99.0,694.0,139.0,21.0,31.0,2.87,78.2,9.0,Mostly Urban,11704.0,20.0,1.0,Yes,ECAT (KPK),Difficult,60% / 100 marks,21.0
PK-KPK-002,University of Engineering & Technology Peshawar,Public,KPK,Peshawar,1952,0,W2,Electrical Engineering,STEM,2025,835,512,323,32,26.1,42.0,155.0,638.0,55.0,54.0,38.5,3.205,83.1,2.0,Mixed Urban-Rural,34284.0,8.0,17.0,Yes,ECAT (KPK),Difficult,60% / 100 marks,22.0
PK-KPK-002,University of Engineering & Technology Peshawar,Public,KPK,Peshawar,1952,0,W2,Industrial Engineering,STEM,2022,749,391,358,26,28.8,18.0,0.0,731.0,99.0,32.0,12.0,3.7,70.4,9.0,Mixed Urban-Rural,21220.0,9.0,24.0,Yes,ECAT (KPK),Difficult,60% / 100 marks,25.0
PK-KPK-002,University of Engineering & Technology Peshawar,Public,KPK,Peshawar,1952,0,W2,Industrial Engineering,STEM,2023,834,449,385,28,29.8,39.0,6.0,789.0,35.0,1.0,60.0,3.36,69.5,10.4,Mixed Urban-Rural,21328.0,13.0,28.0,Yes,ECAT (KPK),Difficult,60% / 100 marks,24.0
PK-KPK-002,University of Engineering & Technology Peshawar,Public,KPK,Peshawar,1952,0,W2,Industrial Engineering,STEM,2024,846,401,445,35,24.2,50.0,2.0,794.0,138.0,32.0,37.0,3.22,72.8,9.4,Mostly Urban,23197.5,8.0,2.0,Yes,ECAT (KPK),Difficult,60% / 100 marks,21.0
PK-KPK-002,University of Engineering & Technology Peshawar,Public,KPK,Peshawar,1952,0,W2,Industrial Engineering,STEM,2025,947,649,298,36,26.3,0.0,76.0,871.0,76.0,32.0,40.0,3.05,62.8,13.5,Mostly Rural,23197.5,6.0,17.0,Yes,ECAT (KPK),Difficult,60% / 100 marks,22.0
PK-KPK-002,University of Engineering & Technology Peshawar,Public,KPK,Peshawar,1952,0,W2,Mechanical Engineering,STEM,2022,203,144,59,6,33.8,0.0,1.0,202.0,5.0,34.0,35.0,3.27,67.9,8.3,Mixed Urban-Rural,9219.0,16.0,0.0,Yes,ECAT (KPK),Difficult,60% / 100 marks,21.0
PK-KPK-002,University of Engineering & Technology Peshawar,Public,KPK,Peshawar,1952,0,W2,Mechanical Engineering,STEM,2023,234,126,108,10,23.4,14.0,30.0,190.0,43.0,20.0,30.0,3.03,67.1,6.5,Mostly Urban,39404.0,6.0,28.0,Yes,ECAT (KPK),Difficult,60% / 100 marks,25.0
PK-KPK-002,University of Engineering & Technology Peshawar,Public,KPK,Peshawar,1952,0,W2,Mechanical Engineering,STEM,2024,233,155,78,8,29.1,0.0,0.0,233.0,30.0,34.0,31.0,2.93,70.5,13.8,Mostly Urban,41797.0,13.0,17.0,Yes,ECAT (KPK),Difficult,60% / 100 marks,20.0
PK-KPK-002,University of Engineering & Technology Peshawar,Public,KPK,Peshawar,1952,0,W2,Mechanical Engineering,STEM,2025,232,123,109,7,33.1,0.0,29.0,203.0,41.0,18.0,34.0,2.63,67.6,2.3,Mixed Urban-Rural,23197.5,9.0,10.0,Yes,ECAT (KPK),Difficult,60% / 100 marks,23.0
PK-KPK-002,University of Engineering & Technology Peshawar,Public,KPK,Peshawar,1952,0,W2,Software Engineering,STEM,2022,613,237,376,19,32.3,25.0,79.0,509.0,54.0,18.0,38.5,3.26,78.6,2.2,Mostly Urban,20330.0,5.0,0.0,Yes,ECAT (KPK),Difficult,60% / 100 marks,20.0
PK-KPK-002,University of Engineering & Technology Peshawar,Public,KPK,Peshawar,1952,0,W2,Software Engineering,STEM,2023,800,546,254,33,24.2,11.0,44.0,745.0,42.0,33.0,68.0,3.53,81.0,14.9,Mostly Urban,20933.0,11.0,19.0,Yes,ECAT (KPK),Difficult,60% / 100 marks,20.0
PK-KPK-002,University of Engineering & Technology Peshawar,Public,KPK,Peshawar,1952,0,W2,Software Engineering,STEM,2024,819,316,503,28,29.2,22.0,93.0,704.0,26.0,52.0,53.0,2.67,80.1,9.0,Mixed Urban-Rural,43037.0,16.0,11.0,Yes,ECAT (KPK),Difficult,60% / 100 marks,20.0
PK-KPK-002,University of Engineering & Technology Peshawar,Public,KPK,Peshawar,1952,0,W2,Software Engineering,STEM,2025,797,402,395,33,24.2,0.0,15.0,782.0,97.0,47.0,50.0,3.68,80.1,14.0,Mostly Rural,19372.0,3.0,32.0,Yes,ECAT (KPK),Difficult,60% / 100 marks,25.0
PK-KPK-002,University of Engineering & Technology Peshawar,Public,KPK,Peshawar,1952,0,W2,Telecommunication,STEM,2022,720,514,206,21,34.3,52.0,110.0,558.0,59.0,52.0,29.0,3.34,71.8,9.0,Mixed Urban-Rural,8152.0,9.0,32.0,Yes,ECAT (KPK),Difficult,60% / 100 marks,20.0
PK-KPK-002,University of Engineering & Technology Peshawar,Public,KPK,Peshawar,1952,0,W2,Telecommunication,STEM,2023,771,479,292,23,33.5,0.0,81.0,690.0,123.0,39.0,35.0,3.19,83.5,9.0,Mostly Urban,25067.0,11.0,26.0,Yes,ECAT (KPK),Difficult,60% / 100 marks,20.0
PK-KPK-002,University of Engineering & Technology Peshawar,Public,KPK,Peshawar,1952,0,W2,Telecommunication,STEM,2024,883,358,525,38,23.2,58.0,112.0,713.0,54.0,50.0,58.0,3.205,79.9,5.4,Mostly Rural,43071.0,20.0,17.0,Yes,ECAT (KPK),Difficult,60% / 100 marks,21.0
PK-KPK-002,University of Engineering & Technology Peshawar,Public,KPK,Peshawar,1952,0,W2,Telecommunication,STEM,2025,949,605,344,32,29.7,26.0,90.0,833.0,54.0,49.0,5.0,3.15,81.0,2.3,Mixed Urban-Rural,23197.5,1.0,15.0,Yes,ECAT (KPK),Difficult,60% / 100 marks,26.0
PK-KPK-014,University of Haripur,Public,KPK,Haripur,2012,0,W1,Biology,STEM,2022,256,136,120,10,25.6,16.0,50.0,190.0,31.0,36.0,46.0,2.8,54.8,14.3,Mostly Rural,41510.0,11.0,29.0,Yes,UH Entry Test,Easy,40% / 100 marks,6.0
PK-KPK-014,University of Haripur,Public,KPK,Haripur,2012,0,W1,Biology,STEM,2023,262,144,118,8,32.8,0.0,13.0,249.0,40.0,23.0,69.0,3.63,46.7,9.6,Mostly Urban,30257.0,16.0,19.0,Yes,UH Entry Test,Easy,40% / 100 marks,8.0
PK-KPK-014,University of Haripur,Public,KPK,Haripur,2012,0,W1,Biology,STEM,2024,319,206,113,11,29.0,23.0,32.0,264.0,51.0,36.0,58.0,2.95,56.6,17.4,Mixed Urban-Rural,9126.0,2.0,1.0,Yes,UH Entry Test,Easy,40% / 100 marks,10.0
PK-KPK-014,University of Haripur,Public,KPK,Haripur,2012,0,W1,Biology,STEM,2025,271,184,87,8,33.9,19.0,8.0,244.0,31.0,36.0,49.0,2.71,46.4,10.7,Mostly Urban,18765.0,14.0,8.0,Yes,UH Entry Test,Easy,40% / 100 marks,10.0
PK-KPK-014,University of Haripur,Public,KPK,Haripur,2012,0,W1,Economics,Business,2022,102,49,53,5,20.4,8.0,1.0,93.0,17.0,55.0,37.0,3.3,58.7,17.3,Mostly Rural,14581.0,6.0,19.0,Yes,UH Entry Test,Easy,40% / 100 marks,8.0
PK-KPK-014,University of Haripur,Public,KPK,Haripur,2012,0,W1,Economics,Business,2023,103,63,40,5,20.6,1.0,0.0,102.0,17.0,36.0,8.0,3.19,62.7,7.1,Mixed Urban-Rural,19533.0,11.0,21.0,Yes,UH Entry Test,Easy,40% / 100 marks,7.0
PK-KPK-014,University of Haripur,Public,KPK,Haripur,2012,0,W1,Economics,Business,2024,106,75,31,5,21.2,6.0,21.0,79.0,5.0,56.0,23.0,3.28,68.7,1.7,Mostly Rural,13131.0,11.0,27.0,Yes,UH Entry Test,Easy,40% / 100 marks,10.0
PK-KPK-014,University of Haripur,Public,KPK,Haripur,2012,0,W1,Economics,Business,2025,119,68,51,5,23.8,9.0,21.0,89.0,23.0,7.0,70.0,3.66,66.1,7.9,Mostly Urban,8575.0,12.0,31.0,Yes,UH Entry Test,Easy,40% / 100 marks,8.0
PK-KPK-014,University of Haripur,Public,KPK,Haripur,2012,0,W1,Education,Arts & Social Sciences,2022,531,295,236,19,27.9,8.0,104.0,419.0,31.0,56.0,60.0,3.15,61.5,8.1,Mixed Urban-Rural,42933.0,9.0,5.0,Yes,UH Entry Test,Easy,40% / 100 marks,10.0
PK-KPK-014,University of Haripur,Public,KPK,Haripur,2012,0,W1,Education,Arts & Social Sciences,2023,489,337,152,21,23.3,39.0,93.0,357.0,83.0,29.0,13.0,2.69,68.7,14.5,Mixed Urban-Rural,36766.0,11.0,3.0,Yes,UH Entry Test,Easy,40% / 100 marks,7.0
PK-KPK-014,University of Haripur,Public,KPK,Haripur,2012,0,W1,Education,Arts & Social Sciences,2024,582,374,208,20,29.1,24.0,77.0,481.0,74.0,48.0,46.0,2.82,67.2,7.0,Mostly Urban,20343.0,11.0,19.0,Yes,UH Entry Test,Easy,40% / 100 marks,9.0
PK-KPK-014,University of Haripur,Public,KPK,Haripur,2012,0,W1,Education,Arts & Social Sciences,2025,485,241,244,14,34.6,32.0,5.0,448.0,31.0,0.0,57.0,3.56,72.9,2.3,Mostly Rural,15565.0,10.0,19.0,Yes,UH Entry Test,Easy,40% / 100 marks,6.0
PK-KPK-014,University of Haripur,Public,KPK,Haripur,2012,0,W1,History,Arts & Social Sciences,2022,405,201,204,13,31.2,14.0,32.0,359.0,25.0,44.0,64.0,3.48,43.3,9.6,Mostly Rural,16890.0,19.0,11.0,Yes,UH Entry Test,Easy,40% / 100 marks,9.0
PK-KPK-014,University of Haripur,Public,KPK,Haripur,2012,0,W1,History,Arts & Social Sciences,2023,446,201,245,13,34.3,17.0,86.0,343.0,73.0,29.0,19.0,3.41,38.4,10.9,Mixed Urban-Rural,42597.0,14.0,11.0,Yes,UH Entry Test,Easy,40% / 100 marks,8.0
PK-KPK-014,University of Haripur,Public,KPK,Haripur,2012,0,W1,History,Arts & Social Sciences,2024,430,177,253,14,30.7,2.0,62.0,366.0,38.0,49.0,52.0,3.19,33.6,9.6,Mostly Urban,38673.0,8.0,6.0,Yes,UH Entry Test,Easy,40% / 100 marks,9.0
PK-KPK-014,University of Haripur,Public,KPK,Haripur,2012,0,W1,History,Arts & Social Sciences,2025,542,332,210,18,30.1,22.0,30.0,490.0,61.0,36.0,30.0,2.66,33.2,9.3,Mostly Rural,23444.0,18.0,23.0,Yes,UH Entry Test,Easy,40% / 100 marks,9.0
PK-KPK-014,University of Haripur,Public,KPK,Haripur,2012,0,W1,Mass Communication,Arts & Social Sciences,2022,149,81,68,6,24.8,5.0,18.0,126.0,31.0,36.0,32.0,2.88,55.8,8.4,Mostly Urban,20507.0,11.0,19.0,Yes,UH Entry Test,Easy,40% / 100 marks,10.0
PK-KPK-014,University of Haripur,Public,KPK,Haripur,2012,0,W1,Mass Communication,Arts & Social Sciences,2023,141,73,68,5,28.2,0.0,6.0,135.0,18.0,12.0,41.0,3.28,58.7,9.6,Mostly Urban,28393.0,12.0,21.0,Yes,UH Entry Test,Easy,40% / 100 marks,7.0
PK-KPK-014,University of Haripur,Public,KPK,Haripur,2012,0,W1,Mass Communication,Arts & Social Sciences,2024,150,98,52,5,30.0,0.0,10.0,140.0,27.0,36.0,42.0,2.83,61.9,10.0,Mixed Urban-Rural,22177.0,6.0,28.0,Yes,UH Entry Test,Easy,40% / 100 marks,7.0
PK-KPK-014,University of Haripur,Public,KPK,Haripur,2012,0,W1,Mass Communication,Arts & Social Sciences,2025,178,102,76,5,35.6,2.0,31.0,145.0,22.0,41.0,59.0,2.92,63.5,9.6,Mostly Urban,26902.0,3.0,2.0,Yes,UH Entry Test,Easy,40% / 100 marks,6.0
PK-KPK-014,University of Haripur,Public,KPK,Haripur,2012,0,W1,Mathematics,STEM,2022,123,87,36,5,24.6,0.0,20.0,103.0,31.0,9.0,45.0,3.19,50.1,3.4,Mostly Rural,22577.0,13.0,26.0,Yes,UH Entry Test,Easy,40% / 100 marks,9.0
PK-KPK-014,University of Haripur,Public,KPK,Haripur,2012,0,W1,Mathematics,STEM,2023,148,64,84,5,29.6,6.0,16.0,126.0,13.0,60.0,54.0,3.08,61.7,14.2,Mostly Urban,33550.0,17.0,12.0,Yes,UH Entry Test,Easy,40% / 100 marks,7.0
PK-KPK-014,University of Haripur,Public,KPK,Haripur,2012,0,W1,Mathematics,STEM,2024,122,79,43,5,24.4,0.0,5.0,117.0,22.0,51.0,74.0,2.73,53.3,8.4,Mixed Urban-Rural,12621.0,4.0,22.0,Yes,UH Entry Test,Easy,40% / 100 marks,8.0
PK-KPK-014,University of Haripur,Public,KPK,Haripur,2012,0,W1,Mathematics,STEM,2025,130,81,49,5,26.0,2.0,26.0,102.0,22.0,60.0,8.0,3.67,65.2,16.0,Mostly Urban,28538.0,3.0,24.0,Yes,UH Entry Test,Easy,40% / 100 marks,6.0
PK-KPK-014,University of Haripur,Public,KPK,Haripur,2012,0,W1,Pharmacy,STEM,2022,219,152,67,7,31.3,16.0,2.0,201.0,33.0,2.0,46.0,3.19,81.9,1.7,Mixed Urban-Rural,22586.0,3.0,19.0,Yes,UH Entry Test,Easy,40% / 100 marks,8.0
PK-KPK-014,University of Haripur,Public,KPK,Haripur,2012,0,W1,Pharmacy,STEM,2023,227,122,105,10,22.7,10.0,6.0,211.0,45.0,23.0,32.0,3.68,85.5,3.8,Mostly Urban,22577.0,11.0,23.0,Yes,UH Entry Test,Easy,40% / 100 marks,8.0
PK-KPK-014,University of Haripur,Public,KPK,Haripur,2012,0,W1,Pharmacy,STEM,2024,278,119,159,11,25.3,19.0,48.0,211.0,31.0,36.0,11.0,3.51,80.7,16.7,Mostly Rural,18311.0,15.0,10.0,Yes,UH Entry Test,Easy,40% / 100 marks,9.0
PK-KPK-014,University of Haripur,Public,KPK,Haripur,2012,0,W1,Pharmacy,STEM,2025,255,97,158,8,31.9,8.0,24.0,223.0,31.0,19.0,52.0,3.19,76.7,6.0,Mostly Urban,9521.0,18.0,7.0,Yes,UH Entry Test,Easy,40% / 100 marks,8.0
PK-KPK-014,University of Haripur,Public,KPK,Haripur,2012,0,W1,Political Science,Arts & Social Sciences,2022,350,185,165,15,23.3,6.0,37.0,307.0,5.0,15.0,11.0,3.43,51.5,11.1,Mostly Rural,22577.0,8.0,1.0,Yes,UH Entry Test,Easy,40% / 100 marks,6.0
PK-KPK-014,University of Haripur,Public,KPK,Haripur,2012,0,W1,Political Science,Arts & Social Sciences,2023,374,268,106,10,37.4,5.0,21.0,348.0,31.0,15.0,46.0,2.76,50.0,16.1,Mostly Urban,25281.0,14.0,19.0,Yes,UH Entry Test,Easy,40% / 100 marks,10.0
PK-KPK-014,University of Haripur,Public,KPK,Haripur,2012,0,W1,Political Science,Arts & Social Sciences,2024,365,165,200,11,33.2,0.0,54.0,311.0,72.0,55.0,10.0,3.19,44.5,5.5,Mixed Urban-Rural,28980.0,2.0,26.0,Yes,UH Entry Test,Easy,40% / 100 marks,10.0
PK-KPK-014,University of Haripur,Public,KPK,Haripur,2012,0,W1,Political Science,Arts & Social Sciences,2025,428,188,240,12,35.7,33.0,55.0,340.0,31.0,50.0,44.0,3.19,43.4,9.6,Mostly Rural,34959.0,14.0,17.0,Yes,UH Entry Test,Easy,40% / 100 marks,7.0
PK-KPK-014,University of Haripur,Public,KPK,Haripur,2012,0,W1,Psychology,Arts & Social Sciences,2022,459,302,157,18,25.5,6.0,66.0,387.0,12.0,53.0,46.0,2.98,66.6,16.7,Mixed Urban-Rural,14451.0,11.0,19.0,Yes,UH Entry Test,Easy,40% / 100 marks,8.0
PK-KPK-014,University of Haripur,Public,KPK,Haripur,2012,0,W1,Psychology,Arts & Social Sciences,2023,531,218,313,19,27.9,32.0,75.0,424.0,48.0,37.0,50.0,3.66,54.1,9.6,Mostly Rural,17213.0,3.0,24.0,Yes,UH Entry Test,Easy,40% / 100 marks,6.0
PK-KPK-014,University of Haripur,Public,KPK,Haripur,2012,0,W1,Psychology,Arts & Social Sciences,2024,484,207,277,20,24.2,29.0,69.0,386.0,76.0,55.0,70.0,3.53,61.0,9.6,Mostly Rural,28130.0,12.0,0.0,Yes,UH Entry Test,Easy,40% / 100 marks,7.0
PK-KPK-014,University of Haripur,Public,KPK,Haripur,2012,0,W1,Psychology,Arts & Social Sciences,2025,531,339,192,16,33.2,13.0,10.0,508.0,31.0,10.0,74.0,3.29,59.6,15.3,Mostly Urban,27719.0,10.0,29.0,Yes,UH Entry Test,Easy,40% / 100 marks,6.0
PK-KPK-014,University of Haripur,Public,KPK,Haripur,2012,0,W1,Statistics,STEM,2022,331,159,172,10,33.1,0.0,0.0,331.0,53.0,36.0,77.0,2.85,64.0,10.2,Mostly Urban,8473.0,11.0,5.0,Yes,UH Entry Test,Easy,40% / 100 marks,9.0
PK-KPK-014,University of Haripur,Public,KPK,Haripur,2012,0,W1,Statistics,STEM,2023,310,122,188,13,23.8,23.0,46.0,241.0,29.0,6.0,12.0,3.19,67.4,8.3,Mixed Urban-Rural,10028.0,17.0,33.0,Yes,UH Entry Test,Easy,40% / 100 marks,10.0
PK-KPK-014,University of Haripur,Public,KPK,Haripur,2012,0,W1,Statistics,STEM,2024,380,258,122,13,29.2,1.0,56.0,323.0,31.0,16.0,80.0,3.11,63.6,16.7,Mostly Rural,22577.0,13.0,19.0,Yes,UH Entry Test,Easy,40% / 100 marks,9.0
PK-KPK-014,University of Haripur,Public,KPK,Haripur,2012,0,W1,Statistics,STEM,2025,375,216,159,13,28.8,5.0,8.0,362.0,42.0,30.0,77.0,3.37,70.2,2.0,Mostly Urban,42539.0,5.0,19.0,Yes,UH Entry Test,Easy,40% / 100 marks,10.0
PK-KPK-008,University of Malakand,Public,KPK,Chakdara,2001,0,W1,Biology,STEM,2022,403,237,166,13,31.0,21.0,8.0,374.0,17.0,35.0,59.0,3.66,55.4,10.5,Mostly Urban,29298.0,14.0,0.0,Yes,UOM Entry Test,Easy,40% / 100 marks,10.0
PK-KPK-008,University of Malakand,Public,KPK,Chakdara,2001,0,W1,Biology,STEM,2023,515,362,153,15,34.3,0.0,65.0,450.0,100.0,30.0,76.0,2.75,48.2,9.85,Mixed Urban-Rural,24629.5,19.0,34.0,Yes,UOM Entry Test,Easy,40% / 100 marks,12.0
PK-KPK-008,University of Malakand,Public,KPK,Chakdara,2001,0,W1,Biology,STEM,2024,453,233,220,13,34.8,4.0,58.0,391.0,90.0,21.0,30.0,3.0,56.8,15.9,Mixed Urban-Rural,12930.0,14.0,25.0,Yes,UOM Entry Test,Easy,40% / 100 marks,10.0
PK-KPK-008,University of Malakand,Public,KPK,Chakdara,2001,0,W1,Biology,STEM,2025,443,196,247,18,24.6,28.0,34.0,381.0,49.0,54.0,76.0,2.93,47.4,12.7,Mostly Urban,35400.0,12.0,17.0,Yes,UOM Entry Test,Easy,40% / 100 marks,12.0
PK-KPK-008,University of Malakand,Public,KPK,Chakdara,2001,0,W1,Civil Engineering,STEM,2022,451,194,257,18,25.1,30.0,65.0,356.0,18.0,50.0,19.0,3.48,73.7,9.85,Mostly Urban,23242.0,12.0,2.0,Yes,UOM Entry Test,Easy,40% / 100 marks,11.0
PK-KPK-008,University of Malakand,Public,KPK,Chakdara,2001,0,W1,Civil Engineering,STEM,2023,445,258,187,16,27.8,0.0,26.0,419.0,31.0,30.0,4.0,2.95,63.8,6.8,Mixed Urban-Rural,21222.0,8.0,15.0,Yes,UOM Entry Test,Easy,40% / 100 marks,13.0
PK-KPK-008,University of Malakand,Public,KPK,Chakdara,2001,0,W1,Civil Engineering,STEM,2024,436,177,259,14,31.1,16.0,10.0,410.0,34.0,12.0,41.0,2.83,70.1,15.9,Mostly Urban,41155.0,4.0,26.0,Yes,UOM Entry Test,Easy,40% / 100 marks,14.0
PK-KPK-008,University of Malakand,Public,KPK,Chakdara,2001,0,W1,Civil Engineering,STEM,2025,462,326,136,14,33.0,16.0,70.0,376.0,20.5,37.0,72.0,2.93,62.4,4.4,Mixed Urban-Rural,44481.0,19.0,32.0,Yes,UOM Entry Test,Easy,40% / 100 marks,9.0
PK-KPK-008,University of Malakand,Public,KPK,Chakdara,2001,0,W1,English Literature,Arts & Social Sciences,2022,91,40,51,5,18.2,6.0,7.0,78.0,16.0,6.0,41.0,2.69,49.6,12.9,Mostly Urban,8710.0,1.0,15.0,Yes,UOM Entry Test,Easy,40% / 100 marks,12.0
PK-KPK-008,University of Malakand,Public,KPK,Chakdara,2001,0,W1,English Literature,Arts & Social Sciences,2023,93,37,56,5,18.6,2.0,16.0,75.0,18.0,15.0,41.0,3.33,44.2,11.3,Mixed Urban-Rural,37560.0,5.0,17.0,Yes,UOM Entry Test,Easy,40% / 100 marks,14.0
PK-KPK-008,University of Malakand,Public,KPK,Chakdara,2001,0,W1,English Literature,Arts & Social Sciences,2024,90,47,43,5,18.0,5.0,17.0,68.0,12.0,56.0,16.0,2.62,41.0,5.8,Mostly Urban,15669.0,12.0,7.0,Yes,UOM Entry Test,Easy,40% / 100 marks,12.0
PK-KPK-008,University of Malakand,Public,KPK,Chakdara,2001,0,W1,English Literature,Arts & Social Sciences,2025,102,50,52,5,20.4,4.0,0.0,98.0,20.5,34.0,58.0,3.12,44.2,9.2,Mixed Urban-Rural,36836.0,19.0,16.0,Yes,UOM Entry Test,Easy,40% / 100 marks,12.0
PK-KPK-008,University of Malakand,Public,KPK,Chakdara,2001,0,W1,Information Technology,STEM,2022,111,67,44,5,22.2,8.0,3.0,100.0,15.0,10.0,10.0,3.07,76.6,4.0,Mostly Rural,28229.0,12.0,6.0,Yes,UOM Entry Test,Easy,40% / 100 marks,12.0
PK-KPK-008,University of Malakand,Public,KPK,Chakdara,2001,0,W1,Information Technology,STEM,2023,131,70,61,5,26.2,10.0,8.0,113.0,26.0,9.0,68.0,3.05,77.5,12.9,Mostly Urban,14353.0,14.0,13.0,Yes,UOM Entry Test,Easy,40% / 100 marks,10.0
PK-KPK-008,University of Malakand,Public,KPK,Chakdara,2001,0,W1,Information Technology,STEM,2024,138,68,70,5,27.6,5.0,21.0,112.0,6.0,36.0,37.0,3.05,76.6,9.85,Mixed Urban-Rural,12006.0,5.0,20.0,Yes,UOM Entry Test,Easy,40% / 100 marks,10.0
PK-KPK-008,University of Malakand,Public,KPK,Chakdara,2001,0,W1,Information Technology,STEM,2025,134,63,71,5,26.8,4.0,2.0,128.0,7.0,36.0,41.0,3.56,74.3,6.6,Mostly Urban,38317.0,5.0,23.0,Yes,UOM Entry Test,Easy,40% / 100 marks,12.0
PK-KPK-008,University of Malakand,Public,KPK,Chakdara,2001,0,W1,Mathematics,STEM,2022,285,138,147,8,35.6,0.0,29.0,256.0,34.0,50.0,65.0,2.85,55.9,16.9,Mixed Urban-Rural,36938.0,3.0,0.0,Yes,UOM Entry Test,Easy,40% / 100 marks,11.0
PK-KPK-008,University of Malakand,Public,KPK,Chakdara,2001,0,W1,Mathematics,STEM,2023,321,165,156,10,32.1,0.0,29.0,292.0,23.0,35.0,15.0,3.05,62.3,14.8,Mixed Urban-Rural,25822.0,12.0,15.0,Yes,UOM Entry Test,Easy,40% / 100 marks,13.0
PK-KPK-008,University of Malakand,Public,KPK,Chakdara,2001,0,W1,Mathematics,STEM,2024,298,128,170,13,22.9,1.0,0.0,297.0,5.0,35.0,29.0,3.34,52.3,6.5,Mostly Urban,19566.0,12.0,15.0,Yes,UOM Entry Test,Easy,40% / 100 marks,14.0
PK-KPK-008,University of Malakand,Public,KPK,Chakdara,2001,0,W1,Mathematics,STEM,2025,334,148,186,11,30.4,17.0,17.0,300.0,49.0,20.0,66.0,3.64,54.0,5.3,Mostly Rural,44575.0,14.0,2.0,Yes,UOM Entry Test,Easy,40% / 100 marks,13.0
PK-KPK-008,University of Malakand,Public,KPK,Chakdara,2001,0,W1,Mechanical Engineering,STEM,2022,163,93,70,5,32.6,12.0,16.0,135.0,20.5,3.0,29.0,3.42,72.9,2.2,Mostly Urban,27048.0,16.0,12.0,Yes,UOM Entry Test,Easy,40% / 100 marks,11.0
PK-KPK-008,University of Malakand,Public,KPK,Chakdara,2001,0,W1,Mechanical Engineering,STEM,2023,150,93,57,5,30.0,8.0,4.0,138.0,27.0,58.0,8.0,2.78,79.0,3.1,Mixed Urban-Rural,9105.0,6.0,4.0,Yes,UOM Entry Test,Easy,40% / 100 marks,13.0
PK-KPK-008,University of Malakand,Public,KPK,Chakdara,2001,0,W1,Mechanical Engineering,STEM,2024,168,85,83,5,33.6,0.0,15.0,153.0,20.5,1.0,41.0,3.7,74.7,10.7,Mostly Urban,8410.0,12.0,20.0,Yes,UOM Entry Test,Easy,40% / 100 marks,9.0
PK-KPK-008,University of Malakand,Public,KPK,Chakdara,2001,0,W1,Mechanical Engineering,STEM,2025,162,81,81,6,27.0,11.0,25.0,126.0,11.0,58.0,80.0,2.78,74.5,17.7,Mixed Urban-Rural,18276.0,20.0,15.0,Yes,UOM Entry Test,Easy,40% / 100 marks,12.0
PK-KPK-008,University of Malakand,Public,KPK,Chakdara,2001,0,W1,Statistics,STEM,2022,147,87,60,5,29.4,10.0,15.0,122.0,20.5,41.0,41.0,3.28,59.2,9.85,Mixed Urban-Rural,23437.0,3.0,15.0,Yes,UOM Entry Test,Easy,40% / 100 marks,12.0
PK-KPK-008,University of Malakand,Public,KPK,Chakdara,2001,0,W1,Statistics,STEM,2023,186,101,85,7,26.6,8.0,11.0,167.0,25.0,60.0,52.0,3.28,69.7,11.0,Mostly Rural,23431.0,11.0,1.0,Yes,UOM Entry Test,Easy,40% / 100 marks,8.0
PK-KPK-008,University of Malakand,Public,KPK,Chakdara,2001,0,W1,Statistics,STEM,2024,159,97,62,6,26.5,7.0,0.0,152.0,14.0,35.0,49.0,3.05,65.2,2.4,Mostly Rural,44003.0,12.0,15.0,Yes,UOM Entry Test,Easy,40% / 100 marks,14.0
PK-KPK-008,University of Malakand,Public,KPK,Chakdara,2001,0,W1,Statistics,STEM,2025,167,69,98,5,33.4,9.0,33.0,125.0,20.5,47.0,9.0,2.83,62.3,2.7,Mixed Urban-Rural,24629.5,12.0,8.0,Yes,UOM Entry Test,Easy,40% / 100 marks,14.0
PK-KPK-001,University of Peshawar,Public,KPK,Peshawar,1950,0,W2,Biology,STEM,2022,315,123,192,10,31.5,21.0,0.0,294.0,15.0,34.0,39.5,3.44,52.8,17.1,Mixed Urban-Rural,33139.0,9.0,0.0,Yes,UoP Entry Test,Medium,50% / 100 marks,26.0
PK-KPK-001,University of Peshawar,Public,KPK,Peshawar,1950,0,W2,Biology,STEM,2023,339,161,178,10,33.9,16.0,64.0,259.0,72.0,26.0,54.0,3.48,57.6,14.4,Mostly Urban,15400.0,16.0,26.0,Yes,UoP Entry Test,Medium,50% / 100 marks,29.0
PK-KPK-001,University of Peshawar,Public,KPK,Peshawar,1950,0,W2,Biology,STEM,2024,330,188,142,9,36.7,7.0,38.0,285.0,48.0,3.0,39.5,3.12,55.4,2.3,Mostly Rural,29590.0,9.0,21.0,Yes,UoP Entry Test,Medium,50% / 100 marks,29.0
PK-KPK-001,University of Peshawar,Public,KPK,Peshawar,1950,0,W2,Biology,STEM,2025,371,211,160,10,37.1,28.0,15.0,328.0,26.0,45.0,63.0,3.08,44.1,7.9,Mostly Urban,22234.0,4.0,21.0,Yes,UoP Entry Test,Medium,50% / 100 marks,34.0
PK-KPK-001,University of Peshawar,Public,KPK,Peshawar,1950,0,W2,Computer Science,STEM,2022,655,348,307,20,32.8,0.0,0.0,655.0,45.0,35.0,20.0,3.08,78.9,14.9,Mostly Rural,25151.0,9.0,25.0,Yes,UoP Entry Test,Medium,50% / 100 marks,26.0
PK-KPK-001,University of Peshawar,Public,KPK,Peshawar,1950,0,W2,Computer Science,STEM,2023,610,416,194,26,23.5,42.0,96.0,472.0,72.0,4.0,8.0,2.79,83.2,5.2,Mostly Urban,9179.0,2.0,21.0,Yes,UoP Entry Test,Medium,50% / 100 marks,33.0
PK-KPK-001,University of Peshawar,Public,KPK,Peshawar,1950,0,W2,Computer Science,STEM,2024,758,456,302,25,30.3,39.0,60.0,659.0,72.0,48.0,42.0,2.76,87.6,2.1,Mostly Rural,10380.0,19.0,0.0,Yes,UoP Entry Test,Medium,50% / 100 marks,29.0
PK-KPK-001,University of Peshawar,Public,KPK,Peshawar,1950,0,W2,Computer Science,STEM,2025,711,473,238,28,25.4,45.0,33.0,633.0,57.0,7.0,32.0,3.52,85.0,2.6,Mostly Urban,15832.0,12.0,21.0,Yes,UoP Entry Test,Medium,50% / 100 marks,34.0
PK-KPK-001,University of Peshawar,Public,KPK,Peshawar,1950,0,W2,Economics,Business,2022,234,141,93,10,23.4,2.0,12.0,220.0,14.0,0.0,78.0,2.97,63.3,11.9,Mostly Rural,11269.0,17.0,23.0,Yes,UoP Entry Test,Medium,50% / 100 marks,26.0
PK-KPK-001,University of Peshawar,Public,KPK,Peshawar,1950,0,W2,Economics,Business,2023,260,116,144,8,32.5,0.0,24.0,236.0,6.0,19.0,5.0,3.07,66.4,2.2,Mostly Rural,15948.0,9.0,1.0,Yes,UoP Entry Test,Medium,50% / 100 marks,30.0
PK-KPK-001,University of Peshawar,Public,KPK,Peshawar,1950,0,W2,Economics,Business,2024,253,118,135,8,31.6,9.0,3.0,241.0,48.0,60.0,49.0,3.08,72.8,12.2,Mostly Urban,9393.0,9.0,22.0,Yes,UoP Entry Test,Medium,50% / 100 marks,29.0
PK-KPK-001,University of Peshawar,Public,KPK,Peshawar,1950,0,W2,Economics,Business,2025,253,141,112,7,36.1,0.0,7.0,246.0,72.0,22.0,79.0,3.03,57.1,13.8,Mostly Urban,39009.0,4.0,10.0,Yes,UoP Entry Test,Medium,50% / 100 marks,32.0
PK-KPK-001,University of Peshawar,Public,KPK,Peshawar,1950,0,W2,English Literature,Arts & Social Sciences,2022,756,451,305,26,29.1,40.0,127.0,589.0,93.0,56.0,80.0,2.6,55.1,4.2,Mostly Urban,44418.0,8.0,21.0,Yes,UoP Entry Test,Medium,50% / 100 marks,28.0
PK-KPK-001,University of Peshawar,Public,KPK,Peshawar,1950,0,W2,English Literature,Arts & Social Sciences,2023,803,438,365,25,32.1,56.0,86.0,661.0,125.0,22.0,21.0,3.01,41.4,15.7,Mostly Urban,20343.0,9.0,1.0,Yes,UoP Entry Test,Medium,50% / 100 marks,27.0
PK-KPK-001,University of Peshawar,Public,KPK,Peshawar,1950,0,W2,English Literature,Arts & Social Sciences,2024,991,618,373,37,26.8,17.0,52.0,922.0,70.0,22.0,57.0,3.27,47.5,3.0,Mostly Urban,18452.0,4.0,27.0,Yes,UoP Entry Test,Medium,50% / 100 marks,29.0
PK-KPK-001,University of Peshawar,Public,KPK,Peshawar,1950,0,W2,English Literature,Arts & Social Sciences,2025,954,505,449,39,24.5,21.0,43.0,890.0,130.0,22.0,39.5,3.32,43.2,16.5,Mostly Urban,14114.0,18.0,21.0,Yes,UoP Entry Test,Medium,50% / 100 marks,34.0
PK-KPK-001,University of Peshawar,Public,KPK,Peshawar,1950,0,W2,Environmental Science,STEM,2022,711,494,217,25,28.4,17.0,141.0,553.0,119.0,22.0,39.5,2.82,51.3,12.2,Mostly Urban,34614.0,9.0,34.0,Yes,UoP Entry Test,Medium,50% / 100 marks,31.0
PK-KPK-001,University of Peshawar,Public,KPK,Peshawar,1950,0,W2,Environmental Science,STEM,2023,706,408,298,23,30.7,24.0,71.0,611.0,72.0,22.0,16.0,3.01,62.6,15.3,Mostly Rural,31304.0,18.0,22.0,Yes,UoP Entry Test,Medium,50% / 100 marks,32.0
PK-KPK-001,University of Peshawar,Public,KPK,Peshawar,1950,0,W2,Environmental Science,STEM,2024,710,434,276,23,30.9,0.0,43.0,667.0,44.0,56.0,34.0,2.98,63.0,3.5,Mixed Urban-Rural,15016.0,5.0,21.0,Yes,UoP Entry Test,Medium,50% / 100 marks,32.0
PK-KPK-001,University of Peshawar,Public,KPK,Peshawar,1950,0,W2,Environmental Science,STEM,2025,749,347,402,21,35.7,7.0,144.0,598.0,149.0,22.0,55.0,2.8,57.8,10.2,Mostly Rural,10798.0,14.0,0.0,Yes,UoP Entry Test,Medium,50% / 100 marks,29.0
PK-KPK-001,University of Peshawar,Public,KPK,Peshawar,1950,0,W2,Pharmacy,STEM,2022,844,553,291,33,25.6,18.0,16.0,810.0,168.0,50.0,16.0,2.96,86.4,12.2,Mostly Urban,14655.0,16.0,19.0,Yes,UoP Entry Test,Medium,50% / 100 marks,29.0
PK-KPK-001,University of Peshawar,Public,KPK,Peshawar,1950,0,W2,Pharmacy,STEM,2023,837,519,318,37,22.6,26.0,78.0,733.0,68.0,51.0,17.0,2.95,79.0,14.2,Mixed Urban-Rural,35076.0,15.0,24.0,Yes,UoP Entry Test,Medium,50% / 100 marks,27.0
PK-KPK-001,University of Peshawar,Public,KPK,Peshawar,1950,0,W2,Pharmacy,STEM,2024,829,430,399,34,24.4,10.0,10.0,809.0,130.0,12.0,36.0,3.49,79.6,8.2,Mostly Urban,25403.0,7.0,21.0,Yes,UoP Entry Test,Medium,50% / 100 marks,26.0
PK-KPK-001,University of Peshawar,Public,KPK,Peshawar,1950,0,W2,Pharmacy,STEM,2025,916,509,407,27,33.9,55.0,0.0,861.0,182.0,41.0,67.0,3.08,74.4,13.4,Mostly Rural,8487.0,8.0,15.0,Yes,UoP Entry Test,Medium,50% / 100 marks,32.0
PK-KPK-001,University of Peshawar,Public,KPK,Peshawar,1950,0,W2,Psychology,Arts & Social Sciences,2022,565,341,224,20,28.2,12.0,86.0,467.0,72.0,12.0,39.5,3.22,60.5,3.5,Mostly Rural,12284.0,6.0,21.0,Yes,UoP Entry Test,Medium,50% / 100 marks,29.0
PK-KPK-001,University of Peshawar,Public,KPK,Peshawar,1950,0,W2,Psychology,Arts & Social Sciences,2023,581,311,270,20,29.1,26.0,57.0,498.0,40.0,20.0,47.0,3.08,64.7,17.8,Mostly Rural,33980.0,13.0,30.0,Yes,UoP Entry Test,Medium,50% / 100 marks,26.0
PK-KPK-001,University of Peshawar,Public,KPK,Peshawar,1950,0,W2,Psychology,Arts & Social Sciences,2024,668,258,410,22,30.4,42.0,129.0,497.0,54.0,22.0,37.0,3.59,62.4,16.2,Mostly Urban,20343.0,9.0,32.0,Yes,UoP Entry Test,Medium,50% / 100 marks,27.0
PK-KPK-001,University of Peshawar,Public,KPK,Peshawar,1950,0,W2,Psychology,Arts & Social Sciences,2025,697,273,424,20,34.9,0.0,0.0,697.0,52.0,50.0,54.0,3.08,54.1,12.9,Mostly Rural,43724.0,3.0,12.0,Yes,UoP Entry Test,Medium,50% / 100 marks,32.0
PK-KPK-001,University of Peshawar,Public,KPK,Peshawar,1950,0,W2,Sociology,Arts & Social Sciences,2022,772,315,457,27,28.6,0.0,134.0,638.0,6.0,0.0,28.0,3.32,44.1,5.3,Mixed Urban-Rural,40118.0,16.0,21.0,Yes,UoP Entry Test,Medium,50% / 100 marks,31.0
PK-KPK-001,University of Peshawar,Public,KPK,Peshawar,1950,0,W2,Sociology,Arts & Social Sciences,2023,930,482,448,28,33.2,71.0,19.0,840.0,183.0,22.0,63.0,2.8,45.3,16.3,Mostly Urban,43057.0,9.0,4.0,Yes,UoP Entry Test,Medium,50% / 100 marks,27.0
PK-KPK-001,University of Peshawar,Public,KPK,Peshawar,1950,0,W2,Sociology,Arts & Social Sciences,2024,899,540,359,35,25.7,39.0,3.0,857.0,121.0,9.0,63.0,2.88,47.0,8.3,Mostly Urban,8249.0,3.0,34.0,Yes,UoP Entry Test,Medium,50% / 100 marks,26.0
PK-KPK-001,University of Peshawar,Public,KPK,Peshawar,1950,0,W2,Sociology,Arts & Social Sciences,2025,853,478,375,27,31.6,7.0,39.0,807.0,89.0,36.0,80.0,3.31,49.1,14.6,Mostly Rural,25949.0,11.0,26.0,Yes,UoP Entry Test,Medium,50% / 100 marks,33.0
PK-KPK-001,University of Peshawar,Public,KPK,Peshawar,1950,0,W2,Urdu,Arts & Social Sciences,2022,757,325,432,22,34.4,0.0,87.0,670.0,81.0,26.0,39.5,3.46,46.4,16.2,Mostly Rural,11406.0,1.0,21.0,Yes,UoP Entry Test,Medium,50% / 100 marks,27.0
PK-KPK-001,University of Peshawar,Public,KPK,Peshawar,1950,0,W2,Urdu,Arts & Social Sciences,2023,798,407,391,35,22.8,56.0,40.0,702.0,148.0,0.0,12.0,3.43,35.4,12.2,Mixed Urban-Rural,43946.0,6.0,28.0,Yes,UoP Entry Test,Medium,50% / 100 marks,30.0
PK-KPK-001,University of Peshawar,Public,KPK,Peshawar,1950,0,W2,Urdu,Arts & Social Sciences,2024,819,582,237,29,28.2,24.0,84.0,711.0,122.0,1.0,19.0,3.23,35.1,13.1,Mostly Rural,35960.0,14.0,16.0,Yes,UoP Entry Test,Medium,50% / 100 marks,26.0
PK-KPK-001,University of Peshawar,Public,KPK,Peshawar,1950,0,W2,Urdu,Arts & Social Sciences,2025,865,610,255,31,27.9,64.0,56.0,745.0,100.0,5.0,34.0,3.58,48.9,9.0,Mostly Rural,17050.0,17.0,4.0,Yes,UoP Entry Test,Medium,50% / 100 marks,29.0
PK-KPK-010,University of Swat,Public,KPK,Swat,2010,0,W1,Business Administration,Business,2022,390,228,162,12,32.5,21.0,24.0,345.0,52.0,23.0,61.0,3.62,71.9,9.1,Mostly Urban,19745.0,3.0,17.0,Yes,UoSwat Entry Test,Easy,40% / 100 marks,7.0
PK-KPK-010,University of Swat,Public,KPK,Swat,2010,0,W1,Business Administration,Business,2023,395,253,142,14,28.2,5.0,12.0,378.0,69.0,44.0,33.0,3.22,64.6,11.4,Mostly Urban,44718.0,1.0,12.0,Yes,UoSwat Entry Test,Easy,40% / 100 marks,9.0
PK-KPK-010,University of Swat,Public,KPK,Swat,2010,0,W1,Business Administration,Business,2024,354,245,109,11,32.2,14.0,56.0,284.0,30.0,23.0,27.0,3.22,77.3,10.0,Mixed Urban-Rural,26573.0,7.0,17.0,Yes,UoSwat Entry Test,Easy,40% / 100 marks,8.0
PK-KPK-010,University of Swat,Public,KPK,Swat,2010,0,W1,Business Administration,Business,2025,360,231,129,10,36.0,3.0,28.0,329.0,15.0,48.0,7.0,2.6,78.5,10.0,Mostly Urban,40633.0,16.0,1.0,Yes,UoSwat Entry Test,Easy,40% / 100 marks,7.0
PK-KPK-010,University of Swat,Public,KPK,Swat,2010,0,W1,Education,Arts & Social Sciences,2022,270,115,155,7,38.6,0.0,7.0,263.0,32.0,4.0,72.0,2.8,60.7,9.8,Mixed Urban-Rural,26414.0,2.0,4.0,Yes,UoSwat Entry Test,Easy,40% / 100 marks,9.0
PK-KPK-010,University of Swat,Public,KPK,Swat,2010,0,W1,Education,Arts & Social Sciences,2023,299,196,103,10,29.9,11.0,3.0,285.0,37.0,6.0,75.0,3.22,59.4,16.0,Mostly Urban,27448.0,13.0,17.0,Yes,UoSwat Entry Test,Easy,40% / 100 marks,10.0
PK-KPK-010,University of Swat,Public,KPK,Swat,2010,0,W1,Education,Arts & Social Sciences,2024,333,140,193,14,23.8,13.0,44.0,276.0,19.5,1.0,50.0,3.62,60.2,6.7,Mostly Rural,23517.0,3.0,34.0,Yes,UoSwat Entry Test,Easy,40% / 100 marks,7.0
PK-KPK-010,University of Swat,Public,KPK,Swat,2010,0,W1,Education,Arts & Social Sciences,2025,312,215,97,10,31.2,17.0,26.0,269.0,11.0,23.0,9.0,2.96,71.9,15.6,Mixed Urban-Rural,17132.0,7.0,5.0,Yes,UoSwat Entry Test,Easy,40% / 100 marks,6.0
PK-KPK-010,University of Swat,Public,KPK,Swat,2010,0,W1,Information Technology,STEM,2022,69,29,40,5,13.8,1.0,2.0,66.0,13.0,11.0,61.0,3.48,76.8,6.9,Mostly Urban,26256.0,14.0,19.0,Yes,UoSwat Entry Test,Easy,40% / 100 marks,8.0
PK-KPK-010,University of Swat,Public,KPK,Swat,2010,0,W1,Information Technology,STEM,2023,76,52,24,5,15.2,3.0,8.0,65.0,9.0,23.0,31.0,3.53,71.9,9.0,Mostly Rural,39577.0,15.0,17.0,Yes,UoSwat Entry Test,Easy,40% / 100 marks,9.0
PK-KPK-010,University of Swat,Public,KPK,Swat,2010,0,W1,Information Technology,STEM,2024,87,62,25,5,17.4,1.0,14.0,72.0,10.0,27.0,24.0,2.69,73.7,7.7,Mostly Urban,34093.0,10.0,32.0,Yes,UoSwat Entry Test,Easy,40% / 100 marks,6.0
PK-KPK-010,University of Swat,Public,KPK,Swat,2010,0,W1,Information Technology,STEM,2025,86,59,27,5,17.2,2.0,2.0,82.0,10.0,56.0,33.0,3.4,72.7,10.0,Mostly Rural,26347.0,13.0,16.0,Yes,UoSwat Entry Test,Easy,40% / 100 marks,10.0
PK-KPK-010,University of Swat,Public,KPK,Swat,2010,0,W1,Mathematics,STEM,2022,171,92,79,5,34.2,11.0,22.0,138.0,19.5,15.0,73.0,3.07,51.0,12.1,Mixed Urban-Rural,44820.0,19.0,30.0,Yes,UoSwat Entry Test,Easy,40% / 100 marks,9.0
PK-KPK-010,University of Swat,Public,KPK,Swat,2010,0,W1,Mathematics,STEM,2023,155,77,78,6,25.8,0.0,25.0,130.0,14.0,33.0,10.0,3.34,52.6,11.2,Mixed Urban-Rural,37695.0,16.0,20.0,Yes,UoSwat Entry Test,Easy,40% / 100 marks,8.0
PK-KPK-010,University of Swat,Public,KPK,Swat,2010,0,W1,Mathematics,STEM,2024,159,101,58,6,26.5,4.0,6.0,149.0,21.0,59.0,54.0,3.35,58.5,16.3,Mostly Urban,26573.0,19.0,9.0,Yes,UoSwat Entry Test,Easy,40% / 100 marks,8.0
PK-KPK-010,University of Swat,Public,KPK,Swat,2010,0,W1,Mathematics,STEM,2025,174,76,98,6,29.0,10.0,20.0,144.0,24.0,23.0,21.0,3.53,51.7,10.0,Mostly Urban,11643.0,13.0,24.0,Yes,UoSwat Entry Test,Easy,40% / 100 marks,9.0
PK-KPK-010,University of Swat,Public,KPK,Swat,2010,0,W1,Psychology,Arts & Social Sciences,2022,83,49,34,5,16.6,5.0,1.0,77.0,12.0,23.0,16.0,2.62,57.0,9.6,Mixed Urban-Rural,22557.0,17.0,17.0,Yes,UoSwat Entry Test,Easy,40% / 100 marks,8.0
PK-KPK-010,University of Swat,Public,KPK,Swat,2010,0,W1,Psychology,Arts & Social Sciences,2023,82,57,25,5,16.4,4.0,14.0,64.0,12.0,23.0,34.0,3.37,65.3,10.6,Mixed Urban-Rural,14919.0,15.0,10.0,Yes,UoSwat Entry Test,Easy,40% / 100 marks,9.0
PK-KPK-010,University of Swat,Public,KPK,Swat,2010,0,W1,Psychology,Arts & Social Sciences,2024,95,49,46,5,19.0,0.0,14.0,81.0,18.0,18.0,80.0,2.75,52.7,10.0,Mostly Urban,34098.0,13.0,17.0,Yes,UoSwat Entry Test,Easy,40% / 100 marks,10.0
PK-KPK-010,University of Swat,Public,KPK,Swat,2010,0,W1,Psychology,Arts & Social Sciences,2025,99,49,50,5,19.8,0.0,4.0,95.0,19.5,23.0,33.0,3.22,59.3,10.0,Mixed Urban-Rural,44674.0,13.0,17.0,Yes,UoSwat Entry Test,Easy,40% / 100 marks,6.0
PK-KPK-010,University of Swat,Public,KPK,Swat,2010,0,W1,Statistics,STEM,2022,382,265,117,11,34.7,0.0,59.0,323.0,30.0,46.0,11.0,2.67,67.2,10.0,Mostly Rural,15201.0,13.0,27.0,Yes,UoSwat Entry Test,Easy,40% / 100 marks,8.0
PK-KPK-010,University of Swat,Public,KPK,Swat,2010,0,W1,Statistics,STEM,2023,419,184,235,17,24.6,21.0,49.0,349.0,22.0,58.0,33.0,2.72,57.4,10.0,Mostly Urban,39764.0,11.0,19.0,Yes,UoSwat Entry Test,Easy,40% / 100 marks,6.0
PK-KPK-010,University of Swat,Public,KPK,Swat,2010,0,W1,Statistics,STEM,2024,495,288,207,18,27.5,9.0,33.0,453.0,25.0,5.0,38.0,3.64,55.6,2.3,Mostly Urban,29540.0,10.0,17.0,Yes,UoSwat Entry Test,Easy,40% / 100 marks,7.0
PK-KPK-010,University of Swat,Public,KPK,Swat,2010,0,W1,Statistics,STEM,2025,449,287,162,16,28.1,28.0,15.0,406.0,19.5,20.0,32.0,2.77,58.9,17.4,Mixed Urban-Rural,21523.0,13.0,33.0,Yes,UoSwat Entry Test,Easy,40% / 100 marks,7.0
PK-PUN-022,Bahauddin Zakariya University Multan,Public,Punjab,Multan,1975,0,W3,Accounting & Finance,Business,2022,1413,658,755,56,25.2,103.0,106.0,1204.0,203.0,43.0,55.0,3.14,78.3,11.7,Mostly Urban,34716.0,5.0,34.0,Yes,BZU Entry Test,Medium,50% / 100 marks,33.0
PK-PUN-022,Bahauddin Zakariya University Multan,Public,Punjab,Multan,1975,0,W3,Accounting & Finance,Business,2023,1564,1050,514,52,30.1,86.0,10.0,1468.0,25.0,44.0,19.0,3.155,66.7,12.5,Mostly Rural,32706.0,8.0,28.5,Yes,BZU Entry Test,Medium,50% / 100 marks,32.0
PK-PUN-022,Bahauddin Zakariya University Multan,Public,Punjab,Multan,1975,0,W3,Accounting & Finance,Business,2024,1791,850,941,54,33.2,50.0,163.0,1578.0,108.0,56.0,28.5,3.02,71.9,15.4,Mostly Urban,21157.0,2.0,3.0,Yes,BZU Entry Test,Medium,50% / 100 marks,32.0
PK-PUN-022,Bahauddin Zakariya University Multan,Public,Punjab,Multan,1975,0,W3,Accounting & Finance,Business,2025,1750,1019,731,69,25.4,44.0,118.0,1588.0,163.0,34.0,3.0,3.155,72.8,17.2,Mostly Urban,19777.0,8.0,28.5,Yes,BZU Entry Test,Medium,50% / 100 marks,32.0
PK-PUN-022,Bahauddin Zakariya University Multan,Public,Punjab,Multan,1975,0,W3,Business Administration,Business,2022,983,585,398,35,28.1,10.0,35.0,938.0,169.0,36.0,53.0,3.155,64.4,8.6,Mixed Urban-Rural,27863.0,15.0,22.0,Yes,BZU Entry Test,Medium,50% / 100 marks,29.0
PK-PUN-022,Bahauddin Zakariya University Multan,Public,Punjab,Multan,1975,0,W3,Business Administration,Business,2023,1070,486,584,30,35.7,31.0,0.0,1039.0,179.0,13.0,28.5,3.09,76.8,9.7,Mostly Urban,17142.0,4.0,8.0,Yes,BZU Entry Test,Medium,50% / 100 marks,35.0
PK-PUN-022,Bahauddin Zakariya University Multan,Public,Punjab,Multan,1975,0,W3,Business Administration,Business,2024,1047,613,434,37,28.3,12.0,122.0,913.0,31.0,31.0,6.0,3.2,69.5,16.3,Mostly Rural,34815.0,12.0,28.5,Yes,BZU Entry Test,Medium,50% / 100 marks,36.0
PK-PUN-022,Bahauddin Zakariya University Multan,Public,Punjab,Multan,1975,0,W3,Business Administration,Business,2025,1097,564,533,34,32.3,56.0,176.0,865.0,45.0,36.0,54.0,3.09,73.2,10.9,Mostly Rural,33898.0,18.0,34.0,Yes,BZU Entry Test,Medium,50% / 100 marks,28.0
PK-PUN-022,Bahauddin Zakariya University Multan,Public,Punjab,Multan,1975,0,W3,Human Resource Management,Business,2022,1449,694,755,48,30.2,19.0,253.0,1177.0,149.0,30.0,16.0,3.6,69.9,1.9,Mostly Urban,42878.0,8.0,28.5,Yes,BZU Entry Test,Medium,50% / 100 marks,36.0
PK-PUN-022,Bahauddin Zakariya University Multan,Public,Punjab,Multan,1975,0,W3,Human Resource Management,Business,2023,1799,1255,544,76,23.7,0.0,302.0,1497.0,287.0,36.0,52.0,2.99,64.1,15.7,Mixed Urban-Rural,42922.0,8.0,33.0,Yes,BZU Entry Test,Medium,50% / 100 marks,33.0
PK-PUN-022,Bahauddin Zakariya University Multan,Public,Punjab,Multan,1975,0,W3,Human Resource Management,Business,2024,1740,694,1046,57,30.5,133.0,287.0,1320.0,139.0,45.0,28.5,3.69,69.4,9.6,Mixed Urban-Rural,9091.0,4.0,28.5,Yes,BZU Entry Test,Medium,50% / 100 marks,28.0
PK-PUN-022,Bahauddin Zakariya University Multan,Public,Punjab,Multan,1975,0,W3,Human Resource Management,Business,2025,1993,987,1006,89,22.4,153.0,92.0,1748.0,92.0,1.0,7.0,2.83,67.3,15.5,Mostly Urban,44752.0,2.0,28.5,Yes,BZU Entry Test,Medium,50% / 100 marks,34.0
PK-PUN-022,Bahauddin Zakariya University Multan,Public,Punjab,Multan,1975,0,W3,Information Technology,STEM,2022,1467,567,900,61,24.0,73.0,122.0,1272.0,221.0,36.0,52.0,3.69,75.2,14.6,Mixed Urban-Rural,29406.0,8.0,17.0,Yes,BZU Entry Test,Medium,50% / 100 marks,36.0
PK-PUN-022,Bahauddin Zakariya University Multan,Public,Punjab,Multan,1975,0,W3,Information Technology,STEM,2023,1407,987,420,40,35.2,46.0,129.0,1232.0,199.0,31.0,66.0,2.67,76.9,5.1,Mixed Urban-Rural,36123.0,14.0,32.0,Yes,BZU Entry Test,Medium,50% / 100 marks,31.0
PK-PUN-022,Bahauddin Zakariya University Multan,Public,Punjab,Multan,1975,0,W3,Information Technology,STEM,2024,1416,897,519,55,25.7,20.0,253.0,1143.0,185.0,60.0,32.0,3.17,74.2,17.6,Mostly Rural,9920.0,17.0,32.0,Yes,BZU Entry Test,Medium,50% / 100 marks,30.0
PK-PUN-022,Bahauddin Zakariya University Multan,Public,Punjab,Multan,1975,0,W3,Information Technology,STEM,2025,1727,826,901,71,24.3,110.0,172.0,1445.0,337.0,15.0,74.0,3.155,85.1,2.0,Mostly Urban,28027.0,2.0,34.0,Yes,BZU Entry Test,Medium,50% / 100 marks,30.0
PK-PUN-022,Bahauddin Zakariya University Multan,Public,Punjab,Multan,1975,0,W3,Marketing,Business,2022,928,404,524,28,33.1,0.0,58.0,870.0,159.0,36.0,25.0,3.67,60.8,9.6,Mixed Urban-Rural,30633.0,8.0,1.0,Yes,BZU Entry Test,Medium,50% / 100 marks,32.0
PK-PUN-022,Bahauddin Zakariya University Multan,Public,Punjab,Multan,1975,0,W3,Marketing,Business,2023,885,377,508,30,29.5,2.0,143.0,740.0,167.0,36.0,19.0,2.85,65.6,11.7,Mixed Urban-Rural,31030.0,8.0,31.0,Yes,BZU Entry Test,Medium,50% / 100 marks,30.0
PK-PUN-022,Bahauddin Zakariya University Multan,Public,Punjab,Multan,1975,0,W3,Marketing,Business,2024,1051,696,355,39,26.9,35.0,42.0,974.0,149.0,22.0,15.0,2.89,61.3,4.5,Mixed Urban-Rural,32923.0,2.0,31.0,Yes,BZU Entry Test,Medium,50% / 100 marks,34.0
PK-PUN-022,Bahauddin Zakariya University Multan,Public,Punjab,Multan,1975,0,W3,Marketing,Business,2025,985,438,547,31,31.8,10.0,82.0,893.0,115.0,51.0,13.0,3.59,65.6,11.7,Mixed Urban-Rural,31427.0,15.0,26.0,Yes,BZU Entry Test,Medium,50% / 100 marks,32.0
PK-PUN-022,Bahauddin Zakariya University Multan,Public,Punjab,Multan,1975,0,W3,Supply Chain Management,Business,2022,672,379,293,28,24.0,30.0,108.0,534.0,40.0,42.0,35.0,3.44,69.3,14.1,Mostly Rural,14652.0,8.0,7.0,Yes,BZU Entry Test,Medium,50% / 100 marks,29.0
PK-PUN-022,Bahauddin Zakariya University Multan,Public,Punjab,Multan,1975,0,W3,Supply Chain Management,Business,2023,705,455,250,25,28.2,15.0,0.0,690.0,64.0,36.0,10.0,3.64,64.6,16.7,Mostly Rural,40379.0,11.0,34.0,Yes,BZU Entry Test,Medium,50% / 100 marks,31.0
PK-PUN-022,Bahauddin Zakariya University Multan,Public,Punjab,Multan,1975,0,W3,Supply Chain Management,Business,2024,665,438,227,19,35.0,17.0,9.0,639.0,30.0,60.0,32.0,3.32,73.3,7.2,Mixed Urban-Rural,11747.0,13.0,2.0,Yes,BZU Entry Test,Medium,50% / 100 marks,35.0
PK-PUN-022,Bahauddin Zakariya University Multan,Public,Punjab,Multan,1975,0,W3,Supply Chain Management,Business,2025,816,350,466,33,24.7,59.0,156.0,601.0,125.0,23.0,28.5,2.92,73.6,11.7,Mostly Rural,31030.0,3.0,12.0,Yes,BZU Entry Test,Medium,50% / 100 marks,31.0
PK-PUN-028,Fatima Jinnah Women University Rawalpindi,Public,Punjab,Rawalpindi,1998,0,W2,Civil Engineering,STEM,2022,776,511,265,30,25.9,35.0,0.0,741.0,116.0,9.0,29.0,2.84,75.9,15.9,Mixed Urban-Rural,35936.0,10.0,16.5,Yes,FJWU Entry Test,Easy,45% / 100 marks,11.0
PK-PUN-028,Fatima Jinnah Women University Rawalpindi,Public,Punjab,Rawalpindi,1998,0,W2,Civil Engineering,STEM,2023,820,312,508,30,27.3,59.0,0.0,761.0,87.0,29.5,41.5,2.96,74.6,6.2,Mixed Urban-Rural,24480.0,10.0,9.0,Yes,FJWU Entry Test,Easy,45% / 100 marks,13.0
PK-PUN-028,Fatima Jinnah Women University Rawalpindi,Public,Punjab,Rawalpindi,1998,0,W2,Civil Engineering,STEM,2024,930,483,447,29,32.1,52.0,180.0,698.0,87.0,20.0,40.0,2.73,68.3,13.6,Mixed Urban-Rural,29719.0,6.0,16.5,Yes,FJWU Entry Test,Easy,45% / 100 marks,14.0
PK-PUN-028,Fatima Jinnah Women University Rawalpindi,Public,Punjab,Rawalpindi,1998,0,W2,Civil Engineering,STEM,2025,1008,572,436,44,22.9,7.0,182.0,819.0,167.0,22.0,61.0,2.97,68.1,17.9,Mostly Urban,21007.0,3.0,16.5,Yes,FJWU Entry Test,Easy,45% / 100 marks,12.0
PK-PUN-028,Fatima Jinnah Women University Rawalpindi,Public,Punjab,Rawalpindi,1998,0,W2,Computer Science,STEM,2022,519,341,178,19,27.3,14.0,0.0,505.0,74.0,11.0,62.0,3.24,85.0,10.3,Mostly Rural,24693.0,18.0,32.0,Yes,FJWU Entry Test,Easy,45% / 100 marks,13.0
PK-PUN-028,Fatima Jinnah Women University Rawalpindi,Public,Punjab,Rawalpindi,1998,0,W2,Computer Science,STEM,2023,446,284,162,15,29.7,14.0,89.0,343.0,21.0,29.5,42.0,3.4,87.4,12.9,Mostly Urban,19865.0,12.0,28.0,Yes,FJWU Entry Test,Easy,45% / 100 marks,14.0
PK-PUN-028,Fatima Jinnah Women University Rawalpindi,Public,Punjab,Rawalpindi,1998,0,W2,Computer Science,STEM,2024,501,274,227,16,31.3,1.0,97.0,403.0,62.0,51.0,41.5,3.56,87.6,8.3,Mostly Urban,14820.0,18.0,22.0,Yes,FJWU Entry Test,Easy,45% / 100 marks,12.0
PK-PUN-028,Fatima Jinnah Women University Rawalpindi,Public,Punjab,Rawalpindi,1998,0,W2,Computer Science,STEM,2025,601,344,257,17,35.4,12.0,66.0,523.0,26.0,29.5,47.0,3.24,74.6,7.7,Mixed Urban-Rural,25845.0,5.0,33.0,Yes,FJWU Entry Test,Easy,45% / 100 marks,11.0
PK-PUN-028,Fatima Jinnah Women University Rawalpindi,Public,Punjab,Rawalpindi,1998,0,W2,Economics,Business,2022,771,352,419,24,32.1,40.0,152.0,579.0,68.0,36.0,16.0,3.24,71.7,11.7,Mostly Urban,29519.0,8.0,31.0,Yes,FJWU Entry Test,Easy,45% / 100 marks,11.0
PK-PUN-028,Fatima Jinnah Women University Rawalpindi,Public,Punjab,Rawalpindi,1998,0,W2,Economics,Business,2023,826,561,265,26,31.8,13.0,66.0,747.0,148.0,32.0,49.0,3.37,71.1,17.5,Mixed Urban-Rural,24480.0,10.0,16.5,Yes,FJWU Entry Test,Easy,45% / 100 marks,12.0
PK-PUN-028,Fatima Jinnah Women University Rawalpindi,Public,Punjab,Rawalpindi,1998,0,W2,Economics,Business,2024,755,437,318,25,30.2,16.0,79.0,660.0,85.0,57.0,41.0,3.24,72.7,15.5,Mostly Urban,19164.0,11.0,14.0,Yes,FJWU Entry Test,Easy,45% / 100 marks,13.0
PK-PUN-028,Fatima Jinnah Women University Rawalpindi,Public,Punjab,Rawalpindi,1998,0,W2,Economics,Business,2025,792,422,370,29,27.3,26.0,132.0,634.0,71.0,37.0,6.0,3.22,66.1,11.8,Mixed Urban-Rural,24480.0,14.0,20.0,Yes,FJWU Entry Test,Easy,45% / 100 marks,11.0
PK-PUN-028,Fatima Jinnah Women University Rawalpindi,Public,Punjab,Rawalpindi,1998,0,W2,Environmental Science,STEM,2022,612,278,334,19,32.2,13.0,86.0,513.0,87.0,19.0,73.0,3.36,52.3,11.7,Mixed Urban-Rural,24480.0,10.0,29.0,Yes,FJWU Entry Test,Easy,45% / 100 marks,12.0
PK-PUN-028,Fatima Jinnah Women University Rawalpindi,Public,Punjab,Rawalpindi,1998,0,W2,Environmental Science,STEM,2023,630,322,308,18,35.0,13.0,20.0,597.0,87.0,31.0,43.0,2.95,58.0,4.8,Mostly Rural,24480.0,20.0,35.0,Yes,FJWU Entry Test,Easy,45% / 100 marks,13.0
PK-PUN-028,Fatima Jinnah Women University Rawalpindi,Public,Punjab,Rawalpindi,1998,0,W2,Environmental Science,STEM,2024,630,403,227,20,31.5,29.0,88.0,513.0,92.0,20.0,20.0,3.24,50.6,7.0,Mixed Urban-Rural,18215.0,10.0,16.5,Yes,FJWU Entry Test,Easy,45% / 100 marks,14.0
PK-PUN-028,Fatima Jinnah Women University Rawalpindi,Public,Punjab,Rawalpindi,1998,0,W2,Environmental Science,STEM,2025,617,290,327,21,29.4,22.0,5.0,590.0,79.0,22.0,45.0,3.24,51.7,4.0,Mostly Urban,24480.0,10.0,23.0,Yes,FJWU Entry Test,Easy,45% / 100 marks,14.0
PK-PUN-028,Fatima Jinnah Women University Rawalpindi,Public,Punjab,Rawalpindi,1998,0,W2,Information Technology,STEM,2022,687,370,317,25,27.5,46.0,3.0,638.0,28.0,9.0,41.5,3.05,83.3,6.9,Mixed Urban-Rural,19066.0,1.0,18.0,Yes,FJWU Entry Test,Easy,45% / 100 marks,12.0
PK-PUN-028,Fatima Jinnah Women University Rawalpindi,Public,Punjab,Rawalpindi,1998,0,W2,Information Technology,STEM,2023,716,407,309,26,27.5,0.0,85.0,631.0,92.0,3.0,50.0,3.19,81.7,9.7,Mostly Urban,28421.0,5.0,12.0,Yes,FJWU Entry Test,Easy,45% / 100 marks,13.0
PK-PUN-028,Fatima Jinnah Women University Rawalpindi,Public,Punjab,Rawalpindi,1998,0,W2,Information Technology,STEM,2024,795,464,331,31,25.6,18.0,108.0,669.0,67.0,24.0,41.5,3.35,84.2,10.8,Mostly Rural,44977.0,13.0,16.5,Yes,FJWU Entry Test,Easy,45% / 100 marks,11.0
PK-PUN-028,Fatima Jinnah Women University Rawalpindi,Public,Punjab,Rawalpindi,1998,0,W2,Information Technology,STEM,2025,859,337,522,28,30.7,0.0,53.0,806.0,92.0,11.0,41.5,3.26,85.7,11.6,Mixed Urban-Rural,15504.0,10.0,15.0,Yes,FJWU Entry Test,Easy,45% / 100 marks,12.0
PK-PUN-028,Fatima Jinnah Women University Rawalpindi,Public,Punjab,Rawalpindi,1998,0,W2,Mathematics,STEM,2022,917,531,386,30,30.6,0.0,0.0,917.0,101.0,39.0,23.0,3.24,63.4,1.9,Mostly Urban,35387.0,10.0,9.0,Yes,FJWU Entry Test,Easy,45% / 100 marks,10.0
PK-PUN-028,Fatima Jinnah Women University Rawalpindi,Public,Punjab,Rawalpindi,1998,0,W2,Mathematics,STEM,2023,888,534,354,31,28.6,68.0,42.0,778.0,163.0,31.0,9.0,3.24,54.5,16.9,Mixed Urban-Rural,18405.0,1.0,10.0,Yes,FJWU Entry Test,Easy,45% / 100 marks,13.0
PK-PUN-028,Fatima Jinnah Women University Rawalpindi,Public,Punjab,Rawalpindi,1998,0,W2,Mathematics,STEM,2024,898,517,381,39,23.0,62.0,145.0,691.0,153.0,47.0,56.0,3.24,54.7,12.9,Mixed Urban-Rural,25384.0,11.0,16.5,Yes,FJWU Entry Test,Easy,45% / 100 marks,11.0
PK-PUN-028,Fatima Jinnah Women University Rawalpindi,Public,Punjab,Rawalpindi,1998,0,W2,Mathematics,STEM,2025,936,499,437,33,28.4,34.0,122.0,780.0,118.0,29.5,71.0,3.24,54.0,14.3,Mixed Urban-Rural,17324.0,15.0,9.0,Yes,FJWU Entry Test,Easy,45% / 100 marks,11.0
PK-PUN-028,Fatima Jinnah Women University Rawalpindi,Public,Punjab,Rawalpindi,1998,0,W2,Physics,STEM,2022,675,348,327,29,23.3,7.0,0.0,668.0,23.0,48.0,21.0,3.24,53.6,15.8,Mostly Urban,35803.0,13.0,0.0,Yes,FJWU Entry Test,Easy,45% / 100 marks,11.0
PK-PUN-028,Fatima Jinnah Women University Rawalpindi,Public,Punjab,Rawalpindi,1998,0,W2,Physics,STEM,2023,788,319,469,23,34.3,0.0,134.0,654.0,152.0,40.0,63.0,3.44,54.3,3.5,Mostly Urban,44480.0,9.0,16.5,Yes,FJWU Entry Test,Easy,45% / 100 marks,13.0
PK-PUN-028,Fatima Jinnah Women University Rawalpindi,Public,Punjab,Rawalpindi,1998,0,W2,Physics,STEM,2024,742,286,456,25,29.7,30.0,0.0,712.0,138.0,59.0,36.0,3.56,45.4,13.4,Mostly Urban,19177.0,4.0,3.0,Yes,FJWU Entry Test,Easy,45% / 100 marks,14.0
PK-PUN-028,Fatima Jinnah Women University Rawalpindi,Public,Punjab,Rawalpindi,1998,0,W2,Physics,STEM,2025,780,372,408,30,26.0,41.0,105.0,634.0,118.0,28.0,77.0,3.24,47.6,11.7,Mostly Urban,14002.0,1.0,16.5,Yes,FJWU Entry Test,Easy,45% / 100 marks,13.0
PK-PUN-028,Fatima Jinnah Women University Rawalpindi,Public,Punjab,Rawalpindi,1998,0,W2,Political Science,Arts & Social Sciences,2022,562,233,329,19,29.6,10.0,80.0,472.0,24.0,18.0,4.0,2.69,43.8,12.8,Mostly Rural,19281.0,20.0,30.0,Yes,FJWU Entry Test,Easy,45% / 100 marks,13.0
PK-PUN-028,Fatima Jinnah Women University Rawalpindi,Public,Punjab,Rawalpindi,1998,0,W2,Political Science,Arts & Social Sciences,2023,618,331,287,19,32.5,28.0,32.0,558.0,59.0,55.0,32.0,3.33,48.6,4.3,Mostly Urban,24902.0,10.0,16.5,Yes,FJWU Entry Test,Easy,45% / 100 marks,12.0
PK-PUN-028,Fatima Jinnah Women University Rawalpindi,Public,Punjab,Rawalpindi,1998,0,W2,Political Science,Arts & Social Sciences,2024,642,320,322,20,32.1,12.0,58.0,572.0,92.0,5.0,41.5,3.04,45.1,14.5,Mostly Urban,37313.0,13.0,0.0,Yes,FJWU Entry Test,Easy,45% / 100 marks,14.0
PK-PUN-028,Fatima Jinnah Women University Rawalpindi,Public,Punjab,Rawalpindi,1998,0,W2,Political Science,Arts & Social Sciences,2025,755,369,386,26,29.0,46.0,130.0,579.0,16.0,33.0,41.0,3.27,39.4,11.7,Mostly Rural,21856.0,6.0,2.0,Yes,FJWU Entry Test,Easy,45% / 100 marks,10.0
PK-PUN-017,Forman Christian College University,Private,Punjab,Lahore,1864,0,W2,Economics,Business,2022,172,103,69,5,34.4,6.0,30.0,136.0,9.0,25.0,18.0,3.28,57.4,12.1,Mixed Urban-Rural,114260.0,7.0,21.0,Yes,FC College Entry Test,Medium,50% / 100 marks,15.0
PK-PUN-017,Forman Christian College University,Private,Punjab,Lahore,1864,0,W2,Economics,Business,2023,191,125,66,8,23.9,15.0,1.0,175.0,15.0,44.0,56.0,2.95,64.5,6.7,Mostly Rural,80242.0,5.0,29.0,Yes,FC College Entry Test,Medium,50% / 100 marks,16.0
PK-PUN-017,Forman Christian College University,Private,Punjab,Lahore,1864,0,W2,Economics,Business,2024,170,102,68,5,34.0,3.0,3.0,164.0,26.0,1.0,72.0,3.62,69.2,8.1,Mixed Urban-Rural,56943.0,17.0,5.0,Yes,FC College Entry Test,Medium,50% / 100 marks,16.0
PK-PUN-017,Forman Christian College University,Private,Punjab,Lahore,1864,0,W2,Economics,Business,2025,204,116,88,7,29.1,7.0,29.0,168.0,25.0,49.0,40.0,3.5,59.6,16.7,Mixed Urban-Rural,89395.0,1.0,34.0,Yes,FC College Entry Test,Medium,50% / 100 marks,17.0
PK-PUN-017,Forman Christian College University,Private,Punjab,Lahore,1864,0,W2,History,Arts & Social Sciences,2022,945,434,511,28,33.8,0.0,144.0,801.0,168.0,1.0,44.0,3.295,42.8,8.4,Mostly Urban,78544.0,18.0,0.0,Yes,FC College Entry Test,Medium,50% / 100 marks,16.0
PK-PUN-017,Forman Christian College University,Private,Punjab,Lahore,1864,0,W2,History,Arts & Social Sciences,2023,858,616,242,29,29.6,18.0,19.0,821.0,76.0,15.0,74.0,3.15,47.3,10.4,Mixed Urban-Rural,105641.0,8.0,21.0,Yes,FC College Entry Test,Medium,50% / 100 marks,17.0
PK-PUN-017,Forman Christian College University,Private,Punjab,Lahore,1864,0,W2,History,Arts & Social Sciences,2024,1001,559,442,30,33.4,18.0,167.0,816.0,69.0,37.0,16.0,3.09,44.1,6.9,Mixed Urban-Rural,80242.0,14.0,2.0,Yes,FC College Entry Test,Medium,50% / 100 marks,14.0
PK-PUN-017,Forman Christian College University,Private,Punjab,Lahore,1864,0,W2,History,Arts & Social Sciences,2025,934,370,564,41,22.8,0.0,106.0,828.0,21.0,25.0,40.0,3.52,42.1,12.2,Mostly Urban,97762.0,1.0,33.0,Yes,FC College Entry Test,Medium,50% / 100 marks,18.0
PK-PUN-017,Forman Christian College University,Private,Punjab,Lahore,1864,0,W2,Mathematics,STEM,2022,694,491,203,20,34.7,37.0,98.0,559.0,73.5,0.0,38.0,3.03,52.9,4.3,Mostly Urban,80242.0,9.0,17.5,Yes,FC College Entry Test,Medium,50% / 100 marks,18.0
PK-PUN-017,Forman Christian College University,Private,Punjab,Lahore,1864,0,W2,Mathematics,STEM,2023,716,383,333,23,31.1,38.0,47.0,631.0,72.0,13.0,56.0,3.5,62.9,7.0,Mostly Urban,55769.0,9.0,9.0,Yes,FC College Entry Test,Medium,50% / 100 marks,18.0
PK-PUN-017,Forman Christian College University,Private,Punjab,Lahore,1864,0,W2,Mathematics,STEM,2024,684,412,272,25,27.4,15.0,0.0,669.0,73.5,14.0,40.0,3.51,56.5,5.9,Mostly Rural,62706.0,15.0,17.5,Yes,FC College Entry Test,Medium,50% / 100 marks,16.0
PK-PUN-017,Forman Christian College University,Private,Punjab,Lahore,1864,0,W2,Mathematics,STEM,2025,817,392,425,30,27.2,32.0,20.0,765.0,73.5,44.0,42.0,3.46,52.1,15.0,Mostly Rural,57132.0,9.0,32.0,Yes,FC College Entry Test,Medium,50% / 100 marks,18.0
PK-PUN-017,Forman Christian College University,Private,Punjab,Lahore,1864,0,W2,Physics,STEM,2022,648,323,325,20,32.4,0.0,32.0,616.0,125.0,26.0,69.0,3.11,51.2,2.1,Mixed Urban-Rural,124329.0,9.0,19.0,Yes,FC College Entry Test,Medium,50% / 100 marks,15.0
PK-PUN-017,Forman Christian College University,Private,Punjab,Lahore,1864,0,W2,Physics,STEM,2023,749,408,341,22,34.0,11.0,105.0,633.0,70.0,25.0,20.0,3.04,58.2,3.6,Mostly Urban,129605.0,12.0,9.0,Yes,FC College Entry Test,Medium,50% / 100 marks,14.0
PK-PUN-017,Forman Christian College University,Private,Punjab,Lahore,1864,0,W2,Physics,STEM,2024,778,490,288,24,32.4,29.0,115.0,634.0,127.0,25.0,44.0,2.61,55.7,7.6,Mostly Urban,88398.0,9.0,15.0,Yes,FC College Entry Test,Medium,50% / 100 marks,16.0
PK-PUN-017,Forman Christian College University,Private,Punjab,Lahore,1864,0,W2,Physics,STEM,2025,710,318,392,24,29.6,0.0,0.0,710.0,37.0,1.0,13.0,3.11,47.0,12.3,Mostly Rural,63826.0,8.0,18.0,Yes,FC College Entry Test,Medium,50% / 100 marks,14.0
PK-PUN-017,Forman Christian College University,Private,Punjab,Lahore,1864,0,W2,Political Science,Arts & Social Sciences,2022,991,400,591,38,26.1,16.0,0.0,975.0,43.0,53.0,76.0,3.34,38.3,8.7,Mostly Urban,72751.0,5.0,17.5,Yes,FC College Entry Test,Medium,50% / 100 marks,15.0
PK-PUN-017,Forman Christian College University,Private,Punjab,Lahore,1864,0,W2,Political Science,Arts & Social Sciences,2023,862,426,436,34,25.4,51.0,145.0,666.0,31.0,16.0,57.0,3.67,47.1,15.2,Mostly Urban,103499.0,3.0,23.0,Yes,FC College Entry Test,Medium,50% / 100 marks,16.0
PK-PUN-017,Forman Christian College University,Private,Punjab,Lahore,1864,0,W2,Political Science,Arts & Social Sciences,2024,906,632,274,32,28.3,0.0,164.0,742.0,151.0,30.0,40.0,2.94,44.5,6.3,Mostly Urban,95285.0,11.0,4.0,Yes,FC College Entry Test,Medium,50% / 100 marks,15.0
PK-PUN-017,Forman Christian College University,Private,Punjab,Lahore,1864,0,W2,Political Science,Arts & Social Sciences,2025,1034,562,472,34,30.4,9.0,89.0,936.0,73.5,12.0,40.0,3.43,51.6,8.6,Mostly Urban,78506.0,20.0,4.0,Yes,FC College Entry Test,Medium,50% / 100 marks,16.0
PK-PUN-017,Forman Christian College University,Private,Punjab,Lahore,1864,0,W2,Psychology,Arts & Social Sciences,2022,699,380,319,28,25.0,38.0,0.0,661.0,84.0,28.0,26.0,3.65,52.6,8.6,Mostly Rural,71865.0,1.0,30.0,Yes,FC College Entry Test,Medium,50% / 100 marks,17.0
PK-PUN-017,Forman Christian College University,Private,Punjab,Lahore,1864,0,W2,Psychology,Arts & Social Sciences,2023,767,311,456,24,32.0,0.0,42.0,725.0,147.0,22.0,7.0,3.295,53.1,11.3,Mostly Urban,80242.0,3.0,22.0,Yes,FC College Entry Test,Medium,50% / 100 marks,17.0
PK-PUN-017,Forman Christian College University,Private,Punjab,Lahore,1864,0,W2,Psychology,Arts & Social Sciences,2024,812,403,409,27,30.1,50.0,63.0,699.0,120.0,45.0,15.0,3.31,53.3,3.4,Mostly Urban,55352.0,9.0,0.0,Yes,FC College Entry Test,Medium,50% / 100 marks,16.0
PK-PUN-017,Forman Christian College University,Private,Punjab,Lahore,1864,0,W2,Psychology,Arts & Social Sciences,2025,880,429,451,33,26.7,0.0,174.0,706.0,144.0,25.0,34.0,3.44,60.6,7.8,Mostly Rural,60230.0,18.0,17.0,Yes,FC College Entry Test,Medium,50% / 100 marks,16.0
PK-PUN-017,Forman Christian College University,Private,Punjab,Lahore,1864,0,W2,Sociology,Arts & Social Sciences,2022,882,558,324,28,31.5,0.0,72.0,810.0,45.0,21.0,40.0,2.82,50.5,13.2,Mostly Urban,109725.0,20.0,19.0,Yes,FC College Entry Test,Medium,50% / 100 marks,16.0
PK-PUN-017,Forman Christian College University,Private,Punjab,Lahore,1864,0,W2,Sociology,Arts & Social Sciences,2023,777,300,477,22,35.3,62.0,0.0,715.0,134.0,38.0,58.0,3.26,56.4,17.7,Mixed Urban-Rural,125890.0,10.0,5.0,Yes,FC College Entry Test,Medium,50% / 100 marks,15.0
PK-PUN-017,Forman Christian College University,Private,Punjab,Lahore,1864,0,W2,Sociology,Arts & Social Sciences,2024,768,469,299,22,34.9,0.0,102.0,666.0,75.0,35.0,15.0,3.295,55.0,12.4,Mostly Rural,59239.0,6.0,17.5,Yes,FC College Entry Test,Medium,50% / 100 marks,15.0
PK-PUN-017,Forman Christian College University,Private,Punjab,Lahore,1864,0,W2,Sociology,Arts & Social Sciences,2025,840,490,350,29,29.0,7.0,35.0,798.0,76.0,46.0,37.0,3.295,42.1,16.3,Mostly Urban,92915.0,19.0,15.0,Yes,FC College Entry Test,Medium,50% / 100 marks,18.0
PK-PUN-020,Government College University Faisalabad,Public,Punjab,Faisalabad,2002,0,W1,Biology,STEM,2022,253,160,93,8,31.6,14.0,47.0,192.0,22.0,26.0,26.0,2.69,53.3,8.4,Mostly Urban,28542.0,2.0,14.5,Yes,GCUF Entry Test,Easy,45% / 100 marks,18.0
PK-PUN-020,Government College University Faisalabad,Public,Punjab,Faisalabad,2002,0,W1,Biology,STEM,2023,256,108,148,8,32.0,13.0,26.0,217.0,9.0,13.0,78.0,3.09,58.7,11.7,Mostly Rural,37644.0,10.0,25.0,Yes,GCUF Entry Test,Easy,45% / 100 marks,17.0
PK-PUN-020,Government College University Faisalabad,Public,Punjab,Faisalabad,2002,0,W1,Biology,STEM,2024,222,106,116,7,31.7,13.0,8.0,201.0,22.0,25.0,47.0,3.09,46.4,7.7,Mostly Urban,24143.0,3.0,22.0,Yes,GCUF Entry Test,Easy,45% / 100 marks,17.0
PK-PUN-020,Government College University Faisalabad,Public,Punjab,Faisalabad,2002,0,W1,Biology,STEM,2025,267,159,108,7,38.1,8.0,19.0,240.0,36.0,24.0,23.0,3.67,53.1,1.9,Mostly Urban,43885.0,11.0,13.0,Yes,GCUF Entry Test,Easy,45% / 100 marks,15.0
PK-PUN-020,Government College University Faisalabad,Public,Punjab,Faisalabad,2002,0,W1,Chemistry,STEM,2022,524,371,153,16,32.8,14.0,38.0,472.0,23.0,25.0,73.0,2.88,60.8,5.5,Mixed Urban-Rural,32770.0,10.0,18.0,Yes,GCUF Entry Test,Easy,45% / 100 marks,17.0
PK-PUN-020,Government College University Faisalabad,Public,Punjab,Faisalabad,2002,0,W1,Chemistry,STEM,2023,503,224,279,18,27.9,4.0,88.0,411.0,71.0,52.0,78.0,3.09,47.8,8.4,Mixed Urban-Rural,23981.0,4.0,3.0,Yes,GCUF Entry Test,Easy,45% / 100 marks,19.0
PK-PUN-020,Government College University Faisalabad,Public,Punjab,Faisalabad,2002,0,W1,Chemistry,STEM,2024,534,348,186,18,29.7,5.0,8.0,521.0,36.0,25.0,71.0,2.79,47.0,8.6,Mixed Urban-Rural,8968.0,10.0,2.0,Yes,GCUF Entry Test,Easy,45% / 100 marks,15.0
PK-PUN-020,Government College University Faisalabad,Public,Punjab,Faisalabad,2002,0,W1,Chemistry,STEM,2025,541,280,261,18,30.1,9.0,105.0,427.0,57.0,41.0,61.0,3.39,52.8,4.8,Mixed Urban-Rural,25254.0,13.0,14.5,Yes,GCUF Entry Test,Easy,45% / 100 marks,17.0
PK-PUN-020,Government College University Faisalabad,Public,Punjab,Faisalabad,2002,0,W1,Civil Engineering,STEM,2022,133,58,75,5,26.6,2.0,3.0,128.0,5.0,58.0,45.0,2.63,74.0,8.4,Mostly Urban,10403.0,19.0,1.0,Yes,GCUF Entry Test,Easy,45% / 100 marks,19.0
PK-PUN-020,Government College University Faisalabad,Public,Punjab,Faisalabad,2002,0,W1,Civil Engineering,STEM,2023,135,90,45,5,27.0,0.0,0.0,135.0,22.0,25.0,69.0,2.74,64.0,5.3,Mostly Urban,11092.0,4.0,2.0,Yes,GCUF Entry Test,Easy,45% / 100 marks,16.0
PK-PUN-020,Government College University Faisalabad,Public,Punjab,Faisalabad,2002,0,W1,Civil Engineering,STEM,2024,167,69,98,6,27.8,8.0,7.0,152.0,22.0,11.0,76.0,2.88,68.5,4.1,Mostly Rural,34982.0,10.0,32.0,Yes,GCUF Entry Test,Easy,45% / 100 marks,20.0
PK-PUN-020,Government College University Faisalabad,Public,Punjab,Faisalabad,2002,0,W1,Civil Engineering,STEM,2025,155,99,56,5,31.0,11.0,0.0,144.0,21.0,12.0,25.0,3.43,67.1,17.2,Mostly Urban,39034.0,19.0,23.0,Yes,GCUF Entry Test,Easy,45% / 100 marks,18.0
PK-PUN-020,Government College University Faisalabad,Public,Punjab,Faisalabad,2002,0,W1,Computer Science,STEM,2022,144,95,49,5,28.8,5.0,2.0,137.0,17.0,25.0,50.0,2.77,87.4,14.1,Mostly Urban,41482.0,14.0,17.0,Yes,GCUF Entry Test,Easy,45% / 100 marks,20.0
PK-PUN-020,Government College University Faisalabad,Public,Punjab,Faisalabad,2002,0,W1,Computer Science,STEM,2023,144,103,41,5,28.8,6.0,10.0,128.0,19.0,60.0,50.0,3.37,80.5,7.1,Mixed Urban-Rural,34720.0,19.0,21.0,Yes,GCUF Entry Test,Easy,45% / 100 marks,16.0
PK-PUN-020,Government College University Faisalabad,Public,Punjab,Faisalabad,2002,0,W1,Computer Science,STEM,2024,159,68,91,6,26.5,0.0,10.0,149.0,23.0,25.0,52.0,3.06,88.6,15.7,Mostly Rural,43851.0,10.0,21.0,Yes,GCUF Entry Test,Easy,45% / 100 marks,17.0
PK-PUN-020,Government College University Faisalabad,Public,Punjab,Faisalabad,2002,0,W1,Computer Science,STEM,2025,155,81,74,5,31.0,3.0,4.0,148.0,9.0,30.0,53.0,3.64,74.4,7.3,Mixed Urban-Rural,33798.0,15.0,14.5,Yes,GCUF Entry Test,Easy,45% / 100 marks,19.0
PK-PUN-020,Government College University Faisalabad,Public,Punjab,Faisalabad,2002,0,W1,Economics,Business,2022,154,100,54,5,30.8,0.0,13.0,141.0,29.0,25.0,24.0,2.62,63.1,17.3,Mixed Urban-Rural,33336.0,5.0,18.0,Yes,GCUF Entry Test,Easy,45% / 100 marks,18.0
PK-PUN-020,Government College University Faisalabad,Public,Punjab,Faisalabad,2002,0,W1,Economics,Business,2023,177,79,98,5,35.4,13.0,24.0,140.0,13.0,47.0,26.0,2.83,69.5,6.4,Mixed Urban-Rural,15135.0,19.0,19.0,Yes,GCUF Entry Test,Easy,45% / 100 marks,16.0
PK-PUN-020,Government College University Faisalabad,Public,Punjab,Faisalabad,2002,0,W1,Economics,Business,2024,166,85,81,5,33.2,9.0,26.0,131.0,18.0,24.0,17.0,3.58,65.1,12.6,Mostly Urban,29537.0,10.0,6.0,Yes,GCUF Entry Test,Easy,45% / 100 marks,18.0
PK-PUN-020,Government College University Faisalabad,Public,Punjab,Faisalabad,2002,0,W1,Economics,Business,2025,178,115,63,6,29.7,1.0,14.0,163.0,13.0,2.0,34.0,3.33,58.8,6.0,Mostly Rural,21442.0,4.0,34.0,Yes,GCUF Entry Test,Easy,45% / 100 marks,14.0
PK-PUN-020,Government College University Faisalabad,Public,Punjab,Faisalabad,2002,0,W1,Environmental Science,STEM,2022,479,196,283,21,22.8,6.0,36.0,437.0,14.0,58.0,79.0,2.69,48.1,13.2,Mixed Urban-Rural,26760.0,6.0,2.0,Yes,GCUF Entry Test,Easy,45% / 100 marks,20.0
PK-PUN-020,Government College University Faisalabad,Public,Punjab,Faisalabad,2002,0,W1,Environmental Science,STEM,2023,436,248,188,13,33.5,2.0,18.0,416.0,9.0,4.0,54.0,2.82,60.7,8.4,Mostly Rural,29569.0,2.0,12.0,Yes,GCUF Entry Test,Easy,45% / 100 marks,15.0
PK-PUN-020,Government College University Faisalabad,Public,Punjab,Faisalabad,2002,0,W1,Environmental Science,STEM,2024,442,177,265,15,29.5,24.0,0.0,418.0,80.0,25.0,50.0,3.57,62.7,9.4,Mostly Urban,15602.0,4.0,19.0,Yes,GCUF Entry Test,Easy,45% / 100 marks,19.0
PK-PUN-020,Government College University Faisalabad,Public,Punjab,Faisalabad,2002,0,W1,Environmental Science,STEM,2025,560,368,192,16,35.0,0.0,0.0,560.0,71.0,41.0,3.0,3.54,51.9,8.4,Mixed Urban-Rural,16959.0,10.0,13.0,Yes,GCUF Entry Test,Easy,45% / 100 marks,18.0
PK-PUN-020,Government College University Faisalabad,Public,Punjab,Faisalabad,2002,0,W1,Law,Arts & Social Sciences,2022,271,149,122,9,30.1,0.0,19.0,252.0,22.0,5.0,80.0,2.73,69.7,3.3,Mixed Urban-Rural,26760.0,12.0,3.0,Yes,GCUF Entry Test,Easy,45% / 100 marks,19.0
PK-PUN-020,Government College University Faisalabad,Public,Punjab,Faisalabad,2002,0,W1,Law,Arts & Social Sciences,2023,255,117,138,7,36.4,13.0,22.0,220.0,32.0,11.0,50.0,3.32,68.5,18.0,Mostly Urban,12918.0,10.0,4.0,Yes,GCUF Entry Test,Easy,45% / 100 marks,14.0
PK-PUN-020,Government College University Faisalabad,Public,Punjab,Faisalabad,2002,0,W1,Law,Arts & Social Sciences,2024,324,174,150,11,29.5,18.0,28.0,278.0,27.0,38.0,70.0,3.09,76.3,2.0,Mostly Rural,30330.0,13.0,23.0,Yes,GCUF Entry Test,Easy,45% / 100 marks,14.0
PK-PUN-020,Government College University Faisalabad,Public,Punjab,Faisalabad,2002,0,W1,Law,Arts & Social Sciences,2025,323,155,168,13,24.8,12.0,33.0,278.0,29.0,48.0,14.0,3.09,80.8,1.6,Mixed Urban-Rural,26760.0,4.0,0.0,Yes,GCUF Entry Test,Easy,45% / 100 marks,19.0
PK-PUN-020,Government College University Faisalabad,Public,Punjab,Faisalabad,2002,0,W1,Mathematics,STEM,2022,455,273,182,13,35.0,26.0,76.0,353.0,18.0,0.0,68.0,3.67,63.8,8.4,Mostly Urban,39841.0,10.0,12.0,Yes,GCUF Entry Test,Easy,45% / 100 marks,17.0
PK-PUN-020,Government College University Faisalabad,Public,Punjab,Faisalabad,2002,0,W1,Mathematics,STEM,2023,487,203,284,18,27.1,0.0,1.0,486.0,22.0,25.0,32.0,3.18,62.7,9.3,Mostly Urban,27474.0,2.0,35.0,Yes,GCUF Entry Test,Easy,45% / 100 marks,15.0
PK-PUN-020,Government College University Faisalabad,Public,Punjab,Faisalabad,2002,0,W1,Mathematics,STEM,2024,476,278,198,20,23.8,20.0,56.0,400.0,49.0,52.0,17.0,3.25,56.0,4.2,Mostly Rural,8501.0,12.0,35.0,Yes,GCUF Entry Test,Easy,45% / 100 marks,17.0
PK-PUN-020,Government College University Faisalabad,Public,Punjab,Faisalabad,2002,0,W1,Mathematics,STEM,2025,580,338,242,20,29.0,6.0,116.0,458.0,22.0,25.0,72.0,2.68,53.8,17.1,Mixed Urban-Rural,16273.0,4.0,16.0,Yes,GCUF Entry Test,Easy,45% / 100 marks,19.0
PK-PUN-020,Government College University Faisalabad,Public,Punjab,Faisalabad,2002,0,W1,Psychology,Arts & Social Sciences,2022,195,101,94,6,32.5,7.0,0.0,188.0,22.0,25.0,73.0,3.22,63.7,7.2,Mostly Urban,9634.0,19.0,9.0,Yes,GCUF Entry Test,Easy,45% / 100 marks,19.0
PK-PUN-020,Government College University Faisalabad,Public,Punjab,Faisalabad,2002,0,W1,Psychology,Arts & Social Sciences,2023,185,122,63,6,30.8,5.0,22.0,158.0,30.0,0.0,33.0,2.94,66.5,14.4,Mostly Urban,43699.0,1.0,27.0,Yes,GCUF Entry Test,Easy,45% / 100 marks,15.0
PK-PUN-020,Government College University Faisalabad,Public,Punjab,Faisalabad,2002,0,W1,Psychology,Arts & Social Sciences,2024,215,85,130,8,26.9,0.0,29.0,186.0,29.0,25.0,72.0,3.09,66.3,9.0,Mostly Urban,26760.0,3.0,26.0,Yes,GCUF Entry Test,Easy,45% / 100 marks,17.0
PK-PUN-020,Government College University Faisalabad,Public,Punjab,Faisalabad,2002,0,W1,Psychology,Arts & Social Sciences,2025,227,91,136,7,32.4,5.0,25.0,197.0,37.0,30.0,31.0,3.15,60.8,6.5,Mostly Urban,29175.0,6.0,9.0,Yes,GCUF Entry Test,Easy,45% / 100 marks,15.0
PK-PUN-020,Government College University Faisalabad,Public,Punjab,Faisalabad,2002,0,W1,Urdu,Arts & Social Sciences,2022,164,79,85,7,23.4,3.0,25.0,136.0,14.0,25.0,50.0,3.1,34.5,6.9,Mostly Rural,9887.0,13.0,14.5,Yes,GCUF Entry Test,Easy,45% / 100 marks,17.0
PK-PUN-020,Government College University Faisalabad,Public,Punjab,Faisalabad,2002,0,W1,Urdu,Arts & Social Sciences,2023,175,88,87,7,25.0,14.0,5.0,156.0,15.0,18.0,21.0,3.18,49.9,10.4,Mostly Urban,26319.0,20.0,11.0,Yes,GCUF Entry Test,Easy,45% / 100 marks,20.0
PK-PUN-020,Government College University Faisalabad,Public,Punjab,Faisalabad,2002,0,W1,Urdu,Arts & Social Sciences,2024,209,128,81,7,29.9,0.0,26.0,183.0,15.0,53.0,50.0,2.73,41.1,16.8,Mostly Rural,19540.0,16.0,0.0,Yes,GCUF Entry Test,Easy,45% / 100 marks,14.0
PK-PUN-020,Government College University Faisalabad,Public,Punjab,Faisalabad,2002,0,W1,Urdu,Arts & Social Sciences,2025,192,137,55,5,38.4,11.0,0.0,181.0,15.0,19.0,18.0,2.65,46.0,8.4,Mixed Urban-Rural,23959.0,20.0,3.0,Yes,GCUF Entry Test,Easy,45% / 100 marks,15.0
PK-PUN-004,Government College University Lahore,Public,Punjab,Lahore,1864,0,W3,Business Administration,Business,2022,1243,553,690,48,25.9,39.0,110.0,1094.0,47.0,30.0,65.0,3.32,71.3,6.0,Mostly Urban,29818.0,20.0,20.0,Yes,GCU Entry Test,Medium,50% / 100 marks,26.0
PK-PUN-004,Government College University Lahore,Public,Punjab,Lahore,1864,0,W3,Business Administration,Business,2023,1213,585,628,49,24.8,54.0,87.0,1072.0,90.0,32.0,37.0,2.89,70.5,10.35,Mostly Rural,26457.0,3.0,20.0,Yes,GCU Entry Test,Medium,50% / 100 marks,25.0
PK-PUN-004,Government College University Lahore,Public,Punjab,Lahore,1864,0,W3,Business Administration,Business,2024,1339,916,423,60,22.3,30.0,38.0,1271.0,110.0,9.0,34.0,3.3,65.1,10.35,Mixed Urban-Rural,12612.0,15.0,21.0,Yes,GCU Entry Test,Medium,50% / 100 marks,25.0
PK-PUN-004,Government College University Lahore,Public,Punjab,Lahore,1864,0,W3,Business Administration,Business,2025,1360,565,795,57,23.9,29.0,40.0,1291.0,51.0,30.0,13.0,3.5,74.3,11.8,Mostly Urban,40460.0,19.0,3.0,Yes,GCU Entry Test,Medium,50% / 100 marks,28.0
PK-PUN-004,Government College University Lahore,Public,Punjab,Lahore,1864,0,W3,Chemistry,STEM,2022,1207,461,746,49,24.6,24.0,82.0,1101.0,53.0,44.0,72.0,3.52,49.2,5.3,Mostly Rural,35019.0,9.0,15.0,Yes,GCU Entry Test,Medium,50% / 100 marks,23.0
PK-PUN-004,Government College University Lahore,Public,Punjab,Lahore,1864,0,W3,Chemistry,STEM,2023,1368,824,544,39,35.1,79.0,220.0,1069.0,110.0,57.0,11.0,3.39,50.0,10.35,Mostly Urban,34135.0,12.0,4.0,Yes,GCU Entry Test,Medium,50% / 100 marks,22.0
PK-PUN-004,Government College University Lahore,Public,Punjab,Lahore,1864,0,W3,Chemistry,STEM,2024,1427,895,532,54,26.4,75.0,180.0,1172.0,255.0,47.0,50.0,3.48,51.7,16.0,Mostly Rural,34426.0,5.0,24.0,Yes,GCU Entry Test,Medium,50% / 100 marks,23.0
PK-PUN-004,Government College University Lahore,Public,Punjab,Lahore,1864,0,W3,Chemistry,STEM,2025,1421,551,870,59,24.1,22.0,94.0,1305.0,12.0,52.0,22.0,2.9,51.1,1.8,Mostly Rural,40592.0,18.0,12.0,Yes,GCU Entry Test,Medium,50% / 100 marks,24.0
PK-PUN-004,Government College University Lahore,Public,Punjab,Lahore,1864,0,W3,Computer Science,STEM,2022,1431,786,645,51,28.1,61.0,72.0,1298.0,59.0,30.0,10.0,3.06,87.6,17.1,Mostly Urban,34135.0,10.0,27.0,Yes,GCU Entry Test,Medium,50% / 100 marks,24.0
PK-PUN-004,Government College University Lahore,Public,Punjab,Lahore,1864,0,W3,Computer Science,STEM,2023,1490,869,621,51,29.2,53.0,167.0,1270.0,247.0,30.0,19.0,3.3,79.5,16.5,Mixed Urban-Rural,39207.0,11.0,8.0,Yes,GCU Entry Test,Medium,50% / 100 marks,25.0
PK-PUN-004,Government College University Lahore,Public,Punjab,Lahore,1864,0,W3,Computer Science,STEM,2024,1668,1077,591,56,29.8,80.0,48.0,1540.0,132.0,30.0,33.0,3.18,88.6,3.9,Mostly Urban,25433.0,7.0,17.0,Yes,GCU Entry Test,Medium,50% / 100 marks,28.0
PK-PUN-004,Government College University Lahore,Public,Punjab,Lahore,1864,0,W3,Computer Science,STEM,2025,1628,820,808,50,32.6,81.0,160.0,1387.0,322.0,9.0,3.0,3.31,81.6,10.3,Mostly Urban,15888.0,7.0,32.0,Yes,GCU Entry Test,Medium,50% / 100 marks,26.0
PK-PUN-004,Government College University Lahore,Public,Punjab,Lahore,1864,0,W3,Education,Arts & Social Sciences,2022,918,466,452,29,31.7,53.0,0.0,865.0,110.0,30.0,29.0,3.29,71.6,16.5,Mostly Urban,37107.0,15.0,29.0,Yes,GCU Entry Test,Medium,50% / 100 marks,26.0
PK-PUN-004,Government College University Lahore,Public,Punjab,Lahore,1864,0,W3,Education,Arts & Social Sciences,2023,964,558,406,36,26.8,48.0,160.0,756.0,127.0,20.0,30.0,3.27,58.3,6.8,Mixed Urban-Rural,26540.0,9.0,8.0,Yes,GCU Entry Test,Medium,50% / 100 marks,28.0
PK-PUN-004,Government College University Lahore,Public,Punjab,Lahore,1864,0,W3,Education,Arts & Social Sciences,2024,1050,729,321,44,23.9,52.0,17.0,981.0,110.0,22.0,33.0,3.31,59.6,10.5,Mostly Urban,18157.0,15.0,20.0,Yes,GCU Entry Test,Medium,50% / 100 marks,24.0
PK-PUN-004,Government College University Lahore,Public,Punjab,Lahore,1864,0,W3,Education,Arts & Social Sciences,2025,1154,779,375,46,25.1,5.0,59.0,1090.0,110.0,14.0,6.0,2.95,58.9,17.2,Mostly Urban,33939.0,16.0,20.0,Yes,GCU Entry Test,Medium,50% / 100 marks,24.0
PK-PUN-004,Government College University Lahore,Public,Punjab,Lahore,1864,0,W3,Electrical Engineering,STEM,2022,1951,1106,845,86,22.7,130.0,84.0,1737.0,183.0,37.0,77.0,3.3,77.4,4.0,Mostly Rural,26442.0,6.0,16.0,Yes,GCU Entry Test,Medium,50% / 100 marks,27.0
PK-PUN-004,Government College University Lahore,Public,Punjab,Lahore,1864,0,W3,Electrical Engineering,STEM,2023,1860,913,947,73,25.5,47.0,198.0,1615.0,338.0,49.0,6.0,2.82,69.9,13.8,Mixed Urban-Rural,27569.0,19.0,23.0,Yes,GCU Entry Test,Medium,50% / 100 marks,23.0
PK-PUN-004,Government College University Lahore,Public,Punjab,Lahore,1864,0,W3,Electrical Engineering,STEM,2024,1985,1191,794,79,25.1,85.0,368.0,1532.0,163.0,30.0,30.0,3.26,82.2,6.9,Mixed Urban-Rural,40222.0,8.0,20.0,Yes,GCU Entry Test,Medium,50% / 100 marks,22.0
PK-PUN-004,Government College University Lahore,Public,Punjab,Lahore,1864,0,W3,Electrical Engineering,STEM,2025,1873,711,1162,83,22.6,40.0,0.0,1833.0,5.0,24.0,30.0,3.42,68.8,12.2,Mostly Urban,26348.0,2.0,19.0,Yes,GCU Entry Test,Medium,50% / 100 marks,27.0
PK-PUN-004,Government College University Lahore,Public,Punjab,Lahore,1864,0,W3,English Literature,Arts & Social Sciences,2022,650,452,198,19,34.2,0.0,116.0,534.0,124.0,0.0,6.0,2.9,52.8,11.1,Mostly Urban,39439.0,7.0,20.0,Yes,GCU Entry Test,Medium,50% / 100 marks,24.0
PK-PUN-004,Government College University Lahore,Public,Punjab,Lahore,1864,0,W3,English Literature,Arts & Social Sciences,2023,748,291,457,26,28.8,45.0,122.0,581.0,16.0,49.0,4.0,3.66,53.3,5.9,Mixed Urban-Rural,37359.0,9.0,27.0,Yes,GCU Entry Test,Medium,50% / 100 marks,22.0
PK-PUN-004,Government College University Lahore,Public,Punjab,Lahore,1864,0,W3,English Literature,Arts & Social Sciences,2024,752,465,287,23,32.7,23.0,95.0,634.0,99.0,30.0,39.0,3.3,51.4,10.4,Mostly Rural,34331.0,5.0,31.0,Yes,GCU Entry Test,Medium,50% / 100 marks,24.0
PK-PUN-004,Government College University Lahore,Public,Punjab,Lahore,1864,0,W3,English Literature,Arts & Social Sciences,2025,798,413,385,23,34.7,21.0,87.0,690.0,96.0,28.0,20.0,3.26,41.4,15.7,Mixed Urban-Rural,18448.0,9.0,13.0,Yes,GCU Entry Test,Medium,50% / 100 marks,22.0
PK-PUN-004,Government College University Lahore,Public,Punjab,Lahore,1864,0,W3,Law,Arts & Social Sciences,2022,1773,1170,603,53,33.5,42.0,350.0,1381.0,110.0,30.0,69.0,3.3,80.8,7.0,Mostly Rural,32466.0,13.0,22.0,Yes,GCU Entry Test,Medium,50% / 100 marks,22.0
PK-PUN-004,Government College University Lahore,Public,Punjab,Lahore,1864,0,W3,Law,Arts & Social Sciences,2023,2005,1230,775,57,35.2,0.0,258.0,1747.0,390.0,30.0,22.0,3.36,68.6,9.7,Mostly Urban,34615.0,4.0,12.0,Yes,GCU Entry Test,Medium,50% / 100 marks,23.0
PK-PUN-004,Government College University Lahore,Public,Punjab,Lahore,1864,0,W3,Law,Arts & Social Sciences,2024,1731,676,1055,73,23.7,91.0,5.0,1635.0,110.0,7.0,12.0,2.83,68.0,6.5,Mixed Urban-Rural,39355.0,9.0,2.0,Yes,GCU Entry Test,Medium,50% / 100 marks,27.0
PK-PUN-004,Government College University Lahore,Public,Punjab,Lahore,1864,0,W3,Law,Arts & Social Sciences,2025,2019,1008,1011,79,25.6,125.0,194.0,1700.0,221.0,39.0,71.0,3.6,72.6,10.35,Mostly Urban,43634.0,4.0,21.0,Yes,GCU Entry Test,Medium,50% / 100 marks,24.0
PK-PUN-004,Government College University Lahore,Public,Punjab,Lahore,1864,0,W3,Psychology,Arts & Social Sciences,2022,916,494,422,34,26.9,3.0,113.0,800.0,110.0,30.0,60.0,2.9,60.8,10.35,Mostly Urban,43105.0,4.0,31.0,Yes,GCU Entry Test,Medium,50% / 100 marks,26.0
PK-PUN-004,Government College University Lahore,Public,Punjab,Lahore,1864,0,W3,Psychology,Arts & Social Sciences,2023,856,456,400,25,34.2,25.0,63.0,768.0,110.0,30.0,57.0,3.49,52.6,10.35,Mostly Urban,32688.0,11.0,31.0,Yes,GCU Entry Test,Medium,50% / 100 marks,23.0
PK-PUN-004,Government College University Lahore,Public,Punjab,Lahore,1864,0,W3,Psychology,Arts & Social Sciences,2024,898,477,421,28,32.1,3.0,93.0,802.0,110.0,60.0,30.0,3.59,66.6,8.6,Mostly Rural,43617.0,9.0,27.0,Yes,GCU Entry Test,Medium,50% / 100 marks,28.0
PK-PUN-004,Government College University Lahore,Public,Punjab,Lahore,1864,0,W3,Psychology,Arts & Social Sciences,2025,889,364,525,26,34.2,0.0,170.0,719.0,40.0,30.0,67.0,3.21,62.6,12.4,Mostly Urban,20157.0,8.0,19.0,Yes,GCU Entry Test,Medium,50% / 100 marks,23.0
PK-PUN-029,Hazara University Mansehra,Public,Punjab,Mansehra,2002,0,W1,Biology,STEM,2022,134,85,49,5,26.8,0.0,16.0,118.0,26.0,29.0,16.0,3.19,58.6,12.9,Mixed Urban-Rural,34893.0,11.0,10.0,Yes,HU Entry Test,Easy,40% / 100 marks,14.0
PK-PUN-029,Hazara University Mansehra,Public,Punjab,Mansehra,2002,0,W1,Biology,STEM,2023,133,66,67,5,26.6,8.0,0.0,125.0,19.0,12.0,9.0,3.54,44.9,16.1,Mostly Rural,30686.0,5.0,11.0,Yes,HU Entry Test,Easy,40% / 100 marks,12.0
PK-PUN-029,Hazara University Mansehra,Public,Punjab,Mansehra,2002,0,W1,Biology,STEM,2024,166,79,87,5,33.2,1.0,18.0,147.0,22.0,45.0,64.0,3.19,56.2,12.8,Mostly Urban,33335.0,8.0,6.0,Yes,HU Entry Test,Easy,40% / 100 marks,11.0
PK-PUN-029,Hazara University Mansehra,Public,Punjab,Mansehra,2002,0,W1,Biology,STEM,2025,158,89,69,6,26.3,5.0,17.0,136.0,26.0,29.0,26.0,2.8,50.6,3.9,Mixed Urban-Rural,36040.0,20.0,34.0,Yes,HU Entry Test,Easy,40% / 100 marks,12.0
PK-PUN-029,Hazara University Mansehra,Public,Punjab,Mansehra,2002,0,W1,Computer Science,STEM,2022,315,170,145,12,26.2,0.0,17.0,298.0,9.0,0.0,60.0,2.83,79.3,11.1,Mixed Urban-Rural,8213.0,15.0,4.0,Yes,HU Entry Test,Easy,40% / 100 marks,12.0
PK-PUN-029,Hazara University Mansehra,Public,Punjab,Mansehra,2002,0,W1,Computer Science,STEM,2023,369,213,156,14,26.4,9.0,61.0,299.0,26.0,53.0,6.0,2.98,88.3,8.5,Mostly Rural,12581.0,13.0,11.0,Yes,HU Entry Test,Easy,40% / 100 marks,14.0
PK-PUN-029,Hazara University Mansehra,Public,Punjab,Mansehra,2002,0,W1,Computer Science,STEM,2024,311,215,96,9,34.6,0.0,61.0,250.0,26.0,39.0,62.0,2.74,75.0,7.7,Mostly Urban,27628.0,15.0,11.0,Yes,HU Entry Test,Easy,40% / 100 marks,10.0
PK-PUN-029,Hazara University Mansehra,Public,Punjab,Mansehra,2002,0,W1,Computer Science,STEM,2025,379,261,118,12,31.6,11.0,8.0,360.0,25.0,29.0,47.5,2.83,88.5,3.2,Mostly Urban,40213.0,16.0,3.0,Yes,HU Entry Test,Easy,40% / 100 marks,13.0
PK-PUN-029,Hazara University Mansehra,Public,Punjab,Mansehra,2002,0,W1,Economics,Business,2022,246,120,126,7,35.1,9.0,0.0,237.0,29.0,27.0,45.0,3.35,62.5,4.2,Mostly Urban,17142.0,17.0,24.0,Yes,HU Entry Test,Easy,40% / 100 marks,12.0
PK-PUN-029,Hazara University Mansehra,Public,Punjab,Mansehra,2002,0,W1,Economics,Business,2023,257,101,156,7,36.7,17.0,10.0,230.0,50.0,48.0,52.0,3.09,70.3,15.4,Mostly Urban,26528.5,12.0,10.0,Yes,HU Entry Test,Easy,40% / 100 marks,11.0
PK-PUN-029,Hazara University Mansehra,Public,Punjab,Mansehra,2002,0,W1,Economics,Business,2024,291,164,127,8,36.4,12.0,18.0,261.0,15.0,13.0,24.0,3.56,64.4,10.2,Mixed Urban-Rural,33506.0,11.0,11.0,Yes,HU Entry Test,Easy,40% / 100 marks,11.0
PK-PUN-029,Hazara University Mansehra,Public,Punjab,Mansehra,2002,0,W1,Economics,Business,2025,255,137,118,9,28.3,14.0,47.0,194.0,35.0,14.0,3.0,3.19,57.5,10.2,Mostly Rural,25429.0,12.0,21.0,Yes,HU Entry Test,Easy,40% / 100 marks,12.0
PK-PUN-029,Hazara University Mansehra,Public,Punjab,Mansehra,2002,0,W1,Mass Communication,Arts & Social Sciences,2022,246,173,73,10,24.6,10.0,45.0,191.0,7.0,29.0,66.0,3.45,66.9,5.1,Mostly Rural,16294.0,15.0,1.0,Yes,HU Entry Test,Easy,40% / 100 marks,13.0
PK-PUN-029,Hazara University Mansehra,Public,Punjab,Mansehra,2002,0,W1,Mass Communication,Arts & Social Sciences,2023,265,115,150,10,26.5,21.0,37.0,207.0,23.0,33.0,45.0,3.31,66.2,16.2,Mixed Urban-Rural,14815.0,3.0,26.0,Yes,HU Entry Test,Easy,40% / 100 marks,14.0
PK-PUN-029,Hazara University Mansehra,Public,Punjab,Mansehra,2002,0,W1,Mass Communication,Arts & Social Sciences,2024,296,199,97,10,29.6,8.0,59.0,229.0,26.0,0.0,53.0,3.42,64.3,13.8,Mostly Urban,19686.0,6.0,21.0,Yes,HU Entry Test,Easy,40% / 100 marks,13.0
PK-PUN-029,Hazara University Mansehra,Public,Punjab,Mansehra,2002,0,W1,Mass Communication,Arts & Social Sciences,2025,285,153,132,9,31.7,18.0,43.0,224.0,20.0,16.0,57.0,2.63,54.5,17.3,Mostly Urban,44382.0,12.0,11.0,Yes,HU Entry Test,Easy,40% / 100 marks,10.0
PK-PUN-029,Hazara University Mansehra,Public,Punjab,Mansehra,2002,0,W1,Physics,STEM,2022,371,249,122,14,26.5,4.0,31.0,336.0,69.0,55.0,33.0,3.19,52.2,10.6,Mostly Urban,43921.0,12.0,7.0,Yes,HU Entry Test,Easy,40% / 100 marks,10.0
PK-PUN-029,Hazara University Mansehra,Public,Punjab,Mansehra,2002,0,W1,Physics,STEM,2023,419,190,229,14,29.9,32.0,9.0,378.0,21.0,28.0,54.0,3.07,57.4,16.8,Mixed Urban-Rural,38322.0,10.0,31.0,Yes,HU Entry Test,Easy,40% / 100 marks,12.0
PK-PUN-029,Hazara University Mansehra,Public,Punjab,Mansehra,2002,0,W1,Physics,STEM,2024,431,214,217,14,30.8,0.0,10.0,421.0,35.0,24.0,47.5,3.58,59.6,6.5,Mixed Urban-Rural,12869.0,6.0,8.0,Yes,HU Entry Test,Easy,40% / 100 marks,12.0
PK-PUN-029,Hazara University Mansehra,Public,Punjab,Mansehra,2002,0,W1,Physics,STEM,2025,489,296,193,18,27.2,10.0,9.0,470.0,90.0,41.0,47.5,3.27,56.9,6.7,Mostly Rural,14064.0,10.0,3.0,Yes,HU Entry Test,Easy,40% / 100 marks,13.0
PK-PUN-029,Hazara University Mansehra,Public,Punjab,Mansehra,2002,0,W1,Psychology,Arts & Social Sciences,2022,428,277,151,13,32.9,19.0,24.0,385.0,8.0,49.0,36.0,2.79,59.6,7.5,Mostly Rural,19044.0,10.0,11.0,Yes,HU Entry Test,Easy,40% / 100 marks,10.0
PK-PUN-029,Hazara University Mansehra,Public,Punjab,Mansehra,2002,0,W1,Psychology,Arts & Social Sciences,2023,502,290,212,14,35.9,35.0,46.0,421.0,16.0,29.0,5.0,3.23,59.0,12.4,Mostly Rural,12006.0,16.0,16.0,Yes,HU Entry Test,Easy,40% / 100 marks,10.0
PK-PUN-029,Hazara University Mansehra,Public,Punjab,Mansehra,2002,0,W1,Psychology,Arts & Social Sciences,2024,446,290,156,14,31.9,0.0,14.0,432.0,26.0,38.0,55.0,3.68,66.5,6.5,Mostly Rural,40921.0,12.0,27.0,Yes,HU Entry Test,Easy,40% / 100 marks,13.0
PK-PUN-029,Hazara University Mansehra,Public,Punjab,Mansehra,2002,0,W1,Psychology,Arts & Social Sciences,2025,535,365,170,19,28.2,0.0,0.0,535.0,21.0,29.0,33.0,2.82,58.7,2.9,Mostly Urban,22666.0,10.0,10.0,Yes,HU Entry Test,Easy,40% / 100 marks,12.0
PK-PUN-029,Hazara University Mansehra,Public,Punjab,Mansehra,2002,0,W1,Sociology,Arts & Social Sciences,2022,368,215,153,12,30.7,0.0,73.0,295.0,57.0,23.0,77.0,3.25,52.3,10.2,Mostly Urban,12594.0,18.0,13.0,Yes,HU Entry Test,Easy,40% / 100 marks,14.0
PK-PUN-029,Hazara University Mansehra,Public,Punjab,Mansehra,2002,0,W1,Sociology,Arts & Social Sciences,2023,343,242,101,13,26.4,2.0,10.0,331.0,43.0,45.0,54.0,3.36,48.9,10.2,Mixed Urban-Rural,14045.0,16.0,20.0,Yes,HU Entry Test,Easy,40% / 100 marks,13.0
PK-PUN-029,Hazara University Mansehra,Public,Punjab,Mansehra,2002,0,W1,Sociology,Arts & Social Sciences,2024,423,165,258,16,26.4,0.0,32.0,391.0,38.0,27.0,34.0,2.66,45.3,9.3,Mixed Urban-Rural,37739.0,15.0,11.0,Yes,HU Entry Test,Easy,40% / 100 marks,13.0
PK-PUN-029,Hazara University Mansehra,Public,Punjab,Mansehra,2002,0,W1,Sociology,Arts & Social Sciences,2025,364,185,179,11,33.1,2.0,7.0,355.0,68.0,32.0,47.5,3.67,43.9,16.2,Mixed Urban-Rural,20318.0,7.0,11.0,Yes,HU Entry Test,Easy,40% / 100 marks,12.0
PK-PUN-029,Hazara University Mansehra,Public,Punjab,Mansehra,2002,0,W1,Statistics,STEM,2022,276,107,169,10,27.6,22.0,49.0,205.0,30.0,38.0,79.0,3.19,64.7,12.9,Mostly Urban,28858.0,19.0,4.0,Yes,HU Entry Test,Easy,40% / 100 marks,14.0
PK-PUN-029,Hazara University Mansehra,Public,Punjab,Mansehra,2002,0,W1,Statistics,STEM,2023,249,98,151,9,27.7,9.0,44.0,196.0,30.0,34.0,30.0,3.56,59.0,10.2,Mixed Urban-Rural,38678.0,12.0,11.0,Yes,HU Entry Test,Easy,40% / 100 marks,13.0
PK-PUN-029,Hazara University Mansehra,Public,Punjab,Mansehra,2002,0,W1,Statistics,STEM,2024,249,166,83,9,27.7,3.0,49.0,197.0,26.0,22.0,50.0,3.06,63.7,10.2,Mostly Rural,26528.5,6.0,15.0,Yes,HU Entry Test,Easy,40% / 100 marks,12.0
PK-PUN-029,Hazara University Mansehra,Public,Punjab,Mansehra,2002,0,W1,Statistics,STEM,2025,277,156,121,8,34.6,17.0,0.0,260.0,45.0,29.0,53.0,3.0,63.8,5.4,Mostly Rural,35596.0,16.0,17.0,Yes,HU Entry Test,Easy,40% / 100 marks,12.0
PK-PUN-013,Information Technology University Punjab,Public,Punjab,Lahore,2012,0,W2,Civil Engineering,STEM,2022,433,190,243,14,30.9,13.0,52.0,368.0,54.0,56.0,67.0,2.73,74.2,2.9,Mostly Rural,43542.0,15.0,14.0,Yes,ITU Entry Test,Medium,50% / 100 marks,9.0
PK-PUN-013,Information Technology University Punjab,Public,Punjab,Lahore,2012,0,W2,Civil Engineering,STEM,2023,408,197,211,12,34.0,9.0,0.0,399.0,69.0,12.0,54.5,2.98,60.0,9.9,Mostly Rural,12148.0,1.0,30.0,Yes,ITU Entry Test,Medium,50% / 100 marks,8.0
PK-PUN-013,Information Technology University Punjab,Public,Punjab,Lahore,2012,0,W2,Civil Engineering,STEM,2024,428,176,252,18,23.8,17.0,9.0,402.0,73.0,54.0,77.0,3.05,72.1,9.2,Mostly Rural,40975.0,14.0,34.0,Yes,ITU Entry Test,Medium,50% / 100 marks,11.0
PK-PUN-013,Information Technology University Punjab,Public,Punjab,Lahore,2012,0,W2,Civil Engineering,STEM,2025,458,258,200,17,26.9,25.0,21.0,412.0,24.0,24.0,5.0,2.75,70.6,7.3,Mixed Urban-Rural,28188.0,6.0,14.0,Yes,ITU Entry Test,Medium,50% / 100 marks,9.0
PK-PUN-013,Information Technology University Punjab,Public,Punjab,Lahore,2012,0,W2,Electrical Engineering,STEM,2022,724,382,342,23,31.5,48.0,108.0,568.0,10.0,40.0,20.0,3.06,80.2,18.0,Mixed Urban-Rural,33975.0,11.0,29.0,Yes,ITU Entry Test,Medium,50% / 100 marks,10.0
PK-PUN-013,Information Technology University Punjab,Public,Punjab,Lahore,2012,0,W2,Electrical Engineering,STEM,2023,759,463,296,29,26.2,51.0,129.0,579.0,75.0,26.5,76.0,2.92,73.6,3.4,Mixed Urban-Rural,30502.0,18.0,14.0,Yes,ITU Entry Test,Medium,50% / 100 marks,10.0
PK-PUN-013,Information Technology University Punjab,Public,Punjab,Lahore,2012,0,W2,Electrical Engineering,STEM,2024,799,514,285,27,29.6,0.0,30.0,769.0,136.0,56.0,80.0,2.75,72.2,17.8,Mixed Urban-Rural,33998.0,2.0,14.0,Yes,ITU Entry Test,Medium,50% / 100 marks,10.0
PK-PUN-013,Information Technology University Punjab,Public,Punjab,Lahore,2012,0,W2,Electrical Engineering,STEM,2025,859,405,454,26,33.0,5.0,78.0,776.0,147.0,36.0,54.5,3.25,73.7,10.4,Mostly Rural,14945.0,8.0,14.0,Yes,ITU Entry Test,Medium,50% / 100 marks,10.0
PK-PUN-013,Information Technology University Punjab,Public,Punjab,Lahore,2012,0,W2,Industrial Engineering,STEM,2022,648,447,201,28,23.1,49.0,52.0,547.0,56.0,26.5,52.0,2.99,65.4,9.2,Mixed Urban-Rural,44566.0,15.0,18.0,Yes,ITU Entry Test,Medium,50% / 100 marks,9.5
PK-PUN-013,Information Technology University Punjab,Public,Punjab,Lahore,2012,0,W2,Industrial Engineering,STEM,2023,620,355,265,21,29.5,2.0,0.0,618.0,72.0,26.0,5.0,3.36,69.7,4.9,Mostly Rural,27385.0,9.0,14.0,Yes,ITU Entry Test,Medium,50% / 100 marks,10.0
PK-PUN-013,Information Technology University Punjab,Public,Punjab,Lahore,2012,0,W2,Industrial Engineering,STEM,2024,667,263,404,23,29.0,0.0,96.0,571.0,107.0,23.0,74.0,3.06,72.6,14.3,Mostly Urban,36586.0,14.0,11.0,Yes,ITU Entry Test,Medium,50% / 100 marks,9.0
PK-PUN-013,Information Technology University Punjab,Public,Punjab,Lahore,2012,0,W2,Industrial Engineering,STEM,2025,744,328,416,24,31.0,24.0,73.0,647.0,12.0,19.0,40.0,3.26,67.3,6.9,Mostly Urban,14316.0,11.0,14.0,Yes,ITU Entry Test,Medium,50% / 100 marks,8.0
PK-PUN-013,Information Technology University Punjab,Public,Punjab,Lahore,2012,0,W2,Mechanical Engineering,STEM,2022,259,123,136,8,32.4,0.0,5.0,254.0,72.0,25.0,79.0,3.12,67.5,2.6,Mostly Rural,17383.0,14.0,34.0,Yes,ITU Entry Test,Medium,50% / 100 marks,8.0
PK-PUN-013,Information Technology University Punjab,Public,Punjab,Lahore,2012,0,W2,Mechanical Engineering,STEM,2023,250,157,93,8,31.2,5.0,22.0,223.0,15.0,26.5,44.0,2.71,72.9,9.2,Mostly Rural,40922.0,15.0,14.0,Yes,ITU Entry Test,Medium,50% / 100 marks,8.0
PK-PUN-013,Information Technology University Punjab,Public,Punjab,Lahore,2012,0,W2,Mechanical Engineering,STEM,2024,240,95,145,7,34.3,11.0,22.0,207.0,34.0,30.0,14.0,3.4,64.8,6.4,Mostly Rural,27385.0,11.0,29.0,Yes,ITU Entry Test,Medium,50% / 100 marks,9.0
PK-PUN-013,Information Technology University Punjab,Public,Punjab,Lahore,2012,0,W2,Mechanical Engineering,STEM,2025,239,114,125,7,34.1,13.0,0.0,226.0,6.0,7.0,65.0,3.31,67.3,12.9,Mostly Urban,19941.0,17.0,11.0,Yes,ITU Entry Test,Medium,50% / 100 marks,9.5
PK-PUN-013,Information Technology University Punjab,Public,Punjab,Lahore,2012,0,W2,Software Engineering,STEM,2022,645,419,226,22,29.3,20.0,113.0,512.0,60.0,26.5,54.5,2.83,83.6,8.2,Mixed Urban-Rural,22839.0,11.0,6.0,Yes,ITU Entry Test,Medium,50% / 100 marks,10.0
PK-PUN-013,Information Technology University Punjab,Public,Punjab,Lahore,2012,0,W2,Software Engineering,STEM,2023,722,442,280,29,24.9,0.0,16.0,706.0,118.0,59.0,14.0,2.75,80.5,5.2,Mixed Urban-Rural,24839.0,9.0,21.0,Yes,ITU Entry Test,Medium,50% / 100 marks,11.0
PK-PUN-013,Information Technology University Punjab,Public,Punjab,Lahore,2012,0,W2,Software Engineering,STEM,2024,690,400,290,23,30.0,36.0,0.0,654.0,72.0,21.0,54.5,2.97,76.5,15.2,Mostly Rural,13569.0,10.0,10.0,Yes,ITU Entry Test,Medium,50% / 100 marks,11.0
PK-PUN-013,Information Technology University Punjab,Public,Punjab,Lahore,2012,0,W2,Software Engineering,STEM,2025,828,424,404,26,31.8,47.0,125.0,656.0,117.0,26.5,61.0,3.17,84.2,13.2,Mostly Urban,15285.0,3.0,29.0,Yes,ITU Entry Test,Medium,50% / 100 marks,11.0
PK-PUN-013,Information Technology University Punjab,Public,Punjab,Lahore,2012,0,W2,Telecommunication,STEM,2022,906,547,359,29,31.2,57.0,118.0,731.0,72.0,12.0,54.5,3.24,80.1,9.2,Mostly Urban,25215.0,7.0,10.0,Yes,ITU Entry Test,Medium,50% / 100 marks,8.0
PK-PUN-013,Information Technology University Punjab,Public,Punjab,Lahore,2012,0,W2,Telecommunication,STEM,2023,939,481,458,32,29.3,14.0,147.0,778.0,133.0,27.0,6.0,3.19,71.3,17.8,Mostly Urban,30056.0,20.0,10.0,Yes,ITU Entry Test,Medium,50% / 100 marks,10.0
PK-PUN-013,Information Technology University Punjab,Public,Punjab,Lahore,2012,0,W2,Telecommunication,STEM,2024,1042,553,489,35,29.8,11.0,168.0,863.0,154.0,52.0,57.0,3.43,75.9,9.8,Mixed Urban-Rural,8779.0,5.0,1.0,Yes,ITU Entry Test,Medium,50% / 100 marks,9.0
PK-PUN-013,Information Technology University Punjab,Public,Punjab,Lahore,2012,0,W2,Telecommunication,STEM,2025,1055,444,611,35,30.1,60.0,165.0,830.0,141.0,26.5,54.5,3.07,82.6,7.3,Mixed Urban-Rural,42807.0,17.0,2.0,Yes,ITU Entry Test,Medium,50% / 100 marks,9.0
PK-PUN-024,Islamia University of Bahawalpur,Public,Punjab,Bahawalpur,1975,0,W2,Business Administration,Business,2022,207,142,65,8,25.9,9.0,18.0,180.0,29.0,41.0,4.0,2.77,66.8,10.6,Mostly Rural,10019.0,12.0,16.0,Yes,IUB Entry Test,Easy,45% / 100 marks,28.0
PK-PUN-024,Islamia University of Bahawalpur,Public,Punjab,Bahawalpur,1975,0,W2,Business Administration,Business,2023,225,119,106,8,28.1,13.0,0.0,212.0,37.0,4.0,53.0,3.12,77.3,11.0,Mixed Urban-Rural,20609.0,7.0,20.0,Yes,IUB Entry Test,Easy,45% / 100 marks,26.0
PK-PUN-024,Islamia University of Bahawalpur,Public,Punjab,Bahawalpur,1975,0,W2,Business Administration,Business,2024,217,129,88,8,27.1,0.0,42.0,175.0,8.0,52.0,53.0,3.12,68.2,14.4,Mostly Rural,33121.0,19.0,11.0,Yes,IUB Entry Test,Easy,45% / 100 marks,28.0
PK-PUN-024,Islamia University of Bahawalpur,Public,Punjab,Bahawalpur,1975,0,W2,Business Administration,Business,2025,209,147,62,8,26.1,0.0,14.0,195.0,32.0,49.0,77.0,3.52,69.1,3.0,Mostly Urban,43505.0,1.0,14.0,Yes,IUB Entry Test,Easy,45% / 100 marks,29.0
PK-PUN-024,Islamia University of Bahawalpur,Public,Punjab,Bahawalpur,1975,0,W2,Civil Engineering,STEM,2022,420,252,168,12,35.0,19.0,68.0,333.0,29.0,12.0,25.0,3.12,64.7,17.2,Mixed Urban-Rural,42525.0,2.0,23.0,Yes,IUB Entry Test,Easy,45% / 100 marks,28.0
PK-PUN-024,Islamia University of Bahawalpur,Public,Punjab,Bahawalpur,1975,0,W2,Civil Engineering,STEM,2023,516,226,290,20,25.8,21.0,2.0,493.0,48.0,32.0,20.0,3.54,69.0,7.2,Mostly Rural,42279.0,16.0,0.0,Yes,IUB Entry Test,Easy,45% / 100 marks,33.0
PK-PUN-024,Islamia University of Bahawalpur,Public,Punjab,Bahawalpur,1975,0,W2,Civil Engineering,STEM,2024,466,244,222,13,35.8,25.0,33.0,408.0,81.0,32.0,44.0,2.6,74.0,14.7,Mixed Urban-Rural,30296.0,15.0,17.0,Yes,IUB Entry Test,Easy,45% / 100 marks,27.0
PK-PUN-024,Islamia University of Bahawalpur,Public,Punjab,Bahawalpur,1975,0,W2,Civil Engineering,STEM,2025,572,361,211,19,30.1,1.0,13.0,558.0,80.0,37.0,58.0,3.56,66.4,15.6,Mostly Urban,36392.0,20.0,5.0,Yes,IUB Entry Test,Easy,45% / 100 marks,28.0
PK-PUN-024,Islamia University of Bahawalpur,Public,Punjab,Bahawalpur,1975,0,W2,Environmental Science,STEM,2022,205,130,75,6,34.2,13.0,0.0,192.0,29.0,53.0,60.0,3.06,51.2,2.8,Mostly Urban,29858.0,10.0,11.0,Yes,IUB Entry Test,Easy,45% / 100 marks,32.0
PK-PUN-024,Islamia University of Bahawalpur,Public,Punjab,Bahawalpur,1975,0,W2,Environmental Science,STEM,2023,224,137,87,6,37.3,8.0,1.0,215.0,25.0,32.0,58.0,3.38,52.9,14.4,Mostly Rural,23029.0,10.0,16.0,Yes,IUB Entry Test,Easy,45% / 100 marks,32.0
PK-PUN-024,Islamia University of Bahawalpur,Public,Punjab,Bahawalpur,1975,0,W2,Environmental Science,STEM,2024,273,177,96,9,30.3,1.0,21.0,251.0,26.0,7.0,78.0,3.55,54.5,10.6,Mostly Urban,40145.0,10.0,4.0,Yes,IUB Entry Test,Easy,45% / 100 marks,28.0
PK-PUN-024,Islamia University of Bahawalpur,Public,Punjab,Bahawalpur,1975,0,W2,Environmental Science,STEM,2025,265,169,96,10,26.5,11.0,46.0,208.0,8.0,12.0,55.0,3.12,57.3,1.9,Mostly Rural,36788.0,3.0,13.0,Yes,IUB Entry Test,Easy,45% / 100 marks,27.0
PK-PUN-024,Islamia University of Bahawalpur,Public,Punjab,Bahawalpur,1975,0,W2,Mathematics,STEM,2022,160,95,65,5,32.0,0.0,20.0,140.0,21.0,30.0,65.0,3.06,55.9,2.4,Mixed Urban-Rural,26432.0,17.0,24.0,Yes,IUB Entry Test,Easy,45% / 100 marks,30.0
PK-PUN-024,Islamia University of Bahawalpur,Public,Punjab,Bahawalpur,1975,0,W2,Mathematics,STEM,2023,166,103,63,6,27.7,0.0,3.0,163.0,16.0,26.0,22.0,3.09,58.6,5.1,Mostly Rural,31417.0,14.0,24.0,Yes,IUB Entry Test,Easy,45% / 100 marks,26.0
PK-PUN-024,Islamia University of Bahawalpur,Public,Punjab,Bahawalpur,1975,0,W2,Mathematics,STEM,2024,152,78,74,5,30.4,7.0,27.0,118.0,24.0,31.0,73.0,2.86,61.1,6.0,Mostly Urban,40927.0,7.0,29.0,Yes,IUB Entry Test,Easy,45% / 100 marks,30.0
PK-PUN-024,Islamia University of Bahawalpur,Public,Punjab,Bahawalpur,1975,0,W2,Mathematics,STEM,2025,179,121,58,5,35.8,0.0,1.0,178.0,18.0,18.0,63.0,2.69,65.4,9.4,Mostly Urban,30985.0,10.0,13.0,Yes,IUB Entry Test,Easy,45% / 100 marks,34.0
PK-PUN-024,Islamia University of Bahawalpur,Public,Punjab,Bahawalpur,1975,0,W2,Mechanical Engineering,STEM,2022,871,348,523,29,30.0,50.0,129.0,692.0,76.0,50.0,8.0,2.98,76.6,13.8,Mostly Rural,29858.0,11.0,12.0,Yes,IUB Entry Test,Easy,45% / 100 marks,32.0
PK-PUN-024,Islamia University of Bahawalpur,Public,Punjab,Bahawalpur,1975,0,W2,Mechanical Engineering,STEM,2023,924,392,532,33,28.0,73.0,17.0,834.0,14.0,1.0,4.0,2.94,79.7,10.6,Mostly Urban,31702.0,10.0,32.0,Yes,IUB Entry Test,Easy,45% / 100 marks,26.0
PK-PUN-024,Islamia University of Bahawalpur,Public,Punjab,Bahawalpur,1975,0,W2,Mechanical Engineering,STEM,2024,892,562,330,27,33.0,57.0,70.0,765.0,29.0,32.0,53.0,3.12,79.9,2.8,Mixed Urban-Rural,14095.0,16.0,17.0,Yes,IUB Entry Test,Easy,45% / 100 marks,29.0
PK-PUN-024,Islamia University of Bahawalpur,Public,Punjab,Bahawalpur,1975,0,W2,Mechanical Engineering,STEM,2025,954,600,354,34,28.1,17.0,87.0,850.0,42.0,1.0,52.0,3.12,74.7,11.2,Mostly Urban,12443.0,8.0,16.0,Yes,IUB Entry Test,Easy,45% / 100 marks,27.0
PK-PUN-024,Islamia University of Bahawalpur,Public,Punjab,Bahawalpur,1975,0,W2,Physics,STEM,2022,339,150,189,12,28.2,5.0,8.0,326.0,35.0,39.0,53.0,2.7,48.6,7.4,Mostly Rural,10112.0,8.0,5.0,Yes,IUB Entry Test,Easy,45% / 100 marks,27.0
PK-PUN-024,Islamia University of Bahawalpur,Public,Punjab,Bahawalpur,1975,0,W2,Physics,STEM,2023,326,205,121,11,29.6,9.0,21.0,296.0,5.0,32.0,41.0,3.31,46.7,5.2,Mixed Urban-Rural,13379.0,14.0,31.0,Yes,IUB Entry Test,Easy,45% / 100 marks,26.0
PK-PUN-024,Islamia University of Bahawalpur,Public,Punjab,Bahawalpur,1975,0,W2,Physics,STEM,2024,357,147,210,15,23.8,6.0,53.0,298.0,6.0,32.0,67.0,3.12,47.3,10.3,Mostly Rural,42552.0,4.0,20.0,Yes,IUB Entry Test,Easy,45% / 100 marks,31.0
PK-PUN-024,Islamia University of Bahawalpur,Public,Punjab,Bahawalpur,1975,0,W2,Physics,STEM,2025,356,210,146,11,32.4,28.0,14.0,314.0,53.0,51.0,12.0,2.84,56.9,7.2,Mostly Rural,14363.0,19.0,16.0,Yes,IUB Entry Test,Easy,45% / 100 marks,32.0
PK-PUN-024,Islamia University of Bahawalpur,Public,Punjab,Bahawalpur,1975,0,W2,Political Science,Arts & Social Sciences,2022,939,590,349,26,36.1,0.0,44.0,895.0,103.0,32.0,53.0,3.56,53.4,4.1,Mostly Urban,23870.0,4.0,16.0,Yes,IUB Entry Test,Easy,45% / 100 marks,28.0
PK-PUN-024,Islamia University of Bahawalpur,Public,Punjab,Bahawalpur,1975,0,W2,Political Science,Arts & Social Sciences,2023,921,398,523,27,34.1,0.0,91.0,830.0,27.0,32.0,40.0,2.95,42.7,15.5,Mostly Urban,29858.0,1.0,34.0,Yes,IUB Entry Test,Easy,45% / 100 marks,28.0
PK-PUN-024,Islamia University of Bahawalpur,Public,Punjab,Bahawalpur,1975,0,W2,Political Science,Arts & Social Sciences,2024,855,531,324,25,34.2,58.0,110.0,687.0,145.0,49.0,55.0,3.57,47.9,14.7,Mostly Urban,44592.0,4.0,16.0,Yes,IUB Entry Test,Easy,45% / 100 marks,28.0
PK-PUN-024,Islamia University of Bahawalpur,Public,Punjab,Bahawalpur,1975,0,W2,Political Science,Arts & Social Sciences,2025,1083,727,356,36,30.1,13.0,0.0,1070.0,26.0,58.0,53.0,3.68,43.5,16.6,Mostly Urban,14113.0,17.0,10.0,Yes,IUB Entry Test,Easy,45% / 100 marks,28.0
PK-PUN-024,Islamia University of Bahawalpur,Public,Punjab,Bahawalpur,1975,0,W2,Statistics,STEM,2022,780,508,272,33,23.6,22.0,102.0,656.0,43.0,40.0,67.0,3.23,63.6,14.4,Mostly Urban,17568.0,9.0,5.0,Yes,IUB Entry Test,Easy,45% / 100 marks,26.0
PK-PUN-024,Islamia University of Bahawalpur,Public,Punjab,Bahawalpur,1975,0,W2,Statistics,STEM,2023,914,350,564,31,29.5,0.0,37.0,877.0,38.0,29.0,48.0,3.33,57.2,10.6,Mixed Urban-Rural,25519.0,5.0,12.0,Yes,IUB Entry Test,Easy,45% / 100 marks,32.0
PK-PUN-024,Islamia University of Bahawalpur,Public,Punjab,Bahawalpur,1975,0,W2,Statistics,STEM,2024,904,632,272,37,24.4,2.0,37.0,865.0,16.0,32.0,26.0,3.49,60.6,17.1,Mostly Urban,29858.0,6.0,26.0,Yes,IUB Entry Test,Easy,45% / 100 marks,34.0
PK-PUN-024,Islamia University of Bahawalpur,Public,Punjab,Bahawalpur,1975,0,W2,Statistics,STEM,2025,983,656,327,29,33.9,2.0,21.0,960.0,160.0,2.0,54.0,2.96,59.2,17.5,Mostly Urban,25012.0,11.0,22.0,Yes,IUB Entry Test,Easy,45% / 100 marks,32.0
PK-PUN-008,King Edward Medical University,Public,Punjab,Lahore,1860,0,W3,BDS,STEM,2022,1561,868,693,45,34.7,29.0,276.0,1256.0,229.0,27.0,65.0,3.2,82.7,3.4,Mostly Urban,56766.0,15.0,1.0,Yes,MDCAT (PMC),Difficult,65% / 210 marks,18.0
PK-PUN-008,King Edward Medical University,Public,Punjab,Lahore,1860,0,W3,BDS,STEM,2023,1750,1083,667,60,29.2,103.0,75.0,1572.0,36.0,60.0,18.0,3.01,90.2,1.8,Mostly Urban,73182.0,12.0,10.0,Yes,MDCAT (PMC),Difficult,65% / 210 marks,22.0
PK-PUN-008,King Edward Medical University,Public,Punjab,Lahore,1860,0,W3,BDS,STEM,2024,1632,838,794,48,34.0,18.0,89.0,1525.0,58.0,25.0,72.0,2.96,85.9,6.9,Mostly Urban,59931.0,18.0,17.0,Yes,MDCAT (PMC),Difficult,65% / 210 marks,20.0
PK-PUN-008,King Edward Medical University,Public,Punjab,Lahore,1860,0,W3,BDS,STEM,2025,1752,1037,715,60,29.2,8.0,117.0,1627.0,175.0,54.0,23.0,3.26,92.5,10.4,Mixed Urban-Rural,63250.0,12.5,21.0,Yes,MDCAT (PMC),Difficult,65% / 210 marks,18.0
PK-PUN-008,King Edward Medical University,Public,Punjab,Lahore,1860,0,W3,MBBS,STEM,2022,1956,1111,845,85,23.0,23.0,91.0,1842.0,389.0,44.0,72.0,3.13,85.3,10.5,Mixed Urban-Rural,73039.0,13.0,4.0,Yes,MDCAT (PMC),Difficult,65% / 210 marks,19.0
PK-PUN-008,King Edward Medical University,Public,Punjab,Lahore,1860,0,W3,MBBS,STEM,2023,2086,1263,823,74,28.2,127.0,78.0,1881.0,175.0,58.0,72.0,2.82,93.8,3.6,Mixed Urban-Rural,32502.0,17.0,17.0,Yes,MDCAT (PMC),Difficult,65% / 210 marks,19.0
PK-PUN-008,King Edward Medical University,Public,Punjab,Lahore,1860,0,W3,MBBS,STEM,2024,2119,1296,823,65,32.6,158.0,233.0,1728.0,189.0,24.0,6.0,2.91,89.9,2.0,Mostly Rural,81011.0,6.0,25.0,Yes,MDCAT (PMC),Difficult,65% / 210 marks,21.0
PK-PUN-008,King Edward Medical University,Public,Punjab,Lahore,1860,0,W3,MBBS,STEM,2025,2095,1076,1019,87,24.1,147.0,404.0,1544.0,329.0,43.0,26.0,2.81,97.0,15.8,Mostly Rural,67525.0,9.0,17.0,Yes,MDCAT (PMC),Difficult,65% / 210 marks,24.0
PK-PUN-008,King Edward Medical University,Public,Punjab,Lahore,1860,0,W3,Pharmacy,STEM,2022,1972,874,1098,61,32.3,0.0,113.0,1859.0,180.0,36.0,25.0,3.46,83.6,5.2,Mixed Urban-Rural,22650.0,12.5,23.0,Yes,MDCAT (PMC),Difficult,65% / 210 marks,23.0
PK-PUN-008,King Edward Medical University,Public,Punjab,Lahore,1860,0,W3,Pharmacy,STEM,2023,1804,1269,535,63,28.6,73.0,114.0,1617.0,317.0,31.0,74.0,3.29,76.2,6.9,Mostly Urban,41574.0,4.0,30.0,Yes,MDCAT (PMC),Difficult,65% / 210 marks,20.0
PK-PUN-008,King Edward Medical University,Public,Punjab,Lahore,1860,0,W3,Pharmacy,STEM,2024,1772,793,979,53,33.4,83.0,55.0,1634.0,175.0,25.0,7.0,3.01,77.3,6.9,Mostly Urban,31993.0,16.0,33.0,Yes,MDCAT (PMC),Difficult,65% / 210 marks,23.0
PK-PUN-008,King Edward Medical University,Public,Punjab,Lahore,1860,0,W3,Pharmacy,STEM,2025,1797,1170,627,64,28.1,72.0,44.0,1681.0,81.0,41.0,47.0,3.1,77.1,6.9,Mixed Urban-Rural,15996.0,2.0,8.0,Yes,MDCAT (PMC),Difficult,65% / 210 marks,20.0
PK-PUN-008,King Edward Medical University,Public,Punjab,Lahore,1860,0,W3,Physiotherapy,STEM,2022,1940,916,1024,81,24.0,109.0,166.0,1665.0,75.0,35.0,47.0,3.43,83.5,11.1,Mostly Urban,26319.0,12.5,32.0,Yes,MDCAT (PMC),Difficult,65% / 210 marks,18.0
PK-PUN-008,King Edward Medical University,Public,Punjab,Lahore,1860,0,W3,Physiotherapy,STEM,2023,1949,1231,718,63,30.9,73.0,65.0,1811.0,191.0,20.0,78.0,3.01,78.7,11.6,Mostly Urban,36056.0,12.5,2.0,Yes,MDCAT (PMC),Difficult,65% / 210 marks,18.0
PK-PUN-008,King Edward Medical University,Public,Punjab,Lahore,1860,0,W3,Physiotherapy,STEM,2024,1867,1218,649,69,27.1,29.0,162.0,1676.0,175.0,41.0,32.0,3.01,73.7,6.9,Mixed Urban-Rural,10214.0,18.0,6.0,Yes,MDCAT (PMC),Difficult,65% / 210 marks,20.0
PK-PUN-008,King Edward Medical University,Public,Punjab,Lahore,1860,0,W3,Physiotherapy,STEM,2025,2053,978,1075,71,28.9,56.0,326.0,1671.0,175.0,44.0,65.0,3.05,79.9,13.4,Mixed Urban-Rural,16502.0,6.0,18.0,Yes,MDCAT (PMC),Difficult,65% / 210 marks,23.0
PK-PUN-008,King Edward Medical University,Public,Punjab,Lahore,1860,0,W3,Public Health,STEM,2022,917,370,547,36,25.5,18.0,165.0,734.0,53.0,8.0,16.0,2.7,73.0,6.9,Mixed Urban-Rural,8531.0,9.0,13.0,Yes,MDCAT (PMC),Difficult,65% / 210 marks,23.0
PK-PUN-008,King Edward Medical University,Public,Punjab,Lahore,1860,0,W3,Public Health,STEM,2023,906,486,420,40,22.6,44.0,82.0,780.0,175.0,50.0,69.0,2.89,62.6,17.6,Mostly Urban,18142.0,20.0,17.0,Yes,MDCAT (PMC),Difficult,65% / 210 marks,18.0
PK-PUN-008,King Edward Medical University,Public,Punjab,Lahore,1860,0,W3,Public Health,STEM,2024,957,641,316,30,31.9,56.0,165.0,736.0,105.0,41.0,33.0,2.82,66.1,2.5,Mixed Urban-Rural,22239.0,6.0,1.0,Yes,MDCAT (PMC),Difficult,65% / 210 marks,20.0
PK-PUN-008,King Edward Medical University,Public,Punjab,Lahore,1860,0,W3,Public Health,STEM,2025,880,386,494,29,30.3,9.0,60.0,811.0,30.0,51.0,55.0,2.96,69.1,3.9,Mixed Urban-Rural,24024.0,18.0,17.0,Yes,MDCAT (PMC),Difficult,65% / 210 marks,21.0
PK-PUN-007,Lahore College for Women University,Public,Punjab,Lahore,1922,0,W2,Chemistry,STEM,2022,783,311,472,24,32.6,0.0,137.0,646.0,153.0,52.0,74.0,2.66,54.5,14.7,Mostly Urban,43629.0,3.0,34.0,Yes,LCWU Entry Test,Medium,50% / 100 marks,20.0
PK-PUN-007,Lahore College for Women University,Public,Punjab,Lahore,1922,0,W2,Chemistry,STEM,2023,808,378,430,27,29.9,11.0,159.0,638.0,57.0,18.0,39.5,2.69,59.2,8.5,Mostly Rural,38205.0,11.0,18.0,Yes,LCWU Entry Test,Medium,50% / 100 marks,22.0
PK-PUN-007,Lahore College for Women University,Public,Punjab,Lahore,1922,0,W2,Chemistry,STEM,2024,984,634,350,30,32.8,74.0,0.0,910.0,36.5,18.0,6.0,3.08,57.1,9.4,Mostly Urban,32349.0,20.0,18.0,Yes,LCWU Entry Test,Medium,50% / 100 marks,17.0
PK-PUN-007,Lahore College for Women University,Public,Punjab,Lahore,1922,0,W2,Chemistry,STEM,2025,875,437,438,32,27.3,18.0,147.0,710.0,71.0,18.0,40.0,3.44,47.8,6.2,Mostly Urban,26938.0,16.0,18.0,Yes,LCWU Entry Test,Medium,50% / 100 marks,21.0
PK-PUN-007,Lahore College for Women University,Public,Punjab,Lahore,1922,0,W2,Electrical Engineering,STEM,2022,590,233,357,26,22.7,17.0,51.0,522.0,48.0,18.0,51.0,3.48,78.6,3.5,Mostly Urban,29079.0,6.0,24.0,Yes,LCWU Entry Test,Medium,50% / 100 marks,18.0
PK-PUN-007,Lahore College for Women University,Public,Punjab,Lahore,1922,0,W2,Electrical Engineering,STEM,2023,652,370,282,28,23.3,50.0,47.0,555.0,114.0,29.0,33.0,3.26,75.5,9.8,Mostly Rural,16022.0,4.0,33.0,Yes,LCWU Entry Test,Medium,50% / 100 marks,16.0
PK-PUN-007,Lahore College for Women University,Public,Punjab,Lahore,1922,0,W2,Electrical Engineering,STEM,2024,676,317,359,21,32.2,24.0,48.0,604.0,132.0,15.0,73.0,2.77,83.4,2.6,Mixed Urban-Rural,31594.0,6.0,19.0,Yes,LCWU Entry Test,Medium,50% / 100 marks,16.0
PK-PUN-007,Lahore College for Women University,Public,Punjab,Lahore,1922,0,W2,Electrical Engineering,STEM,2025,645,279,366,25,25.8,0.0,64.0,581.0,113.0,13.0,50.0,3.5,74.7,9.8,Mostly Rural,33551.0,2.0,18.0,Yes,LCWU Entry Test,Medium,50% / 100 marks,19.0
PK-PUN-007,Lahore College for Women University,Public,Punjab,Lahore,1922,0,W2,Mass Communication,Arts & Social Sciences,2022,404,204,200,13,31.1,18.0,67.0,319.0,65.0,26.0,5.0,3.4,57.0,16.6,Mixed Urban-Rural,44443.0,9.0,8.0,Yes,LCWU Entry Test,Medium,50% / 100 marks,16.0
PK-PUN-007,Lahore College for Women University,Public,Punjab,Lahore,1922,0,W2,Mass Communication,Arts & Social Sciences,2023,396,262,134,17,23.3,13.0,45.0,338.0,12.0,18.0,39.5,3.57,65.0,10.2,Mostly Urban,22541.0,8.0,29.0,Yes,LCWU Entry Test,Medium,50% / 100 marks,20.0
PK-PUN-007,Lahore College for Women University,Public,Punjab,Lahore,1922,0,W2,Mass Communication,Arts & Social Sciences,2024,415,259,156,12,34.6,8.0,41.0,366.0,16.0,12.0,28.0,2.64,62.7,2.1,Mostly Urban,31594.0,17.0,20.0,Yes,LCWU Entry Test,Medium,50% / 100 marks,19.0
PK-PUN-007,Lahore College for Women University,Public,Punjab,Lahore,1922,0,W2,Mass Communication,Arts & Social Sciences,2025,476,196,280,13,36.6,1.0,42.0,433.0,6.0,13.0,70.0,3.26,67.7,3.3,Mostly Rural,24016.0,16.0,18.0,Yes,LCWU Entry Test,Medium,50% / 100 marks,19.0
PK-PUN-007,Lahore College for Women University,Public,Punjab,Lahore,1922,0,W2,Mechanical Engineering,STEM,2022,690,432,258,25,27.6,0.0,18.0,672.0,93.0,18.0,30.0,3.23,64.0,15.9,Mostly Rural,27152.0,11.0,8.0,Yes,LCWU Entry Test,Medium,50% / 100 marks,22.0
PK-PUN-007,Lahore College for Women University,Public,Punjab,Lahore,1922,0,W2,Mechanical Engineering,STEM,2023,839,435,404,34,24.7,42.0,19.0,778.0,42.0,18.0,80.0,3.36,75.6,9.8,Mixed Urban-Rural,27264.0,2.0,1.0,Yes,LCWU Entry Test,Medium,50% / 100 marks,18.0
PK-PUN-007,Lahore College for Women University,Public,Punjab,Lahore,1922,0,W2,Mechanical Engineering,STEM,2024,871,430,441,30,29.0,0.0,4.0,867.0,29.0,18.0,8.0,2.66,70.3,17.1,Mixed Urban-Rural,31679.0,8.0,1.0,Yes,LCWU Entry Test,Medium,50% / 100 marks,22.0
PK-PUN-007,Lahore College for Women University,Public,Punjab,Lahore,1922,0,W2,Mechanical Engineering,STEM,2025,820,502,318,35,23.4,0.0,140.0,680.0,70.0,22.0,25.0,3.53,79.0,10.9,Mostly Urban,44790.0,17.0,18.0,Yes,LCWU Entry Test,Medium,50% / 100 marks,20.0
PK-PUN-007,Lahore College for Women University,Public,Punjab,Lahore,1922,0,W2,Pharmacy,STEM,2022,173,83,90,5,34.6,11.0,8.0,154.0,12.0,42.0,27.0,3.28,84.7,5.0,Mostly Rural,14715.0,1.0,3.0,Yes,LCWU Entry Test,Medium,50% / 100 marks,16.0
PK-PUN-007,Lahore College for Women University,Public,Punjab,Lahore,1922,0,W2,Pharmacy,STEM,2023,198,142,56,6,33.0,5.0,38.0,155.0,6.0,28.0,76.0,3.44,73.0,11.8,Mixed Urban-Rural,32632.0,18.0,29.0,Yes,LCWU Entry Test,Medium,50% / 100 marks,19.0
PK-PUN-007,Lahore College for Women University,Public,Punjab,Lahore,1922,0,W2,Pharmacy,STEM,2024,185,103,82,7,26.4,0.0,19.0,166.0,26.0,18.0,75.0,3.65,84.5,14.6,Mostly Urban,15101.0,5.0,27.0,Yes,LCWU Entry Test,Medium,50% / 100 marks,22.0
PK-PUN-007,Lahore College for Women University,Public,Punjab,Lahore,1922,0,W2,Pharmacy,STEM,2025,207,118,89,6,34.5,0.0,11.0,196.0,30.0,29.0,74.0,3.4,78.5,6.6,Mixed Urban-Rural,22443.0,12.0,33.0,Yes,LCWU Entry Test,Medium,50% / 100 marks,19.0
PK-PUN-007,Lahore College for Women University,Public,Punjab,Lahore,1922,0,W2,Sociology,Arts & Social Sciences,2022,301,171,130,13,23.2,22.0,27.0,252.0,31.0,7.0,3.0,2.76,55.1,10.6,Mostly Urban,31509.0,9.0,18.0,Yes,LCWU Entry Test,Medium,50% / 100 marks,18.0
PK-PUN-007,Lahore College for Women University,Public,Punjab,Lahore,1922,0,W2,Sociology,Arts & Social Sciences,2023,306,175,131,11,27.8,0.0,56.0,250.0,36.5,27.0,30.0,3.23,52.1,4.6,Mostly Urban,15876.0,13.0,15.0,Yes,LCWU Entry Test,Medium,50% / 100 marks,17.0
PK-PUN-007,Lahore College for Women University,Public,Punjab,Lahore,1922,0,W2,Sociology,Arts & Social Sciences,2024,319,205,114,9,35.4,0.0,55.0,264.0,15.0,14.0,6.0,3.7,46.4,16.5,Mostly Urban,33374.0,8.0,18.0,Yes,LCWU Entry Test,Medium,50% / 100 marks,19.0
PK-PUN-007,Lahore College for Women University,Public,Punjab,Lahore,1922,0,W2,Sociology,Arts & Social Sciences,2025,331,218,113,10,33.1,19.0,0.0,312.0,44.0,5.0,51.0,2.79,42.4,2.4,Mostly Rural,20838.0,5.0,18.0,Yes,LCWU Entry Test,Medium,50% / 100 marks,22.0
PK-PUN-007,Lahore College for Women University,Public,Punjab,Lahore,1922,0,W2,Urdu,Arts & Social Sciences,2022,491,233,258,22,22.3,25.0,52.0,414.0,12.0,28.0,39.0,3.21,41.9,11.3,Mostly Rural,40249.0,2.0,4.0,Yes,LCWU Entry Test,Medium,50% / 100 marks,21.0
PK-PUN-007,Lahore College for Women University,Public,Punjab,Lahore,1922,0,W2,Urdu,Arts & Social Sciences,2023,583,273,310,21,27.8,0.0,40.0,543.0,30.0,14.0,11.0,3.61,42.4,16.9,Mostly Urban,38617.0,7.0,10.0,Yes,LCWU Entry Test,Medium,50% / 100 marks,17.0
PK-PUN-007,Lahore College for Women University,Public,Punjab,Lahore,1922,0,W2,Urdu,Arts & Social Sciences,2024,590,239,351,24,24.6,0.0,73.0,517.0,70.0,20.0,57.0,3.09,40.1,7.7,Mostly Rural,43729.0,6.0,20.0,Yes,LCWU Entry Test,Medium,50% / 100 marks,19.0
PK-PUN-007,Lahore College for Women University,Public,Punjab,Lahore,1922,0,W2,Urdu,Arts & Social Sciences,2025,521,351,170,20,26.1,6.0,68.0,447.0,11.0,13.0,58.0,3.11,34.7,9.8,Mostly Urban,41645.0,8.0,5.0,Yes,LCWU Entry Test,Medium,50% / 100 marks,18.0
PK-PUN-014,Lahore School of Economics,Private,Punjab,Lahore,1997,0,W2,Biology,STEM,2022,242,168,74,7,34.6,16.0,25.0,201.0,36.0,13.0,54.0,3.28,51.5,4.9,Mostly Rural,98760.0,10.0,18.0,Yes,LSE Entry Test,Medium,55% / 100 marks,8.0
PK-PUN-014,Lahore School of Economics,Private,Punjab,Lahore,1997,0,W2,Biology,STEM,2023,227,105,122,7,32.4,3.0,18.0,206.0,41.0,24.0,33.0,3.33,56.8,17.3,Mostly Urban,86455.0,6.0,26.0,Yes,LSE Entry Test,Medium,55% / 100 marks,8.0
PK-PUN-014,Lahore School of Economics,Private,Punjab,Lahore,1997,0,W2,Biology,STEM,2024,265,159,106,9,29.4,0.0,26.0,239.0,29.0,16.0,25.0,3.29,48.5,8.9,Mostly Urban,97379.0,10.0,16.0,Yes,LSE Entry Test,Medium,55% / 100 marks,8.0
PK-PUN-014,Lahore School of Economics,Private,Punjab,Lahore,1997,0,W2,Biology,STEM,2025,218,110,108,9,24.2,15.0,27.0,176.0,36.0,0.0,3.0,3.56,46.0,8.9,Mostly Rural,88969.0,10.0,14.0,Yes,LSE Entry Test,Medium,55% / 100 marks,12.0
PK-PUN-014,Lahore School of Economics,Private,Punjab,Lahore,1997,0,W2,Chemistry,STEM,2022,722,326,396,32,22.6,55.0,0.0,667.0,71.0,55.0,56.0,3.54,52.6,4.4,Mostly Rural,121734.0,12.0,14.0,Yes,LSE Entry Test,Medium,55% / 100 marks,11.0
PK-PUN-014,Lahore School of Economics,Private,Punjab,Lahore,1997,0,W2,Chemistry,STEM,2023,825,546,279,25,33.0,54.0,143.0,628.0,36.0,56.0,20.0,3.52,54.6,14.5,Mostly Urban,59602.0,17.0,32.0,Yes,LSE Entry Test,Medium,55% / 100 marks,11.0
PK-PUN-014,Lahore School of Economics,Private,Punjab,Lahore,1997,0,W2,Chemistry,STEM,2024,811,459,352,29,28.0,1.0,24.0,786.0,59.0,48.0,31.0,3.035,58.0,1.6,Mixed Urban-Rural,100758.0,1.0,14.0,Yes,LSE Entry Test,Medium,55% / 100 marks,10.0
PK-PUN-014,Lahore School of Economics,Private,Punjab,Lahore,1997,0,W2,Chemistry,STEM,2025,764,324,440,30,25.5,39.0,0.0,725.0,48.0,14.0,33.0,2.9,48.7,8.9,Mostly Urban,57579.0,19.0,17.0,Yes,LSE Entry Test,Medium,55% / 100 marks,12.0
PK-PUN-014,Lahore School of Economics,Private,Punjab,Lahore,1997,0,W2,Civil Engineering,STEM,2022,255,110,145,9,28.3,20.0,9.0,226.0,36.0,39.0,12.0,3.25,72.5,10.5,Mostly Rural,117215.0,19.0,11.0,Yes,LSE Entry Test,Medium,55% / 100 marks,10.0
PK-PUN-014,Lahore School of Economics,Private,Punjab,Lahore,1997,0,W2,Civil Engineering,STEM,2023,241,97,144,8,30.1,6.0,6.0,229.0,36.0,44.0,40.0,2.66,64.8,8.9,Mostly Urban,105144.0,7.0,14.0,Yes,LSE Entry Test,Medium,55% / 100 marks,12.0
PK-PUN-014,Lahore School of Economics,Private,Punjab,Lahore,1997,0,W2,Civil Engineering,STEM,2024,239,135,104,8,29.9,7.0,26.0,206.0,7.0,24.0,33.0,3.05,70.4,2.7,Mostly Urban,59086.0,20.0,3.0,Yes,LSE Entry Test,Medium,55% / 100 marks,12.0
PK-PUN-014,Lahore School of Economics,Private,Punjab,Lahore,1997,0,W2,Civil Engineering,STEM,2025,252,116,136,9,28.0,1.0,10.0,241.0,18.0,5.0,6.0,3.02,72.8,3.3,Mostly Urban,90826.0,16.0,14.0,Yes,LSE Entry Test,Medium,55% / 100 marks,10.0
PK-PUN-014,Lahore School of Economics,Private,Punjab,Lahore,1997,0,W2,Economics,Business,2022,240,158,82,9,26.7,0.0,4.0,236.0,36.0,24.0,55.0,2.87,71.8,1.6,Mostly Urban,90826.0,10.0,8.0,Yes,LSE Entry Test,Medium,55% / 100 marks,11.0
PK-PUN-014,Lahore School of Economics,Private,Punjab,Lahore,1997,0,W2,Economics,Business,2023,261,111,150,8,32.6,0.0,19.0,242.0,22.0,9.0,30.0,3.57,57.2,8.9,Mostly Urban,57962.0,12.0,14.0,Yes,LSE Entry Test,Medium,55% / 100 marks,9.0
PK-PUN-014,Lahore School of Economics,Private,Punjab,Lahore,1997,0,W2,Economics,Business,2024,322,173,149,13,24.8,11.0,45.0,266.0,36.0,8.0,74.0,2.74,64.4,7.3,Mixed Urban-Rural,69475.0,3.0,14.0,Yes,LSE Entry Test,Medium,55% / 100 marks,12.0
PK-PUN-014,Lahore School of Economics,Private,Punjab,Lahore,1997,0,W2,Economics,Business,2025,296,201,95,8,37.0,16.0,8.0,272.0,21.0,27.0,71.0,3.035,68.2,7.8,Mostly Rural,90826.0,1.0,14.0,Yes,LSE Entry Test,Medium,55% / 100 marks,9.0
PK-PUN-014,Lahore School of Economics,Private,Punjab,Lahore,1997,0,W2,History,Arts & Social Sciences,2022,644,366,278,27,23.9,2.0,0.0,642.0,113.0,5.0,65.0,3.51,41.0,13.5,Mixed Urban-Rural,81424.0,7.0,14.0,Yes,LSE Entry Test,Medium,55% / 100 marks,10.0
PK-PUN-014,Lahore School of Economics,Private,Punjab,Lahore,1997,0,W2,History,Arts & Social Sciences,2023,588,277,311,21,28.0,17.0,18.0,553.0,33.0,33.0,67.0,3.035,39.2,1.7,Mixed Urban-Rural,119443.0,10.0,14.0,Yes,LSE Entry Test,Medium,55% / 100 marks,12.0
PK-PUN-014,Lahore School of Economics,Private,Punjab,Lahore,1997,0,W2,History,Arts & Social Sciences,2024,704,267,437,28,25.1,47.0,103.0,554.0,36.0,15.0,33.0,2.6,35.5,11.3,Mostly Urban,129465.0,13.0,1.0,Yes,LSE Entry Test,Medium,55% / 100 marks,8.0
PK-PUN-014,Lahore School of Economics,Private,Punjab,Lahore,1997,0,W2,History,Arts & Social Sciences,2025,676,453,223,29,23.3,47.0,117.0,512.0,40.0,12.0,22.0,3.2,41.1,11.7,Mostly Urban,94348.0,18.0,16.0,Yes,LSE Entry Test,Medium,55% / 100 marks,8.0
PK-PUN-014,Lahore School of Economics,Private,Punjab,Lahore,1997,0,W2,Information Technology,STEM,2022,513,203,310,15,34.2,15.0,10.0,488.0,33.0,7.0,68.0,3.035,84.1,10.1,Mixed Urban-Rural,127783.0,17.0,14.0,Yes,LSE Entry Test,Medium,55% / 100 marks,11.0
PK-PUN-014,Lahore School of Economics,Private,Punjab,Lahore,1997,0,W2,Information Technology,STEM,2023,578,377,201,24,24.1,26.0,57.0,495.0,36.0,48.0,4.0,2.88,71.3,17.1,Mostly Rural,90826.0,2.0,14.0,Yes,LSE Entry Test,Medium,55% / 100 marks,10.0
PK-PUN-014,Lahore School of Economics,Private,Punjab,Lahore,1997,0,W2,Information Technology,STEM,2024,595,280,315,19,31.3,0.0,57.0,538.0,93.0,58.0,72.0,2.76,71.3,14.2,Mostly Urban,73446.0,3.0,20.0,Yes,LSE Entry Test,Medium,55% / 100 marks,12.0
PK-PUN-014,Lahore School of Economics,Private,Punjab,Lahore,1997,0,W2,Information Technology,STEM,2025,666,358,308,20,33.3,0.0,40.0,626.0,61.0,29.0,55.0,2.75,76.7,17.9,Mixed Urban-Rural,69048.0,3.0,20.0,Yes,LSE Entry Test,Medium,55% / 100 marks,11.0
PK-PUN-014,Lahore School of Economics,Private,Punjab,Lahore,1997,0,W2,Sociology,Arts & Social Sciences,2022,511,244,267,15,34.1,1.0,0.0,510.0,27.0,16.0,10.0,2.76,48.4,8.9,Mixed Urban-Rural,66761.0,7.0,8.0,Yes,LSE Entry Test,Medium,55% / 100 marks,8.0
PK-PUN-014,Lahore School of Economics,Private,Punjab,Lahore,1997,0,W2,Sociology,Arts & Social Sciences,2023,532,381,151,17,31.3,23.0,0.0,509.0,36.0,60.0,33.0,3.65,43.1,8.7,Mixed Urban-Rural,88888.0,10.0,11.0,Yes,LSE Entry Test,Medium,55% / 100 marks,9.0
PK-PUN-014,Lahore School of Economics,Private,Punjab,Lahore,1997,0,W2,Sociology,Arts & Social Sciences,2024,593,422,171,21,28.2,0.0,46.0,547.0,8.0,24.0,52.0,2.83,45.5,13.8,Mostly Rural,119463.0,18.0,5.0,Yes,LSE Entry Test,Medium,55% / 100 marks,10.0
PK-PUN-014,Lahore School of Economics,Private,Punjab,Lahore,1997,0,W2,Sociology,Arts & Social Sciences,2025,558,289,269,23,24.3,0.0,108.0,450.0,90.0,25.0,19.0,3.63,57.0,14.9,Mostly Rural,75007.0,20.0,26.0,Yes,LSE Entry Test,Medium,55% / 100 marks,9.0
PK-PUN-014,Lahore School of Economics,Private,Punjab,Lahore,1997,0,W2,Urdu,Arts & Social Sciences,2022,698,468,230,27,25.9,0.0,27.0,671.0,20.0,23.0,13.0,3.69,44.0,6.5,Mostly Rural,71456.0,10.0,14.0,Yes,LSE Entry Test,Medium,55% / 100 marks,12.0
PK-PUN-014,Lahore School of Economics,Private,Punjab,Lahore,1997,0,W2,Urdu,Arts & Social Sciences,2023,776,526,250,24,32.3,38.0,91.0,647.0,36.0,27.0,22.0,2.62,42.8,5.7,Mixed Urban-Rural,91229.0,4.0,14.0,Yes,LSE Entry Test,Medium,55% / 100 marks,10.0
PK-PUN-014,Lahore School of Economics,Private,Punjab,Lahore,1997,0,W2,Urdu,Arts & Social Sciences,2024,799,437,362,32,25.0,36.0,128.0,635.0,114.0,14.0,62.0,2.9,42.8,13.4,Mostly Urban,125364.0,9.0,1.0,Yes,LSE Entry Test,Medium,55% / 100 marks,8.0
PK-PUN-014,Lahore School of Economics,Private,Punjab,Lahore,1997,0,W2,Urdu,Arts & Social Sciences,2025,757,312,445,32,23.7,5.0,47.0,705.0,99.0,42.0,33.0,2.66,34.7,2.0,Mostly Urban,124191.0,4.0,32.0,Yes,LSE Entry Test,Medium,55% / 100 marks,12.0
PK-PUN-002,Lahore University of Management Sciences,Private,Punjab,Lahore,1984,0,W4,Business Administration,Business,2022,2387,1560,827,68,35.1,95.0,0.0,2292.0,111.0,16.0,36.0,3.41,75.3,7.8,Mostly Rural,170944.0,9.0,20.0,Yes,LUMS SAT / LCAT,Difficult,85% / 200 marks,24.0
PK-PUN-002,Lahore University of Management Sciences,Private,Punjab,Lahore,1984,0,W4,Business Administration,Business,2023,2710,1897,813,91,29.8,15.0,350.0,2345.0,503.0,38.0,52.0,2.72,78.2,7.6,Mixed Urban-Rural,99697.0,5.0,19.0,Yes,LUMS SAT / LCAT,Difficult,85% / 200 marks,22.0
PK-PUN-002,Lahore University of Management Sciences,Private,Punjab,Lahore,1984,0,W4,Business Administration,Business,2024,2706,1545,1161,97,27.9,17.0,321.0,2368.0,303.0,8.0,36.0,3.42,68.2,7.5,Mostly Rural,132109.0,7.0,16.0,Yes,LUMS SAT / LCAT,Difficult,85% / 200 marks,21.0
PK-PUN-002,Lahore University of Management Sciences,Private,Punjab,Lahore,1984,0,W4,Business Administration,Business,2025,2584,1638,946,115,22.5,131.0,447.0,2006.0,54.0,3.0,53.0,2.96,64.9,17.3,Mixed Urban-Rural,127047.0,9.0,16.0,Yes,LUMS SAT / LCAT,Difficult,85% / 200 marks,19.0
PK-PUN-002,Lahore University of Management Sciences,Private,Punjab,Lahore,1984,0,W4,Computer Science,STEM,2022,1310,845,465,45,29.1,98.0,141.0,1071.0,244.0,12.0,14.0,2.77,86.8,16.2,Mostly Rural,113812.0,14.0,25.0,Yes,LUMS SAT / LCAT,Difficult,85% / 200 marks,20.0
PK-PUN-002,Lahore University of Management Sciences,Private,Punjab,Lahore,1984,0,W4,Computer Science,STEM,2023,1246,476,770,38,32.8,68.0,170.0,1008.0,224.0,43.0,57.0,3.58,74.3,15.1,Mostly Urban,165609.0,6.0,16.0,Yes,LUMS SAT / LCAT,Difficult,85% / 200 marks,24.0
PK-PUN-002,Lahore University of Management Sciences,Private,Punjab,Lahore,1984,0,W4,Computer Science,STEM,2024,1275,893,382,56,22.8,38.0,138.0,1099.0,85.0,42.0,11.0,2.63,76.0,16.7,Mostly Rural,147624.0,9.0,13.0,Yes,LUMS SAT / LCAT,Difficult,85% / 200 marks,24.0
PK-PUN-002,Lahore University of Management Sciences,Private,Punjab,Lahore,1984,0,W4,Computer Science,STEM,2025,1268,674,594,46,27.6,92.0,41.0,1135.0,214.0,20.0,18.0,3.27,77.3,3.5,Mostly Urban,131534.0,17.0,16.0,Yes,LUMS SAT / LCAT,Difficult,85% / 200 marks,20.0
PK-PUN-002,Lahore University of Management Sciences,Private,Punjab,Lahore,1984,0,W4,Economics,Business,2022,2614,1399,1215,118,22.2,166.0,86.0,2362.0,322.0,27.0,15.0,2.62,69.9,14.9,Mostly Urban,97371.0,6.0,8.0,Yes,LUMS SAT / LCAT,Difficult,85% / 200 marks,19.0
PK-PUN-002,Lahore University of Management Sciences,Private,Punjab,Lahore,1984,0,W4,Economics,Business,2023,3011,1287,1724,107,28.1,107.0,531.0,2373.0,305.0,26.0,29.0,2.8,57.6,13.7,Mostly Urban,69338.0,10.0,23.0,Yes,LUMS SAT / LCAT,Difficult,85% / 200 marks,19.0
PK-PUN-002,Lahore University of Management Sciences,Private,Punjab,Lahore,1984,0,W4,Economics,Business,2024,3403,1599,1804,130,26.2,193.0,537.0,2673.0,214.0,58.0,63.0,2.84,69.5,3.2,Mostly Rural,63693.0,14.0,34.0,Yes,LUMS SAT / LCAT,Difficult,85% / 200 marks,24.0
PK-PUN-002,Lahore University of Management Sciences,Private,Punjab,Lahore,1984,0,W4,Economics,Business,2025,3154,2117,1037,96,32.9,171.0,489.0,2494.0,214.0,23.0,35.0,2.74,57.0,15.2,Mostly Urban,73690.0,13.0,6.0,Yes,LUMS SAT / LCAT,Difficult,85% / 200 marks,19.0
PK-PUN-002,Lahore University of Management Sciences,Private,Punjab,Lahore,1984,0,W4,Human Resource Management,Business,2022,1703,754,949,55,31.0,33.0,191.0,1479.0,300.0,17.0,78.0,2.64,62.3,11.1,Mostly Urban,105466.0,1.0,16.0,Yes,LUMS SAT / LCAT,Difficult,85% / 200 marks,21.0
PK-PUN-002,Lahore University of Management Sciences,Private,Punjab,Lahore,1984,0,W4,Human Resource Management,Business,2023,1683,1094,589,69,24.4,103.0,109.0,1471.0,101.0,52.0,64.0,3.42,62.2,5.8,Mostly Rural,122435.0,6.0,31.0,Yes,LUMS SAT / LCAT,Difficult,85% / 200 marks,21.0
PK-PUN-002,Lahore University of Management Sciences,Private,Punjab,Lahore,1984,0,W4,Human Resource Management,Business,2024,2087,1116,971,89,23.4,0.0,48.0,2039.0,214.0,41.0,36.0,3.22,70.7,9.0,Mostly Rural,93759.0,14.0,5.0,Yes,LUMS SAT / LCAT,Difficult,85% / 200 marks,20.0
PK-PUN-002,Lahore University of Management Sciences,Private,Punjab,Lahore,1984,0,W4,Human Resource Management,Business,2025,2249,1597,652,92,24.4,0.0,181.0,2068.0,435.0,49.0,68.0,3.18,70.1,14.4,Mixed Urban-Rural,105466.0,17.0,16.0,Yes,LUMS SAT / LCAT,Difficult,85% / 200 marks,19.0
PK-PUN-002,Lahore University of Management Sciences,Private,Punjab,Lahore,1984,0,W4,Information Technology,STEM,2022,1310,571,739,43,30.5,0.0,205.0,1105.0,222.0,17.0,22.0,3.58,80.9,16.4,Mostly Rural,72841.0,9.0,35.0,Yes,LUMS SAT / LCAT,Difficult,85% / 200 marks,21.0
PK-PUN-002,Lahore University of Management Sciences,Private,Punjab,Lahore,1984,0,W4,Information Technology,STEM,2023,1568,707,861,49,32.0,97.0,124.0,1347.0,76.0,20.0,36.0,3.25,80.5,4.1,Mostly Urban,100928.0,9.0,16.0,Yes,LUMS SAT / LCAT,Difficult,85% / 200 marks,18.0
PK-PUN-002,Lahore University of Management Sciences,Private,Punjab,Lahore,1984,0,W4,Information Technology,STEM,2024,1521,953,568,51,29.8,0.0,52.0,1469.0,172.0,20.0,21.0,3.08,81.8,11.4,Mostly Rural,125943.0,11.0,2.0,Yes,LUMS SAT / LCAT,Difficult,85% / 200 marks,24.0
PK-PUN-002,Lahore University of Management Sciences,Private,Punjab,Lahore,1984,0,W4,Information Technology,STEM,2025,1563,1067,496,66,23.7,77.0,185.0,1301.0,120.0,5.0,65.0,3.37,78.5,15.5,Mostly Rural,62425.0,9.0,32.0,Yes,LUMS SAT / LCAT,Difficult,85% / 200 marks,24.0
PK-PUN-002,Lahore University of Management Sciences,Private,Punjab,Lahore,1984,0,W4,Supply Chain Management,Business,2022,2104,1397,707,60,35.1,68.0,399.0,1637.0,129.0,14.0,36.0,3.22,63.3,9.5,Mostly Urban,105146.0,9.0,6.0,Yes,LUMS SAT / LCAT,Difficult,85% / 200 marks,21.0
PK-PUN-002,Lahore University of Management Sciences,Private,Punjab,Lahore,1984,0,W4,Supply Chain Management,Business,2023,2272,954,1318,71,32.0,112.0,293.0,1867.0,206.0,2.0,80.0,3.49,67.8,2.1,Mostly Urban,111596.0,6.0,16.0,Yes,LUMS SAT / LCAT,Difficult,85% / 200 marks,24.0
PK-PUN-002,Lahore University of Management Sciences,Private,Punjab,Lahore,1984,0,W4,Supply Chain Management,Business,2024,2553,1055,1498,75,34.0,200.0,0.0,2353.0,354.0,15.0,35.0,3.47,74.8,17.9,Mixed Urban-Rural,126732.0,12.0,11.0,Yes,LUMS SAT / LCAT,Difficult,85% / 200 marks,19.0
PK-PUN-002,Lahore University of Management Sciences,Private,Punjab,Lahore,1984,0,W4,Supply Chain Management,Business,2025,2579,1731,848,97,26.6,163.0,509.0,1907.0,161.0,20.0,32.0,3.54,71.9,14.0,Mostly Rural,99171.0,6.0,7.0,Yes,LUMS SAT / LCAT,Difficult,85% / 200 marks,19.0
PK-PUN-023,MNS University of Agriculture Multan,Public,Punjab,Multan,2004,0,W1,Agronomy,STEM,2022,181,73,108,8,22.6,6.0,7.0,168.0,12.0,6.0,77.0,3.03,55.5,16.9,Mostly Rural,30264.0,6.0,27.0,Yes,MNS Entry Test,Easy,40% / 100 marks,13.0
PK-PUN-023,MNS University of Agriculture Multan,Public,Punjab,Multan,2004,0,W1,Agronomy,STEM,2023,156,91,65,5,31.2,1.0,28.0,127.0,23.0,25.0,22.0,2.73,56.7,9.1,Mixed Urban-Rural,26294.0,16.0,17.0,Yes,MNS Entry Test,Easy,40% / 100 marks,15.0
PK-PUN-023,MNS University of Agriculture Multan,Public,Punjab,Multan,2004,0,W1,Agronomy,STEM,2024,183,91,92,6,30.5,0.0,11.0,172.0,8.0,20.0,50.0,3.02,54.9,6.4,Mixed Urban-Rural,23993.0,7.0,19.0,Yes,MNS Entry Test,Easy,40% / 100 marks,16.0
PK-PUN-023,MNS University of Agriculture Multan,Public,Punjab,Multan,2004,0,W1,Agronomy,STEM,2025,189,128,61,7,27.0,6.0,29.0,154.0,25.0,3.0,53.0,3.03,50.1,6.4,Mostly Rural,17581.0,4.0,17.0,Yes,MNS Entry Test,Easy,40% / 100 marks,10.0
PK-PUN-023,MNS University of Agriculture Multan,Public,Punjab,Multan,2004,0,W1,Animal Husbandry,STEM,2022,187,113,74,6,31.2,0.0,10.0,177.0,25.0,24.0,43.0,3.2,47.1,3.1,Mixed Urban-Rural,23469.0,3.0,24.0,Yes,MNS Entry Test,Easy,40% / 100 marks,16.0
PK-PUN-023,MNS University of Agriculture Multan,Public,Punjab,Multan,2004,0,W1,Animal Husbandry,STEM,2023,181,113,68,5,36.2,3.0,0.0,178.0,10.0,44.0,33.0,3.31,49.6,9.9,Mostly Urban,20070.0,10.5,17.0,Yes,MNS Entry Test,Easy,40% / 100 marks,15.0
PK-PUN-023,MNS University of Agriculture Multan,Public,Punjab,Multan,2004,0,W1,Animal Husbandry,STEM,2024,176,109,67,5,35.2,12.0,0.0,164.0,25.0,35.0,61.0,2.71,61.5,10.3,Mostly Urban,8420.0,19.0,16.0,Yes,MNS Entry Test,Easy,40% / 100 marks,10.0
PK-PUN-023,MNS University of Agriculture Multan,Public,Punjab,Multan,2004,0,W1,Animal Husbandry,STEM,2025,206,99,107,8,25.8,0.0,27.0,179.0,27.0,52.0,21.0,3.35,51.8,5.4,Mostly Urban,40835.0,8.0,25.0,Yes,MNS Entry Test,Easy,40% / 100 marks,16.0
PK-PUN-023,MNS University of Agriculture Multan,Public,Punjab,Multan,2004,0,W1,Fisheries,STEM,2022,94,48,46,5,18.8,3.0,16.0,75.0,10.0,13.0,31.0,2.78,54.8,6.2,Mostly Urban,26919.0,13.0,11.0,Yes,MNS Entry Test,Easy,40% / 100 marks,15.0
PK-PUN-023,MNS University of Agriculture Multan,Public,Punjab,Multan,2004,0,W1,Fisheries,STEM,2023,108,48,60,5,21.6,1.0,9.0,98.0,18.0,43.0,12.0,3.19,44.7,3.4,Mostly Urban,35240.0,13.0,34.0,Yes,MNS Entry Test,Easy,40% / 100 marks,16.0
PK-PUN-023,MNS University of Agriculture Multan,Public,Punjab,Multan,2004,0,W1,Fisheries,STEM,2024,124,63,61,5,24.8,0.0,7.0,117.0,22.0,14.0,38.0,3.04,47.7,11.5,Mixed Urban-Rural,13161.0,5.0,7.0,Yes,MNS Entry Test,Easy,40% / 100 marks,11.0
PK-PUN-023,MNS University of Agriculture Multan,Public,Punjab,Multan,2004,0,W1,Fisheries,STEM,2025,119,52,67,5,23.8,2.0,2.0,115.0,25.0,3.0,38.0,2.91,46.1,4.3,Mostly Urban,20620.0,15.0,25.0,Yes,MNS Entry Test,Easy,40% / 100 marks,16.0
PK-PUN-023,MNS University of Agriculture Multan,Public,Punjab,Multan,2004,0,W1,Horticulture,STEM,2022,341,225,116,12,28.4,19.0,40.0,282.0,66.0,37.0,69.0,3.03,49.2,15.8,Mostly Rural,26294.0,14.0,6.0,Yes,MNS Entry Test,Easy,40% / 100 marks,15.0
PK-PUN-023,MNS University of Agriculture Multan,Public,Punjab,Multan,2004,0,W1,Horticulture,STEM,2023,403,226,177,17,23.7,20.0,31.0,352.0,25.0,51.0,58.0,3.51,57.0,6.4,Mostly Rural,38211.0,15.0,26.0,Yes,MNS Entry Test,Easy,40% / 100 marks,15.0
PK-PUN-023,MNS University of Agriculture Multan,Public,Punjab,Multan,2004,0,W1,Horticulture,STEM,2024,372,216,156,12,31.0,27.0,74.0,271.0,25.0,57.0,67.0,3.64,45.5,2.4,Mixed Urban-Rural,15459.0,16.0,17.0,Yes,MNS Entry Test,Easy,40% / 100 marks,14.0
PK-PUN-023,MNS University of Agriculture Multan,Public,Punjab,Multan,2004,0,W1,Horticulture,STEM,2025,475,236,239,14,33.9,15.0,0.0,460.0,93.0,34.0,38.0,2.64,53.1,10.2,Mostly Urban,28347.0,6.0,18.0,Yes,MNS Entry Test,Easy,40% / 100 marks,16.0
PK-PUN-023,MNS University of Agriculture Multan,Public,Punjab,Multan,2004,0,W1,Soil Science,STEM,2022,240,118,122,9,26.7,0.0,17.0,223.0,42.0,53.0,33.0,2.76,52.1,5.1,Mostly Rural,30414.0,10.5,11.0,Yes,MNS Entry Test,Easy,40% / 100 marks,10.0
PK-PUN-023,MNS University of Agriculture Multan,Public,Punjab,Multan,2004,0,W1,Soil Science,STEM,2023,238,161,77,10,23.8,5.0,25.0,208.0,31.0,57.0,35.0,2.86,52.8,3.5,Mostly Urban,31462.0,18.0,14.0,Yes,MNS Entry Test,Easy,40% / 100 marks,15.0
PK-PUN-023,MNS University of Agriculture Multan,Public,Punjab,Multan,2004,0,W1,Soil Science,STEM,2024,232,118,114,7,33.1,10.0,39.0,183.0,35.0,33.0,38.0,3.37,50.6,6.4,Mixed Urban-Rural,43283.0,2.0,11.0,Yes,MNS Entry Test,Easy,40% / 100 marks,11.0
PK-PUN-023,MNS University of Agriculture Multan,Public,Punjab,Multan,2004,0,W1,Soil Science,STEM,2025,279,149,130,9,31.0,6.0,30.0,243.0,37.0,34.0,14.0,3.03,55.3,8.6,Mostly Urban,15931.0,1.0,11.0,Yes,MNS Entry Test,Easy,40% / 100 marks,16.0
PK-PUN-011,Minhaj University Lahore,Private,Punjab,Lahore,1986,0,W3,Chemistry,STEM,2022,932,651,281,27,34.5,12.0,167.0,753.0,196.5,40.0,39.0,3.66,52.9,11.7,Mixed Urban-Rural,86933.0,5.0,12.0,Yes,Minhaj Entry Test,Easy,40% / 100 marks,12.0
PK-PUN-011,Minhaj University Lahore,Private,Punjab,Lahore,1986,0,W3,Chemistry,STEM,2023,979,383,596,35,28.0,70.0,0.0,909.0,106.0,60.0,4.0,2.65,53.8,13.3,Mixed Urban-Rural,86671.0,5.0,13.0,Yes,Minhaj Entry Test,Easy,40% / 100 marks,12.0
PK-PUN-011,Minhaj University Lahore,Private,Punjab,Lahore,1986,0,W3,Chemistry,STEM,2024,1081,620,461,41,26.4,48.0,216.0,817.0,10.0,33.0,50.0,3.3,55.3,6.9,Mostly Rural,64552.0,5.0,11.0,Yes,Minhaj Entry Test,Easy,40% / 100 marks,14.0
PK-PUN-011,Minhaj University Lahore,Private,Punjab,Lahore,1986,0,W3,Chemistry,STEM,2025,1019,546,473,40,25.5,12.0,0.0,1007.0,43.0,14.0,76.0,3.25,55.3,2.0,Mostly Urban,110280.0,1.0,34.0,Yes,Minhaj Entry Test,Easy,40% / 100 marks,13.0
PK-PUN-011,Minhaj University Lahore,Private,Punjab,Lahore,1986,0,W3,Computer Science,STEM,2022,1690,935,755,67,25.2,1.0,171.0,1518.0,232.0,8.0,14.0,3.43,76.4,16.7,Mixed Urban-Rural,162939.0,19.0,5.0,Yes,Minhaj Entry Test,Easy,40% / 100 marks,13.0
PK-PUN-011,Minhaj University Lahore,Private,Punjab,Lahore,1986,0,W3,Computer Science,STEM,2023,1473,928,545,45,32.7,102.0,0.0,1371.0,128.0,51.0,32.0,2.81,79.0,9.0,Mixed Urban-Rural,150734.0,1.0,7.0,Yes,Minhaj Entry Test,Easy,40% / 100 marks,11.0
PK-PUN-011,Minhaj University Lahore,Private,Punjab,Lahore,1986,0,W3,Computer Science,STEM,2024,1490,740,750,61,24.4,92.0,34.0,1364.0,91.0,33.0,26.0,3.17,85.4,16.5,Mixed Urban-Rural,90560.0,7.0,12.0,Yes,Minhaj Entry Test,Easy,40% / 100 marks,11.0
PK-PUN-011,Minhaj University Lahore,Private,Punjab,Lahore,1986,0,W3,Computer Science,STEM,2025,1548,817,731,53,29.2,21.0,48.0,1479.0,296.0,44.0,78.0,3.43,79.3,10.0,Mixed Urban-Rural,120976.0,7.0,12.0,Yes,Minhaj Entry Test,Easy,40% / 100 marks,13.0
PK-PUN-011,Minhaj University Lahore,Private,Punjab,Lahore,1986,0,W3,Economics,Business,2022,1198,518,680,35,34.2,65.0,184.0,949.0,230.0,3.0,68.0,3.25,64.7,4.2,Mixed Urban-Rural,93606.0,8.0,12.0,Yes,Minhaj Entry Test,Easy,40% / 100 marks,10.0
PK-PUN-011,Minhaj University Lahore,Private,Punjab,Lahore,1986,0,W3,Economics,Business,2023,1344,537,807,58,23.2,46.0,100.0,1198.0,61.0,33.0,30.0,3.41,61.5,12.6,Mostly Rural,82244.0,5.0,8.0,Yes,Minhaj Entry Test,Easy,40% / 100 marks,14.0
PK-PUN-011,Minhaj University Lahore,Private,Punjab,Lahore,1986,0,W3,Economics,Business,2024,1144,605,539,42,27.2,16.0,106.0,1022.0,188.0,33.0,16.0,2.82,71.9,2.3,Mixed Urban-Rural,62528.0,15.0,22.0,Yes,Minhaj Entry Test,Easy,40% / 100 marks,12.0
PK-PUN-011,Minhaj University Lahore,Private,Punjab,Lahore,1986,0,W3,Economics,Business,2025,1264,731,533,42,30.1,87.0,18.0,1159.0,158.0,33.0,5.0,3.55,60.6,7.7,Mostly Urban,124584.0,18.0,4.0,Yes,Minhaj Entry Test,Easy,40% / 100 marks,14.0
PK-PUN-011,Minhaj University Lahore,Private,Punjab,Lahore,1986,0,W3,Education,Arts & Social Sciences,2022,1623,706,917,55,29.5,94.0,213.0,1316.0,12.0,23.0,18.0,3.43,70.8,16.5,Mostly Rural,105222.0,3.0,25.0,Yes,Minhaj Entry Test,Easy,40% / 100 marks,10.0
PK-PUN-011,Minhaj University Lahore,Private,Punjab,Lahore,1986,0,W3,Education,Arts & Social Sciences,2023,1678,672,1006,56,30.0,78.0,96.0,1504.0,230.0,25.0,41.0,2.93,70.5,10.9,Mostly Urban,76925.0,13.0,12.0,Yes,Minhaj Entry Test,Easy,40% / 100 marks,11.0
PK-PUN-011,Minhaj University Lahore,Private,Punjab,Lahore,1986,0,W3,Education,Arts & Social Sciences,2024,1958,822,1136,75,26.1,82.0,77.0,1799.0,383.0,41.0,55.0,3.16,60.3,10.9,Mostly Rural,60149.0,20.0,6.0,Yes,Minhaj Entry Test,Easy,40% / 100 marks,14.0
PK-PUN-011,Minhaj University Lahore,Private,Punjab,Lahore,1986,0,W3,Education,Arts & Social Sciences,2025,1959,1364,595,81,24.2,143.0,122.0,1694.0,297.0,16.0,13.0,2.91,61.8,13.4,Mixed Urban-Rural,79465.0,7.0,14.0,Yes,Minhaj Entry Test,Easy,40% / 100 marks,14.0
PK-PUN-011,Minhaj University Lahore,Private,Punjab,Lahore,1986,0,W3,Environmental Science,STEM,2022,850,381,469,26,32.7,3.0,68.0,779.0,98.0,33.0,13.0,3.61,59.9,9.2,Mostly Rural,90201.0,9.0,21.0,Yes,Minhaj Entry Test,Easy,40% / 100 marks,13.0
PK-PUN-011,Minhaj University Lahore,Private,Punjab,Lahore,1986,0,W3,Environmental Science,STEM,2023,1038,521,517,41,25.3,8.0,71.0,959.0,191.0,32.0,37.0,2.91,52.9,10.9,Mostly Urban,90201.0,20.0,19.0,Yes,Minhaj Entry Test,Easy,40% / 100 marks,12.0
PK-PUN-011,Minhaj University Lahore,Private,Punjab,Lahore,1986,0,W3,Environmental Science,STEM,2024,971,637,334,39,24.9,30.0,0.0,941.0,106.0,28.0,50.0,3.45,53.4,6.1,Mostly Rural,70553.0,7.0,3.0,Yes,Minhaj Entry Test,Easy,40% / 100 marks,13.0
PK-PUN-011,Minhaj University Lahore,Private,Punjab,Lahore,1986,0,W3,Environmental Science,STEM,2025,1120,788,332,36,31.1,39.0,207.0,874.0,214.0,33.0,23.0,2.84,56.3,10.9,Mixed Urban-Rural,84622.0,1.0,7.0,Yes,Minhaj Entry Test,Easy,40% / 100 marks,14.0
PK-PUN-011,Minhaj University Lahore,Private,Punjab,Lahore,1986,0,W3,Mass Communication,Arts & Social Sciences,2022,1564,1031,533,46,34.0,35.0,107.0,1422.0,233.0,33.0,50.0,3.59,56.3,17.5,Mostly Rural,121255.0,16.0,12.0,Yes,Minhaj Entry Test,Easy,40% / 100 marks,13.0
PK-PUN-011,Minhaj University Lahore,Private,Punjab,Lahore,1986,0,W3,Mass Communication,Arts & Social Sciences,2023,1470,879,591,60,24.5,18.0,227.0,1225.0,215.0,56.0,6.0,3.35,64.4,3.7,Mostly Urban,80556.0,2.0,2.0,Yes,Minhaj Entry Test,Easy,40% / 100 marks,10.0
PK-PUN-011,Minhaj University Lahore,Private,Punjab,Lahore,1986,0,W3,Mass Communication,Arts & Social Sciences,2024,1676,995,681,62,27.0,132.0,23.0,1521.0,196.5,23.0,71.0,3.13,56.4,10.9,Mostly Urban,71780.0,15.0,12.0,Yes,Minhaj Entry Test,Easy,40% / 100 marks,12.0
PK-PUN-011,Minhaj University Lahore,Private,Punjab,Lahore,1986,0,W3,Mass Communication,Arts & Social Sciences,2025,1427,555,872,55,25.9,88.0,0.0,1339.0,116.0,33.0,18.0,2.82,69.5,16.5,Mixed Urban-Rural,101014.0,6.0,1.0,Yes,Minhaj Entry Test,Easy,40% / 100 marks,12.0
PK-PUN-011,Minhaj University Lahore,Private,Punjab,Lahore,1986,0,W3,Mechanical Engineering,STEM,2022,1686,970,716,55,30.7,54.0,75.0,1557.0,320.0,57.0,19.0,3.09,71.8,12.1,Mixed Urban-Rural,79917.0,1.0,30.0,Yes,Minhaj Entry Test,Easy,40% / 100 marks,13.0
PK-PUN-011,Minhaj University Lahore,Private,Punjab,Lahore,1986,0,W3,Mechanical Engineering,STEM,2023,1772,1172,600,55,32.2,8.0,46.0,1718.0,223.0,33.0,19.0,3.16,67.6,10.6,Mostly Urban,120252.0,6.0,12.0,Yes,Minhaj Entry Test,Easy,40% / 100 marks,14.0
PK-PUN-011,Minhaj University Lahore,Private,Punjab,Lahore,1986,0,W3,Mechanical Engineering,STEM,2024,1702,703,999,59,28.8,46.0,252.0,1404.0,288.0,35.0,28.0,3.38,66.5,15.4,Mostly Rural,88852.0,15.0,8.0,Yes,Minhaj Entry Test,Easy,40% / 100 marks,11.0
PK-PUN-011,Minhaj University Lahore,Private,Punjab,Lahore,1986,0,W3,Mechanical Engineering,STEM,2025,1655,1180,475,47,35.2,0.0,129.0,1526.0,265.0,33.0,21.0,3.54,79.7,7.2,Mostly Rural,79134.0,13.0,12.0,Yes,Minhaj Entry Test,Easy,40% / 100 marks,11.0
PK-PUN-011,Minhaj University Lahore,Private,Punjab,Lahore,1986,0,W3,Pharmacy,STEM,2022,1861,920,941,69,27.0,136.0,0.0,1725.0,130.0,33.0,64.0,3.51,72.8,14.6,Mostly Urban,90201.0,10.0,35.0,Yes,Minhaj Entry Test,Easy,40% / 100 marks,10.0
PK-PUN-011,Minhaj University Lahore,Private,Punjab,Lahore,1986,0,W3,Pharmacy,STEM,2023,1658,637,1021,54,30.7,121.0,197.0,1340.0,265.0,42.0,54.0,3.47,75.5,10.9,Mixed Urban-Rural,90201.0,7.0,12.0,Yes,Minhaj Entry Test,Easy,40% / 100 marks,11.0
PK-PUN-011,Minhaj University Lahore,Private,Punjab,Lahore,1986,0,W3,Pharmacy,STEM,2024,1844,742,1102,79,23.3,145.0,46.0,1653.0,349.0,27.0,12.0,3.25,87.6,7.7,Mostly Urban,120097.0,7.0,8.0,Yes,Minhaj Entry Test,Easy,40% / 100 marks,13.0
PK-PUN-011,Minhaj University Lahore,Private,Punjab,Lahore,1986,0,W3,Pharmacy,STEM,2025,1634,714,920,47,34.8,22.0,37.0,1575.0,259.0,33.0,28.0,3.07,82.7,10.9,Mixed Urban-Rural,107891.0,13.0,12.0,Yes,Minhaj Entry Test,Easy,40% / 100 marks,11.0
PK-PUN-011,Minhaj University Lahore,Private,Punjab,Lahore,1986,0,W3,Statistics,STEM,2022,1462,592,870,53,27.6,86.0,235.0,1141.0,99.0,33.0,80.0,3.19,69.3,13.0,Mostly Urban,126394.0,7.0,19.0,Yes,Minhaj Entry Test,Easy,40% / 100 marks,14.0
PK-PUN-011,Minhaj University Lahore,Private,Punjab,Lahore,1986,0,W3,Statistics,STEM,2023,1420,830,590,47,30.2,0.0,0.0,1420.0,176.0,33.0,6.0,3.25,61.1,10.9,Mostly Rural,100757.0,10.0,29.0,Yes,Minhaj Entry Test,Easy,40% / 100 marks,12.0
PK-PUN-011,Minhaj University Lahore,Private,Punjab,Lahore,1986,0,W3,Statistics,STEM,2024,1695,807,888,76,22.3,127.0,293.0,1275.0,161.0,42.0,74.0,3.64,55.8,8.9,Mostly Rural,81385.0,2.0,21.0,Yes,Minhaj Entry Test,Easy,40% / 100 marks,10.0
PK-PUN-011,Minhaj University Lahore,Private,Punjab,Lahore,1986,0,W3,Statistics,STEM,2025,1449,750,699,54,26.8,23.0,225.0,1201.0,202.0,36.0,7.0,3.22,66.2,10.9,Mostly Urban,129620.0,2.0,29.0,Yes,Minhaj Entry Test,Easy,40% / 100 marks,12.0
PK-PUN-015,National College of Arts Lahore,Public,Punjab,Lahore,1875,0,W4,Architecture,Arts & Social Sciences,2022,2121,848,1273,87,24.4,20.0,0.0,2101.0,308.0,58.0,79.0,3.61,80.0,17.0,Mixed Urban-Rural,15653.0,4.0,29.0,Yes,NCA Portfolio + Test,Difficult,Portfolio + 60% written,14.0
PK-PUN-015,National College of Arts Lahore,Public,Punjab,Lahore,1875,0,W4,Architecture,Arts & Social Sciences,2023,2627,1493,1134,116,22.6,183.0,52.0,2392.0,164.0,60.0,52.0,2.91,76.0,5.8,Mostly Rural,38582.0,1.0,4.0,Yes,NCA Portfolio + Test,Difficult,Portfolio + 60% written,11.0
PK-PUN-015,National College of Arts Lahore,Public,Punjab,Lahore,1875,0,W4,Architecture,Arts & Social Sciences,2024,2374,1255,1119,95,25.0,113.0,1.0,2260.0,90.0,43.0,5.0,2.66,72.5,14.4,Mostly Urban,15336.0,18.0,7.0,Yes,NCA Portfolio + Test,Difficult,Portfolio + 60% written,13.0
PK-PUN-015,National College of Arts Lahore,Public,Punjab,Lahore,1875,0,W4,Architecture,Arts & Social Sciences,2025,2815,1519,1296,85,33.1,137.0,346.0,2332.0,398.0,31.0,79.0,3.22,66.1,2.2,Mostly Rural,8457.0,18.0,22.0,Yes,NCA Portfolio + Test,Difficult,Portfolio + 60% written,11.0
PK-PUN-015,National College of Arts Lahore,Public,Punjab,Lahore,1875,0,W4,Design,Arts & Social Sciences,2022,2944,1619,1325,132,22.3,41.0,124.0,2779.0,143.0,25.0,40.0,3.26,62.4,2.1,Mostly Rural,44142.0,16.0,8.0,Yes,NCA Portfolio + Test,Difficult,Portfolio + 60% written,12.0
PK-PUN-015,National College of Arts Lahore,Public,Punjab,Lahore,1875,0,W4,Design,Arts & Social Sciences,2023,3017,1846,1171,113,26.7,36.0,0.0,2981.0,378.0,60.0,34.0,3.15,59.0,7.45,Mostly Rural,27542.0,12.0,0.0,Yes,NCA Portfolio + Test,Difficult,Portfolio + 60% written,14.0
PK-PUN-015,National College of Arts Lahore,Public,Punjab,Lahore,1875,0,W4,Design,Arts & Social Sciences,2024,2711,1365,1346,78,34.8,177.0,227.0,2307.0,165.0,13.0,36.0,3.15,67.3,6.3,Mostly Urban,8669.0,20.0,4.0,Yes,NCA Portfolio + Test,Difficult,Portfolio + 60% written,14.0
PK-PUN-015,National College of Arts Lahore,Public,Punjab,Lahore,1875,0,W4,Design,Arts & Social Sciences,2025,3230,1574,1656,129,25.0,198.0,413.0,2619.0,378.0,45.0,12.0,3.63,54.4,5.5,Mostly Urban,23248.0,12.0,7.0,Yes,NCA Portfolio + Test,Difficult,Portfolio + 60% written,12.0
PK-PUN-015,National College of Arts Lahore,Public,Punjab,Lahore,1875,0,W4,Fine Arts,Arts & Social Sciences,2022,2121,1109,1012,66,32.1,82.0,56.0,1983.0,67.0,15.0,77.0,3.6,38.5,7.45,Mostly Urban,29595.0,12.0,31.0,Yes,NCA Portfolio + Test,Difficult,Portfolio + 60% written,11.0
PK-PUN-015,National College of Arts Lahore,Public,Punjab,Lahore,1875,0,W4,Fine Arts,Arts & Social Sciences,2023,2011,997,1014,79,25.5,4.0,402.0,1605.0,311.0,14.0,8.0,3.01,42.0,14.0,Mostly Urban,38315.0,15.0,8.0,Yes,NCA Portfolio + Test,Difficult,Portfolio + 60% written,12.0
PK-PUN-015,National College of Arts Lahore,Public,Punjab,Lahore,1875,0,W4,Fine Arts,Arts & Social Sciences,2024,2056,824,1232,72,28.6,123.0,31.0,1902.0,251.0,41.0,36.0,2.85,38.0,9.5,Mostly Rural,24057.5,3.0,32.0,Yes,NCA Portfolio + Test,Difficult,Portfolio + 60% written,12.0
PK-PUN-015,National College of Arts Lahore,Public,Punjab,Lahore,1875,0,W4,Fine Arts,Arts & Social Sciences,2025,2321,1438,883,75,30.9,37.0,95.0,2189.0,399.0,43.0,25.0,3.09,42.1,15.3,Mostly Urban,16919.0,13.0,9.0,Yes,NCA Portfolio + Test,Difficult,Portfolio + 60% written,11.0
PK-PUN-015,National College of Arts Lahore,Public,Punjab,Lahore,1875,0,W4,Textile Design,Arts & Social Sciences,2022,3052,2051,1001,97,31.5,0.0,223.0,2829.0,415.0,44.0,73.0,3.12,65.1,8.6,Mixed Urban-Rural,24057.5,12.0,33.0,Yes,NCA Portfolio + Test,Difficult,Portfolio + 60% written,11.0
PK-PUN-015,National College of Arts Lahore,Public,Punjab,Lahore,1875,0,W4,Textile Design,Arts & Social Sciences,2023,3208,1864,1344,128,25.1,74.0,591.0,2543.0,270.0,43.0,50.0,3.26,50.9,2.9,Mostly Rural,24867.0,11.0,3.0,Yes,NCA Portfolio + Test,Difficult,Portfolio + 60% written,14.0
PK-PUN-015,National College of Arts Lahore,Public,Punjab,Lahore,1875,0,W4,Textile Design,Arts & Social Sciences,2024,3133,1723,1410,93,33.7,0.0,539.0,2594.0,83.0,55.0,35.0,3.55,58.0,15.4,Mostly Urban,16535.0,6.0,8.0,Yes,NCA Portfolio + Test,Difficult,Portfolio + 60% written,10.0
PK-PUN-015,National College of Arts Lahore,Public,Punjab,Lahore,1875,0,W4,Textile Design,Arts & Social Sciences,2025,3166,1722,1444,135,23.5,27.0,58.0,3081.0,506.0,7.0,50.0,3.01,51.2,4.1,Mixed Urban-Rural,44207.0,12.0,8.0,Yes,NCA Portfolio + Test,Difficult,Portfolio + 60% written,13.0
PK-PUN-021,National Textile University Faisalabad,Public,Punjab,Faisalabad,2002,0,W2,Biology,STEM,2022,533,229,304,16,33.3,38.0,93.0,402.0,13.0,23.0,38.0,2.76,49.0,18.0,Mostly Rural,25197.5,7.0,22.0,Yes,NTU Entry Test,Medium,50% / 100 marks,12.0
PK-PUN-021,National Textile University Faisalabad,Public,Punjab,Faisalabad,2002,0,W2,Biology,STEM,2023,574,405,169,18,31.9,18.0,56.0,500.0,41.0,18.0,71.0,3.28,50.5,10.6,Mixed Urban-Rural,31117.0,4.0,28.0,Yes,NTU Entry Test,Medium,50% / 100 marks,11.0
PK-PUN-021,National Textile University Faisalabad,Public,Punjab,Faisalabad,2002,0,W2,Biology,STEM,2024,706,370,336,25,28.2,8.0,0.0,698.0,125.0,48.0,38.0,3.31,49.8,10.6,Mostly Urban,11600.0,20.0,22.0,Yes,NTU Entry Test,Medium,50% / 100 marks,15.0
PK-PUN-021,National Textile University Faisalabad,Public,Punjab,Faisalabad,2002,0,W2,Biology,STEM,2025,597,240,357,25,23.9,13.0,17.0,567.0,57.0,30.0,59.0,2.99,50.7,12.8,Mixed Urban-Rural,17047.0,10.0,23.0,Yes,NTU Entry Test,Medium,50% / 100 marks,16.0
PK-PUN-021,National Textile University Faisalabad,Public,Punjab,Faisalabad,2002,0,W2,Business Administration,Business,2022,535,293,242,23,23.3,29.0,98.0,408.0,57.0,40.5,27.0,3.6,76.5,10.9,Mostly Urban,23944.0,9.0,32.0,Yes,NTU Entry Test,Medium,50% / 100 marks,13.0
PK-PUN-021,National Textile University Faisalabad,Public,Punjab,Faisalabad,2002,0,W2,Business Administration,Business,2023,647,329,318,26,24.9,43.0,87.0,517.0,18.0,35.0,71.0,2.83,78.5,16.1,Mostly Urban,10702.0,1.0,22.0,Yes,NTU Entry Test,Medium,50% / 100 marks,11.0
PK-PUN-021,National Textile University Faisalabad,Public,Punjab,Faisalabad,2002,0,W2,Business Administration,Business,2024,567,297,270,21,27.0,0.0,35.0,532.0,52.0,40.5,31.0,3.6,69.9,7.2,Mostly Rural,31948.0,13.0,26.0,Yes,NTU Entry Test,Medium,50% / 100 marks,14.0
PK-PUN-021,National Textile University Faisalabad,Public,Punjab,Faisalabad,2002,0,W2,Business Administration,Business,2025,600,318,282,23,26.1,40.0,0.0,560.0,52.0,1.0,76.0,3.06,69.8,11.0,Mostly Urban,29876.0,2.0,8.0,Yes,NTU Entry Test,Medium,50% / 100 marks,14.0
PK-PUN-021,National Textile University Faisalabad,Public,Punjab,Faisalabad,2002,0,W2,Computer Science,STEM,2022,662,411,251,27,24.5,8.0,0.0,654.0,60.0,56.0,5.0,3.32,89.1,6.5,Mostly Urban,20192.0,16.0,0.0,Yes,NTU Entry Test,Medium,50% / 100 marks,11.0
PK-PUN-021,National Textile University Faisalabad,Public,Punjab,Faisalabad,2002,0,W2,Computer Science,STEM,2023,599,297,302,21,28.5,29.0,0.0,570.0,115.0,44.0,20.0,2.92,83.1,11.6,Mostly Urban,17438.0,5.0,17.0,Yes,NTU Entry Test,Medium,50% / 100 marks,16.0
PK-PUN-021,National Textile University Faisalabad,Public,Punjab,Faisalabad,2002,0,W2,Computer Science,STEM,2024,624,389,235,22,28.4,0.0,103.0,521.0,57.0,42.0,4.0,3.0,80.4,4.8,Mostly Urban,17931.0,2.0,33.0,Yes,NTU Entry Test,Medium,50% / 100 marks,12.0
PK-PUN-021,National Textile University Faisalabad,Public,Punjab,Faisalabad,2002,0,W2,Computer Science,STEM,2025,641,443,198,27,23.7,36.0,42.0,563.0,101.0,54.0,72.0,3.15,87.1,12.9,Mostly Rural,13622.0,9.0,16.0,Yes,NTU Entry Test,Medium,50% / 100 marks,12.0
PK-PUN-021,National Textile University Faisalabad,Public,Punjab,Faisalabad,2002,0,W2,Environmental Science,STEM,2022,848,579,269,25,33.9,14.0,37.0,797.0,112.0,45.0,38.0,3.6,56.6,7.6,Mostly Urban,32523.0,1.0,22.0,Yes,NTU Entry Test,Medium,50% / 100 marks,13.0
PK-PUN-021,National Textile University Faisalabad,Public,Punjab,Faisalabad,2002,0,W2,Environmental Science,STEM,2023,878,420,458,37,23.7,4.0,163.0,711.0,17.0,33.0,10.0,2.9,52.5,10.6,Mixed Urban-Rural,25197.5,7.0,12.0,Yes,NTU Entry Test,Medium,50% / 100 marks,15.0
PK-PUN-021,National Textile University Faisalabad,Public,Punjab,Faisalabad,2002,0,W2,Environmental Science,STEM,2024,833,501,332,32,26.0,0.0,26.0,807.0,134.0,40.5,61.0,2.91,57.3,10.0,Mostly Urban,37543.0,9.0,2.0,Yes,NTU Entry Test,Medium,50% / 100 marks,13.0
PK-PUN-021,National Textile University Faisalabad,Public,Punjab,Faisalabad,2002,0,W2,Environmental Science,STEM,2025,784,421,363,23,34.1,6.0,99.0,679.0,57.0,6.0,70.0,2.72,48.6,14.7,Mostly Rural,38803.0,19.0,33.0,Yes,NTU Entry Test,Medium,50% / 100 marks,16.0
PK-PUN-021,National Textile University Faisalabad,Public,Punjab,Faisalabad,2002,0,W2,History,Arts & Social Sciences,2022,370,160,210,16,23.1,20.0,44.0,306.0,73.0,12.0,6.0,3.01,45.9,8.8,Mixed Urban-Rural,23690.0,17.0,22.0,Yes,NTU Entry Test,Medium,50% / 100 marks,10.0
PK-PUN-021,National Textile University Faisalabad,Public,Punjab,Faisalabad,2002,0,W2,History,Arts & Social Sciences,2023,339,174,165,14,24.2,26.0,54.0,259.0,7.0,40.5,64.0,2.6,39.5,9.5,Mostly Urban,21264.0,11.0,29.0,Yes,NTU Entry Test,Medium,50% / 100 marks,12.0
PK-PUN-021,National Textile University Faisalabad,Public,Punjab,Faisalabad,2002,0,W2,History,Arts & Social Sciences,2024,353,224,129,12,29.4,0.0,66.0,287.0,52.0,45.0,35.0,3.0,41.0,6.4,Mostly Urban,43675.0,1.0,30.0,Yes,NTU Entry Test,Medium,50% / 100 marks,14.0
PK-PUN-021,National Textile University Faisalabad,Public,Punjab,Faisalabad,2002,0,W2,History,Arts & Social Sciences,2025,359,224,135,16,22.4,14.0,14.0,331.0,26.0,50.0,74.0,2.92,39.3,10.6,Mostly Rural,39505.0,20.0,22.0,Yes,NTU Entry Test,Medium,50% / 100 marks,14.0
PK-PUN-021,National Textile University Faisalabad,Public,Punjab,Faisalabad,2002,0,W2,Information Technology,STEM,2022,661,284,377,29,22.8,3.0,123.0,535.0,79.0,56.0,21.0,3.12,73.3,12.9,Mixed Urban-Rural,35996.0,16.0,22.0,Yes,NTU Entry Test,Medium,50% / 100 marks,13.0
PK-PUN-021,National Textile University Faisalabad,Public,Punjab,Faisalabad,2002,0,W2,Information Technology,STEM,2023,606,355,251,22,27.5,15.0,99.0,492.0,82.0,43.0,55.0,2.77,77.4,1.8,Mixed Urban-Rural,26451.0,12.0,22.0,Yes,NTU Entry Test,Medium,50% / 100 marks,15.0
PK-PUN-021,National Textile University Faisalabad,Public,Punjab,Faisalabad,2002,0,W2,Information Technology,STEM,2024,641,287,354,20,32.0,29.0,0.0,612.0,57.0,39.0,38.0,2.66,73.0,9.4,Mixed Urban-Rural,40298.0,9.0,21.0,Yes,NTU Entry Test,Medium,50% / 100 marks,12.0
PK-PUN-021,National Textile University Faisalabad,Public,Punjab,Faisalabad,2002,0,W2,Information Technology,STEM,2025,594,367,227,26,22.8,35.0,26.0,533.0,8.0,8.0,22.0,3.26,77.4,15.4,Mostly Rural,21323.0,7.0,5.0,Yes,NTU Entry Test,Medium,50% / 100 marks,11.0
PK-PUN-027,PMAS Arid Agriculture University Rawalpindi,Public,Punjab,Rawalpindi,1970,0,W2,Agricultural Engineering,STEM,2022,155,81,74,5,31.0,1.0,2.0,152.0,45.5,60.0,74.0,3.26,57.6,12.25,Mostly Urban,27354.0,8.0,24.0,Yes,UAAR Entry Test,Easy,45% / 100 marks,18.0
PK-PUN-027,PMAS Arid Agriculture University Rawalpindi,Public,Punjab,Rawalpindi,1970,0,W2,Agricultural Engineering,STEM,2023,191,73,118,7,27.3,8.0,33.0,150.0,29.0,40.0,62.0,3.03,56.6,12.25,Mostly Urban,34560.0,15.0,0.0,Yes,UAAR Entry Test,Easy,45% / 100 marks,23.0
PK-PUN-027,PMAS Arid Agriculture University Rawalpindi,Public,Punjab,Rawalpindi,1970,0,W2,Agricultural Engineering,STEM,2024,190,100,90,5,38.0,1.0,6.0,183.0,24.0,51.0,64.0,3.09,64.2,12.25,Mostly Urban,35729.0,1.0,16.0,Yes,UAAR Entry Test,Easy,45% / 100 marks,20.0
PK-PUN-027,PMAS Arid Agriculture University Rawalpindi,Public,Punjab,Rawalpindi,1970,0,W2,Agricultural Engineering,STEM,2025,167,79,88,7,23.9,8.0,26.0,133.0,13.0,14.0,78.0,2.78,67.5,16.8,Mixed Urban-Rural,15136.0,7.0,14.0,Yes,UAAR Entry Test,Easy,45% / 100 marks,20.0
PK-PUN-027,PMAS Arid Agriculture University Rawalpindi,Public,Punjab,Rawalpindi,1970,0,W2,Agriculture,STEM,2022,486,184,302,14,34.7,24.0,94.0,368.0,54.0,22.0,77.0,2.71,48.9,12.2,Mixed Urban-Rural,27886.0,9.0,9.0,Yes,UAAR Entry Test,Easy,45% / 100 marks,23.0
PK-PUN-027,PMAS Arid Agriculture University Rawalpindi,Public,Punjab,Rawalpindi,1970,0,W2,Agriculture,STEM,2023,594,265,329,18,33.0,9.0,84.0,501.0,47.0,15.0,70.0,2.89,57.0,10.6,Mostly Urban,31461.5,7.0,30.0,Yes,UAAR Entry Test,Easy,45% / 100 marks,20.0
PK-PUN-027,PMAS Arid Agriculture University Rawalpindi,Public,Punjab,Rawalpindi,1970,0,W2,Agriculture,STEM,2024,612,313,299,17,36.0,38.0,112.0,462.0,66.0,52.0,74.0,3.03,54.9,7.9,Mostly Rural,44522.0,13.0,13.0,Yes,UAAR Entry Test,Easy,45% / 100 marks,21.0
PK-PUN-027,PMAS Arid Agriculture University Rawalpindi,Public,Punjab,Rawalpindi,1970,0,W2,Agriculture,STEM,2025,619,347,272,20,30.9,15.0,16.0,588.0,5.0,14.0,44.0,3.03,48.2,15.4,Mixed Urban-Rural,33894.0,5.0,8.0,Yes,UAAR Entry Test,Easy,45% / 100 marks,21.0
PK-PUN-027,PMAS Arid Agriculture University Rawalpindi,Public,Punjab,Rawalpindi,1970,0,W2,Food Science & Technology,STEM,2022,829,497,332,31,26.7,14.0,14.0,801.0,45.5,50.0,9.0,2.68,63.9,12.25,Mostly Urban,31461.5,9.0,32.0,Yes,UAAR Entry Test,Easy,45% / 100 marks,21.0
PK-PUN-027,PMAS Arid Agriculture University Rawalpindi,Public,Punjab,Rawalpindi,1970,0,W2,Food Science & Technology,STEM,2023,718,504,214,21,34.2,24.0,13.0,681.0,54.0,19.0,74.0,3.38,54.0,12.8,Mostly Urban,34534.0,7.0,16.0,Yes,UAAR Entry Test,Easy,45% / 100 marks,21.0
PK-PUN-027,PMAS Arid Agriculture University Rawalpindi,Public,Punjab,Rawalpindi,1970,0,W2,Food Science & Technology,STEM,2024,778,365,413,32,24.3,60.0,81.0,637.0,67.0,26.0,62.0,3.69,64.8,2.7,Mostly Urban,42754.0,7.0,5.0,Yes,UAAR Entry Test,Easy,45% / 100 marks,21.0
PK-PUN-027,PMAS Arid Agriculture University Rawalpindi,Public,Punjab,Rawalpindi,1970,0,W2,Food Science & Technology,STEM,2025,857,612,245,26,33.0,14.0,111.0,732.0,44.0,22.0,31.0,3.6,55.9,8.5,Mostly Rural,12333.0,1.0,9.0,Yes,UAAR Entry Test,Easy,45% / 100 marks,21.0
PK-PUN-027,PMAS Arid Agriculture University Rawalpindi,Public,Punjab,Rawalpindi,1970,0,W2,Horticulture,STEM,2022,405,245,160,12,33.8,25.0,13.0,367.0,45.5,9.0,46.0,3.24,53.7,16.2,Mostly Urban,29029.0,11.0,16.0,Yes,UAAR Entry Test,Easy,45% / 100 marks,21.0
PK-PUN-027,PMAS Arid Agriculture University Rawalpindi,Public,Punjab,Rawalpindi,1970,0,W2,Horticulture,STEM,2023,406,259,147,16,25.4,32.0,14.0,360.0,59.0,46.0,34.0,2.84,52.9,12.25,Mixed Urban-Rural,31461.5,1.0,31.0,Yes,UAAR Entry Test,Easy,45% / 100 marks,22.0
PK-PUN-027,PMAS Arid Agriculture University Rawalpindi,Public,Punjab,Rawalpindi,1970,0,W2,Horticulture,STEM,2024,406,270,136,15,27.1,30.0,6.0,370.0,54.0,10.0,10.0,3.03,47.6,7.4,Mostly Urban,25461.0,4.0,25.0,Yes,UAAR Entry Test,Easy,45% / 100 marks,23.0
PK-PUN-027,PMAS Arid Agriculture University Rawalpindi,Public,Punjab,Rawalpindi,1970,0,W2,Horticulture,STEM,2025,411,159,252,17,24.2,31.0,29.0,351.0,27.0,22.0,71.0,2.82,47.2,17.5,Mostly Rural,40038.0,3.0,9.0,Yes,UAAR Entry Test,Easy,45% / 100 marks,21.0
PK-PUN-027,PMAS Arid Agriculture University Rawalpindi,Public,Punjab,Rawalpindi,1970,0,W2,Soil Science,STEM,2022,431,203,228,18,23.9,27.0,45.0,359.0,63.0,22.0,53.0,2.71,42.0,12.3,Mostly Urban,44412.0,1.0,34.0,Yes,UAAR Entry Test,Easy,45% / 100 marks,21.0
PK-PUN-027,PMAS Arid Agriculture University Rawalpindi,Public,Punjab,Rawalpindi,1970,0,W2,Soil Science,STEM,2023,379,195,184,15,25.3,16.0,21.0,342.0,26.0,40.0,21.0,3.39,52.9,2.1,Mostly Rural,13454.0,14.0,18.0,Yes,UAAR Entry Test,Easy,45% / 100 marks,18.0
PK-PUN-027,PMAS Arid Agriculture University Rawalpindi,Public,Punjab,Rawalpindi,1970,0,W2,Soil Science,STEM,2024,445,191,254,20,22.2,16.0,8.0,421.0,7.0,8.0,62.0,3.37,43.1,13.3,Mostly Rural,21719.0,7.0,20.0,Yes,UAAR Entry Test,Easy,45% / 100 marks,18.0
PK-PUN-027,PMAS Arid Agriculture University Rawalpindi,Public,Punjab,Rawalpindi,1970,0,W2,Soil Science,STEM,2025,439,180,259,14,31.4,34.0,16.0,389.0,45.5,22.0,13.0,2.83,41.3,12.25,Mostly Urban,31461.5,5.0,16.0,Yes,UAAR Entry Test,Easy,45% / 100 marks,19.0
PK-PUN-012,Superior University Lahore,Private,Punjab,Lahore,2000,0,W1,Accounting & Finance,Business,2022,293,152,141,11,26.6,10.0,22.0,261.0,38.0,35.0,43.0,2.93,68.8,8.3,Mostly Rural,89304.0,10.0,4.0,Yes,Superior Entry Test,Easy,40% / 100 marks,11.0
PK-PUN-012,Superior University Lahore,Private,Punjab,Lahore,2000,0,W1,Accounting & Finance,Business,2023,356,172,184,15,23.7,8.0,36.0,312.0,36.0,60.0,34.0,2.89,73.1,16.0,Mostly Urban,128578.0,13.0,26.0,Yes,Superior Entry Test,Easy,40% / 100 marks,14.0
PK-PUN-012,Superior University Lahore,Private,Punjab,Lahore,2000,0,W1,Accounting & Finance,Business,2024,313,195,118,9,34.8,3.0,6.0,304.0,61.0,54.0,71.0,3.09,67.5,18.0,Mostly Rural,102014.0,16.0,33.0,Yes,Superior Entry Test,Easy,40% / 100 marks,10.0
PK-PUN-012,Superior University Lahore,Private,Punjab,Lahore,2000,0,W1,Accounting & Finance,Business,2025,342,163,179,10,34.2,1.0,55.0,286.0,14.5,2.0,77.0,3.08,70.6,7.8,Mostly Urban,84287.0,13.0,22.0,Yes,Superior Entry Test,Easy,40% / 100 marks,14.0
PK-PUN-012,Superior University Lahore,Private,Punjab,Lahore,2000,0,W1,Business Administration,Business,2022,94,39,55,5,18.8,7.0,17.0,70.0,14.0,21.0,48.0,3.08,70.4,17.5,Mostly Rural,118626.0,18.0,16.0,Yes,Superior Entry Test,Easy,40% / 100 marks,10.0
PK-PUN-012,Superior University Lahore,Private,Punjab,Lahore,2000,0,W1,Business Administration,Business,2023,113,58,55,5,22.6,6.0,21.0,86.0,11.0,11.0,73.0,2.94,64.2,2.1,Mixed Urban-Rural,124750.0,13.0,28.0,Yes,Superior Entry Test,Easy,40% / 100 marks,11.0
PK-PUN-012,Superior University Lahore,Private,Punjab,Lahore,2000,0,W1,Business Administration,Business,2024,117,60,57,5,23.4,5.0,4.0,108.0,6.0,57.0,72.0,3.66,73.8,6.1,Mostly Urban,175697.0,16.0,18.0,Yes,Superior Entry Test,Easy,40% / 100 marks,13.0
PK-PUN-012,Superior University Lahore,Private,Punjab,Lahore,2000,0,W1,Business Administration,Business,2025,103,48,55,5,20.6,0.0,8.0,95.0,16.0,10.0,10.0,2.97,67.8,7.1,Mostly Urban,110903.0,5.0,14.0,Yes,Superior Entry Test,Easy,40% / 100 marks,10.0
PK-PUN-012,Superior University Lahore,Private,Punjab,Lahore,2000,0,W1,Economics,Business,2022,49,20,29,5,9.8,3.0,0.0,46.0,6.0,31.5,4.0,3.1,72.9,12.6,Mostly Rural,56403.0,13.0,22.0,Yes,Superior Entry Test,Easy,40% / 100 marks,11.0
PK-PUN-012,Superior University Lahore,Private,Punjab,Lahore,2000,0,W1,Economics,Business,2023,59,28,31,5,11.8,4.0,4.0,51.0,5.0,11.0,50.0,3.08,57.9,4.3,Mostly Urban,72276.0,15.0,19.0,Yes,Superior Entry Test,Easy,40% / 100 marks,14.0
PK-PUN-012,Superior University Lahore,Private,Punjab,Lahore,2000,0,W1,Economics,Business,2024,64,36,28,5,12.8,2.0,0.0,62.0,7.0,42.0,14.0,3.05,73.0,8.7,Mostly Urban,126626.0,16.0,31.0,Yes,Superior Entry Test,Easy,40% / 100 marks,14.0
PK-PUN-012,Superior University Lahore,Private,Punjab,Lahore,2000,0,W1,Economics,Business,2025,57,26,31,5,11.4,4.0,7.0,46.0,5.0,40.0,26.0,2.97,69.6,12.7,Mostly Rural,63400.0,19.0,21.0,Yes,Superior Entry Test,Easy,40% / 100 marks,12.0
PK-PUN-012,Superior University Lahore,Private,Punjab,Lahore,2000,0,W1,Human Resource Management,Business,2022,240,134,106,7,34.3,2.0,6.0,232.0,36.0,12.0,21.0,3.08,71.6,8.7,Mixed Urban-Rural,102014.0,13.0,35.0,Yes,Superior Entry Test,Easy,40% / 100 marks,12.0
PK-PUN-012,Superior University Lahore,Private,Punjab,Lahore,2000,0,W1,Human Resource Management,Business,2023,251,173,78,8,31.4,1.0,14.0,236.0,8.0,31.0,12.0,3.28,67.7,7.3,Mostly Rural,101525.0,4.0,11.0,Yes,Superior Entry Test,Easy,40% / 100 marks,14.0
PK-PUN-012,Superior University Lahore,Private,Punjab,Lahore,2000,0,W1,Human Resource Management,Business,2024,244,167,77,7,34.9,4.0,24.0,216.0,15.0,31.5,74.0,2.89,69.0,12.7,Mostly Urban,105135.0,1.0,12.0,Yes,Superior Entry Test,Easy,40% / 100 marks,13.0
PK-PUN-012,Superior University Lahore,Private,Punjab,Lahore,2000,0,W1,Human Resource Management,Business,2025,254,121,133,9,28.2,10.0,0.0,244.0,38.0,38.0,42.0,3.08,71.0,14.8,Mixed Urban-Rural,104482.0,20.0,20.0,Yes,Superior Entry Test,Easy,40% / 100 marks,12.0
PK-PUN-012,Superior University Lahore,Private,Punjab,Lahore,2000,0,W1,Information Technology,STEM,2022,157,83,74,6,26.2,11.0,14.0,132.0,11.0,31.5,57.0,2.95,82.2,9.0,Mostly Urban,102014.0,13.0,5.0,Yes,Superior Entry Test,Easy,40% / 100 marks,10.0
PK-PUN-012,Superior University Lahore,Private,Punjab,Lahore,2000,0,W1,Information Technology,STEM,2023,139,81,58,6,23.2,6.0,4.0,129.0,14.0,31.5,23.0,3.24,76.9,6.7,Mixed Urban-Rural,87029.0,14.0,19.0,Yes,Superior Entry Test,Easy,40% / 100 marks,14.0
PK-PUN-012,Superior University Lahore,Private,Punjab,Lahore,2000,0,W1,Information Technology,STEM,2024,162,77,85,5,32.4,8.0,12.0,142.0,13.0,1.0,12.0,3.44,73.9,3.3,Mixed Urban-Rural,102014.0,8.0,10.0,Yes,Superior Entry Test,Easy,40% / 100 marks,12.0
PK-PUN-012,Superior University Lahore,Private,Punjab,Lahore,2000,0,W1,Information Technology,STEM,2025,146,87,59,6,24.3,1.0,17.0,128.0,16.0,32.0,25.0,3.15,73.4,8.7,Mixed Urban-Rural,56105.0,13.0,35.0,Yes,Superior Entry Test,Easy,40% / 100 marks,11.0
PK-PUN-012,Superior University Lahore,Private,Punjab,Lahore,2000,0,W1,Marketing,Business,2022,290,140,150,11,26.4,15.0,33.0,242.0,14.5,36.0,3.0,3.45,62.1,15.2,Mostly Rural,107655.0,4.0,8.0,Yes,Superior Entry Test,Easy,40% / 100 marks,10.0
PK-PUN-012,Superior University Lahore,Private,Punjab,Lahore,2000,0,W1,Marketing,Business,2023,315,190,125,13,24.2,2.0,0.0,313.0,17.0,31.5,21.0,3.67,62.3,5.7,Mixed Urban-Rural,118648.0,4.0,19.0,Yes,Superior Entry Test,Easy,40% / 100 marks,10.0
PK-PUN-012,Superior University Lahore,Private,Punjab,Lahore,2000,0,W1,Marketing,Business,2024,379,201,178,11,34.5,0.0,14.0,365.0,72.0,31.5,38.0,3.08,66.5,1.8,Mostly Urban,77032.0,13.0,10.0,Yes,Superior Entry Test,Easy,40% / 100 marks,13.0
PK-PUN-012,Superior University Lahore,Private,Punjab,Lahore,2000,0,W1,Marketing,Business,2025,364,162,202,13,28.0,16.0,70.0,278.0,46.0,17.0,34.0,2.78,74.0,16.9,Mixed Urban-Rural,77402.0,2.0,19.0,Yes,Superior Entry Test,Easy,40% / 100 marks,12.0
PK-PUN-019,University of Agriculture Faisalabad,Public,Punjab,Faisalabad,1961,0,W3,Agriculture,STEM,2022,1340,511,829,59,22.7,53.0,130.0,1157.0,72.0,3.0,56.0,3.55,56.4,4.0,Mostly Rural,41573.0,1.0,12.0,Yes,UAF Entry Test / ECAT,Medium,50% / 100 marks,43.0
PK-PUN-019,University of Agriculture Faisalabad,Public,Punjab,Faisalabad,1961,0,W3,Agriculture,STEM,2023,1535,688,847,53,29.0,5.0,231.0,1299.0,124.0,52.0,5.0,2.81,62.6,10.6,Mostly Rural,27549.0,7.0,26.0,Yes,UAF Entry Test / ECAT,Medium,50% / 100 marks,40.0
PK-PUN-019,University of Agriculture Faisalabad,Public,Punjab,Faisalabad,1961,0,W3,Agriculture,STEM,2024,1310,517,793,42,31.2,74.0,0.0,1236.0,147.0,13.0,71.0,3.12,59.7,12.0,Mostly Rural,39914.0,5.0,7.0,Yes,UAF Entry Test / ECAT,Medium,50% / 100 marks,40.0
PK-PUN-019,University of Agriculture Faisalabad,Public,Punjab,Faisalabad,1961,0,W3,Agriculture,STEM,2025,1407,720,687,55,25.6,62.0,260.0,1085.0,186.0,24.0,8.0,3.3,48.2,1.7,Mostly Rural,24463.0,18.0,12.0,Yes,UAF Entry Test / ECAT,Medium,50% / 100 marks,35.0
PK-PUN-019,University of Agriculture Faisalabad,Public,Punjab,Faisalabad,1961,0,W3,Agronomy,STEM,2022,1949,741,1208,62,31.4,35.0,143.0,1771.0,51.0,33.0,8.0,3.53,49.0,15.9,Mostly Urban,22900.0,15.0,34.0,Yes,UAF Entry Test / ECAT,Medium,50% / 100 marks,42.0
PK-PUN-019,University of Agriculture Faisalabad,Public,Punjab,Faisalabad,1961,0,W3,Agronomy,STEM,2023,1789,900,889,66,27.1,40.0,256.0,1493.0,222.0,58.0,11.0,2.95,60.2,13.4,Mostly Rural,33980.0,10.0,15.0,Yes,UAF Entry Test / ECAT,Medium,50% / 100 marks,39.0
PK-PUN-019,University of Agriculture Faisalabad,Public,Punjab,Faisalabad,1961,0,W3,Agronomy,STEM,2024,1944,883,1061,56,34.7,117.0,246.0,1581.0,197.0,48.0,49.0,3.08,51.9,10.0,Mostly Rural,20613.0,19.0,5.0,Yes,UAF Entry Test / ECAT,Medium,50% / 100 marks,37.0
PK-PUN-019,University of Agriculture Faisalabad,Public,Punjab,Faisalabad,1961,0,W3,Agronomy,STEM,2025,1879,1341,538,65,28.9,92.0,288.0,1499.0,81.0,9.0,62.0,2.63,59.3,11.8,Mostly Rural,18011.0,8.0,7.0,Yes,UAF Entry Test / ECAT,Medium,50% / 100 marks,45.0
PK-PUN-019,University of Agriculture Faisalabad,Public,Punjab,Faisalabad,1961,0,W3,Fisheries,STEM,2022,1361,954,407,60,22.7,97.0,161.0,1103.0,33.0,36.5,63.0,3.29,42.4,15.9,Mostly Rural,44188.0,19.0,16.0,Yes,UAF Entry Test / ECAT,Medium,50% / 100 marks,45.0
PK-PUN-019,University of Agriculture Faisalabad,Public,Punjab,Faisalabad,1961,0,W3,Fisheries,STEM,2023,1233,800,433,44,28.0,79.0,215.0,939.0,91.5,55.0,70.0,2.99,45.0,5.0,Mostly Urban,25662.0,10.0,24.0,Yes,UAF Entry Test / ECAT,Medium,50% / 100 marks,43.0
PK-PUN-019,University of Agriculture Faisalabad,Public,Punjab,Faisalabad,1961,0,W3,Fisheries,STEM,2024,1307,864,443,52,25.1,51.0,0.0,1256.0,16.0,1.0,55.0,3.08,44.2,8.1,Mostly Rural,9825.0,18.0,34.0,Yes,UAF Entry Test / ECAT,Medium,50% / 100 marks,44.0
PK-PUN-019,University of Agriculture Faisalabad,Public,Punjab,Faisalabad,1961,0,W3,Fisheries,STEM,2025,1326,922,404,43,30.8,62.0,0.0,1264.0,73.0,1.0,15.0,3.26,48.6,13.3,Mostly Urban,11085.0,5.0,9.0,Yes,UAF Entry Test / ECAT,Medium,50% / 100 marks,35.0
PK-PUN-019,University of Agriculture Faisalabad,Public,Punjab,Faisalabad,1961,0,W3,Food Science & Technology,STEM,2022,1208,826,382,48,25.2,0.0,11.0,1197.0,160.0,58.0,58.0,3.06,68.5,6.9,Mostly Urban,22764.0,15.0,12.0,Yes,UAF Entry Test / ECAT,Medium,50% / 100 marks,43.0
PK-PUN-019,University of Agriculture Faisalabad,Public,Punjab,Faisalabad,1961,0,W3,Food Science & Technology,STEM,2023,1236,568,668,53,23.3,0.0,81.0,1155.0,91.5,40.0,30.0,3.31,56.7,16.4,Mixed Urban-Rural,22591.0,9.0,12.0,Yes,UAF Entry Test / ECAT,Medium,50% / 100 marks,43.0
PK-PUN-019,University of Agriculture Faisalabad,Public,Punjab,Faisalabad,1961,0,W3,Food Science & Technology,STEM,2024,1241,686,555,50,24.8,13.0,239.0,989.0,248.0,36.5,42.0,2.65,69.5,12.2,Mixed Urban-Rural,37095.0,18.0,2.0,Yes,UAF Entry Test / ECAT,Medium,50% / 100 marks,42.0
PK-PUN-019,University of Agriculture Faisalabad,Public,Punjab,Faisalabad,1961,0,W3,Food Science & Technology,STEM,2025,1350,714,636,40,33.8,54.0,134.0,1162.0,159.0,40.0,21.0,2.63,63.9,9.3,Mostly Rural,23197.0,14.0,1.0,Yes,UAF Entry Test / ECAT,Medium,50% / 100 marks,38.0
PK-PUN-019,University of Agriculture Faisalabad,Public,Punjab,Faisalabad,1961,0,W3,Horticulture,STEM,2022,526,367,159,17,30.9,28.0,20.0,478.0,20.0,60.0,67.0,3.08,49.7,13.1,Mixed Urban-Rural,33788.0,2.0,12.0,Yes,UAF Entry Test / ECAT,Medium,50% / 100 marks,36.0
PK-PUN-019,University of Agriculture Faisalabad,Public,Punjab,Faisalabad,1961,0,W3,Horticulture,STEM,2023,600,295,305,22,27.3,0.0,94.0,506.0,34.0,19.0,23.0,2.88,53.3,10.6,Mostly Urban,36367.0,7.0,24.0,Yes,UAF Entry Test / ECAT,Medium,50% / 100 marks,35.0
PK-PUN-019,University of Agriculture Faisalabad,Public,Punjab,Faisalabad,1961,0,W3,Horticulture,STEM,2024,622,386,236,22,28.3,17.0,118.0,487.0,41.0,58.0,76.0,3.08,53.6,3.4,Mostly Urban,25662.0,6.0,12.0,Yes,UAF Entry Test / ECAT,Medium,50% / 100 marks,43.0
PK-PUN-019,University of Agriculture Faisalabad,Public,Punjab,Faisalabad,1961,0,W3,Horticulture,STEM,2025,617,319,298,21,29.4,24.0,7.0,586.0,102.0,17.0,15.0,3.36,52.3,5.7,Mostly Urban,26861.0,19.0,8.0,Yes,UAF Entry Test / ECAT,Medium,50% / 100 marks,45.0
PK-PUN-005,University of Central Punjab,Private,Punjab,Lahore,1999,0,W2,Computer Science,STEM,2022,266,125,141,9,29.6,15.0,6.0,245.0,35.0,12.0,43.0,3.54,78.9,10.6,Mixed Urban-Rural,106181.5,11.0,30.0,Yes,UCP Entry Test,Easy,40% / 100 marks,11.0
PK-PUN-005,University of Central Punjab,Private,Punjab,Lahore,1999,0,W2,Computer Science,STEM,2023,276,197,79,9,30.7,10.0,1.0,265.0,21.0,48.0,49.0,3.09,78.0,13.5,Mostly Urban,119454.0,17.0,10.0,Yes,UCP Entry Test,Easy,40% / 100 marks,16.0
PK-PUN-005,University of Central Punjab,Private,Punjab,Lahore,1999,0,W2,Computer Science,STEM,2024,267,148,119,9,29.7,4.0,2.0,261.0,41.0,17.0,56.0,3.49,75.2,8.0,Mixed Urban-Rural,129779.0,10.0,30.0,Yes,UCP Entry Test,Easy,40% / 100 marks,11.0
PK-PUN-005,University of Central Punjab,Private,Punjab,Lahore,1999,0,W2,Computer Science,STEM,2025,294,150,144,8,36.8,22.0,21.0,251.0,55.0,30.0,80.0,3.21,85.0,11.7,Mixed Urban-Rural,125553.0,11.0,20.0,Yes,UCP Entry Test,Easy,40% / 100 marks,16.0
PK-PUN-005,University of Central Punjab,Private,Punjab,Lahore,1999,0,W2,English Literature,Arts & Social Sciences,2022,401,199,202,15,26.7,8.0,37.0,356.0,59.0,12.0,55.0,3.21,53.2,12.8,Mostly Urban,115645.0,11.0,18.0,Yes,UCP Entry Test,Easy,40% / 100 marks,10.0
PK-PUN-005,University of Central Punjab,Private,Punjab,Lahore,1999,0,W2,English Literature,Arts & Social Sciences,2023,424,190,234,13,32.6,29.0,18.0,377.0,55.0,17.0,66.0,3.01,53.3,2.7,Mostly Urban,106521.0,9.0,29.0,Yes,UCP Entry Test,Easy,40% / 100 marks,15.0
PK-PUN-005,University of Central Punjab,Private,Punjab,Lahore,1999,0,W2,English Literature,Arts & Social Sciences,2024,468,265,203,14,33.4,30.0,40.0,398.0,41.0,31.0,37.0,3.0,48.2,12.25,Mostly Urban,62143.0,11.0,19.0,Yes,UCP Entry Test,Easy,40% / 100 marks,16.0
PK-PUN-005,University of Central Punjab,Private,Punjab,Lahore,1999,0,W2,English Literature,Arts & Social Sciences,2025,442,187,255,19,23.3,0.0,35.0,407.0,77.0,17.0,8.0,3.26,51.9,5.5,Mostly Urban,127432.0,18.0,14.0,Yes,UCP Entry Test,Easy,40% / 100 marks,16.0
PK-PUN-005,University of Central Punjab,Private,Punjab,Lahore,1999,0,W2,Environmental Science,STEM,2022,348,229,119,14,24.9,0.0,28.0,320.0,39.0,7.0,14.0,3.61,56.9,11.6,Mostly Rural,55415.0,20.0,28.0,Yes,UCP Entry Test,Easy,40% / 100 marks,12.0
PK-PUN-005,University of Central Punjab,Private,Punjab,Lahore,1999,0,W2,Environmental Science,STEM,2023,314,130,184,13,24.2,6.0,31.0,277.0,53.0,34.0,52.0,2.62,58.4,15.9,Mixed Urban-Rural,105842.0,5.0,24.0,Yes,UCP Entry Test,Easy,40% / 100 marks,16.0
PK-PUN-005,University of Central Punjab,Private,Punjab,Lahore,1999,0,W2,Environmental Science,STEM,2024,321,166,155,12,26.8,21.0,31.0,269.0,29.0,30.0,40.0,2.62,52.7,2.6,Mostly Rural,102123.0,15.0,5.0,Yes,UCP Entry Test,Easy,40% / 100 marks,13.0
PK-PUN-005,University of Central Punjab,Private,Punjab,Lahore,1999,0,W2,Environmental Science,STEM,2025,355,176,179,13,27.3,1.0,46.0,308.0,71.0,51.0,23.0,3.38,61.6,12.25,Mostly Urban,127459.0,11.0,28.0,Yes,UCP Entry Test,Easy,40% / 100 marks,14.0
PK-PUN-005,University of Central Punjab,Private,Punjab,Lahore,1999,0,W2,Information Technology,STEM,2022,287,192,95,11,26.1,18.0,50.0,219.0,9.0,5.0,42.0,2.92,85.7,15.8,Mostly Urban,110478.0,11.0,4.0,Yes,UCP Entry Test,Easy,40% / 100 marks,12.0
PK-PUN-005,University of Central Punjab,Private,Punjab,Lahore,1999,0,W2,Information Technology,STEM,2023,281,116,165,8,35.1,5.0,0.0,276.0,28.0,9.0,62.0,3.49,73.9,4.3,Mostly Urban,62451.0,11.0,19.0,Yes,UCP Entry Test,Easy,40% / 100 marks,14.0
PK-PUN-005,University of Central Punjab,Private,Punjab,Lahore,1999,0,W2,Information Technology,STEM,2024,295,198,97,8,36.9,20.0,2.0,273.0,50.0,17.0,34.0,2.6,80.2,12.25,Mostly Rural,119219.0,13.0,29.0,Yes,UCP Entry Test,Easy,40% / 100 marks,15.0
PK-PUN-005,University of Central Punjab,Private,Punjab,Lahore,1999,0,W2,Information Technology,STEM,2025,372,260,112,13,28.6,15.0,4.0,353.0,72.0,10.0,54.0,2.93,80.7,11.4,Mostly Rural,109055.0,11.0,1.0,Yes,UCP Entry Test,Easy,40% / 100 marks,14.0
PK-PUN-005,University of Central Punjab,Private,Punjab,Lahore,1999,0,W2,Pharmacy,STEM,2022,364,217,147,15,24.3,0.0,56.0,308.0,43.0,9.0,20.0,3.01,85.8,8.1,Mostly Urban,72093.0,5.0,6.0,Yes,UCP Entry Test,Easy,40% / 100 marks,10.0
PK-PUN-005,University of Central Punjab,Private,Punjab,Lahore,1999,0,W2,Pharmacy,STEM,2023,365,145,220,13,28.1,15.0,0.0,350.0,41.0,52.0,58.0,3.21,78.2,15.5,Mostly Urban,95677.0,11.0,19.0,Yes,UCP Entry Test,Easy,40% / 100 marks,11.0
PK-PUN-005,University of Central Punjab,Private,Punjab,Lahore,1999,0,W2,Pharmacy,STEM,2024,421,240,181,18,23.4,22.0,36.0,363.0,41.0,51.0,50.0,3.57,80.2,14.7,Mostly Urban,111807.0,18.0,32.0,Yes,UCP Entry Test,Easy,40% / 100 marks,14.0
PK-PUN-005,University of Central Punjab,Private,Punjab,Lahore,1999,0,W2,Pharmacy,STEM,2025,368,260,108,10,36.8,6.0,0.0,362.0,39.0,17.0,59.0,3.21,78.0,8.0,Mixed Urban-Rural,72424.0,5.0,16.0,Yes,UCP Entry Test,Easy,40% / 100 marks,10.0
PK-PUN-005,University of Central Punjab,Private,Punjab,Lahore,1999,0,W2,Political Science,Arts & Social Sciences,2022,321,129,192,9,35.7,3.0,0.0,318.0,63.0,59.0,11.0,3.68,42.2,16.3,Mixed Urban-Rural,88827.0,11.0,20.0,Yes,UCP Entry Test,Easy,40% / 100 marks,14.0
PK-PUN-005,University of Central Punjab,Private,Punjab,Lahore,1999,0,W2,Political Science,Arts & Social Sciences,2023,382,231,151,11,34.7,8.0,65.0,309.0,36.0,1.0,79.0,2.66,47.4,17.6,Mostly Urban,88769.0,8.0,15.0,Yes,UCP Entry Test,Easy,40% / 100 marks,16.0
PK-PUN-005,University of Central Punjab,Private,Punjab,Lahore,1999,0,W2,Political Science,Arts & Social Sciences,2024,389,168,221,16,24.3,0.0,8.0,381.0,47.0,15.0,54.0,3.21,46.7,16.8,Mostly Rural,111645.0,11.0,7.0,Yes,UCP Entry Test,Easy,40% / 100 marks,14.0
PK-PUN-005,University of Central Punjab,Private,Punjab,Lahore,1999,0,W2,Political Science,Arts & Social Sciences,2025,386,210,176,11,35.1,10.0,41.0,335.0,35.0,39.0,30.0,3.21,52.8,15.6,Mostly Rural,56112.0,3.0,9.0,Yes,UCP Entry Test,Easy,40% / 100 marks,13.0
PK-PUN-005,University of Central Punjab,Private,Punjab,Lahore,1999,0,W2,Urdu,Arts & Social Sciences,2022,177,77,100,7,25.3,5.0,0.0,172.0,7.0,17.0,48.0,3.21,49.7,2.9,Mostly Urban,106181.5,16.0,19.0,Yes,UCP Entry Test,Easy,40% / 100 marks,15.0
PK-PUN-005,University of Central Punjab,Private,Punjab,Lahore,1999,0,W2,Urdu,Arts & Social Sciences,2023,214,126,88,7,30.6,16.0,0.0,198.0,21.0,17.0,11.0,3.21,47.3,12.9,Mostly Rural,76339.0,17.0,25.0,Yes,UCP Entry Test,Easy,40% / 100 marks,14.0
PK-PUN-005,University of Central Punjab,Private,Punjab,Lahore,1999,0,W2,Urdu,Arts & Social Sciences,2024,212,147,65,6,35.3,0.0,7.0,205.0,14.0,2.0,29.0,3.4,47.6,18.0,Mixed Urban-Rural,98611.0,16.0,7.0,Yes,UCP Entry Test,Easy,40% / 100 marks,11.0
PK-PUN-005,University of Central Punjab,Private,Punjab,Lahore,1999,0,W2,Urdu,Arts & Social Sciences,2025,247,149,98,8,30.9,0.0,4.0,243.0,46.0,17.0,29.0,3.48,45.7,12.25,Mostly Rural,120223.0,11.0,20.0,Yes,UCP Entry Test,Easy,40% / 100 marks,11.0
PK-PUN-016,University of Education Lahore,Public,Punjab,Lahore,2002,0,W1,Business Administration,Business,2022,128,56,72,5,25.6,10.0,15.0,103.0,19.0,56.0,73.0,3.56,78.4,2.5,Mostly Urban,9266.0,7.0,2.0,Yes,UE Entry Test,Easy,40% / 100 marks,21.0
PK-PUN-016,University of Education Lahore,Public,Punjab,Lahore,2002,0,W1,Business Administration,Business,2023,164,100,64,5,32.8,6.0,7.0,151.0,19.0,16.5,26.0,3.46,67.7,8.8,Mostly Urban,23837.0,19.0,25.5,Yes,UE Entry Test,Easy,40% / 100 marks,16.0
PK-PUN-016,University of Education Lahore,Public,Punjab,Lahore,2002,0,W1,Business Administration,Business,2024,152,105,47,5,30.4,2.0,5.0,145.0,27.0,47.0,73.0,2.7,65.5,9.6,Mostly Urban,15724.0,2.0,27.0,Yes,UE Entry Test,Easy,40% / 100 marks,18.0
PK-PUN-016,University of Education Lahore,Public,Punjab,Lahore,2002,0,W1,Business Administration,Business,2025,143,94,49,5,28.6,3.0,8.0,132.0,10.0,19.0,24.0,3.1,70.2,11.8,Mostly Rural,24253.5,1.0,31.0,Yes,UE Entry Test,Easy,40% / 100 marks,16.0
PK-PUN-016,University of Education Lahore,Public,Punjab,Lahore,2002,0,W1,Computer Science,STEM,2022,250,166,84,11,22.7,19.0,0.0,231.0,11.0,53.0,46.5,3.51,74.7,2.8,Mostly Rural,23610.0,19.0,14.0,Yes,UE Entry Test,Easy,40% / 100 marks,18.0
PK-PUN-016,University of Education Lahore,Public,Punjab,Lahore,2002,0,W1,Computer Science,STEM,2023,226,97,129,6,37.7,10.0,3.0,213.0,9.0,16.5,24.0,2.85,78.0,8.5,Mixed Urban-Rural,29532.0,8.0,32.0,Yes,UE Entry Test,Easy,40% / 100 marks,16.0
PK-PUN-016,University of Education Lahore,Public,Punjab,Lahore,2002,0,W1,Computer Science,STEM,2024,272,178,94,10,27.2,5.0,8.0,259.0,15.0,15.0,34.0,2.98,86.5,8.5,Mostly Urban,43282.0,9.0,17.0,Yes,UE Entry Test,Easy,40% / 100 marks,22.0
PK-PUN-016,University of Education Lahore,Public,Punjab,Lahore,2002,0,W1,Computer Science,STEM,2025,277,113,164,8,34.6,3.0,31.0,243.0,44.0,8.0,79.0,3.25,74.9,2.7,Mostly Rural,12296.0,9.0,13.0,Yes,UE Entry Test,Easy,40% / 100 marks,18.0
PK-PUN-016,University of Education Lahore,Public,Punjab,Lahore,2002,0,W1,Economics,Business,2022,268,191,77,11,24.4,4.0,17.0,247.0,11.0,14.0,12.0,3.29,59.1,4.0,Mostly Urban,33106.0,20.0,28.0,Yes,UE Entry Test,Easy,40% / 100 marks,22.0
PK-PUN-016,University of Education Lahore,Public,Punjab,Lahore,2002,0,W1,Economics,Business,2023,311,142,169,14,22.2,0.0,6.0,305.0,25.0,17.0,71.0,3.55,66.5,8.5,Mostly Urban,28827.0,5.0,25.5,Yes,UE Entry Test,Easy,40% / 100 marks,16.0
PK-PUN-016,University of Education Lahore,Public,Punjab,Lahore,2002,0,W1,Economics,Business,2024,309,148,161,10,30.9,4.0,47.0,258.0,34.0,16.0,65.0,3.15,57.8,3.7,Mixed Urban-Rural,24670.0,18.0,11.0,Yes,UE Entry Test,Easy,40% / 100 marks,17.0
PK-PUN-016,University of Education Lahore,Public,Punjab,Lahore,2002,0,W1,Economics,Business,2025,327,232,95,12,27.2,7.0,55.0,265.0,29.0,12.0,58.0,2.66,65.7,7.4,Mostly Rural,43579.0,17.0,32.0,Yes,UE Entry Test,Easy,40% / 100 marks,21.0
PK-PUN-016,University of Education Lahore,Public,Punjab,Lahore,2002,0,W1,History,Arts & Social Sciences,2022,482,303,179,16,30.1,11.0,0.0,471.0,95.0,8.0,44.0,3.24,45.3,8.1,Mixed Urban-Rural,27997.0,12.0,25.5,Yes,UE Entry Test,Easy,40% / 100 marks,22.0
PK-PUN-016,University of Education Lahore,Public,Punjab,Lahore,2002,0,W1,History,Arts & Social Sciences,2023,479,209,270,19,25.2,25.0,38.0,416.0,50.0,42.0,16.0,3.44,34.9,10.6,Mostly Urban,8833.0,6.0,17.0,Yes,UE Entry Test,Easy,40% / 100 marks,21.0
PK-PUN-016,University of Education Lahore,Public,Punjab,Lahore,2002,0,W1,History,Arts & Social Sciences,2024,437,250,187,18,24.3,2.0,51.0,384.0,58.0,53.0,46.5,3.58,32.2,8.5,Mostly Rural,11448.0,6.0,25.5,Yes,UE Entry Test,Easy,40% / 100 marks,21.0
PK-PUN-016,University of Education Lahore,Public,Punjab,Lahore,2002,0,W1,History,Arts & Social Sciences,2025,542,325,217,24,22.6,12.0,22.0,508.0,15.0,15.0,46.5,3.11,35.7,8.5,Mostly Urban,22561.0,14.0,33.0,Yes,UE Entry Test,Easy,40% / 100 marks,19.0
PK-PUN-016,University of Education Lahore,Public,Punjab,Lahore,2002,0,W1,Psychology,Arts & Social Sciences,2022,121,73,48,5,24.2,6.0,12.0,103.0,18.0,3.0,46.5,2.99,56.5,13.2,Mostly Rural,24253.5,9.0,28.0,Yes,UE Entry Test,Easy,40% / 100 marks,22.0
PK-PUN-016,University of Education Lahore,Public,Punjab,Lahore,2002,0,W1,Psychology,Arts & Social Sciences,2023,137,82,55,5,27.4,9.0,22.0,106.0,8.0,16.5,28.0,2.75,62.8,8.5,Mostly Rural,14497.0,10.0,25.5,Yes,UE Entry Test,Easy,40% / 100 marks,19.0
PK-PUN-016,University of Education Lahore,Public,Punjab,Lahore,2002,0,W1,Psychology,Arts & Social Sciences,2024,140,75,65,5,28.0,0.0,6.0,134.0,18.0,48.0,49.0,3.67,62.5,11.5,Mostly Rural,36086.0,11.0,25.5,Yes,UE Entry Test,Easy,40% / 100 marks,22.0
PK-PUN-016,University of Education Lahore,Public,Punjab,Lahore,2002,0,W1,Psychology,Arts & Social Sciences,2025,138,53,85,5,27.6,4.0,14.0,120.0,14.0,2.0,75.0,3.15,65.5,14.2,Mostly Rural,22353.0,7.0,24.0,Yes,UE Entry Test,Easy,40% / 100 marks,16.0
PK-PUN-016,University of Education Lahore,Public,Punjab,Lahore,2002,0,W1,Statistics,STEM,2022,322,184,138,9,35.8,0.0,5.0,317.0,19.0,48.0,71.0,3.08,57.6,9.2,Mostly Urban,12143.0,8.0,21.0,Yes,UE Entry Test,Easy,40% / 100 marks,17.0
PK-PUN-016,University of Education Lahore,Public,Punjab,Lahore,2002,0,W1,Statistics,STEM,2023,367,178,189,11,33.4,26.0,28.0,313.0,35.0,37.0,46.5,2.65,59.3,2.8,Mostly Rural,34906.0,17.0,33.0,Yes,UE Entry Test,Easy,40% / 100 marks,21.0
PK-PUN-016,University of Education Lahore,Public,Punjab,Lahore,2002,0,W1,Statistics,STEM,2024,347,156,191,15,23.1,27.0,49.0,271.0,49.0,16.0,46.5,3.59,66.6,8.2,Mixed Urban-Rural,32100.0,9.0,33.0,Yes,UE Entry Test,Easy,40% / 100 marks,17.0
PK-PUN-016,University of Education Lahore,Public,Punjab,Lahore,2002,0,W1,Statistics,STEM,2025,403,231,172,11,36.6,21.0,0.0,382.0,19.0,16.5,24.0,2.62,57.4,15.4,Mostly Rural,31811.0,9.0,14.0,Yes,UE Entry Test,Easy,40% / 100 marks,20.0
PK-PUN-003,University of Engineering & Technology Lahore,Public,Punjab,Lahore,1921,0,W3,Civil Engineering,STEM,2022,1249,506,743,53,23.6,17.0,26.0,1206.0,42.0,34.0,54.0,3.48,71.4,13.6,Mostly Urban,13387.0,2.0,9.0,Yes,ECAT (Punjab),Difficult,60% / 100 marks,38.0
PK-PUN-003,University of Engineering & Technology Lahore,Public,Punjab,Lahore,1921,0,W3,Civil Engineering,STEM,2023,1314,621,693,46,28.6,0.0,10.0,1304.0,230.0,13.0,34.0,3.21,73.3,9.5,Mixed Urban-Rural,20598.0,19.0,24.0,Yes,ECAT (Punjab),Difficult,60% / 100 marks,41.0
PK-PUN-003,University of Engineering & Technology Lahore,Public,Punjab,Lahore,1921,0,W3,Civil Engineering,STEM,2024,1383,857,526,39,35.5,0.0,164.0,1219.0,125.0,22.0,50.0,3.19,72.9,17.8,Mixed Urban-Rural,41256.0,20.0,22.0,Yes,ECAT (Punjab),Difficult,60% / 100 marks,41.0
PK-PUN-003,University of Engineering & Technology Lahore,Public,Punjab,Lahore,1921,0,W3,Civil Engineering,STEM,2025,1419,850,569,48,29.6,8.0,87.0,1324.0,240.0,31.0,76.0,3.32,75.8,10.1,Mostly Urban,39236.0,9.0,17.0,Yes,ECAT (Punjab),Difficult,60% / 100 marks,38.0
PK-PUN-003,University of Engineering & Technology Lahore,Public,Punjab,Lahore,1921,0,W3,Computer Science,STEM,2022,1472,1008,464,65,22.6,86.0,119.0,1267.0,115.0,19.0,20.0,2.76,83.6,16.0,Mixed Urban-Rural,28608.0,9.0,7.0,Yes,ECAT (Punjab),Difficult,60% / 100 marks,41.0
PK-PUN-003,University of Engineering & Technology Lahore,Public,Punjab,Lahore,1921,0,W3,Computer Science,STEM,2023,1735,701,1034,76,22.8,7.0,253.0,1475.0,312.0,11.0,27.0,3.31,80.6,7.0,Mostly Rural,33391.0,5.0,11.0,Yes,ECAT (Punjab),Difficult,60% / 100 marks,45.0
PK-PUN-003,University of Engineering & Technology Lahore,Public,Punjab,Lahore,1921,0,W3,Computer Science,STEM,2024,1520,761,759,48,31.7,43.0,48.0,1429.0,107.0,41.0,26.0,3.68,88.1,1.8,Mostly Urban,28299.0,9.0,0.0,Yes,ECAT (Punjab),Difficult,60% / 100 marks,39.0
PK-PUN-003,University of Engineering & Technology Lahore,Public,Punjab,Lahore,1921,0,W3,Computer Science,STEM,2025,1531,782,749,68,22.5,27.0,49.0,1455.0,101.0,31.0,11.0,3.23,88.5,16.6,Mostly Rural,19632.0,9.0,20.0,Yes,ECAT (Punjab),Difficult,60% / 100 marks,41.0
PK-PUN-003,University of Engineering & Technology Lahore,Public,Punjab,Lahore,1921,0,W3,Electrical Engineering,STEM,2022,1639,1065,574,69,23.8,127.0,79.0,1433.0,97.0,10.0,16.0,3.62,82.9,16.7,Mostly Urban,33483.0,3.0,23.0,Yes,ECAT (Punjab),Difficult,60% / 100 marks,45.0
PK-PUN-003,University of Engineering & Technology Lahore,Public,Punjab,Lahore,1921,0,W3,Electrical Engineering,STEM,2023,1425,1006,419,50,28.5,84.0,50.0,1291.0,100.0,30.0,46.5,3.6,80.7,3.0,Mixed Urban-Rural,42860.0,10.0,28.0,Yes,ECAT (Punjab),Difficult,60% / 100 marks,45.0
PK-PUN-003,University of Engineering & Technology Lahore,Public,Punjab,Lahore,1921,0,W3,Electrical Engineering,STEM,2024,1714,822,892,56,30.6,99.0,147.0,1468.0,100.0,30.5,65.0,2.65,74.5,13.0,Mixed Urban-Rural,28127.0,18.0,20.0,Yes,ECAT (Punjab),Difficult,60% / 100 marks,43.0
PK-PUN-003,University of Engineering & Technology Lahore,Public,Punjab,Lahore,1921,0,W3,Electrical Engineering,STEM,2025,1590,630,960,71,22.4,45.0,22.0,1523.0,31.0,43.0,48.0,3.58,83.5,3.1,Mostly Rural,12781.0,20.0,20.0,Yes,ECAT (Punjab),Difficult,60% / 100 marks,42.0
PK-PUN-003,University of Engineering & Technology Lahore,Public,Punjab,Lahore,1921,0,W3,Mechanical Engineering,STEM,2022,1097,673,424,32,34.3,51.0,0.0,1046.0,104.0,23.0,45.0,3.57,64.1,5.6,Mixed Urban-Rural,28299.0,9.0,0.0,Yes,ECAT (Punjab),Difficult,60% / 100 marks,39.0
PK-PUN-003,University of Engineering & Technology Lahore,Public,Punjab,Lahore,1921,0,W3,Mechanical Engineering,STEM,2023,1203,626,577,46,26.2,0.0,32.0,1171.0,7.0,25.0,65.0,2.73,78.4,5.2,Mostly Urban,40016.0,6.0,16.0,Yes,ECAT (Punjab),Difficult,60% / 100 marks,41.0
PK-PUN-003,University of Engineering & Technology Lahore,Public,Punjab,Lahore,1921,0,W3,Mechanical Engineering,STEM,2024,1408,877,531,45,31.3,11.0,254.0,1143.0,66.0,56.0,75.0,3.31,68.6,10.1,Mostly Rural,15301.0,3.0,23.0,Yes,ECAT (Punjab),Difficult,60% / 100 marks,41.0
PK-PUN-003,University of Engineering & Technology Lahore,Public,Punjab,Lahore,1921,0,W3,Mechanical Engineering,STEM,2025,1291,553,738,43,30.0,0.0,128.0,1163.0,190.0,36.0,27.0,3.31,64.7,7.3,Mixed Urban-Rural,18033.0,9.0,20.0,Yes,ECAT (Punjab),Difficult,60% / 100 marks,41.0
PK-PUN-003,University of Engineering & Technology Lahore,Public,Punjab,Lahore,1921,0,W3,Software Engineering,STEM,2022,766,478,288,34,22.5,20.0,0.0,746.0,147.0,30.5,80.0,3.28,83.0,8.3,Mostly Urban,29080.0,8.0,20.0,Yes,ECAT (Punjab),Difficult,60% / 100 marks,42.0
PK-PUN-003,University of Engineering & Technology Lahore,Public,Punjab,Lahore,1921,0,W3,Software Engineering,STEM,2023,731,292,439,27,27.1,30.0,98.0,603.0,23.0,30.5,7.0,3.42,85.1,11.7,Mixed Urban-Rural,24386.0,5.0,23.0,Yes,ECAT (Punjab),Difficult,60% / 100 marks,41.0
PK-PUN-003,University of Engineering & Technology Lahore,Public,Punjab,Lahore,1921,0,W3,Software Engineering,STEM,2024,800,382,418,25,32.0,18.0,0.0,782.0,99.0,27.0,35.0,3.69,91.4,16.0,Mostly Rural,31130.0,14.0,28.0,Yes,ECAT (Punjab),Difficult,60% / 100 marks,38.0
PK-PUN-003,University of Engineering & Technology Lahore,Public,Punjab,Lahore,1921,0,W3,Software Engineering,STEM,2025,873,447,426,32,27.3,46.0,140.0,687.0,60.0,36.0,70.0,2.94,81.2,14.6,Mixed Urban-Rural,38817.0,20.0,12.0,Yes,ECAT (Punjab),Difficult,60% / 100 marks,40.0
PK-PUN-003,University of Engineering & Technology Lahore,Public,Punjab,Lahore,1921,0,W3,Telecommunication,STEM,2022,811,553,258,26,31.2,34.0,144.0,633.0,100.0,36.0,59.0,3.48,85.0,12.1,Mixed Urban-Rural,28741.0,9.0,20.0,Yes,ECAT (Punjab),Difficult,60% / 100 marks,38.0
PK-PUN-003,University of Engineering & Technology Lahore,Public,Punjab,Lahore,1921,0,W3,Telecommunication,STEM,2023,901,576,325,31,29.1,0.0,13.0,888.0,100.0,30.5,46.5,2.99,80.0,3.0,Mostly Urban,21959.0,11.0,28.0,Yes,ECAT (Punjab),Difficult,60% / 100 marks,42.0
PK-PUN-003,University of Engineering & Technology Lahore,Public,Punjab,Lahore,1921,0,W3,Telecommunication,STEM,2024,901,557,344,34,26.5,71.0,120.0,710.0,35.0,39.0,22.0,2.87,71.6,6.1,Mostly Urban,17610.0,5.0,30.0,Yes,ECAT (Punjab),Difficult,60% / 100 marks,42.0
PK-PUN-003,University of Engineering & Technology Lahore,Public,Punjab,Lahore,1921,0,W3,Telecommunication,STEM,2025,909,398,511,40,22.7,72.0,86.0,751.0,51.0,1.0,59.0,3.31,81.0,16.1,Mostly Urban,27667.0,9.0,12.0,Yes,ECAT (Punjab),Difficult,60% / 100 marks,44.0
PK-PUN-025,University of Gujrat,Public,Punjab,Gujrat,2004,0,W1,Civil Engineering,STEM,2022,485,254,231,13,37.3,8.0,17.0,460.0,25.5,3.0,33.0,2.95,75.6,1.9,Mostly Urban,20683.0,16.0,17.0,Yes,UOG Entry Test,Easy,40% / 100 marks,15.0
PK-PUN-025,University of Gujrat,Public,Punjab,Gujrat,2004,0,W1,Civil Engineering,STEM,2023,540,287,253,16,33.8,16.0,66.0,458.0,31.0,48.0,30.0,2.87,72.1,17.8,Mixed Urban-Rural,26995.0,4.0,3.0,Yes,UOG Entry Test,Easy,40% / 100 marks,15.0
PK-PUN-025,University of Gujrat,Public,Punjab,Gujrat,2004,0,W1,Civil Engineering,STEM,2024,596,273,323,21,28.4,0.0,93.0,503.0,57.0,40.0,14.0,2.61,69.0,12.3,Mostly Rural,41458.0,17.0,26.0,Yes,UOG Entry Test,Easy,40% / 100 marks,16.0
PK-PUN-025,University of Gujrat,Public,Punjab,Gujrat,2004,0,W1,Civil Engineering,STEM,2025,599,295,304,19,31.5,10.0,21.0,568.0,89.0,11.0,50.0,2.72,62.4,16.4,Mostly Urban,24087.0,17.0,27.0,Yes,UOG Entry Test,Easy,40% / 100 marks,15.0
PK-PUN-025,University of Gujrat,Public,Punjab,Gujrat,2004,0,W1,Education,Arts & Social Sciences,2022,341,208,133,10,34.1,15.0,35.0,291.0,56.0,51.0,66.0,2.76,65.8,15.2,Mostly Urban,21150.0,12.0,21.0,Yes,UOG Entry Test,Easy,40% / 100 marks,12.0
PK-PUN-025,University of Gujrat,Public,Punjab,Gujrat,2004,0,W1,Education,Arts & Social Sciences,2023,345,149,196,12,28.8,9.0,49.0,287.0,16.0,4.0,61.0,3.09,68.0,17.7,Mixed Urban-Rural,15721.0,9.0,17.0,Yes,UOG Entry Test,Easy,40% / 100 marks,17.0
PK-PUN-025,University of Gujrat,Public,Punjab,Gujrat,2004,0,W1,Education,Arts & Social Sciences,2024,357,178,179,13,27.5,13.0,1.0,343.0,19.0,28.0,58.0,2.99,70.3,2.3,Mostly Urban,20038.0,9.0,2.0,Yes,UOG Entry Test,Easy,40% / 100 marks,18.0
PK-PUN-025,University of Gujrat,Public,Punjab,Gujrat,2004,0,W1,Education,Arts & Social Sciences,2025,323,203,120,10,32.3,23.0,21.0,279.0,25.5,48.0,38.0,2.95,68.4,8.3,Mixed Urban-Rural,24648.0,9.0,16.0,Yes,UOG Entry Test,Easy,40% / 100 marks,17.0
PK-PUN-025,University of Gujrat,Public,Punjab,Gujrat,2004,0,W1,English Literature,Arts & Social Sciences,2022,407,289,118,15,27.1,28.0,47.0,332.0,14.0,21.0,41.0,3.42,52.7,10.2,Mostly Rural,30670.0,1.0,9.0,Yes,UOG Entry Test,Easy,40% / 100 marks,14.0
PK-PUN-025,University of Gujrat,Public,Punjab,Gujrat,2004,0,W1,English Literature,Arts & Social Sciences,2023,425,167,258,12,35.4,13.0,38.0,374.0,22.0,3.0,54.0,2.77,47.8,2.5,Mixed Urban-Rural,30873.0,5.0,23.0,Yes,UOG Entry Test,Easy,40% / 100 marks,12.0
PK-PUN-025,University of Gujrat,Public,Punjab,Gujrat,2004,0,W1,English Literature,Arts & Social Sciences,2024,425,186,239,18,23.6,0.0,43.0,382.0,32.0,55.0,44.0,2.95,54.1,10.6,Mostly Urban,19953.0,12.0,32.0,Yes,UOG Entry Test,Easy,40% / 100 marks,14.0
PK-PUN-025,University of Gujrat,Public,Punjab,Gujrat,2004,0,W1,English Literature,Arts & Social Sciences,2025,391,248,143,17,23.0,6.0,8.0,377.0,48.0,28.0,5.0,2.95,49.0,7.7,Mostly Rural,26175.0,6.0,6.0,Yes,UOG Entry Test,Easy,40% / 100 marks,17.0
PK-PUN-025,University of Gujrat,Public,Punjab,Gujrat,2004,0,W1,Environmental Science,STEM,2022,295,174,121,12,24.6,14.0,24.0,257.0,26.0,30.0,69.0,2.95,59.1,11.1,Mixed Urban-Rural,25411.5,7.0,19.0,Yes,UOG Entry Test,Easy,40% / 100 marks,14.0
PK-PUN-025,University of Gujrat,Public,Punjab,Gujrat,2004,0,W1,Environmental Science,STEM,2023,261,167,94,9,29.0,0.0,0.0,261.0,41.0,28.0,38.0,2.66,57.5,14.2,Mostly Urban,23793.0,12.0,29.0,Yes,UOG Entry Test,Easy,40% / 100 marks,17.0
PK-PUN-025,University of Gujrat,Public,Punjab,Gujrat,2004,0,W1,Environmental Science,STEM,2024,263,104,159,11,23.9,7.0,52.0,204.0,19.0,39.0,35.0,2.75,49.0,5.8,Mixed Urban-Rural,31939.0,9.0,16.0,Yes,UOG Entry Test,Easy,40% / 100 marks,17.0
PK-PUN-025,University of Gujrat,Public,Punjab,Gujrat,2004,0,W1,Environmental Science,STEM,2025,287,172,115,9,31.9,10.0,55.0,222.0,46.0,13.0,38.0,3.21,54.8,7.6,Mixed Urban-Rural,30545.0,16.0,32.0,Yes,UOG Entry Test,Easy,40% / 100 marks,13.0
PK-PUN-025,University of Gujrat,Public,Punjab,Gujrat,2004,0,W1,Law,Arts & Social Sciences,2022,103,53,50,5,20.6,0.0,20.0,83.0,8.0,26.0,36.0,2.93,79.4,12.0,Mixed Urban-Rural,24490.0,15.0,6.0,Yes,UOG Entry Test,Easy,40% / 100 marks,13.0
PK-PUN-025,University of Gujrat,Public,Punjab,Gujrat,2004,0,W1,Law,Arts & Social Sciences,2023,97,69,28,5,19.4,5.0,16.0,76.0,6.0,45.0,34.0,3.39,72.8,9.7,Mostly Urban,16038.0,13.0,16.0,Yes,UOG Entry Test,Easy,40% / 100 marks,18.0
PK-PUN-025,University of Gujrat,Public,Punjab,Gujrat,2004,0,W1,Law,Arts & Social Sciences,2024,96,47,49,5,19.2,4.0,15.0,77.0,25.5,60.0,38.0,3.18,75.5,13.1,Mixed Urban-Rural,14413.0,12.0,15.0,Yes,UOG Entry Test,Easy,40% / 100 marks,18.0
PK-PUN-025,University of Gujrat,Public,Punjab,Gujrat,2004,0,W1,Law,Arts & Social Sciences,2025,115,73,42,5,23.0,5.0,11.0,99.0,11.0,31.0,34.0,2.95,71.8,11.3,Mixed Urban-Rural,25411.5,9.0,13.0,Yes,UOG Entry Test,Easy,40% / 100 marks,17.0
PK-PUN-025,University of Gujrat,Public,Punjab,Gujrat,2004,0,W1,Mass Communication,Arts & Social Sciences,2022,180,118,62,5,36.0,0.0,14.0,166.0,34.0,19.0,38.0,2.95,63.8,15.5,Mostly Urban,35134.0,9.0,1.0,Yes,UOG Entry Test,Easy,40% / 100 marks,13.0
PK-PUN-025,University of Gujrat,Public,Punjab,Gujrat,2004,0,W1,Mass Communication,Arts & Social Sciences,2023,161,103,58,5,32.2,5.0,9.0,147.0,12.0,49.0,61.0,3.53,64.7,1.9,Mixed Urban-Rural,35202.0,19.0,4.0,Yes,UOG Entry Test,Easy,40% / 100 marks,17.0
PK-PUN-025,University of Gujrat,Public,Punjab,Gujrat,2004,0,W1,Mass Communication,Arts & Social Sciences,2024,165,91,74,5,33.0,0.0,10.0,155.0,25.5,28.0,16.0,2.78,60.2,10.05,Mostly Urban,32747.0,9.0,34.0,Yes,UOG Entry Test,Easy,40% / 100 marks,14.0
PK-PUN-025,University of Gujrat,Public,Punjab,Gujrat,2004,0,W1,Mass Communication,Arts & Social Sciences,2025,189,134,55,5,37.8,8.0,23.0,158.0,25.0,16.0,53.0,2.95,67.0,4.5,Mostly Urban,13007.0,18.0,21.0,Yes,UOG Entry Test,Easy,40% / 100 marks,15.0
PK-PUN-025,University of Gujrat,Public,Punjab,Gujrat,2004,0,W1,Mathematics,STEM,2022,86,59,27,5,17.2,0.0,6.0,80.0,25.5,41.0,21.0,2.93,65.5,17.2,Mostly Urban,26314.0,5.0,16.0,Yes,UOG Entry Test,Easy,40% / 100 marks,17.0
PK-PUN-025,University of Gujrat,Public,Punjab,Gujrat,2004,0,W1,Mathematics,STEM,2023,107,50,57,5,21.4,0.0,12.0,95.0,8.0,28.0,10.0,2.95,53.2,10.05,Mostly Rural,33879.0,2.0,0.0,Yes,UOG Entry Test,Easy,40% / 100 marks,17.0
PK-PUN-025,University of Gujrat,Public,Punjab,Gujrat,2004,0,W1,Mathematics,STEM,2024,111,67,44,5,22.2,7.0,2.0,102.0,16.0,28.0,62.0,2.95,51.7,4.6,Mixed Urban-Rural,26477.0,2.0,6.0,Yes,UOG Entry Test,Easy,40% / 100 marks,18.0
PK-PUN-025,University of Gujrat,Public,Punjab,Gujrat,2004,0,W1,Mathematics,STEM,2025,103,67,36,5,20.6,6.0,3.0,94.0,14.0,50.0,23.0,2.95,53.6,2.9,Mostly Urban,23118.0,9.0,2.0,Yes,UOG Entry Test,Easy,40% / 100 marks,17.0
PK-PUN-025,University of Gujrat,Public,Punjab,Gujrat,2004,0,W1,Political Science,Arts & Social Sciences,2022,356,226,130,11,32.4,23.0,71.0,262.0,62.0,7.0,17.0,2.76,41.7,4.6,Mostly Urban,8706.0,9.0,15.0,Yes,UOG Entry Test,Easy,40% / 100 marks,17.0
PK-PUN-025,University of Gujrat,Public,Punjab,Gujrat,2004,0,W1,Political Science,Arts & Social Sciences,2023,315,146,169,9,35.0,0.0,3.0,312.0,30.0,8.0,46.0,2.9,49.7,9.9,Mixed Urban-Rural,25411.5,12.0,32.0,Yes,UOG Entry Test,Easy,40% / 100 marks,18.0
PK-PUN-025,University of Gujrat,Public,Punjab,Gujrat,2004,0,W1,Political Science,Arts & Social Sciences,2024,393,175,218,11,35.7,30.0,32.0,331.0,35.0,20.0,38.0,2.98,48.2,5.1,Mostly Urban,25411.5,3.0,16.0,Yes,UOG Entry Test,Easy,40% / 100 marks,17.0
PK-PUN-025,University of Gujrat,Public,Punjab,Gujrat,2004,0,W1,Political Science,Arts & Social Sciences,2025,380,168,212,12,31.7,27.0,12.0,341.0,6.0,21.0,77.0,3.37,43.9,9.6,Mostly Rural,30636.0,19.0,8.0,Yes,UOG Entry Test,Easy,40% / 100 marks,14.0
PK-PUN-025,University of Gujrat,Public,Punjab,Gujrat,2004,0,W1,Sociology,Arts & Social Sciences,2022,196,121,75,8,24.5,8.0,35.0,153.0,25.0,28.0,72.0,3.55,43.5,15.2,Mostly Urban,11974.0,10.0,29.0,Yes,UOG Entry Test,Easy,40% / 100 marks,18.0
PK-PUN-025,University of Gujrat,Public,Punjab,Gujrat,2004,0,W1,Sociology,Arts & Social Sciences,2023,194,117,77,7,27.7,13.0,28.0,153.0,25.5,16.0,33.0,3.68,43.3,14.0,Mostly Urban,30300.0,9.0,2.0,Yes,UOG Entry Test,Easy,40% / 100 marks,16.0
PK-PUN-025,University of Gujrat,Public,Punjab,Gujrat,2004,0,W1,Sociology,Arts & Social Sciences,2024,196,121,75,5,39.2,9.0,3.0,184.0,27.0,54.0,17.0,3.63,53.6,14.4,Mostly Rural,27588.0,4.0,16.0,Yes,UOG Entry Test,Easy,40% / 100 marks,12.0
PK-PUN-025,University of Gujrat,Public,Punjab,Gujrat,2004,0,W1,Sociology,Arts & Social Sciences,2025,197,141,56,6,32.8,0.0,29.0,168.0,27.0,29.0,40.0,2.93,46.9,7.9,Mixed Urban-Rural,9620.0,9.0,24.0,Yes,UOG Entry Test,Easy,40% / 100 marks,17.0
PK-PUN-009,University of Health Sciences Lahore,Public,Punjab,Lahore,2002,0,W2,Biomedical Engineering,STEM,2022,609,398,211,23,26.5,45.0,23.0,541.0,78.0,49.0,36.0,3.24,81.1,11.5,Mostly Rural,23086.0,5.0,23.0,Yes,MDCAT (PMC),Difficult,65% / 210 marks,18.0
PK-PUN-009,University of Health Sciences Lahore,Public,Punjab,Lahore,2002,0,W2,Biomedical Engineering,STEM,2023,638,437,201,22,29.0,0.0,62.0,576.0,95.0,20.0,17.0,3.24,74.4,8.3,Mostly Rural,14458.0,2.0,11.0,Yes,MDCAT (PMC),Difficult,65% / 210 marks,13.0
PK-PUN-009,University of Health Sciences Lahore,Public,Punjab,Lahore,2002,0,W2,Biomedical Engineering,STEM,2024,625,246,379,19,32.9,13.0,92.0,520.0,69.0,28.0,62.0,2.8,73.8,7.6,Mostly Urban,33843.0,9.0,15.0,Yes,MDCAT (PMC),Difficult,65% / 210 marks,14.0
PK-PUN-009,University of Health Sciences Lahore,Public,Punjab,Lahore,2002,0,W2,Biomedical Engineering,STEM,2025,799,478,321,24,33.3,11.0,0.0,788.0,93.0,10.0,17.0,3.4,79.7,11.0,Mostly Urban,30822.0,16.0,32.0,Yes,MDCAT (PMC),Difficult,65% / 210 marks,13.0
PK-PUN-009,University of Health Sciences Lahore,Public,Punjab,Lahore,2002,0,W2,MBBS,STEM,2022,310,204,106,9,34.4,4.0,40.0,266.0,42.0,38.0,13.0,2.73,93.2,4.0,Mostly Rural,75901.0,5.0,23.0,Yes,MDCAT (PMC),Difficult,65% / 210 marks,17.0
PK-PUN-009,University of Health Sciences Lahore,Public,Punjab,Lahore,2002,0,W2,MBBS,STEM,2023,370,234,136,15,24.7,14.0,43.0,313.0,10.0,30.0,19.0,3.63,85.8,16.8,Mostly Urban,70827.0,5.0,27.0,Yes,MDCAT (PMC),Difficult,65% / 210 marks,15.0
PK-PUN-009,University of Health Sciences Lahore,Public,Punjab,Lahore,2002,0,W2,MBBS,STEM,2024,362,163,199,16,22.6,5.0,36.0,321.0,18.0,30.0,41.0,3.03,86.9,8.3,Mixed Urban-Rural,52095.0,5.0,23.0,Yes,MDCAT (PMC),Difficult,65% / 210 marks,14.0
PK-PUN-009,University of Health Sciences Lahore,Public,Punjab,Lahore,2002,0,W2,MBBS,STEM,2025,365,154,211,11,33.2,25.0,0.0,340.0,49.0,53.0,49.0,3.26,93.5,5.0,Mostly Urban,75518.0,8.0,7.0,Yes,MDCAT (PMC),Difficult,65% / 210 marks,16.0
PK-PUN-009,University of Health Sciences Lahore,Public,Punjab,Lahore,2002,0,W2,Nursing,STEM,2022,279,146,133,10,27.9,2.0,49.0,228.0,13.0,1.0,42.0,2.66,82.2,3.8,Mixed Urban-Rural,18613.0,2.0,23.0,Yes,MDCAT (PMC),Difficult,65% / 210 marks,18.0
PK-PUN-009,University of Health Sciences Lahore,Public,Punjab,Lahore,2002,0,W2,Nursing,STEM,2023,315,167,148,10,31.5,16.0,13.0,286.0,41.0,8.0,78.0,3.51,78.4,5.8,Mixed Urban-Rural,8496.0,2.0,7.0,Yes,MDCAT (PMC),Difficult,65% / 210 marks,12.0
PK-PUN-009,University of Health Sciences Lahore,Public,Punjab,Lahore,2002,0,W2,Nursing,STEM,2024,280,140,140,8,35.0,18.0,22.0,240.0,55.0,4.0,60.0,2.87,92.3,8.5,Mostly Rural,14974.0,1.0,23.0,Yes,MDCAT (PMC),Difficult,65% / 210 marks,16.0
PK-PUN-009,University of Health Sciences Lahore,Public,Punjab,Lahore,2002,0,W2,Nursing,STEM,2025,331,212,119,10,33.1,7.0,51.0,273.0,41.0,50.0,42.0,3.07,85.2,17.1,Mostly Urban,23086.0,5.0,23.0,Yes,MDCAT (PMC),Difficult,65% / 210 marks,16.0
PK-PUN-009,University of Health Sciences Lahore,Public,Punjab,Lahore,2002,0,W2,Pharmacy,STEM,2022,550,319,231,16,34.4,15.0,0.0,535.0,30.0,26.0,10.0,3.49,73.7,7.0,Mostly Rural,42779.0,13.0,23.0,Yes,MDCAT (PMC),Difficult,65% / 210 marks,13.0
PK-PUN-009,University of Health Sciences Lahore,Public,Punjab,Lahore,2002,0,W2,Pharmacy,STEM,2023,663,257,406,22,30.1,31.0,0.0,632.0,119.0,27.0,70.0,3.24,74.9,8.3,Mostly Urban,21131.0,15.0,27.0,Yes,MDCAT (PMC),Difficult,65% / 210 marks,18.0
PK-PUN-009,University of Health Sciences Lahore,Public,Punjab,Lahore,2002,0,W2,Pharmacy,STEM,2024,714,377,337,29,24.6,0.0,0.0,714.0,40.0,30.0,42.0,3.24,77.7,8.3,Mostly Urban,9634.0,5.0,29.0,Yes,MDCAT (PMC),Difficult,65% / 210 marks,16.0
PK-PUN-009,University of Health Sciences Lahore,Public,Punjab,Lahore,2002,0,W2,Pharmacy,STEM,2025,614,285,329,27,22.7,48.0,90.0,476.0,75.0,30.0,72.0,3.24,82.5,5.9,Mostly Urban,12310.0,5.0,32.0,Yes,MDCAT (PMC),Difficult,65% / 210 marks,12.0
PK-PUN-009,University of Health Sciences Lahore,Public,Punjab,Lahore,2002,0,W2,Physiotherapy,STEM,2022,201,96,105,6,33.5,2.0,37.0,162.0,38.0,40.0,53.0,3.26,83.1,3.5,Mostly Rural,14688.0,5.0,18.0,Yes,MDCAT (PMC),Difficult,65% / 210 marks,13.0
PK-PUN-009,University of Health Sciences Lahore,Public,Punjab,Lahore,2002,0,W2,Physiotherapy,STEM,2023,216,117,99,7,30.9,9.0,7.0,200.0,18.0,32.0,44.0,3.24,74.0,8.9,Mostly Rural,25308.0,5.0,23.0,Yes,MDCAT (PMC),Difficult,65% / 210 marks,13.0
PK-PUN-009,University of Health Sciences Lahore,Public,Punjab,Lahore,2002,0,W2,Physiotherapy,STEM,2024,200,111,89,6,33.3,0.0,40.0,160.0,15.0,42.0,14.0,3.2,78.6,15.5,Mixed Urban-Rural,13484.0,20.0,32.0,Yes,MDCAT (PMC),Difficult,65% / 210 marks,16.0
PK-PUN-009,University of Health Sciences Lahore,Public,Punjab,Lahore,2002,0,W2,Physiotherapy,STEM,2025,227,146,81,8,28.4,18.0,42.0,167.0,6.0,34.0,42.0,3.67,72.3,15.0,Mostly Urban,25041.0,4.0,22.0,Yes,MDCAT (PMC),Difficult,65% / 210 marks,15.0
PK-PUN-010,University of Lahore,Private,Punjab,Lahore,1999,0,W2,Computer Science,STEM,2022,228,106,122,10,22.8,9.0,5.0,214.0,16.0,24.0,14.0,3.16,81.6,12.5,Mostly Urban,167388.0,14.0,32.0,Yes,UOL Entry Test,Easy,40% / 100 marks,26.0
PK-PUN-010,University of Lahore,Private,Punjab,Lahore,1999,0,W2,Computer Science,STEM,2023,202,126,76,7,28.9,3.0,5.0,194.0,8.0,37.0,64.0,2.65,89.1,8.5,Mostly Rural,174191.0,18.0,21.0,Yes,UOL Entry Test,Easy,40% / 100 marks,26.0
PK-PUN-010,University of Lahore,Private,Punjab,Lahore,1999,0,W2,Computer Science,STEM,2024,241,120,121,7,34.4,13.0,18.0,210.0,45.0,33.0,53.0,3.39,81.4,7.7,Mostly Urban,146270.0,10.0,22.5,Yes,UOL Entry Test,Easy,40% / 100 marks,22.0
PK-PUN-010,University of Lahore,Private,Punjab,Lahore,1999,0,W2,Computer Science,STEM,2025,233,100,133,8,29.1,17.0,32.0,184.0,20.0,26.0,48.0,2.89,80.2,17.3,Mostly Urban,155773.0,5.0,25.0,Yes,UOL Entry Test,Easy,40% / 100 marks,21.0
PK-PUN-010,University of Lahore,Private,Punjab,Lahore,1999,0,W2,Education,Arts & Social Sciences,2022,587,420,167,20,29.4,13.0,14.0,560.0,56.5,5.0,49.0,2.99,67.6,14.0,Mostly Urban,76396.0,4.0,30.0,Yes,UOL Entry Test,Easy,40% / 100 marks,22.5
PK-PUN-010,University of Lahore,Private,Punjab,Lahore,1999,0,W2,Education,Arts & Social Sciences,2023,701,479,222,26,27.0,53.0,42.0,606.0,135.0,33.0,49.0,3.15,73.7,17.3,Mixed Urban-Rural,67761.0,9.0,22.5,Yes,UOL Entry Test,Easy,40% / 100 marks,22.0
PK-PUN-010,University of Lahore,Private,Punjab,Lahore,1999,0,W2,Education,Arts & Social Sciences,2024,654,254,400,22,29.7,49.0,66.0,539.0,66.0,59.0,49.0,2.65,64.4,11.0,Mostly Rural,55373.0,5.0,22.5,Yes,UOL Entry Test,Easy,40% / 100 marks,26.0
PK-PUN-010,University of Lahore,Private,Punjab,Lahore,1999,0,W2,Education,Arts & Social Sciences,2025,639,301,338,22,29.0,34.0,63.0,542.0,122.0,24.0,44.0,3.2,73.9,11.1,Mostly Rural,121417.0,3.0,16.0,Yes,UOL Entry Test,Easy,40% / 100 marks,26.0
PK-PUN-010,University of Lahore,Private,Punjab,Lahore,1999,0,W2,Electrical Engineering,STEM,2022,505,200,305,21,24.0,15.0,48.0,442.0,56.5,30.0,26.0,3.15,70.2,2.2,Mostly Urban,110375.0,20.0,35.0,Yes,UOL Entry Test,Easy,40% / 100 marks,26.0
PK-PUN-010,University of Lahore,Private,Punjab,Lahore,1999,0,W2,Electrical Engineering,STEM,2023,525,236,289,20,26.2,3.0,0.0,522.0,56.5,20.0,19.0,3.32,74.6,10.9,Mixed Urban-Rural,72810.0,2.0,24.0,Yes,UOL Entry Test,Easy,40% / 100 marks,20.0
PK-PUN-010,University of Lahore,Private,Punjab,Lahore,1999,0,W2,Electrical Engineering,STEM,2024,566,346,220,22,25.7,16.0,104.0,446.0,57.0,33.0,58.0,3.0,82.4,6.6,Mostly Urban,99553.0,10.0,14.0,Yes,UOL Entry Test,Easy,40% / 100 marks,23.0
PK-PUN-010,University of Lahore,Private,Punjab,Lahore,1999,0,W2,Electrical Engineering,STEM,2025,484,267,217,16,30.2,0.0,53.0,431.0,56.0,50.0,50.0,3.15,74.8,6.3,Mostly Urban,100485.0,9.0,27.0,Yes,UOL Entry Test,Easy,40% / 100 marks,23.0
PK-PUN-010,University of Lahore,Private,Punjab,Lahore,1999,0,W2,English Literature,Arts & Social Sciences,2022,340,142,198,14,24.3,4.0,8.0,328.0,66.0,30.0,60.0,3.38,42.9,3.2,Mixed Urban-Rural,103825.0,9.0,33.0,Yes,UOL Entry Test,Easy,40% / 100 marks,23.0
PK-PUN-010,University of Lahore,Private,Punjab,Lahore,1999,0,W2,English Literature,Arts & Social Sciences,2023,337,241,96,15,22.5,17.0,10.0,310.0,38.0,30.0,16.0,3.09,54.5,11.3,Mostly Rural,56785.0,14.0,10.0,Yes,UOL Entry Test,Easy,40% / 100 marks,20.0
PK-PUN-010,University of Lahore,Private,Punjab,Lahore,1999,0,W2,English Literature,Arts & Social Sciences,2024,348,182,166,14,24.9,7.0,49.0,292.0,34.0,56.0,29.0,2.99,41.8,10.3,Mostly Rural,77125.0,6.0,7.0,Yes,UOL Entry Test,Easy,40% / 100 marks,25.0
PK-PUN-010,University of Lahore,Private,Punjab,Lahore,1999,0,W2,English Literature,Arts & Social Sciences,2025,362,223,139,14,25.9,20.0,59.0,283.0,56.5,27.0,37.0,3.57,45.2,3.9,Mixed Urban-Rural,80368.0,10.0,31.0,Yes,UOL Entry Test,Easy,40% / 100 marks,20.0
PK-PUN-010,University of Lahore,Private,Punjab,Lahore,1999,0,W2,History,Arts & Social Sciences,2022,937,589,348,26,36.0,21.0,7.0,909.0,67.0,41.0,53.0,3.35,39.2,15.2,Mostly Urban,117224.0,2.0,4.0,Yes,UOL Entry Test,Easy,40% / 100 marks,26.0
PK-PUN-010,University of Lahore,Private,Punjab,Lahore,1999,0,W2,History,Arts & Social Sciences,2023,904,462,442,35,25.8,41.0,128.0,735.0,56.5,50.0,27.0,2.96,32.7,5.9,Mostly Urban,95053.0,4.0,25.0,Yes,UOL Entry Test,Easy,40% / 100 marks,22.5
PK-PUN-010,University of Lahore,Private,Punjab,Lahore,1999,0,W2,History,Arts & Social Sciences,2024,898,495,403,31,29.0,54.0,0.0,844.0,70.0,23.0,25.0,3.36,33.1,15.0,Mixed Urban-Rural,83500.0,9.0,20.0,Yes,UOL Entry Test,Easy,40% / 100 marks,20.0
PK-PUN-010,University of Lahore,Private,Punjab,Lahore,1999,0,W2,History,Arts & Social Sciences,2025,882,513,369,36,24.5,67.0,39.0,776.0,103.0,36.0,35.0,2.94,39.3,14.1,Mostly Urban,118077.0,4.0,28.0,Yes,UOL Entry Test,Easy,40% / 100 marks,21.0
PK-PUN-010,University of Lahore,Private,Punjab,Lahore,1999,0,W2,Mathematics,STEM,2022,773,392,381,34,22.7,57.0,142.0,574.0,102.0,11.0,79.0,2.86,51.4,11.3,Mostly Urban,68527.0,18.0,25.0,Yes,UOL Entry Test,Easy,40% / 100 marks,22.0
PK-PUN-010,University of Lahore,Private,Punjab,Lahore,1999,0,W2,Mathematics,STEM,2023,969,419,550,28,34.6,18.0,29.0,922.0,187.0,59.0,68.0,3.58,53.4,10.9,Mostly Rural,96144.0,13.0,22.5,Yes,UOL Entry Test,Easy,40% / 100 marks,20.0
PK-PUN-010,University of Lahore,Private,Punjab,Lahore,1999,0,W2,Mathematics,STEM,2024,1000,552,448,33,30.3,0.0,95.0,905.0,36.0,33.0,64.0,3.15,60.7,3.0,Mostly Rural,127487.0,3.0,3.0,Yes,UOL Entry Test,Easy,40% / 100 marks,24.0
PK-PUN-010,University of Lahore,Private,Punjab,Lahore,1999,0,W2,Mathematics,STEM,2025,1004,475,529,31,32.4,12.0,0.0,992.0,84.0,37.0,20.0,3.15,62.3,14.3,Mostly Urban,107989.0,9.0,24.0,Yes,UOL Entry Test,Easy,40% / 100 marks,20.0
PK-PUN-010,University of Lahore,Private,Punjab,Lahore,1999,0,W2,Pharmacy,STEM,2022,645,317,328,19,33.9,25.0,76.0,544.0,16.0,33.0,52.0,3.58,72.7,13.2,Mostly Urban,91987.0,11.0,22.5,Yes,UOL Entry Test,Easy,40% / 100 marks,22.0
PK-PUN-010,University of Lahore,Private,Punjab,Lahore,1999,0,W2,Pharmacy,STEM,2023,638,442,196,21,30.4,26.0,75.0,537.0,52.0,48.0,69.0,3.22,84.4,7.7,Mostly Urban,105910.0,18.0,35.0,Yes,UOL Entry Test,Easy,40% / 100 marks,23.0
PK-PUN-010,University of Lahore,Private,Punjab,Lahore,1999,0,W2,Pharmacy,STEM,2024,645,384,261,27,23.9,27.0,116.0,502.0,14.0,23.0,65.0,2.63,80.5,10.9,Mostly Urban,71581.0,9.0,22.0,Yes,UOL Entry Test,Easy,40% / 100 marks,24.0
PK-PUN-010,University of Lahore,Private,Punjab,Lahore,1999,0,W2,Pharmacy,STEM,2025,656,464,192,22,29.8,48.0,94.0,514.0,56.5,35.0,51.0,3.0,80.9,17.0,Mostly Rural,70437.0,3.0,8.0,Yes,UOL Entry Test,Easy,40% / 100 marks,23.0
PK-PUN-010,University of Lahore,Private,Punjab,Lahore,1999,0,W2,Physics,STEM,2022,617,360,257,19,32.5,25.0,55.0,537.0,56.5,33.0,73.0,3.13,45.5,4.2,Mixed Urban-Rural,64758.0,9.0,23.0,Yes,UOL Entry Test,Easy,40% / 100 marks,21.0
PK-PUN-010,University of Lahore,Private,Punjab,Lahore,1999,0,W2,Physics,STEM,2023,637,270,367,19,33.5,0.0,36.0,601.0,10.0,49.0,65.0,3.15,49.5,10.9,Mixed Urban-Rural,96144.0,9.0,14.0,Yes,UOL Entry Test,Easy,40% / 100 marks,23.0
PK-PUN-010,University of Lahore,Private,Punjab,Lahore,1999,0,W2,Physics,STEM,2024,768,526,242,28,27.4,32.0,143.0,593.0,76.0,30.0,30.0,2.91,59.2,16.1,Mixed Urban-Rural,96144.0,17.0,22.5,Yes,UOL Entry Test,Easy,40% / 100 marks,21.0
PK-PUN-010,University of Lahore,Private,Punjab,Lahore,1999,0,W2,Physics,STEM,2025,753,469,284,29,26.0,0.0,15.0,738.0,143.0,50.0,52.0,3.43,46.2,17.1,Mostly Rural,96144.0,20.0,22.5,Yes,UOL Entry Test,Easy,40% / 100 marks,26.0
PK-PUN-010,University of Lahore,Private,Punjab,Lahore,1999,0,W2,Political Science,Arts & Social Sciences,2022,681,284,397,20,34.0,50.0,34.0,597.0,16.0,14.0,13.0,3.15,39.4,2.0,Mostly Urban,96144.0,9.0,5.0,Yes,UOL Entry Test,Easy,40% / 100 marks,21.0
PK-PUN-010,University of Lahore,Private,Punjab,Lahore,1999,0,W2,Political Science,Arts & Social Sciences,2023,707,406,301,27,26.2,37.0,54.0,616.0,41.0,33.0,32.0,2.88,49.4,8.3,Mixed Urban-Rural,70147.0,9.0,32.0,Yes,UOL Entry Test,Easy,40% / 100 marks,21.0
PK-PUN-010,University of Lahore,Private,Punjab,Lahore,1999,0,W2,Political Science,Arts & Social Sciences,2024,739,526,213,30,24.6,9.0,143.0,587.0,23.0,33.0,30.0,2.68,43.0,8.2,Mixed Urban-Rural,82962.0,9.0,15.0,Yes,UOL Entry Test,Easy,40% / 100 marks,20.0
PK-PUN-010,University of Lahore,Private,Punjab,Lahore,1999,0,W2,Political Science,Arts & Social Sciences,2025,665,460,205,24,27.7,45.0,76.0,544.0,114.0,37.0,72.0,3.66,39.0,9.8,Mixed Urban-Rural,84864.0,10.0,8.0,Yes,UOL Entry Test,Easy,40% / 100 marks,21.0
PK-PUN-010,University of Lahore,Private,Punjab,Lahore,1999,0,W2,Sociology,Arts & Social Sciences,2022,626,308,318,22,28.5,0.0,20.0,606.0,62.0,22.0,9.0,3.25,49.1,4.5,Mostly Rural,98687.0,9.0,19.0,Yes,UOL Entry Test,Easy,40% / 100 marks,25.0
PK-PUN-010,University of Lahore,Private,Punjab,Lahore,1999,0,W2,Sociology,Arts & Social Sciences,2023,771,467,304,25,30.8,60.0,153.0,558.0,56.5,33.0,49.0,2.92,56.2,1.8,Mostly Urban,105995.0,6.0,25.0,Yes,UOL Entry Test,Easy,40% / 100 marks,20.0
PK-PUN-010,University of Lahore,Private,Punjab,Lahore,1999,0,W2,Sociology,Arts & Social Sciences,2024,795,402,393,31,25.6,0.0,80.0,715.0,5.0,42.0,13.0,3.66,55.1,16.4,Mixed Urban-Rural,96144.0,3.0,21.0,Yes,UOL Entry Test,Easy,40% / 100 marks,25.0
PK-PUN-010,University of Lahore,Private,Punjab,Lahore,1999,0,W2,Sociology,Arts & Social Sciences,2025,726,453,273,29,25.0,53.0,113.0,560.0,91.0,33.0,78.0,3.21,56.1,15.4,Mostly Urban,102992.0,3.0,22.5,Yes,UOL Entry Test,Easy,40% / 100 marks,24.0
PK-PUN-006,University of Management & Technology,Private,Punjab,Lahore,1990,0,W2,Civil Engineering,STEM,2022,170,74,96,6,28.3,7.0,12.0,151.0,41.0,15.0,45.0,3.29,61.5,8.4,Mostly Urban,103892.0,17.0,9.0,Yes,UMT Entry Test,Easy,45% / 100 marks,18.0
PK-PUN-006,University of Management & Technology,Private,Punjab,Lahore,1990,0,W2,Civil Engineering,STEM,2023,156,94,62,5,31.2,11.0,29.0,116.0,24.0,12.0,70.0,3.7,68.1,11.3,Mostly Rural,92288.0,3.0,26.0,Yes,UMT Entry Test,Easy,45% / 100 marks,19.0
PK-PUN-006,University of Management & Technology,Private,Punjab,Lahore,1990,0,W2,Civil Engineering,STEM,2024,186,128,58,6,31.0,13.0,37.0,136.0,21.0,41.0,78.0,2.64,63.7,5.9,Mostly Urban,113884.0,3.0,17.0,Yes,UMT Entry Test,Easy,45% / 100 marks,17.0
PK-PUN-006,University of Management & Technology,Private,Punjab,Lahore,1990,0,W2,Civil Engineering,STEM,2025,175,120,55,5,35.0,3.0,35.0,137.0,26.0,41.0,42.0,3.69,60.3,3.4,Mixed Urban-Rural,98068.0,14.0,17.0,Yes,UMT Entry Test,Easy,45% / 100 marks,19.0
PK-PUN-006,University of Management & Technology,Private,Punjab,Lahore,1990,0,W2,Computer Science,STEM,2022,762,413,349,32,23.8,46.0,24.0,692.0,70.0,57.0,24.0,3.36,88.9,6.3,Mostly Urban,99991.0,1.0,4.0,Yes,UMT Entry Test,Easy,45% / 100 marks,17.0
PK-PUN-006,University of Management & Technology,Private,Punjab,Lahore,1990,0,W2,Computer Science,STEM,2023,900,585,315,26,34.6,59.0,123.0,718.0,36.0,53.0,45.0,3.28,89.4,6.1,Mostly Urban,136299.0,9.0,5.0,Yes,UMT Entry Test,Easy,45% / 100 marks,18.0
PK-PUN-006,University of Management & Technology,Private,Punjab,Lahore,1990,0,W2,Computer Science,STEM,2024,975,424,551,36,27.1,55.0,131.0,789.0,166.0,21.0,27.0,3.28,82.4,8.1,Mostly Urban,166854.0,8.0,31.0,Yes,UMT Entry Test,Easy,45% / 100 marks,19.0
PK-PUN-006,University of Management & Technology,Private,Punjab,Lahore,1990,0,W2,Computer Science,STEM,2025,913,489,424,34,26.9,47.0,106.0,760.0,5.0,1.0,7.0,3.11,79.9,1.6,Mixed Urban-Rural,102579.0,19.0,17.0,Yes,UMT Entry Test,Easy,45% / 100 marks,19.0
PK-PUN-006,University of Management & Technology,Private,Punjab,Lahore,1990,0,W2,Industrial Engineering,STEM,2022,664,376,288,20,33.2,0.0,35.0,629.0,113.0,54.0,43.0,2.91,63.9,15.0,Mostly Rural,64751.0,9.0,19.0,Yes,UMT Entry Test,Easy,45% / 100 marks,14.0
PK-PUN-006,University of Management & Technology,Private,Punjab,Lahore,1990,0,W2,Industrial Engineering,STEM,2023,666,259,407,25,26.6,23.0,67.0,576.0,41.0,38.0,45.0,3.23,65.0,6.8,Mostly Rural,65333.0,18.0,5.0,Yes,UMT Entry Test,Easy,45% / 100 marks,19.0
PK-PUN-006,University of Management & Technology,Private,Punjab,Lahore,1990,0,W2,Industrial Engineering,STEM,2024,757,428,329,25,30.3,19.0,107.0,631.0,30.0,48.0,73.0,3.42,73.0,7.3,Mixed Urban-Rural,67362.0,9.0,2.0,Yes,UMT Entry Test,Easy,45% / 100 marks,18.0
PK-PUN-006,University of Management & Technology,Private,Punjab,Lahore,1990,0,W2,Industrial Engineering,STEM,2025,722,363,359,24,30.1,0.0,26.0,696.0,68.0,41.0,74.0,3.38,66.2,1.8,Mostly Rural,121805.0,9.0,17.0,Yes,UMT Entry Test,Easy,45% / 100 marks,18.0
PK-PUN-006,University of Management & Technology,Private,Punjab,Lahore,1990,0,W2,Mechanical Engineering,STEM,2022,792,509,283,32,24.8,44.0,151.0,597.0,104.0,41.0,45.0,3.28,72.8,11.0,Mixed Urban-Rural,110079.0,4.0,12.0,Yes,UMT Entry Test,Easy,45% / 100 marks,17.0
PK-PUN-006,University of Management & Technology,Private,Punjab,Lahore,1990,0,W2,Mechanical Engineering,STEM,2023,815,501,314,27,30.2,5.0,101.0,709.0,41.0,41.0,34.0,3.66,77.0,7.3,Mixed Urban-Rural,82551.0,9.0,17.0,Yes,UMT Entry Test,Easy,45% / 100 marks,14.0
PK-PUN-006,University of Management & Technology,Private,Punjab,Lahore,1990,0,W2,Mechanical Engineering,STEM,2024,739,317,422,23,32.1,42.0,37.0,660.0,101.0,43.0,44.0,3.54,76.6,7.3,Mostly Rural,119213.0,9.0,17.0,Yes,UMT Entry Test,Easy,45% / 100 marks,18.0
PK-PUN-006,University of Management & Technology,Private,Punjab,Lahore,1990,0,W2,Mechanical Engineering,STEM,2025,814,326,488,24,33.9,22.0,3.0,789.0,33.0,9.0,40.0,3.28,65.0,14.1,Mostly Rural,94740.0,9.0,24.0,Yes,UMT Entry Test,Easy,45% / 100 marks,14.0
PK-PUN-006,University of Management & Technology,Private,Punjab,Lahore,1990,0,W2,Software Engineering,STEM,2022,391,177,214,11,35.5,0.0,47.0,344.0,75.0,59.0,65.0,3.32,76.3,12.9,Mostly Urban,142915.0,4.0,18.0,Yes,UMT Entry Test,Easy,45% / 100 marks,17.0
PK-PUN-006,University of Management & Technology,Private,Punjab,Lahore,1990,0,W2,Software Engineering,STEM,2023,416,192,224,12,34.7,33.0,0.0,383.0,72.0,40.0,76.0,3.21,90.9,6.9,Mostly Urban,90191.0,9.0,27.0,Yes,UMT Entry Test,Easy,45% / 100 marks,15.0
PK-PUN-006,University of Management & Technology,Private,Punjab,Lahore,1990,0,W2,Software Engineering,STEM,2024,430,281,149,14,30.7,12.0,41.0,377.0,50.0,41.0,80.0,3.12,86.1,7.3,Mostly Rural,133703.0,1.0,6.0,Yes,UMT Entry Test,Easy,45% / 100 marks,20.0
PK-PUN-006,University of Management & Technology,Private,Punjab,Lahore,1990,0,W2,Software Engineering,STEM,2025,480,204,276,17,28.2,35.0,17.0,428.0,14.0,41.0,71.0,2.64,76.7,5.0,Mostly Urban,102579.0,19.0,13.0,Yes,UMT Entry Test,Easy,45% / 100 marks,15.0
PK-PUN-006,University of Management & Technology,Private,Punjab,Lahore,1990,0,W2,Telecommunication,STEM,2022,235,108,127,9,26.1,17.0,44.0,174.0,20.0,41.0,71.0,3.69,82.9,16.8,Mixed Urban-Rural,98351.0,19.0,27.0,Yes,UMT Entry Test,Easy,45% / 100 marks,17.0
PK-PUN-006,University of Management & Technology,Private,Punjab,Lahore,1990,0,W2,Telecommunication,STEM,2023,266,185,81,8,33.2,5.0,14.0,247.0,41.0,41.0,15.0,2.83,78.9,13.6,Mostly Urban,115405.0,20.0,17.0,Yes,UMT Entry Test,Easy,45% / 100 marks,14.0
PK-PUN-006,University of Management & Technology,Private,Punjab,Lahore,1990,0,W2,Telecommunication,STEM,2024,239,164,75,9,26.6,0.0,30.0,209.0,32.0,41.0,41.0,3.28,80.0,4.3,Mostly Urban,110096.0,5.0,27.0,Yes,UMT Entry Test,Easy,45% / 100 marks,15.0
PK-PUN-006,University of Management & Technology,Private,Punjab,Lahore,1990,0,W2,Telecommunication,STEM,2025,254,166,88,9,28.2,10.0,10.0,234.0,42.0,58.0,70.0,2.84,78.3,11.3,Mostly Rural,77562.0,9.0,1.0,Yes,UMT Entry Test,Easy,45% / 100 marks,17.0
PK-PUN-030,University of Okara,Public,Punjab,Okara,2012,0,W1,Civil Engineering,STEM,2022,237,126,111,8,29.6,16.0,47.0,174.0,30.0,32.0,54.0,3.345,62.7,5.7,Mostly Rural,43654.0,13.0,4.0,Yes,UO Entry Test,Easy,40% / 100 marks,8.0
PK-PUN-030,University of Okara,Public,Punjab,Okara,2012,0,W1,Civil Engineering,STEM,2023,258,131,127,11,23.5,5.0,47.0,206.0,29.0,34.0,63.0,2.97,66.2,12.4,Mostly Rural,32843.0,13.0,15.0,Yes,UO Entry Test,Easy,40% / 100 marks,6.0
PK-PUN-030,University of Okara,Public,Punjab,Okara,2012,0,W1,Civil Engineering,STEM,2024,265,168,97,7,37.9,0.0,51.0,214.0,10.0,51.0,32.0,3.69,75.1,11.9,Mostly Rural,31211.0,13.0,0.0,Yes,UO Entry Test,Easy,40% / 100 marks,10.0
PK-PUN-030,University of Okara,Public,Punjab,Okara,2012,0,W1,Civil Engineering,STEM,2025,305,125,180,8,38.1,15.0,43.0,247.0,19.0,24.0,66.0,3.345,70.3,12.4,Mostly Urban,37164.0,17.0,23.0,Yes,UO Entry Test,Easy,40% / 100 marks,7.0
PK-PUN-030,University of Okara,Public,Punjab,Okara,2012,0,W1,Electrical Engineering,STEM,2022,412,164,248,13,31.7,0.0,73.0,339.0,79.0,34.0,5.0,3.6,81.4,12.4,Mostly Urban,30800.5,9.0,1.0,Yes,UO Entry Test,Easy,40% / 100 marks,10.0
PK-PUN-030,University of Okara,Public,Punjab,Okara,2012,0,W1,Electrical Engineering,STEM,2023,376,247,129,12,31.3,25.0,73.0,278.0,9.0,34.0,63.0,3.38,77.0,12.4,Mostly Rural,19877.0,20.0,27.0,Yes,UO Entry Test,Easy,40% / 100 marks,6.0
PK-PUN-030,University of Okara,Public,Punjab,Okara,2012,0,W1,Electrical Engineering,STEM,2024,422,202,220,12,35.2,10.0,1.0,411.0,50.0,8.0,63.0,3.42,83.7,12.4,Mostly Rural,12380.0,10.0,18.0,Yes,UO Entry Test,Easy,40% / 100 marks,7.0
PK-PUN-030,University of Okara,Public,Punjab,Okara,2012,0,W1,Electrical Engineering,STEM,2025,448,218,230,18,24.9,0.0,65.0,383.0,32.0,52.0,63.0,3.35,73.0,13.4,Mostly Urban,30800.5,13.0,6.0,Yes,UO Entry Test,Easy,40% / 100 marks,8.0
PK-PUN-030,University of Okara,Public,Punjab,Okara,2012,0,W1,Information Technology,STEM,2022,119,70,49,5,23.8,9.0,9.0,101.0,12.0,34.0,12.0,2.92,76.4,12.4,Mostly Rural,24070.0,18.0,13.0,Yes,UO Entry Test,Easy,40% / 100 marks,6.0
PK-PUN-030,University of Okara,Public,Punjab,Okara,2012,0,W1,Information Technology,STEM,2023,118,71,47,5,23.6,2.0,10.0,106.0,22.0,34.0,65.0,3.12,82.4,12.0,Mostly Urban,30390.0,3.0,29.0,Yes,UO Entry Test,Easy,40% / 100 marks,7.0
PK-PUN-030,University of Okara,Public,Punjab,Okara,2012,0,W1,Information Technology,STEM,2024,136,82,54,5,27.2,0.0,3.0,133.0,5.0,36.0,63.0,2.88,80.5,12.4,Mixed Urban-Rural,13355.0,8.0,13.0,Yes,UO Entry Test,Easy,40% / 100 marks,8.0
PK-PUN-030,University of Okara,Public,Punjab,Okara,2012,0,W1,Information Technology,STEM,2025,128,64,64,5,25.6,5.0,5.0,118.0,21.0,54.0,65.0,3.67,82.7,18.0,Mostly Urban,40478.0,18.0,9.0,Yes,UO Entry Test,Easy,40% / 100 marks,8.0
PK-PUN-030,University of Okara,Public,Punjab,Okara,2012,0,W1,Law,Arts & Social Sciences,2022,210,103,107,9,23.3,0.0,37.0,173.0,40.0,48.0,74.0,3.05,66.4,12.4,Mostly Rural,17725.0,7.0,13.0,Yes,UO Entry Test,Easy,40% / 100 marks,6.0
PK-PUN-030,University of Okara,Public,Punjab,Okara,2012,0,W1,Law,Arts & Social Sciences,2023,251,150,101,9,27.9,0.0,47.0,204.0,30.0,34.0,70.0,3.53,66.0,15.2,Mostly Urban,30800.5,17.0,33.0,Yes,UO Entry Test,Easy,40% / 100 marks,8.0
PK-PUN-030,University of Okara,Public,Punjab,Okara,2012,0,W1,Law,Arts & Social Sciences,2024,248,157,91,9,27.6,1.0,32.0,215.0,7.0,53.0,77.0,3.34,76.4,9.8,Mixed Urban-Rural,40224.0,14.0,11.0,Yes,UO Entry Test,Easy,40% / 100 marks,7.0
PK-PUN-030,University of Okara,Public,Punjab,Okara,2012,0,W1,Law,Arts & Social Sciences,2025,255,127,128,7,36.4,12.0,17.0,226.0,30.0,8.0,37.0,2.78,77.8,12.4,Mixed Urban-Rural,25789.0,2.0,13.0,Yes,UO Entry Test,Easy,40% / 100 marks,7.0
PK-PUN-030,University of Okara,Public,Punjab,Okara,2012,0,W1,Mathematics,STEM,2022,233,148,85,10,23.3,8.0,23.0,202.0,30.0,34.0,31.0,3.345,57.0,5.2,Mostly Rural,10163.0,9.0,2.0,Yes,UO Entry Test,Easy,40% / 100 marks,9.0
PK-PUN-030,University of Okara,Public,Punjab,Okara,2012,0,W1,Mathematics,STEM,2023,241,110,131,10,24.1,0.0,35.0,206.0,30.0,23.0,22.0,3.68,58.2,14.0,Mostly Urban,30800.5,14.0,13.0,Yes,UO Entry Test,Easy,40% / 100 marks,8.0
PK-PUN-030,University of Okara,Public,Punjab,Okara,2012,0,W1,Mathematics,STEM,2024,219,119,100,8,27.4,16.0,8.0,195.0,30.0,34.0,71.0,3.15,65.9,15.2,Mostly Urban,30086.0,13.0,14.0,Yes,UO Entry Test,Easy,40% / 100 marks,6.0
PK-PUN-030,University of Okara,Public,Punjab,Okara,2012,0,W1,Mathematics,STEM,2025,256,169,87,8,32.0,1.0,28.0,227.0,42.0,41.0,63.0,2.86,61.4,12.4,Mixed Urban-Rural,16112.0,17.0,17.0,Yes,UO Entry Test,Easy,40% / 100 marks,8.0
PK-PUN-030,University of Okara,Public,Punjab,Okara,2012,0,W1,Urdu,Arts & Social Sciences,2022,231,147,84,10,23.1,18.0,45.0,168.0,5.0,14.0,73.0,3.35,39.8,7.6,Mostly Rural,35588.0,13.0,22.0,Yes,UO Entry Test,Easy,40% / 100 marks,9.0
PK-PUN-030,University of Okara,Public,Punjab,Okara,2012,0,W1,Urdu,Arts & Social Sciences,2023,235,147,88,7,33.6,0.0,45.0,190.0,34.0,10.0,72.0,3.67,35.5,15.1,Mostly Rural,36093.0,9.0,8.0,Yes,UO Entry Test,Easy,40% / 100 marks,9.0
PK-PUN-030,University of Okara,Public,Punjab,Okara,2012,0,W1,Urdu,Arts & Social Sciences,2024,256,145,111,8,32.0,16.0,43.0,197.0,43.0,58.0,61.0,3.345,43.2,12.9,Mixed Urban-Rural,41410.0,14.0,23.0,Yes,UO Entry Test,Easy,40% / 100 marks,9.0
PK-PUN-030,University of Okara,Public,Punjab,Okara,2012,0,W1,Urdu,Arts & Social Sciences,2025,280,171,109,8,35.0,1.0,29.0,250.0,52.0,25.0,63.0,2.7,36.0,6.4,Mostly Urban,42858.0,12.0,5.0,Yes,UO Entry Test,Easy,40% / 100 marks,9.0
PK-PUN-026,University of Sargodha,Public,Punjab,Sargodha,2002,0,W1,Business Administration,Business,2022,129,83,46,5,25.8,0.0,18.0,111.0,19.0,29.0,59.0,2.85,73.0,15.1,Mostly Rural,20041.0,7.5,3.0,Yes,UOS Entry Test,Easy,45% / 100 marks,21.0
PK-PUN-026,University of Sargodha,Public,Punjab,Sargodha,2002,0,W1,Business Administration,Business,2023,134,85,49,5,26.8,10.0,9.0,115.0,26.0,26.0,56.0,3.45,65.0,5.3,Mixed Urban-Rural,24400.5,8.0,24.0,Yes,UOS Entry Test,Easy,45% / 100 marks,17.0
PK-PUN-026,University of Sargodha,Public,Punjab,Sargodha,2002,0,W1,Business Administration,Business,2024,111,57,54,5,22.2,6.0,20.0,85.0,13.0,43.0,51.0,3.19,63.4,9.9,Mostly Urban,17212.0,7.5,30.0,Yes,UOS Entry Test,Easy,45% / 100 marks,21.0
PK-PUN-026,University of Sargodha,Public,Punjab,Sargodha,2002,0,W1,Business Administration,Business,2025,136,53,83,5,27.2,5.0,3.0,128.0,22.0,34.0,70.0,3.17,76.8,11.9,Mostly Rural,24400.5,5.0,0.0,Yes,UOS Entry Test,Easy,45% / 100 marks,22.0
PK-PUN-026,University of Sargodha,Public,Punjab,Sargodha,2002,0,W1,Computer Science,STEM,2022,201,106,95,6,33.5,16.0,28.0,157.0,35.0,60.0,45.0,2.85,78.8,2.0,Mostly Urban,16523.0,16.0,15.5,Yes,UOS Entry Test,Easy,45% / 100 marks,19.0
PK-PUN-026,University of Sargodha,Public,Punjab,Sargodha,2002,0,W1,Computer Science,STEM,2023,245,144,101,7,35.0,0.0,36.0,209.0,42.0,42.0,56.0,3.17,79.2,9.5,Mostly Urban,12999.0,19.0,26.0,Yes,UOS Entry Test,Easy,45% / 100 marks,19.0
PK-PUN-026,University of Sargodha,Public,Punjab,Sargodha,2002,0,W1,Computer Science,STEM,2024,213,140,73,7,30.4,5.0,32.0,176.0,26.0,25.0,41.0,3.17,84.7,9.9,Mostly Rural,10708.0,3.0,15.5,Yes,UOS Entry Test,Easy,45% / 100 marks,21.0
PK-PUN-026,University of Sargodha,Public,Punjab,Sargodha,2002,0,W1,Computer Science,STEM,2025,211,129,82,6,35.2,2.0,33.0,176.0,36.0,23.0,38.0,2.67,84.5,3.8,Mostly Urban,25633.0,11.0,1.0,Yes,UOS Entry Test,Easy,45% / 100 marks,20.0
PK-PUN-026,University of Sargodha,Public,Punjab,Sargodha,2002,0,W1,Education,Arts & Social Sciences,2022,405,177,228,13,31.2,0.0,43.0,362.0,34.0,25.0,24.0,2.81,67.1,10.5,Mixed Urban-Rural,24400.5,5.0,35.0,Yes,UOS Entry Test,Easy,45% / 100 marks,18.0
PK-PUN-026,University of Sargodha,Public,Punjab,Sargodha,2002,0,W1,Education,Arts & Social Sciences,2023,435,244,191,14,31.1,0.0,34.0,401.0,81.0,25.0,36.0,2.71,64.8,10.3,Mostly Urban,8456.0,7.5,15.5,Yes,UOS Entry Test,Easy,45% / 100 marks,22.0
PK-PUN-026,University of Sargodha,Public,Punjab,Sargodha,2002,0,W1,Education,Arts & Social Sciences,2024,474,278,196,14,33.9,0.0,70.0,404.0,78.0,25.0,19.0,3.38,65.7,7.3,Mostly Rural,37488.0,7.0,21.0,Yes,UOS Entry Test,Easy,45% / 100 marks,22.0
PK-PUN-026,University of Sargodha,Public,Punjab,Sargodha,2002,0,W1,Education,Arts & Social Sciences,2025,499,290,209,21,23.8,38.0,10.0,451.0,20.0,25.0,50.0,3.17,66.6,4.2,Mostly Rural,29905.0,4.0,19.0,Yes,UOS Entry Test,Easy,45% / 100 marks,17.0
PK-PUN-026,University of Sargodha,Public,Punjab,Sargodha,2002,0,W1,Electrical Engineering,STEM,2022,136,89,47,5,27.2,1.0,20.0,115.0,7.0,34.0,19.0,3.12,77.3,17.6,Mostly Rural,36458.0,9.0,19.0,Yes,UOS Entry Test,Easy,45% / 100 marks,19.0
PK-PUN-026,University of Sargodha,Public,Punjab,Sargodha,2002,0,W1,Electrical Engineering,STEM,2023,137,93,44,5,27.4,6.0,27.0,104.0,17.0,7.0,66.0,3.31,78.0,16.3,Mostly Urban,11072.0,18.0,18.0,Yes,UOS Entry Test,Easy,45% / 100 marks,19.0
PK-PUN-026,University of Sargodha,Public,Punjab,Sargodha,2002,0,W1,Electrical Engineering,STEM,2024,139,75,64,5,27.8,7.0,13.0,119.0,5.0,26.0,9.0,3.05,83.4,9.9,Mostly Rural,17071.0,2.0,14.0,Yes,UOS Entry Test,Easy,45% / 100 marks,16.0
PK-PUN-026,University of Sargodha,Public,Punjab,Sargodha,2002,0,W1,Electrical Engineering,STEM,2025,141,90,51,5,28.2,11.0,14.0,116.0,26.0,29.0,10.0,2.67,72.3,4.5,Mostly Urban,29512.0,3.0,8.0,Yes,UOS Entry Test,Easy,45% / 100 marks,20.0
PK-PUN-026,University of Sargodha,Public,Punjab,Sargodha,2002,0,W1,English Literature,Arts & Social Sciences,2022,387,175,212,14,27.6,7.0,41.0,339.0,25.0,25.0,60.0,3.13,48.4,12.8,Mostly Urban,13401.0,1.0,10.0,Yes,UOS Entry Test,Easy,45% / 100 marks,22.0
PK-PUN-026,University of Sargodha,Public,Punjab,Sargodha,2002,0,W1,English Literature,Arts & Social Sciences,2023,370,255,115,11,33.6,0.0,7.0,363.0,10.0,9.0,54.0,3.55,47.4,15.4,Mixed Urban-Rural,27733.0,11.0,3.0,Yes,UOS Entry Test,Easy,45% / 100 marks,22.0
PK-PUN-026,University of Sargodha,Public,Punjab,Sargodha,2002,0,W1,English Literature,Arts & Social Sciences,2024,409,194,215,13,31.5,28.0,34.0,347.0,26.0,3.0,79.0,3.65,42.0,5.2,Mostly Rural,34230.0,7.0,11.0,Yes,UOS Entry Test,Easy,45% / 100 marks,21.0
PK-PUN-026,University of Sargodha,Public,Punjab,Sargodha,2002,0,W1,English Literature,Arts & Social Sciences,2025,429,263,166,17,25.2,14.0,61.0,354.0,36.0,52.0,45.0,3.52,47.5,7.1,Mostly Rural,19848.0,6.0,15.5,Yes,UOS Entry Test,Easy,45% / 100 marks,21.0
PK-PUN-026,University of Sargodha,Public,Punjab,Sargodha,2002,0,W1,Mechanical Engineering,STEM,2022,435,202,233,14,31.1,4.0,16.0,415.0,35.0,2.0,61.0,3.17,72.6,3.7,Mostly Rural,24400.5,11.0,31.0,Yes,UOS Entry Test,Easy,45% / 100 marks,20.0
PK-PUN-026,University of Sargodha,Public,Punjab,Sargodha,2002,0,W1,Mechanical Engineering,STEM,2023,406,235,171,11,36.9,5.0,20.0,381.0,43.0,25.0,37.0,3.17,74.1,7.6,Mostly Urban,41468.0,17.0,15.5,Yes,UOS Entry Test,Easy,45% / 100 marks,21.0
PK-PUN-026,University of Sargodha,Public,Punjab,Sargodha,2002,0,W1,Mechanical Engineering,STEM,2024,424,197,227,12,35.3,16.0,8.0,400.0,33.0,19.0,5.0,3.17,79.6,15.9,Mostly Urban,28582.0,13.0,14.0,Yes,UOS Entry Test,Easy,45% / 100 marks,19.0
PK-PUN-026,University of Sargodha,Public,Punjab,Sargodha,2002,0,W1,Mechanical Engineering,STEM,2025,448,248,200,14,32.0,4.0,68.0,376.0,60.0,25.0,5.0,2.86,79.7,16.2,Mostly Urban,8050.0,10.0,15.5,Yes,UOS Entry Test,Easy,45% / 100 marks,17.0
PK-PUN-026,University of Sargodha,Public,Punjab,Sargodha,2002,0,W1,Physics,STEM,2022,215,129,86,7,30.7,13.0,0.0,202.0,9.0,43.0,79.0,2.64,49.7,2.2,Mostly Rural,24400.5,2.0,9.0,Yes,UOS Entry Test,Easy,45% / 100 marks,21.0
PK-PUN-026,University of Sargodha,Public,Punjab,Sargodha,2002,0,W1,Physics,STEM,2023,217,120,97,7,31.0,17.0,26.0,174.0,30.0,24.0,7.0,2.99,45.6,9.3,Mixed Urban-Rural,31148.0,7.5,2.0,Yes,UOS Entry Test,Easy,45% / 100 marks,19.0
PK-PUN-026,University of Sargodha,Public,Punjab,Sargodha,2002,0,W1,Physics,STEM,2024,234,119,115,6,39.0,4.0,10.0,220.0,16.0,0.0,23.0,2.72,56.1,13.4,Mixed Urban-Rural,27030.0,7.0,18.0,Yes,UOS Entry Test,Easy,45% / 100 marks,22.0
PK-PUN-026,University of Sargodha,Public,Punjab,Sargodha,2002,0,W1,Physics,STEM,2025,206,114,92,6,34.3,16.0,37.0,153.0,8.0,38.0,38.0,3.17,55.4,10.9,Mostly Urban,26615.0,3.0,30.0,Yes,UOS Entry Test,Easy,45% / 100 marks,20.0
PK-PUN-026,University of Sargodha,Public,Punjab,Sargodha,2002,0,W1,Psychology,Arts & Social Sciences,2022,186,130,56,6,31.0,1.0,0.0,185.0,26.0,48.0,50.0,3.27,60.2,8.6,Mostly Rural,34356.0,3.0,28.0,Yes,UOS Entry Test,Easy,45% / 100 marks,21.0
PK-PUN-026,University of Sargodha,Public,Punjab,Sargodha,2002,0,W1,Psychology,Arts & Social Sciences,2023,178,124,54,8,22.2,11.0,15.0,152.0,29.0,15.0,47.0,3.02,52.5,9.9,Mostly Urban,39524.0,4.0,35.0,Yes,UOS Entry Test,Easy,45% / 100 marks,20.0
PK-PUN-026,University of Sargodha,Public,Punjab,Sargodha,2002,0,W1,Psychology,Arts & Social Sciences,2024,196,84,112,5,39.2,10.0,2.0,184.0,23.0,1.0,20.0,3.17,54.3,13.8,Mixed Urban-Rural,44081.0,13.0,15.0,Yes,UOS Entry Test,Easy,45% / 100 marks,22.0
PK-PUN-026,University of Sargodha,Public,Punjab,Sargodha,2002,0,W1,Psychology,Arts & Social Sciences,2025,205,111,94,7,29.3,1.0,0.0,204.0,23.0,14.0,28.0,3.28,53.6,6.3,Mostly Rural,22812.0,9.0,15.5,Yes,UOS Entry Test,Easy,45% / 100 marks,17.0
PK-PUN-026,University of Sargodha,Public,Punjab,Sargodha,2002,0,W1,Statistics,STEM,2022,345,206,139,13,26.5,0.0,48.0,297.0,68.0,22.0,22.0,2.96,59.3,7.1,Mostly Urban,8273.0,7.5,18.0,Yes,UOS Entry Test,Easy,45% / 100 marks,19.0
PK-PUN-026,University of Sargodha,Public,Punjab,Sargodha,2002,0,W1,Statistics,STEM,2023,314,160,154,11,28.5,1.0,6.0,307.0,10.0,33.0,16.0,3.55,68.6,15.5,Mostly Rural,8784.0,2.0,7.0,Yes,UOS Entry Test,Easy,45% / 100 marks,18.0
PK-PUN-026,University of Sargodha,Public,Punjab,Sargodha,2002,0,W1,Statistics,STEM,2024,396,179,217,16,24.8,26.0,0.0,370.0,9.0,24.0,38.0,3.21,63.4,7.9,Mostly Urban,26471.0,7.5,15.5,Yes,UOS Entry Test,Easy,45% / 100 marks,16.0
PK-PUN-026,University of Sargodha,Public,Punjab,Sargodha,2002,0,W1,Statistics,STEM,2025,420,258,162,17,24.7,19.0,28.0,373.0,36.0,15.0,27.0,3.6,63.6,15.3,Mixed Urban-Rural,24400.5,19.0,16.0,Yes,UOS Entry Test,Easy,45% / 100 marks,20.0
PK-PUN-026,University of Sargodha,Public,Punjab,Sargodha,2002,0,W1,Urdu,Arts & Social Sciences,2022,411,262,149,13,31.6,7.0,74.0,330.0,16.0,36.0,6.0,3.53,40.5,11.7,Mixed Urban-Rural,17372.0,18.0,13.0,Yes,UOS Entry Test,Easy,45% / 100 marks,19.0
PK-PUN-026,University of Sargodha,Public,Punjab,Sargodha,2002,0,W1,Urdu,Arts & Social Sciences,2023,447,317,130,17,26.3,35.0,39.0,373.0,71.0,25.0,38.0,3.61,35.3,9.9,Mixed Urban-Rural,23168.0,7.5,0.0,Yes,UOS Entry Test,Easy,45% / 100 marks,16.0
PK-PUN-026,University of Sargodha,Public,Punjab,Sargodha,2002,0,W1,Urdu,Arts & Social Sciences,2024,464,247,217,16,29.0,32.0,27.0,405.0,54.0,18.0,38.0,2.89,40.6,9.9,Mostly Rural,33541.0,7.5,29.0,Yes,UOS Entry Test,Easy,45% / 100 marks,22.0
PK-PUN-026,University of Sargodha,Public,Punjab,Sargodha,2002,0,W1,Urdu,Arts & Social Sciences,2025,482,343,139,16,30.1,16.0,74.0,392.0,26.0,59.0,37.0,3.26,46.6,17.5,Mostly Rural,14982.0,20.0,11.0,Yes,UOS Entry Test,Easy,45% / 100 marks,16.0
PK-PUN-018,University of Veterinary & Animal Sciences,Public,Punjab,Lahore,1882,0,W4,Agricultural Engineering,STEM,2022,1460,644,816,55,26.5,94.0,8.0,1358.0,11.0,31.5,3.0,3.21,64.1,9.7,Mixed Urban-Rural,22161.0,11.0,3.0,Yes,UVAS Entry Test,Medium,55% / 100 marks,25.0
PK-PUN-018,University of Veterinary & Animal Sciences,Public,Punjab,Lahore,1882,0,W4,Agricultural Engineering,STEM,2023,1358,535,823,50,27.2,82.0,136.0,1140.0,273.0,56.0,40.0,2.61,58.9,11.8,Mostly Urban,10870.0,10.0,1.0,Yes,UVAS Entry Test,Medium,55% / 100 marks,25.0
PK-PUN-018,University of Veterinary & Animal Sciences,Public,Punjab,Lahore,1882,0,W4,Agricultural Engineering,STEM,2024,1318,561,757,44,30.0,14.0,95.0,1209.0,244.0,23.0,61.0,3.19,57.4,2.2,Mostly Rural,22161.0,16.0,20.0,Yes,UVAS Entry Test,Medium,55% / 100 marks,22.0
PK-PUN-018,University of Veterinary & Animal Sciences,Public,Punjab,Lahore,1882,0,W4,Agricultural Engineering,STEM,2025,1401,662,739,46,30.5,65.0,0.0,1336.0,149.0,59.0,40.0,3.2,67.2,11.9,Mostly Rural,30963.0,10.0,25.0,Yes,UVAS Entry Test,Medium,55% / 100 marks,26.0
PK-PUN-018,University of Veterinary & Animal Sciences,Public,Punjab,Lahore,1882,0,W4,Animal Husbandry,STEM,2022,2260,987,1273,69,32.8,0.0,209.0,2051.0,273.0,24.0,66.0,2.75,51.9,9.7,Mostly Rural,9997.0,5.0,25.0,Yes,UVAS Entry Test,Medium,55% / 100 marks,26.0
PK-PUN-018,University of Veterinary & Animal Sciences,Public,Punjab,Lahore,1882,0,W4,Animal Husbandry,STEM,2023,2263,1011,1252,69,32.8,0.0,347.0,1916.0,273.0,43.0,6.0,3.49,47.0,17.2,Mostly Rural,11536.0,12.0,20.0,Yes,UVAS Entry Test,Medium,55% / 100 marks,22.0
PK-PUN-018,University of Veterinary & Animal Sciences,Public,Punjab,Lahore,1882,0,W4,Animal Husbandry,STEM,2024,2492,1010,1482,98,25.4,93.0,348.0,2051.0,273.0,16.0,36.0,3.11,51.2,13.0,Mostly Urban,22161.0,3.0,33.0,Yes,UVAS Entry Test,Medium,55% / 100 marks,26.0
PK-PUN-018,University of Veterinary & Animal Sciences,Public,Punjab,Lahore,1882,0,W4,Animal Husbandry,STEM,2025,2823,1582,1241,102,27.7,0.0,330.0,2493.0,444.0,56.0,54.0,3.22,57.9,9.7,Mostly Rural,8453.0,10.0,20.0,Yes,UVAS Entry Test,Medium,55% / 100 marks,26.0
PK-PUN-018,University of Veterinary & Animal Sciences,Public,Punjab,Lahore,1882,0,W4,Fisheries,STEM,2022,2006,1235,771,60,33.4,41.0,0.0,1965.0,8.0,6.0,40.0,3.54,52.8,9.6,Mixed Urban-Rural,39395.0,10.0,25.0,Yes,UVAS Entry Test,Medium,55% / 100 marks,27.0
PK-PUN-018,University of Veterinary & Animal Sciences,Public,Punjab,Lahore,1882,0,W4,Fisheries,STEM,2023,1771,697,1074,53,33.4,47.0,224.0,1500.0,240.0,55.0,23.0,2.78,54.7,5.4,Mostly Urban,30160.0,10.0,1.0,Yes,UVAS Entry Test,Medium,55% / 100 marks,24.0
PK-PUN-018,University of Veterinary & Animal Sciences,Public,Punjab,Lahore,1882,0,W4,Fisheries,STEM,2024,1963,913,1050,56,35.1,0.0,253.0,1710.0,94.0,18.0,32.0,3.58,41.0,11.5,Mostly Rural,22161.0,3.0,17.0,Yes,UVAS Entry Test,Medium,55% / 100 marks,22.0
PK-PUN-018,University of Veterinary & Animal Sciences,Public,Punjab,Lahore,1882,0,W4,Fisheries,STEM,2025,2082,880,1202,76,27.4,56.0,1.0,2025.0,316.0,12.0,58.0,2.87,54.6,8.0,Mostly Rural,20078.0,5.0,31.0,Yes,UVAS Entry Test,Medium,55% / 100 marks,28.0
PK-PUN-018,University of Veterinary & Animal Sciences,Public,Punjab,Lahore,1882,0,W4,Food Science & Technology,STEM,2022,2619,1189,1430,76,34.5,205.0,212.0,2202.0,416.0,46.0,7.0,2.64,60.6,2.4,Mostly Rural,19106.0,10.0,2.0,Yes,UVAS Entry Test,Medium,55% / 100 marks,26.0
PK-PUN-018,University of Veterinary & Animal Sciences,Public,Punjab,Lahore,1882,0,W4,Food Science & Technology,STEM,2023,2838,1841,997,109,26.0,194.0,171.0,2473.0,273.0,27.0,37.0,3.62,54.9,8.4,Mostly Urban,36160.0,8.0,12.0,Yes,UVAS Entry Test,Medium,55% / 100 marks,26.0
PK-PUN-018,University of Veterinary & Animal Sciences,Public,Punjab,Lahore,1882,0,W4,Food Science & Technology,STEM,2024,3045,1842,1203,114,26.7,0.0,273.0,2772.0,273.0,46.0,54.0,2.71,67.6,9.5,Mixed Urban-Rural,39745.0,20.0,16.0,Yes,UVAS Entry Test,Medium,55% / 100 marks,27.0
PK-PUN-018,University of Veterinary & Animal Sciences,Public,Punjab,Lahore,1882,0,W4,Food Science & Technology,STEM,2025,2999,1859,1140,108,27.8,169.0,426.0,2404.0,19.0,38.0,43.0,2.74,63.4,8.7,Mostly Urban,24859.0,10.0,20.0,Yes,UVAS Entry Test,Medium,55% / 100 marks,25.0
PK-PUN-018,University of Veterinary & Animal Sciences,Public,Punjab,Lahore,1882,0,W4,Soil Science,STEM,2022,3106,2167,939,107,29.0,4.0,0.0,3102.0,300.0,21.0,16.0,3.08,51.4,9.7,Mostly Urban,18705.0,17.0,19.0,Yes,UVAS Entry Test,Medium,55% / 100 marks,28.0
PK-PUN-018,University of Veterinary & Animal Sciences,Public,Punjab,Lahore,1882,0,W4,Soil Science,STEM,2023,3499,1686,1813,106,33.0,256.0,131.0,3112.0,521.0,4.0,53.0,3.13,55.9,10.2,Mostly Rural,43825.0,10.0,24.0,Yes,UVAS Entry Test,Medium,55% / 100 marks,22.0
PK-PUN-018,University of Veterinary & Animal Sciences,Public,Punjab,Lahore,1882,0,W4,Soil Science,STEM,2024,3427,2452,975,139,24.7,138.0,332.0,2957.0,483.0,36.0,50.0,3.22,52.6,12.8,Mixed Urban-Rural,20635.0,1.0,28.0,Yes,UVAS Entry Test,Medium,55% / 100 marks,28.0
PK-PUN-018,University of Veterinary & Animal Sciences,Public,Punjab,Lahore,1882,0,W4,Soil Science,STEM,2025,3098,1593,1505,131,23.6,1.0,0.0,3097.0,432.0,31.5,40.0,3.35,54.4,16.4,Mixed Urban-Rural,26204.0,13.0,22.0,Yes,UVAS Entry Test,Medium,55% / 100 marks,28.0
PK-PUN-001,University of the Punjab,Public,Punjab,Lahore,1882,0,W4,Biology,STEM,2022,1454,598,856,51,28.5,80.0,0.0,1374.0,184.0,56.0,79.0,3.07,44.5,6.2,Mostly Rural,32069.0,18.0,12.0,Yes,PU Entry Test,Medium,50% / 100 marks,96.0
PK-PUN-001,University of the Punjab,Public,Punjab,Lahore,1882,0,W4,Biology,STEM,2023,1465,632,833,46,31.8,42.0,141.0,1282.0,254.0,41.0,16.0,3.6,47.5,13.7,Mostly Urban,8175.0,9.5,9.0,Yes,PU Entry Test,Medium,50% / 100 marks,86.0
PK-PUN-001,University of the Punjab,Public,Punjab,Lahore,1882,0,W4,Biology,STEM,2024,1541,834,707,70,22.0,64.0,123.0,1354.0,230.0,30.0,20.0,3.12,44.2,7.7,Mostly Urban,42208.0,7.0,17.0,Yes,PU Entry Test,Medium,50% / 100 marks,100.0
PK-PUN-001,University of the Punjab,Public,Punjab,Lahore,1882,0,W4,Biology,STEM,2025,1828,1216,612,62,29.5,0.0,238.0,1590.0,227.0,11.0,18.0,3.28,50.8,7.2,Mostly Urban,20516.0,1.0,19.5,Yes,PU Entry Test,Medium,50% / 100 marks,98.0
PK-PUN-001,University of the Punjab,Public,Punjab,Lahore,1882,0,W4,Business Administration,Business,2022,2292,875,1417,88,26.0,164.0,22.0,2106.0,11.0,2.0,35.0,2.66,64.5,13.1,Mostly Rural,9994.0,15.0,30.0,Yes,PU Entry Test,Medium,50% / 100 marks,91.0
PK-PUN-001,University of the Punjab,Public,Punjab,Lahore,1882,0,W4,Business Administration,Business,2023,2511,1507,1004,86,29.2,0.0,61.0,2450.0,95.0,8.0,22.0,2.67,64.7,10.8,Mostly Urban,43657.0,1.0,20.0,Yes,PU Entry Test,Medium,50% / 100 marks,97.0
PK-PUN-001,University of the Punjab,Public,Punjab,Lahore,1882,0,W4,Business Administration,Business,2024,2682,1173,1509,77,34.8,16.0,513.0,2153.0,417.0,42.0,4.0,2.65,74.6,5.9,Mixed Urban-Rural,41126.0,1.0,35.0,Yes,PU Entry Test,Medium,50% / 100 marks,91.0
PK-PUN-001,University of the Punjab,Public,Punjab,Lahore,1882,0,W4,Business Administration,Business,2025,2437,1208,1229,82,29.7,47.0,320.0,2070.0,254.0,11.0,62.0,2.84,74.1,14.2,Mostly Urban,13326.0,7.0,8.0,Yes,PU Entry Test,Medium,50% / 100 marks,88.0
PK-PUN-001,University of the Punjab,Public,Punjab,Lahore,1882,0,W4,Civil Engineering,STEM,2022,1848,1145,703,76,24.3,66.0,135.0,1647.0,144.0,11.0,31.0,3.0,62.2,10.8,Mixed Urban-Rural,42278.0,6.0,19.5,Yes,PU Entry Test,Medium,50% / 100 marks,86.0
PK-PUN-001,University of the Punjab,Public,Punjab,Lahore,1882,0,W4,Civil Engineering,STEM,2023,2326,1188,1138,80,29.1,128.0,380.0,1818.0,354.0,13.0,47.0,2.88,63.4,3.0,Mixed Urban-Rural,10060.0,6.0,29.0,Yes,PU Entry Test,Medium,50% / 100 marks,88.0
PK-PUN-001,University of the Punjab,Public,Punjab,Lahore,1882,0,W4,Civil Engineering,STEM,2024,2272,1150,1122,84,27.0,0.0,171.0,2101.0,327.0,57.0,35.0,2.99,69.4,16.4,Mostly Urban,43833.0,20.0,27.0,Yes,PU Entry Test,Medium,50% / 100 marks,99.0
PK-PUN-001,University of the Punjab,Public,Punjab,Lahore,1882,0,W4,Civil Engineering,STEM,2025,2426,1312,1114,96,25.3,59.0,461.0,1906.0,158.0,29.5,64.0,2.9,71.6,3.3,Mostly Urban,9871.0,20.0,33.0,Yes,PU Entry Test,Medium,50% / 100 marks,89.0
PK-PUN-001,University of the Punjab,Public,Punjab,Lahore,1882,0,W4,Computer Science,STEM,2022,1786,1023,763,74,24.1,117.0,235.0,1434.0,163.0,9.0,9.0,3.57,84.6,10.8,Mostly Urban,13267.0,8.0,19.5,Yes,PU Entry Test,Medium,50% / 100 marks,85.0
PK-PUN-001,University of the Punjab,Public,Punjab,Lahore,1882,0,W4,Computer Science,STEM,2023,1698,1093,605,76,22.3,96.0,124.0,1478.0,206.0,58.0,35.0,3.44,76.5,3.1,Mixed Urban-Rural,29437.0,14.0,34.0,Yes,PU Entry Test,Medium,50% / 100 marks,86.0
PK-PUN-001,University of the Punjab,Public,Punjab,Lahore,1882,0,W4,Computer Science,STEM,2024,1554,848,706,49,31.7,0.0,203.0,1351.0,125.0,21.0,80.0,2.81,83.4,12.2,Mostly Urban,36534.0,6.0,18.0,Yes,PU Entry Test,Medium,50% / 100 marks,98.0
PK-PUN-001,University of the Punjab,Public,Punjab,Lahore,1882,0,W4,Computer Science,STEM,2025,1708,1041,667,60,28.5,88.0,51.0,1569.0,269.0,29.0,25.0,2.78,78.2,8.2,Mostly Rural,41224.0,9.5,25.0,Yes,PU Entry Test,Medium,50% / 100 marks,100.0
PK-PUN-001,University of the Punjab,Public,Punjab,Lahore,1882,0,W4,Electrical Engineering,STEM,2022,2694,1301,1393,106,25.4,93.0,183.0,2418.0,489.0,54.0,60.0,3.34,78.1,10.3,Mixed Urban-Rural,30093.0,7.0,29.0,Yes,PU Entry Test,Medium,50% / 100 marks,90.0
PK-PUN-001,University of the Punjab,Public,Punjab,Lahore,1882,0,W4,Electrical Engineering,STEM,2023,2590,1393,1197,115,22.5,196.0,273.0,2121.0,383.0,21.0,9.0,3.02,81.9,7.4,Mostly Rural,10334.0,18.0,15.0,Yes,PU Entry Test,Medium,50% / 100 marks,90.0
PK-PUN-001,University of the Punjab,Public,Punjab,Lahore,1882,0,W4,Electrical Engineering,STEM,2024,2507,1408,1099,106,23.7,187.0,291.0,2029.0,239.0,15.0,38.0,2.76,70.3,2.8,Mixed Urban-Rural,14627.0,9.5,19.0,Yes,PU Entry Test,Medium,50% / 100 marks,89.0
PK-PUN-001,University of the Punjab,Public,Punjab,Lahore,1882,0,W4,Electrical Engineering,STEM,2025,2756,1068,1688,80,34.5,66.0,526.0,2164.0,448.0,50.0,13.0,2.65,72.1,14.6,Mostly Rural,22103.0,6.0,2.0,Yes,PU Entry Test,Medium,50% / 100 marks,95.0
PK-PUN-001,University of the Punjab,Public,Punjab,Lahore,1882,0,W4,History,Arts & Social Sciences,2022,3196,1411,1785,124,25.8,162.0,0.0,3034.0,286.0,38.0,56.0,3.27,32.1,13.2,Mixed Urban-Rural,38188.0,18.0,35.0,Yes,PU Entry Test,Medium,50% / 100 marks,97.0
PK-PUN-001,University of the Punjab,Public,Punjab,Lahore,1882,0,W4,History,Arts & Social Sciences,2023,3008,1491,1517,113,26.6,169.0,80.0,2759.0,179.0,16.0,66.0,2.83,39.1,10.8,Mostly Rural,32195.0,15.0,19.5,Yes,PU Entry Test,Medium,50% / 100 marks,92.0
PK-PUN-001,University of the Punjab,Public,Punjab,Lahore,1882,0,W4,History,Arts & Social Sciences,2024,3627,1583,2044,136,26.7,192.0,134.0,3301.0,295.0,31.0,5.0,3.04,38.9,17.2,Mostly Urban,15250.0,13.0,22.0,Yes,PU Entry Test,Medium,50% / 100 marks,95.0
PK-PUN-001,University of the Punjab,Public,Punjab,Lahore,1882,0,W4,History,Arts & Social Sciences,2025,3855,2013,1842,129,29.9,257.0,401.0,3197.0,708.0,48.0,16.0,2.91,37.1,8.2,Mostly Urban,18287.0,1.0,21.0,Yes,PU Entry Test,Medium,50% / 100 marks,99.0
PK-PUN-001,University of the Punjab,Public,Punjab,Lahore,1882,0,W4,Law,Arts & Social Sciences,2022,2801,1715,1086,120,23.3,128.0,418.0,2255.0,34.0,8.0,56.0,3.23,74.3,6.9,Mostly Urban,13961.0,13.0,12.0,Yes,PU Entry Test,Medium,50% / 100 marks,89.0
PK-PUN-001,University of the Punjab,Public,Punjab,Lahore,1882,0,W4,Law,Arts & Social Sciences,2023,3044,1323,1721,113,26.9,0.0,470.0,2574.0,305.0,29.5,28.0,3.48,79.0,11.5,Mixed Urban-Rural,40782.0,6.0,4.0,Yes,PU Entry Test,Medium,50% / 100 marks,94.0
PK-PUN-001,University of the Punjab,Public,Punjab,Lahore,1882,0,W4,Law,Arts & Social Sciences,2024,2558,1000,1558,83,30.8,137.0,24.0,2397.0,254.0,16.0,52.0,3.02,78.9,15.2,Mixed Urban-Rural,10615.0,15.0,7.0,Yes,PU Entry Test,Medium,50% / 100 marks,95.0
PK-PUN-001,University of the Punjab,Public,Punjab,Lahore,1882,0,W4,Law,Arts & Social Sciences,2025,2711,1810,901,85,31.9,123.0,99.0,2489.0,352.0,29.5,24.0,3.38,74.3,12.9,Mixed Urban-Rural,25039.0,15.0,17.0,Yes,PU Entry Test,Medium,50% / 100 marks,91.0
PK-PUN-001,University of the Punjab,Public,Punjab,Lahore,1882,0,W4,Pharmacy,STEM,2022,2873,1228,1645,99,29.0,0.0,486.0,2387.0,303.0,45.0,75.0,3.49,72.4,12.6,Mostly Rural,27158.0,1.0,19.0,Yes,PU Entry Test,Medium,50% / 100 marks,94.0
PK-PUN-001,University of the Punjab,Public,Punjab,Lahore,1882,0,W4,Pharmacy,STEM,2023,3079,1182,1897,115,26.8,0.0,321.0,2758.0,179.0,41.0,69.0,3.31,80.1,7.7,Mostly Rural,39591.0,9.5,21.0,Yes,PU Entry Test,Medium,50% / 100 marks,89.0
PK-PUN-001,University of the Punjab,Public,Punjab,Lahore,1882,0,W4,Pharmacy,STEM,2024,3246,1461,1785,135,24.0,6.0,536.0,2704.0,370.0,36.0,18.0,2.64,81.7,13.7,Mostly Rural,29595.0,18.0,34.0,Yes,PU Entry Test,Medium,50% / 100 marks,90.0
PK-PUN-001,University of the Punjab,Public,Punjab,Lahore,1882,0,W4,Pharmacy,STEM,2025,3910,2775,1135,172,22.7,116.0,467.0,3327.0,192.0,41.0,35.0,2.91,81.1,17.7,Mostly Urban,12172.0,2.0,15.0,Yes,PU Entry Test,Medium,50% / 100 marks,95.0
PK-PUN-001,University of the Punjab,Public,Punjab,Lahore,1882,0,W4,Psychology,Arts & Social Sciences,2022,3398,1842,1556,145,23.4,0.0,0.0,3398.0,79.0,29.5,35.0,3.14,66.1,10.4,Mostly Urban,36164.0,15.0,12.0,Yes,PU Entry Test,Medium,50% / 100 marks,96.0
PK-PUN-001,University of the Punjab,Public,Punjab,Lahore,1882,0,W4,Psychology,Arts & Social Sciences,2023,3396,2023,1373,106,32.0,263.0,660.0,2473.0,509.0,21.0,55.0,2.9,67.9,15.8,Mostly Urban,28237.0,6.0,20.0,Yes,PU Entry Test,Medium,50% / 100 marks,98.0
PK-PUN-001,University of the Punjab,Public,Punjab,Lahore,1882,0,W4,Psychology,Arts & Social Sciences,2024,3762,2081,1681,132,28.5,275.0,198.0,3289.0,254.0,21.0,41.0,3.15,54.9,14.1,Mixed Urban-Rural,42760.0,20.0,9.0,Yes,PU Entry Test,Medium,50% / 100 marks,94.0
PK-PUN-001,University of the Punjab,Public,Punjab,Lahore,1882,0,W4,Psychology,Arts & Social Sciences,2025,3399,1513,1886,125,27.2,213.0,275.0,2911.0,533.0,41.0,23.0,3.52,54.7,5.8,Mostly Rural,28069.0,11.0,27.0,Yes,PU Entry Test,Medium,50% / 100 marks,98.0
PK-SIN-006,Aga Khan University,Private,Sindh,Karachi,1983,0,W4,Biology,STEM,2022,2759,1983,776,105,26.3,0.0,318.0,2441.0,382.0,32.0,19.0,2.81,58.5,4.5,Mixed Urban-Rural,85145.0,13.0,21.0,Yes,AKU Entry Test,Difficult,75% / 100 marks,20.0
PK-SIN-006,Aga Khan University,Private,Sindh,Karachi,1983,0,W4,Biology,STEM,2023,2943,1289,1654,102,28.9,0.0,461.0,2482.0,514.0,32.0,66.0,3.5,48.4,7.5,Mixed Urban-Rural,101940.0,16.0,16.0,Yes,AKU Entry Test,Difficult,75% / 100 marks,19.0
PK-SIN-006,Aga Khan University,Private,Sindh,Karachi,1983,0,W4,Biology,STEM,2024,2646,1823,823,90,29.4,98.0,523.0,2025.0,294.0,3.0,7.0,2.74,47.2,7.9,Mostly Rural,114962.0,16.0,14.0,Yes,AKU Entry Test,Difficult,75% / 100 marks,19.0
PK-SIN-006,Aga Khan University,Private,Sindh,Karachi,1983,0,W4,Biology,STEM,2025,3078,2023,1055,105,29.3,0.0,260.0,2818.0,170.0,32.0,51.0,3.0,57.5,8.3,Mixed Urban-Rural,101429.0,3.0,3.0,Yes,AKU Entry Test,Difficult,75% / 100 marks,18.0
PK-SIN-006,Aga Khan University,Private,Sindh,Karachi,1983,0,W4,Civil Engineering,STEM,2022,3401,2002,1399,97,35.1,184.0,106.0,3111.0,455.0,25.0,35.0,3.03,63.6,6.4,Mostly Urban,97297.0,8.0,19.0,Yes,AKU Entry Test,Difficult,75% / 100 marks,17.0
PK-SIN-006,Aga Khan University,Private,Sindh,Karachi,1983,0,W4,Civil Engineering,STEM,2023,3075,1831,1244,107,28.7,109.0,0.0,2966.0,591.0,43.0,22.0,3.06,68.5,11.3,Mixed Urban-Rural,95146.0,20.0,29.0,Yes,AKU Entry Test,Difficult,75% / 100 marks,21.0
PK-SIN-006,Aga Khan University,Private,Sindh,Karachi,1983,0,W4,Civil Engineering,STEM,2024,3574,2422,1152,147,24.3,73.0,109.0,3392.0,299.0,55.0,66.0,3.35,71.6,3.7,Mostly Urban,76155.0,5.0,6.0,Yes,AKU Entry Test,Difficult,75% / 100 marks,22.0
PK-SIN-006,Aga Khan University,Private,Sindh,Karachi,1983,0,W4,Civil Engineering,STEM,2025,3463,2396,1067,135,25.7,0.0,386.0,3077.0,403.0,23.0,8.0,2.62,60.5,2.8,Mostly Urban,97297.0,20.0,15.0,Yes,AKU Entry Test,Difficult,75% / 100 marks,22.0
PK-SIN-006,Aga Khan University,Private,Sindh,Karachi,1983,0,W4,Economics,Business,2022,2934,1406,1528,96,30.6,125.0,279.0,2530.0,143.0,59.0,70.0,2.89,66.4,11.8,Mostly Rural,85046.0,5.0,33.0,Yes,AKU Entry Test,Difficult,75% / 100 marks,22.0
PK-SIN-006,Aga Khan University,Private,Sindh,Karachi,1983,0,W4,Economics,Business,2023,3181,1866,1315,99,32.1,0.0,0.0,3181.0,127.0,32.0,52.5,3.58,66.3,4.2,Mixed Urban-Rural,123409.0,13.0,21.0,Yes,AKU Entry Test,Difficult,75% / 100 marks,18.0
PK-SIN-006,Aga Khan University,Private,Sindh,Karachi,1983,0,W4,Economics,Business,2024,2758,1513,1245,103,26.8,142.0,31.0,2585.0,9.0,35.0,6.0,3.12,62.7,10.9,Mostly Urban,85531.0,13.0,15.0,Yes,AKU Entry Test,Difficult,75% / 100 marks,16.0
PK-SIN-006,Aga Khan University,Private,Sindh,Karachi,1983,0,W4,Economics,Business,2025,3038,1353,1685,88,34.5,95.0,27.0,2916.0,168.0,29.0,69.0,2.6,72.1,8.3,Mostly Urban,97297.0,16.0,15.0,Yes,AKU Entry Test,Difficult,75% / 100 marks,21.0
PK-SIN-006,Aga Khan University,Private,Sindh,Karachi,1983,0,W4,Education,Arts & Social Sciences,2022,1594,671,923,53,30.1,0.0,38.0,1556.0,170.0,49.0,26.0,3.58,70.0,14.9,Mostly Urban,115890.0,15.0,1.0,Yes,AKU Entry Test,Difficult,75% / 100 marks,22.0
PK-SIN-006,Aga Khan University,Private,Sindh,Karachi,1983,0,W4,Education,Arts & Social Sciences,2023,1389,620,769,42,33.1,21.0,143.0,1225.0,149.0,29.0,58.0,2.63,66.8,8.3,Mixed Urban-Rural,126599.0,16.0,34.0,Yes,AKU Entry Test,Difficult,75% / 100 marks,21.0
PK-SIN-006,Aga Khan University,Private,Sindh,Karachi,1983,0,W4,Education,Arts & Social Sciences,2024,1488,1066,422,50,29.8,115.0,211.0,1162.0,156.0,58.0,52.5,2.8,67.2,12.7,Mostly Urban,99448.0,5.0,15.0,Yes,AKU Entry Test,Difficult,75% / 100 marks,17.0
PK-SIN-006,Aga Khan University,Private,Sindh,Karachi,1983,0,W4,Education,Arts & Social Sciences,2025,1712,1185,527,56,30.6,0.0,133.0,1579.0,137.0,9.0,8.0,2.82,62.3,16.8,Mixed Urban-Rural,92556.0,13.0,2.0,Yes,AKU Entry Test,Difficult,75% / 100 marks,22.0
PK-SIN-006,Aga Khan University,Private,Sindh,Karachi,1983,0,W4,Electrical Engineering,STEM,2022,2642,1613,1029,85,31.1,22.0,0.0,2620.0,462.0,4.0,49.0,2.77,79.1,17.0,Mixed Urban-Rural,67012.0,19.0,20.0,Yes,AKU Entry Test,Difficult,75% / 100 marks,18.0
PK-SIN-006,Aga Khan University,Private,Sindh,Karachi,1983,0,W4,Electrical Engineering,STEM,2023,2527,1366,1161,110,23.0,37.0,132.0,2358.0,141.0,42.0,17.0,2.62,70.6,17.8,Mostly Urban,93368.0,7.0,4.0,Yes,AKU Entry Test,Difficult,75% / 100 marks,16.0
PK-SIN-006,Aga Khan University,Private,Sindh,Karachi,1983,0,W4,Electrical Engineering,STEM,2024,3006,1998,1008,111,27.1,199.0,225.0,2582.0,147.0,53.0,58.0,3.65,80.6,17.2,Mostly Rural,120053.0,16.0,4.0,Yes,AKU Entry Test,Difficult,75% / 100 marks,19.0
PK-SIN-006,Aga Khan University,Private,Sindh,Karachi,1983,0,W4,Electrical Engineering,STEM,2025,2654,1233,1421,118,22.5,36.0,185.0,2433.0,362.0,7.0,67.0,3.0,80.5,7.9,Mostly Rural,55110.0,18.0,2.0,Yes,AKU Entry Test,Difficult,75% / 100 marks,22.0
PK-SIN-006,Aga Khan University,Private,Sindh,Karachi,1983,0,W4,Mass Communication,Arts & Social Sciences,2022,1456,999,457,57,25.5,55.0,274.0,1127.0,101.0,32.0,54.0,3.55,67.1,16.2,Mostly Urban,112827.0,2.0,1.0,Yes,AKU Entry Test,Difficult,75% / 100 marks,18.0
PK-SIN-006,Aga Khan University,Private,Sindh,Karachi,1983,0,W4,Mass Communication,Arts & Social Sciences,2023,1706,1192,514,73,23.4,20.0,338.0,1348.0,170.0,32.0,59.0,2.82,58.4,6.6,Mixed Urban-Rural,65806.0,13.0,29.0,Yes,AKU Entry Test,Difficult,75% / 100 marks,19.0
PK-SIN-006,Aga Khan University,Private,Sindh,Karachi,1983,0,W4,Mass Communication,Arts & Social Sciences,2024,1737,1176,561,51,34.1,111.0,268.0,1358.0,171.0,23.0,41.0,2.94,68.3,14.0,Mostly Urban,119098.0,9.0,15.0,Yes,AKU Entry Test,Difficult,75% / 100 marks,18.0
PK-SIN-006,Aga Khan University,Private,Sindh,Karachi,1983,0,W4,Mass Communication,Arts & Social Sciences,2025,1923,1059,864,68,28.3,56.0,299.0,1568.0,329.0,32.0,76.0,3.61,60.7,10.1,Mostly Urban,128818.0,4.0,8.0,Yes,AKU Entry Test,Difficult,75% / 100 marks,22.0
PK-SIN-006,Aga Khan University,Private,Sindh,Karachi,1983,0,W4,Physics,STEM,2022,785,371,414,27,29.1,42.0,118.0,625.0,128.0,32.0,61.0,3.0,58.8,7.8,Mostly Urban,126834.0,4.0,19.0,Yes,AKU Entry Test,Difficult,75% / 100 marks,22.0
PK-SIN-006,Aga Khan University,Private,Sindh,Karachi,1983,0,W4,Physics,STEM,2023,833,501,332,29,28.7,55.0,64.0,714.0,107.0,52.0,60.0,2.74,56.6,8.0,Mostly Urban,99829.0,10.0,20.0,Yes,AKU Entry Test,Difficult,75% / 100 marks,17.0
PK-SIN-006,Aga Khan University,Private,Sindh,Karachi,1983,0,W4,Physics,STEM,2024,980,395,585,36,27.2,18.0,76.0,886.0,39.0,32.0,69.0,3.0,48.6,3.8,Mostly Rural,97297.0,14.0,10.0,Yes,AKU Entry Test,Difficult,75% / 100 marks,21.0
PK-SIN-006,Aga Khan University,Private,Sindh,Karachi,1983,0,W4,Physics,STEM,2025,938,527,411,29,32.3,0.0,110.0,828.0,170.0,30.0,38.0,3.55,47.7,2.1,Mixed Urban-Rural,62288.0,19.0,15.0,Yes,AKU Entry Test,Difficult,75% / 100 marks,18.0
PK-SIN-006,Aga Khan University,Private,Sindh,Karachi,1983,0,W4,Psychology,Arts & Social Sciences,2022,1927,1319,608,82,23.5,87.0,163.0,1677.0,210.0,32.0,36.0,3.23,53.8,13.0,Mostly Rural,64806.0,9.0,33.0,Yes,AKU Entry Test,Difficult,75% / 100 marks,20.0
PK-SIN-006,Aga Khan University,Private,Sindh,Karachi,1983,0,W4,Psychology,Arts & Social Sciences,2023,1732,701,1031,62,27.9,101.0,316.0,1315.0,50.0,21.0,67.0,2.82,61.1,16.0,Mixed Urban-Rural,101583.0,9.0,15.0,Yes,AKU Entry Test,Difficult,75% / 100 marks,17.0
PK-SIN-006,Aga Khan University,Private,Sindh,Karachi,1983,0,W4,Psychology,Arts & Social Sciences,2024,1995,1384,611,75,26.6,110.0,217.0,1668.0,388.0,7.0,18.0,3.37,62.9,6.6,Mixed Urban-Rural,80680.0,10.0,15.0,Yes,AKU Entry Test,Difficult,75% / 100 marks,17.0
PK-SIN-006,Aga Khan University,Private,Sindh,Karachi,1983,0,W4,Psychology,Arts & Social Sciences,2025,1998,1005,993,84,23.8,23.0,2.0,1973.0,377.0,56.0,58.0,3.5,67.5,8.3,Mostly Urban,65102.0,20.0,8.0,Yes,AKU Entry Test,Difficult,75% / 100 marks,17.0
PK-SIN-010,Bahria University Karachi,Public,Sindh,Karachi,2000,0,W1,Civil Engineering,STEM,2022,62,35,27,5,12.4,0.0,8.0,54.0,10.0,26.0,56.0,2.75,62.5,8.2,Mostly Urban,9904.0,7.0,35.0,Yes,Bahria University Entry Test,Medium,50% / 100 marks,12.0
PK-SIN-010,Bahria University Karachi,Public,Sindh,Karachi,2000,0,W1,Civil Engineering,STEM,2023,53,21,32,5,10.6,0.0,0.0,53.0,8.0,28.0,53.0,3.15,74.6,5.2,Mostly Rural,32597.0,10.0,0.0,Yes,Bahria University Entry Test,Medium,50% / 100 marks,13.0
PK-SIN-010,Bahria University Karachi,Public,Sindh,Karachi,2000,0,W1,Civil Engineering,STEM,2024,59,35,24,5,11.8,3.0,3.0,53.0,8.0,20.0,27.0,3.26,72.9,8.2,Mostly Rural,30394.0,18.0,15.0,Yes,Bahria University Entry Test,Medium,50% / 100 marks,12.0
PK-SIN-010,Bahria University Karachi,Public,Sindh,Karachi,2000,0,W1,Civil Engineering,STEM,2025,66,26,40,5,13.2,0.0,9.0,57.0,22.0,34.0,18.0,2.74,75.5,8.5,Mostly Urban,40462.0,19.0,3.0,Yes,Bahria University Entry Test,Medium,50% / 100 marks,15.0
PK-SIN-010,Bahria University Karachi,Public,Sindh,Karachi,2000,0,W1,Economics,Business,2022,181,74,107,7,25.9,0.0,3.0,178.0,5.0,34.0,62.0,3.17,59.0,16.8,Mixed Urban-Rural,24884.0,10.0,18.0,Yes,Bahria University Entry Test,Medium,50% / 100 marks,14.0
PK-SIN-010,Bahria University Karachi,Public,Sindh,Karachi,2000,0,W1,Economics,Business,2023,201,103,98,6,33.5,0.0,36.0,165.0,22.0,34.0,7.0,2.72,70.1,2.6,Mixed Urban-Rural,30947.0,9.0,11.0,Yes,Bahria University Entry Test,Medium,50% / 100 marks,16.0
PK-SIN-010,Bahria University Karachi,Public,Sindh,Karachi,2000,0,W1,Economics,Business,2024,213,85,128,9,23.7,5.0,18.0,190.0,24.0,0.0,28.0,3.22,71.4,8.2,Mostly Urban,10382.0,5.0,34.0,Yes,Bahria University Entry Test,Medium,50% / 100 marks,12.0
PK-SIN-010,Bahria University Karachi,Public,Sindh,Karachi,2000,0,W1,Economics,Business,2025,240,146,94,6,40.0,2.0,19.0,219.0,38.0,20.0,52.0,3.27,63.2,8.2,Mostly Rural,44052.0,7.0,14.0,Yes,Bahria University Entry Test,Medium,50% / 100 marks,14.0
PK-SIN-010,Bahria University Karachi,Public,Sindh,Karachi,2000,0,W1,Education,Arts & Social Sciences,2022,101,52,49,5,20.2,2.0,15.0,84.0,10.0,24.0,60.0,3.22,70.1,8.2,Mostly Urban,15682.0,10.0,26.0,Yes,Bahria University Entry Test,Medium,50% / 100 marks,14.0
PK-SIN-010,Bahria University Karachi,Public,Sindh,Karachi,2000,0,W1,Education,Arts & Social Sciences,2023,93,49,44,5,18.6,2.0,7.0,84.0,22.0,55.0,78.0,3.67,71.5,8.2,Mostly Rural,28944.0,10.0,11.0,Yes,Bahria University Entry Test,Medium,50% / 100 marks,16.0
PK-SIN-010,Bahria University Karachi,Public,Sindh,Karachi,2000,0,W1,Education,Arts & Social Sciences,2024,101,67,34,5,20.2,2.0,10.0,89.0,10.0,38.0,70.0,3.05,58.2,9.2,Mostly Rural,35145.0,4.0,19.0,Yes,Bahria University Entry Test,Medium,50% / 100 marks,14.0
PK-SIN-010,Bahria University Karachi,Public,Sindh,Karachi,2000,0,W1,Education,Arts & Social Sciences,2025,107,57,50,5,21.4,6.0,19.0,82.0,21.0,54.0,41.0,3.21,63.7,2.3,Mostly Urban,14830.0,11.0,30.0,Yes,Bahria University Entry Test,Medium,50% / 100 marks,16.0
PK-SIN-010,Bahria University Karachi,Public,Sindh,Karachi,2000,0,W1,English Literature,Arts & Social Sciences,2022,189,106,83,7,27.0,0.0,34.0,155.0,7.0,3.0,56.0,3.55,45.1,13.6,Mostly Urban,36437.0,16.0,27.0,Yes,Bahria University Entry Test,Medium,50% / 100 marks,12.0
PK-SIN-010,Bahria University Karachi,Public,Sindh,Karachi,2000,0,W1,English Literature,Arts & Social Sciences,2023,164,113,51,6,27.3,3.0,23.0,138.0,32.0,34.0,28.0,3.1,51.9,8.2,Mostly Rural,28761.0,17.0,8.0,Yes,Bahria University Entry Test,Medium,50% / 100 marks,14.0
PK-SIN-010,Bahria University Karachi,Public,Sindh,Karachi,2000,0,W1,English Literature,Arts & Social Sciences,2024,185,103,82,8,23.1,0.0,24.0,161.0,14.0,24.0,37.0,3.6,50.2,13.3,Mostly Rural,38323.0,6.0,13.0,Yes,Bahria University Entry Test,Medium,50% / 100 marks,13.0
PK-SIN-010,Bahria University Karachi,Public,Sindh,Karachi,2000,0,W1,English Literature,Arts & Social Sciences,2025,202,78,124,6,33.7,16.0,0.0,186.0,33.0,44.0,63.0,3.27,45.5,4.6,Mostly Urban,26384.0,6.0,14.0,Yes,Bahria University Entry Test,Medium,50% / 100 marks,16.0
PK-SIN-010,Bahria University Karachi,Public,Sindh,Karachi,2000,0,W1,History,Arts & Social Sciences,2022,121,74,47,5,24.2,0.0,8.0,113.0,23.0,46.0,26.0,3.27,44.2,6.1,Mostly Urban,42723.0,10.0,3.0,Yes,Bahria University Entry Test,Medium,50% / 100 marks,16.0
PK-SIN-010,Bahria University Karachi,Public,Sindh,Karachi,2000,0,W1,History,Arts & Social Sciences,2023,137,68,69,5,27.4,9.0,0.0,128.0,20.0,34.0,67.0,3.65,35.2,11.1,Mixed Urban-Rural,14570.0,14.0,5.0,Yes,Bahria University Entry Test,Medium,50% / 100 marks,12.0
PK-SIN-010,Bahria University Karachi,Public,Sindh,Karachi,2000,0,W1,History,Arts & Social Sciences,2024,120,77,43,5,24.0,3.0,12.0,105.0,22.0,18.0,72.0,3.51,33.0,8.2,Mixed Urban-Rural,19458.0,12.0,11.0,Yes,Bahria University Entry Test,Medium,50% / 100 marks,13.0
PK-SIN-010,Bahria University Karachi,Public,Sindh,Karachi,2000,0,W1,History,Arts & Social Sciences,2025,134,86,48,5,26.8,0.0,12.0,122.0,7.0,15.0,30.0,3.42,38.3,8.2,Mostly Urban,17977.0,7.0,25.0,Yes,Bahria University Entry Test,Medium,50% / 100 marks,14.0
PK-SIN-010,Bahria University Karachi,Public,Sindh,Karachi,2000,0,W1,Law,Arts & Social Sciences,2022,214,118,96,6,35.7,7.0,2.0,205.0,10.0,15.0,39.0,3.36,77.5,3.1,Mostly Rural,23392.0,5.0,23.0,Yes,Bahria University Entry Test,Medium,50% / 100 marks,13.0
PK-SIN-010,Bahria University Karachi,Public,Sindh,Karachi,2000,0,W1,Law,Arts & Social Sciences,2023,234,113,121,9,26.0,11.0,0.0,223.0,29.0,34.0,61.0,3.18,65.0,12.0,Mostly Rural,27872.0,2.0,14.0,Yes,Bahria University Entry Test,Medium,50% / 100 marks,16.0
PK-SIN-010,Bahria University Karachi,Public,Sindh,Karachi,2000,0,W1,Law,Arts & Social Sciences,2024,218,83,135,7,31.1,3.0,24.0,191.0,26.0,34.0,41.0,2.68,65.3,3.7,Mostly Rural,27872.0,10.0,30.0,Yes,Bahria University Entry Test,Medium,50% / 100 marks,16.0
PK-SIN-010,Bahria University Karachi,Public,Sindh,Karachi,2000,0,W1,Law,Arts & Social Sciences,2025,252,114,138,7,36.0,16.0,22.0,214.0,48.0,57.0,10.0,3.11,79.5,5.7,Mostly Urban,9003.0,12.0,14.0,Yes,Bahria University Entry Test,Medium,50% / 100 marks,12.0
PK-SIN-010,Bahria University Karachi,Public,Sindh,Karachi,2000,0,W1,Political Science,Arts & Social Sciences,2022,180,69,111,6,30.0,3.0,12.0,165.0,33.0,34.0,41.0,3.21,52.9,9.7,Mixed Urban-Rural,28761.0,6.0,35.0,Yes,Bahria University Entry Test,Medium,50% / 100 marks,14.0
PK-SIN-010,Bahria University Karachi,Public,Sindh,Karachi,2000,0,W1,Political Science,Arts & Social Sciences,2023,189,90,99,5,37.8,11.0,11.0,167.0,37.0,57.0,41.0,3.7,40.8,8.2,Mostly Rural,15252.0,4.0,10.0,Yes,Bahria University Entry Test,Medium,50% / 100 marks,16.0
PK-SIN-010,Bahria University Karachi,Public,Sindh,Karachi,2000,0,W1,Political Science,Arts & Social Sciences,2024,183,96,87,6,30.5,14.0,14.0,155.0,19.0,8.0,10.0,3.21,38.7,6.4,Mixed Urban-Rural,19060.0,16.0,25.0,Yes,Bahria University Entry Test,Medium,50% / 100 marks,13.0
PK-SIN-010,Bahria University Karachi,Public,Sindh,Karachi,2000,0,W1,Political Science,Arts & Social Sciences,2025,207,134,73,8,25.9,7.0,25.0,175.0,22.0,60.0,40.0,2.89,41.7,5.0,Mixed Urban-Rural,44840.0,7.0,1.0,Yes,Bahria University Entry Test,Medium,50% / 100 marks,14.0
PK-SIN-010,Bahria University Karachi,Public,Sindh,Karachi,2000,0,W1,Statistics,STEM,2022,310,144,166,13,23.8,0.0,48.0,262.0,7.0,51.0,19.0,3.15,63.9,17.0,Mostly Urban,9817.0,7.0,10.0,Yes,Bahria University Entry Test,Medium,50% / 100 marks,12.0
PK-SIN-010,Bahria University Karachi,Public,Sindh,Karachi,2000,0,W1,Statistics,STEM,2023,298,175,123,10,29.8,0.0,54.0,244.0,49.0,34.0,32.0,2.99,59.6,2.0,Mixed Urban-Rural,41038.0,16.0,30.0,Yes,Bahria University Entry Test,Medium,50% / 100 marks,16.0
PK-SIN-010,Bahria University Karachi,Public,Sindh,Karachi,2000,0,W1,Statistics,STEM,2024,323,153,170,11,29.4,0.0,60.0,263.0,22.0,46.0,41.0,3.2,61.0,3.9,Mixed Urban-Rural,41866.0,12.0,8.0,Yes,Bahria University Entry Test,Medium,50% / 100 marks,12.0
PK-SIN-010,Bahria University Karachi,Public,Sindh,Karachi,2000,0,W1,Statistics,STEM,2025,376,229,147,12,31.3,0.0,42.0,334.0,51.0,34.0,77.0,3.61,59.5,8.8,Mostly Urban,26983.0,4.0,25.0,Yes,Bahria University Entry Test,Medium,50% / 100 marks,14.0
PK-SIN-010,Bahria University Karachi,Public,Sindh,Karachi,2000,0,W1,Urdu,Arts & Social Sciences,2022,291,156,135,12,24.2,0.0,32.0,259.0,36.0,17.0,34.0,3.21,47.3,11.6,Mostly Rural,31455.0,10.0,25.0,Yes,Bahria University Entry Test,Medium,50% / 100 marks,16.0
PK-SIN-010,Bahria University Karachi,Public,Sindh,Karachi,2000,0,W1,Urdu,Arts & Social Sciences,2023,268,161,107,7,38.3,0.0,0.0,268.0,20.0,55.0,74.0,2.94,37.0,11.4,Mostly Urban,25847.0,15.0,2.0,Yes,Bahria University Entry Test,Medium,50% / 100 marks,12.0
PK-SIN-010,Bahria University Karachi,Public,Sindh,Karachi,2000,0,W1,Urdu,Arts & Social Sciences,2024,294,170,124,9,32.7,10.0,28.0,256.0,22.0,52.0,71.0,2.63,43.2,7.9,Mostly Urban,24437.0,13.0,6.0,Yes,Bahria University Entry Test,Medium,50% / 100 marks,13.0
PK-SIN-010,Bahria University Karachi,Public,Sindh,Karachi,2000,0,W1,Urdu,Arts & Social Sciences,2025,354,196,158,11,32.2,6.0,0.0,348.0,45.0,40.0,41.0,3.59,38.7,16.5,Mostly Rural,41177.0,14.0,6.0,Yes,Bahria University Entry Test,Medium,50% / 100 marks,12.0
PK-SIN-018,Dawood University of Engineering & Technology,Public,Sindh,Karachi,1962,0,W1,Civil Engineering,STEM,2022,184,86,98,5,36.8,12.0,24.0,148.0,25.0,36.0,51.0,2.91,61.8,5.8,Mostly Rural,17247.0,3.0,28.0,Yes,ECAT (Sindh) / Dawood Test,Medium,55% / 100 marks,9.0
PK-SIN-018,Dawood University of Engineering & Technology,Public,Sindh,Karachi,1962,0,W1,Civil Engineering,STEM,2023,200,91,109,6,33.3,11.0,0.0,189.0,25.0,57.0,52.5,2.7,68.4,14.5,Mostly Urban,37683.0,19.0,21.0,Yes,ECAT (Sindh) / Dawood Test,Medium,55% / 100 marks,12.0
PK-SIN-018,Dawood University of Engineering & Technology,Public,Sindh,Karachi,1962,0,W1,Civil Engineering,STEM,2024,181,114,67,6,30.2,0.0,21.0,160.0,30.0,43.0,52.5,2.9,75.2,13.6,Mostly Urban,29219.0,13.0,21.0,Yes,ECAT (Sindh) / Dawood Test,Medium,55% / 100 marks,8.0
PK-SIN-018,Dawood University of Engineering & Technology,Public,Sindh,Karachi,1962,0,W1,Civil Engineering,STEM,2025,195,120,75,6,32.5,0.0,30.0,165.0,34.0,46.0,53.0,2.97,66.7,2.9,Mixed Urban-Rural,29219.0,10.0,9.0,Yes,ECAT (Sindh) / Dawood Test,Medium,55% / 100 marks,9.0
PK-SIN-018,Dawood University of Engineering & Technology,Public,Sindh,Karachi,1962,0,W1,Computer Science,STEM,2022,162,95,67,6,27.0,0.0,6.0,156.0,30.0,40.0,26.0,3.53,88.0,17.2,Mostly Urban,22400.0,10.0,21.0,Yes,ECAT (Sindh) / Dawood Test,Medium,55% / 100 marks,11.0
PK-SIN-018,Dawood University of Engineering & Technology,Public,Sindh,Karachi,1962,0,W1,Computer Science,STEM,2023,184,129,55,5,36.8,10.0,22.0,152.0,30.0,59.0,56.0,2.66,75.1,9.4,Mostly Urban,34037.0,15.0,21.0,Yes,ECAT (Sindh) / Dawood Test,Medium,55% / 100 marks,9.0
PK-SIN-018,Dawood University of Engineering & Technology,Public,Sindh,Karachi,1962,0,W1,Computer Science,STEM,2024,189,89,100,8,23.6,9.0,2.0,178.0,32.0,6.0,63.0,3.2,84.5,11.8,Mostly Urban,35537.0,10.0,32.0,Yes,ECAT (Sindh) / Dawood Test,Medium,55% / 100 marks,11.0
PK-SIN-018,Dawood University of Engineering & Technology,Public,Sindh,Karachi,1962,0,W1,Computer Science,STEM,2025,179,99,80,5,35.8,4.0,29.0,146.0,23.0,58.0,63.0,3.03,82.7,8.2,Mostly Rural,19597.0,6.0,14.0,Yes,ECAT (Sindh) / Dawood Test,Medium,55% / 100 marks,8.0
PK-SIN-018,Dawood University of Engineering & Technology,Public,Sindh,Karachi,1962,0,W1,Electrical Engineering,STEM,2022,61,42,19,5,12.2,0.0,3.0,58.0,10.0,22.0,35.0,3.1,75.0,14.7,Mostly Urban,13757.0,15.0,33.0,Yes,ECAT (Sindh) / Dawood Test,Medium,55% / 100 marks,10.0
PK-SIN-018,Dawood University of Engineering & Technology,Public,Sindh,Karachi,1962,0,W1,Electrical Engineering,STEM,2023,64,30,34,5,12.8,0.0,7.0,57.0,11.0,38.0,40.0,2.66,82.5,13.6,Mostly Urban,18988.0,12.0,26.0,Yes,ECAT (Sindh) / Dawood Test,Medium,55% / 100 marks,10.0
PK-SIN-018,Dawood University of Engineering & Technology,Public,Sindh,Karachi,1962,0,W1,Electrical Engineering,STEM,2024,62,33,29,5,12.4,1.0,9.0,52.0,6.0,32.0,52.5,3.25,80.7,1.9,Mostly Rural,28006.0,10.0,34.0,Yes,ECAT (Sindh) / Dawood Test,Medium,55% / 100 marks,10.0
PK-SIN-018,Dawood University of Engineering & Technology,Public,Sindh,Karachi,1962,0,W1,Electrical Engineering,STEM,2025,55,22,33,5,11.0,0.0,10.0,45.0,5.0,45.0,66.0,2.66,77.9,14.5,Mostly Urban,35915.0,17.0,21.0,Yes,ECAT (Sindh) / Dawood Test,Medium,55% / 100 marks,10.0
PK-SIN-018,Dawood University of Engineering & Technology,Public,Sindh,Karachi,1962,0,W1,Mechanical Engineering,STEM,2022,452,303,149,16,28.2,17.0,0.0,435.0,30.0,29.0,52.0,2.97,74.2,15.8,Mixed Urban-Rural,30432.0,18.0,21.0,Yes,ECAT (Sindh) / Dawood Test,Medium,55% / 100 marks,12.0
PK-SIN-018,Dawood University of Engineering & Technology,Public,Sindh,Karachi,1962,0,W1,Mechanical Engineering,STEM,2023,554,212,342,18,30.8,0.0,0.0,554.0,46.0,11.0,78.0,2.97,71.7,13.6,Mostly Rural,29219.0,10.0,35.0,Yes,ECAT (Sindh) / Dawood Test,Medium,55% / 100 marks,10.0
PK-SIN-018,Dawood University of Engineering & Technology,Public,Sindh,Karachi,1962,0,W1,Mechanical Engineering,STEM,2024,525,231,294,21,25.0,22.0,27.0,476.0,87.0,39.0,62.0,2.64,69.0,7.5,Mostly Rural,29219.0,9.0,8.0,Yes,ECAT (Sindh) / Dawood Test,Medium,55% / 100 marks,11.0
PK-SIN-018,Dawood University of Engineering & Technology,Public,Sindh,Karachi,1962,0,W1,Mechanical Engineering,STEM,2025,589,312,277,18,32.7,11.0,84.0,494.0,44.0,10.0,71.0,3.36,75.2,13.7,Mostly Urban,19916.0,1.0,21.0,Yes,ECAT (Sindh) / Dawood Test,Medium,55% / 100 marks,11.0
PK-SIN-018,Dawood University of Engineering & Technology,Public,Sindh,Karachi,1962,0,W1,Software Engineering,STEM,2022,217,107,110,7,31.0,11.0,15.0,191.0,11.0,34.0,52.5,2.62,80.4,16.9,Mostly Rural,40438.0,6.0,9.0,Yes,ECAT (Sindh) / Dawood Test,Medium,55% / 100 marks,11.0
PK-SIN-018,Dawood University of Engineering & Technology,Public,Sindh,Karachi,1962,0,W1,Software Engineering,STEM,2023,227,141,86,9,25.2,18.0,20.0,189.0,41.0,47.0,15.0,2.97,79.8,4.2,Mostly Urban,22594.0,9.0,20.0,Yes,ECAT (Sindh) / Dawood Test,Medium,55% / 100 marks,10.0
PK-SIN-018,Dawood University of Engineering & Technology,Public,Sindh,Karachi,1962,0,W1,Software Engineering,STEM,2024,240,149,91,10,24.0,17.0,24.0,199.0,23.0,37.0,24.0,3.42,90.3,13.6,Mostly Urban,37609.0,6.0,23.0,Yes,ECAT (Sindh) / Dawood Test,Medium,55% / 100 marks,12.0
PK-SIN-018,Dawood University of Engineering & Technology,Public,Sindh,Karachi,1962,0,W1,Software Engineering,STEM,2025,253,178,75,8,31.6,6.0,42.0,205.0,13.0,8.0,50.0,3.11,82.1,13.6,Mostly Urban,12162.0,5.0,28.0,Yes,ECAT (Sindh) / Dawood Test,Medium,55% / 100 marks,10.0
PK-SIN-018,Dawood University of Engineering & Technology,Public,Sindh,Karachi,1962,0,W1,Telecommunication,STEM,2022,382,245,137,11,34.7,27.0,65.0,290.0,61.0,21.0,39.0,2.7,82.3,8.5,Mixed Urban-Rural,43201.0,10.0,21.0,Yes,ECAT (Sindh) / Dawood Test,Medium,55% / 100 marks,8.0
PK-SIN-018,Dawood University of Engineering & Technology,Public,Sindh,Karachi,1962,0,W1,Telecommunication,STEM,2023,422,186,236,12,35.2,21.0,46.0,355.0,33.0,55.0,25.0,3.44,78.8,14.0,Mostly Urban,26884.0,13.0,21.0,Yes,ECAT (Sindh) / Dawood Test,Medium,55% / 100 marks,12.0
PK-SIN-018,Dawood University of Engineering & Technology,Public,Sindh,Karachi,1962,0,W1,Telecommunication,STEM,2024,427,164,263,12,35.6,24.0,66.0,337.0,39.0,8.0,55.0,2.97,80.5,13.6,Mostly Urban,32646.0,19.0,12.0,Yes,ECAT (Sindh) / Dawood Test,Medium,55% / 100 marks,10.0
PK-SIN-018,Dawood University of Engineering & Technology,Public,Sindh,Karachi,1962,0,W1,Telecommunication,STEM,2025,491,230,261,21,23.4,0.0,74.0,417.0,97.0,37.0,70.0,2.97,85.2,13.6,Mixed Urban-Rural,39768.0,4.0,15.0,Yes,ECAT (Sindh) / Dawood Test,Medium,55% / 100 marks,10.0
PK-SIN-004,Dow University of Health Sciences,Public,Sindh,Karachi,2004,0,W2,BDS,STEM,2022,347,238,109,10,34.7,13.0,17.0,317.0,37.0,21.0,38.0,3.58,85.4,12.6,Mostly Rural,39435.0,10.0,20.0,Yes,MDCAT (PMC),Difficult,65% / 210 marks,19.0
PK-SIN-004,Dow University of Health Sciences,Public,Sindh,Karachi,2004,0,W2,BDS,STEM,2023,411,282,129,12,34.2,4.0,22.0,385.0,59.0,20.0,73.0,3.53,94.7,12.6,Mostly Urban,75098.0,12.0,12.0,Yes,MDCAT (PMC),Difficult,65% / 210 marks,22.0
PK-SIN-004,Dow University of Health Sciences,Public,Sindh,Karachi,2004,0,W2,BDS,STEM,2024,389,178,211,12,32.4,5.0,53.0,331.0,41.0,44.0,50.0,3.24,83.7,15.0,Mixed Urban-Rural,86405.0,5.0,25.0,Yes,MDCAT (PMC),Difficult,65% / 210 marks,19.0
PK-SIN-004,Dow University of Health Sciences,Public,Sindh,Karachi,2004,0,W2,BDS,STEM,2025,412,214,198,14,29.4,19.0,0.0,393.0,78.0,38.5,45.0,2.94,85.3,16.4,Mostly Urban,81056.0,7.0,23.0,Yes,MDCAT (PMC),Difficult,65% / 210 marks,17.0
PK-SIN-004,Dow University of Health Sciences,Public,Sindh,Karachi,2004,0,W2,MBBS,STEM,2022,836,596,240,33,25.3,0.0,138.0,698.0,54.0,55.0,50.0,2.89,87.8,3.5,Mostly Urban,59423.0,4.0,0.0,Yes,MDCAT (PMC),Difficult,65% / 210 marks,19.0
PK-SIN-004,Dow University of Health Sciences,Public,Sindh,Karachi,2004,0,W2,MBBS,STEM,2023,998,632,366,35,28.5,72.0,23.0,903.0,179.0,14.0,24.0,3.02,85.8,15.4,Mostly Rural,54811.0,10.0,31.0,Yes,MDCAT (PMC),Difficult,65% / 210 marks,22.0
PK-SIN-004,Dow University of Health Sciences,Public,Sindh,Karachi,2004,0,W2,MBBS,STEM,2024,1060,488,572,34,31.2,75.0,0.0,985.0,19.0,46.0,38.0,3.39,93.0,14.2,Mostly Rural,35003.0,16.0,20.0,Yes,MDCAT (PMC),Difficult,65% / 210 marks,21.0
PK-SIN-004,Dow University of Health Sciences,Public,Sindh,Karachi,2004,0,W2,MBBS,STEM,2025,1012,665,347,32,31.6,25.0,94.0,893.0,95.0,47.0,40.0,3.69,84.7,12.5,Mostly Rural,30439.0,1.0,20.0,Yes,MDCAT (PMC),Difficult,65% / 210 marks,21.0
PK-SIN-004,Dow University of Health Sciences,Public,Sindh,Karachi,2004,0,W2,Nursing,STEM,2022,535,374,161,21,25.5,40.0,100.0,395.0,102.0,38.5,23.0,3.08,78.8,17.3,Mostly Urban,9308.0,8.0,0.0,Yes,MDCAT (PMC),Difficult,65% / 210 marks,22.0
PK-SIN-004,Dow University of Health Sciences,Public,Sindh,Karachi,2004,0,W2,Nursing,STEM,2023,621,250,371,24,25.9,8.0,51.0,562.0,11.0,38.5,11.0,3.53,86.1,10.2,Mostly Rural,42333.0,2.0,20.0,Yes,MDCAT (PMC),Difficult,65% / 210 marks,21.0
PK-SIN-004,Dow University of Health Sciences,Public,Sindh,Karachi,2004,0,W2,Nursing,STEM,2024,654,351,303,21,31.1,47.0,102.0,505.0,58.0,41.0,15.0,2.82,85.1,2.0,Mixed Urban-Rural,31725.0,19.0,9.0,Yes,MDCAT (PMC),Difficult,65% / 210 marks,16.0
PK-SIN-004,Dow University of Health Sciences,Public,Sindh,Karachi,2004,0,W2,Nursing,STEM,2025,577,389,188,17,33.9,29.0,93.0,455.0,98.0,59.0,54.0,2.65,78.9,12.6,Mixed Urban-Rural,14936.0,17.0,30.0,Yes,MDCAT (PMC),Difficult,65% / 210 marks,20.0
PK-SIN-004,Dow University of Health Sciences,Public,Sindh,Karachi,2004,0,W2,Pharmacy,STEM,2022,331,139,192,13,25.5,7.0,42.0,282.0,65.0,31.0,36.0,3.01,73.8,6.6,Mostly Urban,38780.0,2.0,12.0,Yes,MDCAT (PMC),Difficult,65% / 210 marks,20.0
PK-SIN-004,Dow University of Health Sciences,Public,Sindh,Karachi,2004,0,W2,Pharmacy,STEM,2023,319,162,157,12,26.6,18.0,26.0,275.0,12.0,36.0,51.0,2.68,82.2,12.7,Mostly Urban,39351.0,13.0,32.0,Yes,MDCAT (PMC),Difficult,65% / 210 marks,20.0
PK-SIN-004,Dow University of Health Sciences,Public,Sindh,Karachi,2004,0,W2,Pharmacy,STEM,2024,395,247,148,14,28.2,17.0,62.0,316.0,26.0,38.5,45.0,3.08,75.7,9.8,Mixed Urban-Rural,34426.0,10.0,7.0,Yes,MDCAT (PMC),Difficult,65% / 210 marks,20.0
PK-SIN-004,Dow University of Health Sciences,Public,Sindh,Karachi,2004,0,W2,Pharmacy,STEM,2025,376,215,161,15,25.1,0.0,72.0,304.0,63.0,21.0,13.0,3.08,74.0,12.8,Mostly Rural,11635.0,16.0,5.0,Yes,MDCAT (PMC),Difficult,65% / 210 marks,18.0
PK-SIN-004,Dow University of Health Sciences,Public,Sindh,Karachi,2004,0,W2,Physiotherapy,STEM,2022,589,238,351,24,24.5,0.0,63.0,526.0,36.0,44.0,43.0,3.67,74.8,15.6,Mixed Urban-Rural,25804.0,13.0,23.0,Yes,MDCAT (PMC),Difficult,65% / 210 marks,21.0
PK-SIN-004,Dow University of Health Sciences,Public,Sindh,Karachi,2004,0,W2,Physiotherapy,STEM,2023,636,317,319,23,27.7,29.0,80.0,527.0,57.0,56.0,28.0,2.85,84.1,8.1,Mostly Urban,25864.0,10.0,1.0,Yes,MDCAT (PMC),Difficult,65% / 210 marks,18.0
PK-SIN-004,Dow University of Health Sciences,Public,Sindh,Karachi,2004,0,W2,Physiotherapy,STEM,2024,633,425,208,19,33.3,0.0,67.0,566.0,112.0,7.0,27.0,3.28,79.5,9.8,Mostly Urban,15446.0,19.0,28.0,Yes,MDCAT (PMC),Difficult,65% / 210 marks,21.0
PK-SIN-004,Dow University of Health Sciences,Public,Sindh,Karachi,2004,0,W2,Physiotherapy,STEM,2025,764,373,391,26,29.4,0.0,117.0,647.0,58.0,31.0,12.0,3.08,82.7,2.4,Mixed Urban-Rural,35003.0,6.0,21.0,Yes,MDCAT (PMC),Difficult,65% / 210 marks,17.0
PK-SIN-011,FAST – NUCES Karachi,Private,Sindh,Karachi,2000,0,W3,Biology,STEM,2022,493,231,262,14,35.2,30.0,70.0,393.0,19.0,24.0,56.0,3.45,50.0,10.6,Mixed Urban-Rural,76790.0,18.0,10.0,Yes,NU Entry Test (NUCES),Difficult,70% / 100 marks,11.0
PK-SIN-011,FAST – NUCES Karachi,Private,Sindh,Karachi,2000,0,W3,Biology,STEM,2023,531,374,157,17,31.2,21.0,24.0,486.0,97.0,43.0,70.0,2.91,53.0,5.2,Mixed Urban-Rural,109568.0,19.0,31.0,Yes,NU Entry Test (NUCES),Difficult,70% / 100 marks,12.0
PK-SIN-011,FAST – NUCES Karachi,Private,Sindh,Karachi,2000,0,W3,Biology,STEM,2024,516,340,176,18,28.7,0.0,0.0,516.0,17.0,19.0,73.0,3.05,53.0,2.1,Mostly Urban,71126.0,2.0,31.0,Yes,NU Entry Test (NUCES),Difficult,70% / 100 marks,11.0
PK-SIN-011,FAST – NUCES Karachi,Private,Sindh,Karachi,2000,0,W3,Biology,STEM,2025,553,287,266,17,32.5,17.0,75.0,461.0,44.0,32.0,45.0,2.76,45.8,11.0,Mixed Urban-Rural,70061.0,16.0,26.0,Yes,NU Entry Test (NUCES),Difficult,70% / 100 marks,14.0
PK-SIN-011,FAST – NUCES Karachi,Private,Sindh,Karachi,2000,0,W3,Business Administration,Business,2022,1273,863,410,36,35.4,85.0,62.0,1126.0,123.0,44.0,68.0,3.035,70.1,9.5,Mostly Urban,103782.5,5.0,3.0,Yes,NU Entry Test (NUCES),Difficult,70% / 100 marks,14.0
PK-SIN-011,FAST – NUCES Karachi,Private,Sindh,Karachi,2000,0,W3,Business Administration,Business,2023,1375,846,529,48,28.6,28.0,131.0,1216.0,102.0,30.0,54.0,2.99,64.9,8.4,Mostly Urban,97716.0,14.0,26.0,Yes,NU Entry Test (NUCES),Difficult,70% / 100 marks,14.0
PK-SIN-011,FAST – NUCES Karachi,Private,Sindh,Karachi,2000,0,W3,Business Administration,Business,2024,1385,925,460,49,28.3,94.0,52.0,1239.0,84.0,36.0,3.0,2.61,65.4,5.0,Mixed Urban-Rural,128748.0,19.0,1.0,Yes,NU Entry Test (NUCES),Difficult,70% / 100 marks,10.0
PK-SIN-011,FAST – NUCES Karachi,Private,Sindh,Karachi,2000,0,W3,Business Administration,Business,2025,1432,646,786,49,29.2,56.0,0.0,1376.0,74.0,10.0,55.0,3.04,64.6,6.6,Mostly Rural,120426.0,14.0,30.0,Yes,NU Entry Test (NUCES),Difficult,70% / 100 marks,11.0
PK-SIN-011,FAST – NUCES Karachi,Private,Sindh,Karachi,2000,0,W3,Chemistry,STEM,2022,632,251,381,24,26.3,39.0,0.0,593.0,88.0,32.0,68.0,3.37,58.9,3.3,Mostly Rural,103782.5,8.0,30.0,Yes,NU Entry Test (NUCES),Difficult,70% / 100 marks,13.0
PK-SIN-011,FAST – NUCES Karachi,Private,Sindh,Karachi,2000,0,W3,Chemistry,STEM,2023,639,430,209,26,24.6,20.0,1.0,618.0,60.0,27.0,55.0,2.77,58.3,13.6,Mostly Rural,69931.0,9.0,14.0,Yes,NU Entry Test (NUCES),Difficult,70% / 100 marks,12.0
PK-SIN-011,FAST – NUCES Karachi,Private,Sindh,Karachi,2000,0,W3,Chemistry,STEM,2024,741,519,222,25,29.6,0.0,132.0,609.0,8.0,56.0,55.0,2.85,52.9,8.4,Mostly Rural,104566.0,18.0,22.0,Yes,NU Entry Test (NUCES),Difficult,70% / 100 marks,11.0
PK-SIN-011,FAST – NUCES Karachi,Private,Sindh,Karachi,2000,0,W3,Chemistry,STEM,2025,700,354,346,25,28.0,31.0,0.0,669.0,102.0,42.0,55.0,2.64,51.0,4.1,Mostly Rural,119580.0,5.0,21.0,Yes,NU Entry Test (NUCES),Difficult,70% / 100 marks,14.0
PK-SIN-011,FAST – NUCES Karachi,Private,Sindh,Karachi,2000,0,W3,History,Arts & Social Sciences,2022,1816,1207,609,52,34.9,0.0,160.0,1656.0,167.0,38.0,25.0,2.97,40.7,2.1,Mostly Urban,102999.0,19.0,28.0,Yes,NU Entry Test (NUCES),Difficult,70% / 100 marks,11.0
PK-SIN-011,FAST – NUCES Karachi,Private,Sindh,Karachi,2000,0,W3,History,Arts & Social Sciences,2023,1936,974,962,58,33.4,116.0,136.0,1684.0,116.0,32.0,35.0,3.18,35.2,5.6,Mostly Urban,103782.5,14.0,7.0,Yes,NU Entry Test (NUCES),Difficult,70% / 100 marks,13.0
PK-SIN-011,FAST – NUCES Karachi,Private,Sindh,Karachi,2000,0,W3,History,Arts & Social Sciences,2024,1773,835,938,55,32.2,0.0,345.0,1428.0,225.0,15.0,12.0,2.64,38.3,16.4,Mostly Urban,67423.0,14.0,6.0,Yes,NU Entry Test (NUCES),Difficult,70% / 100 marks,12.0
PK-SIN-011,FAST – NUCES Karachi,Private,Sindh,Karachi,2000,0,W3,History,Arts & Social Sciences,2025,1817,1135,682,79,23.0,77.0,331.0,1409.0,342.0,28.0,74.0,3.035,40.9,13.6,Mostly Rural,107671.0,20.0,0.0,Yes,NU Entry Test (NUCES),Difficult,70% / 100 marks,11.0
PK-SIN-011,FAST – NUCES Karachi,Private,Sindh,Karachi,2000,0,W3,Mathematics,STEM,2022,1590,779,811,54,29.4,0.0,0.0,1590.0,265.0,32.0,45.0,3.035,59.5,13.3,Mostly Urban,127465.0,2.0,14.0,Yes,NU Entry Test (NUCES),Difficult,70% / 100 marks,12.0
PK-SIN-011,FAST – NUCES Karachi,Private,Sindh,Karachi,2000,0,W3,Mathematics,STEM,2023,1467,877,590,46,31.9,8.0,0.0,1459.0,99.0,49.0,78.0,3.58,60.5,10.9,Mostly Rural,64841.0,15.0,16.0,Yes,NU Entry Test (NUCES),Difficult,70% / 100 marks,13.0
PK-SIN-011,FAST – NUCES Karachi,Private,Sindh,Karachi,2000,0,W3,Mathematics,STEM,2024,1442,604,838,46,31.3,103.0,260.0,1079.0,208.0,3.0,70.0,3.59,61.6,14.4,Mostly Rural,64810.0,14.0,0.0,Yes,NU Entry Test (NUCES),Difficult,70% / 100 marks,12.0
PK-SIN-011,FAST – NUCES Karachi,Private,Sindh,Karachi,2000,0,W3,Mathematics,STEM,2025,1528,621,907,46,33.2,108.0,262.0,1158.0,66.0,25.0,48.0,3.23,61.9,5.0,Mixed Urban-Rural,62515.0,13.0,6.0,Yes,NU Entry Test (NUCES),Difficult,70% / 100 marks,11.0
PK-SIN-011,FAST – NUCES Karachi,Private,Sindh,Karachi,2000,0,W3,Political Science,Arts & Social Sciences,2022,1147,451,696,42,27.3,28.0,0.0,1119.0,53.0,8.0,75.0,3.68,52.0,17.9,Mostly Urban,119120.0,14.0,16.0,Yes,NU Entry Test (NUCES),Difficult,70% / 100 marks,13.0
PK-SIN-011,FAST – NUCES Karachi,Private,Sindh,Karachi,2000,0,W3,Political Science,Arts & Social Sciences,2023,1176,793,383,43,27.3,88.0,129.0,959.0,144.0,32.0,65.0,2.64,51.4,5.5,Mostly Rural,90559.0,16.0,22.0,Yes,NU Entry Test (NUCES),Difficult,70% / 100 marks,12.0
PK-SIN-011,FAST – NUCES Karachi,Private,Sindh,Karachi,2000,0,W3,Political Science,Arts & Social Sciences,2024,1325,921,404,56,23.7,76.0,72.0,1177.0,105.0,32.0,52.0,2.86,40.8,8.7,Mostly Rural,65866.0,9.0,16.0,Yes,NU Entry Test (NUCES),Difficult,70% / 100 marks,12.0
PK-SIN-011,FAST – NUCES Karachi,Private,Sindh,Karachi,2000,0,W3,Political Science,Arts & Social Sciences,2025,1252,790,462,40,31.3,0.0,200.0,1052.0,215.0,60.0,63.0,3.17,54.0,15.5,Mixed Urban-Rural,114552.0,14.0,16.0,Yes,NU Entry Test (NUCES),Difficult,70% / 100 marks,13.0
PK-SIN-011,FAST – NUCES Karachi,Private,Sindh,Karachi,2000,0,W3,Psychology,Arts & Social Sciences,2022,972,671,301,40,24.3,12.0,164.0,796.0,62.0,42.0,39.0,3.035,58.2,5.6,Mixed Urban-Rural,79415.0,17.0,27.0,Yes,NU Entry Test (NUCES),Difficult,70% / 100 marks,12.0
PK-SIN-011,FAST – NUCES Karachi,Private,Sindh,Karachi,2000,0,W3,Psychology,Arts & Social Sciences,2023,1163,780,383,38,30.6,6.0,24.0,1133.0,70.0,41.0,65.0,2.92,66.2,8.4,Mixed Urban-Rural,121754.0,18.0,16.0,Yes,NU Entry Test (NUCES),Difficult,70% / 100 marks,10.0
PK-SIN-011,FAST – NUCES Karachi,Private,Sindh,Karachi,2000,0,W3,Psychology,Arts & Social Sciences,2024,956,390,566,32,29.9,18.0,54.0,884.0,53.0,47.0,47.0,2.89,59.5,17.0,Mostly Urban,119558.0,9.0,21.0,Yes,NU Entry Test (NUCES),Difficult,70% / 100 marks,14.0
PK-SIN-011,FAST – NUCES Karachi,Private,Sindh,Karachi,2000,0,W3,Psychology,Arts & Social Sciences,2025,995,714,281,32,31.1,55.0,58.0,882.0,102.0,18.0,26.0,3.51,60.3,4.6,Mixed Urban-Rural,125022.0,6.0,1.0,Yes,NU Entry Test (NUCES),Difficult,70% / 100 marks,12.0
PK-SIN-011,FAST – NUCES Karachi,Private,Sindh,Karachi,2000,0,W3,Sociology,Arts & Social Sciences,2022,2068,1254,814,73,28.3,79.0,243.0,1746.0,131.0,32.0,78.0,3.37,56.4,8.4,Mostly Urban,87039.0,8.0,16.0,Yes,NU Entry Test (NUCES),Difficult,70% / 100 marks,11.0
PK-SIN-011,FAST – NUCES Karachi,Private,Sindh,Karachi,2000,0,W3,Sociology,Arts & Social Sciences,2023,2097,903,1194,60,35.0,105.0,227.0,1765.0,365.0,37.0,56.0,3.17,47.1,10.2,Mostly Urban,122735.0,3.0,20.0,Yes,NU Entry Test (NUCES),Difficult,70% / 100 marks,11.0
PK-SIN-011,FAST – NUCES Karachi,Private,Sindh,Karachi,2000,0,W3,Sociology,Arts & Social Sciences,2024,2158,1033,1125,71,30.4,58.0,170.0,1930.0,102.0,47.0,11.0,3.11,57.7,2.4,Mostly Rural,129835.0,17.0,24.0,Yes,NU Entry Test (NUCES),Difficult,70% / 100 marks,10.0
PK-SIN-011,FAST – NUCES Karachi,Private,Sindh,Karachi,2000,0,W3,Sociology,Arts & Social Sciences,2025,2366,1183,1183,74,32.0,160.0,414.0,1792.0,296.0,32.0,66.0,3.035,51.0,3.7,Mostly Urban,71164.0,14.0,11.0,Yes,NU Entry Test (NUCES),Difficult,70% / 100 marks,10.0
PK-SIN-011,FAST – NUCES Karachi,Private,Sindh,Karachi,2000,0,W3,Urdu,Arts & Social Sciences,2022,1542,936,606,51,30.2,98.0,21.0,1423.0,305.0,16.0,44.0,3.035,40.3,8.1,Mostly Urban,56837.0,14.0,22.0,Yes,NU Entry Test (NUCES),Difficult,70% / 100 marks,10.0
PK-SIN-011,FAST – NUCES Karachi,Private,Sindh,Karachi,2000,0,W3,Urdu,Arts & Social Sciences,2023,1495,813,682,61,24.5,79.0,264.0,1152.0,206.0,45.0,40.0,2.73,36.5,2.2,Mostly Rural,115915.0,14.0,16.0,Yes,NU Entry Test (NUCES),Difficult,70% / 100 marks,14.0
PK-SIN-011,FAST – NUCES Karachi,Private,Sindh,Karachi,2000,0,W3,Urdu,Arts & Social Sciences,2024,1431,1002,429,54,26.5,100.0,198.0,1133.0,259.0,16.0,60.0,3.13,49.1,14.2,Mostly Urban,103782.5,19.0,5.0,Yes,NU Entry Test (NUCES),Difficult,70% / 100 marks,14.0
PK-SIN-011,FAST – NUCES Karachi,Private,Sindh,Karachi,2000,0,W3,Urdu,Arts & Social Sciences,2025,1497,808,689,53,28.2,0.0,295.0,1202.0,20.0,26.0,26.0,3.03,44.1,9.4,Mostly Rural,109041.0,9.0,5.0,Yes,NU Entry Test (NUCES),Difficult,70% / 100 marks,10.0
PK-SIN-009,Federal Urdu University Karachi,Public,Sindh,Karachi,1949,0,W1,Biology,STEM,2022,474,281,193,16,29.6,10.0,15.0,449.0,69.0,36.0,41.0,3.31,47.8,8.2,Mostly Rural,24493.0,20.0,28.0,Yes,FUUAST Entry Test,Easy,40% / 100 marks,14.0
PK-SIN-009,Federal Urdu University Karachi,Public,Sindh,Karachi,1949,0,W1,Biology,STEM,2023,422,223,199,17,24.8,23.0,0.0,399.0,52.0,36.0,70.0,2.73,46.4,8.2,Mostly Urban,12934.0,16.0,11.0,Yes,FUUAST Entry Test,Easy,40% / 100 marks,14.0
PK-SIN-009,Federal Urdu University Karachi,Public,Sindh,Karachi,1949,0,W1,Biology,STEM,2024,521,356,165,23,22.7,0.0,17.0,504.0,46.0,4.0,74.0,2.86,58.3,17.7,Mostly Rural,33161.0,2.0,4.0,Yes,FUUAST Entry Test,Easy,40% / 100 marks,11.0
PK-SIN-009,Federal Urdu University Karachi,Public,Sindh,Karachi,1949,0,W1,Biology,STEM,2025,538,320,218,24,22.4,38.0,31.0,469.0,21.0,36.0,52.0,3.57,49.7,16.6,Mostly Rural,12185.0,2.0,0.0,Yes,FUUAST Entry Test,Easy,40% / 100 marks,11.0
PK-SIN-009,Federal Urdu University Karachi,Public,Sindh,Karachi,1949,0,W1,Chemistry,STEM,2022,239,153,86,8,29.9,0.0,12.0,227.0,21.0,36.0,44.0,3.255,51.6,8.2,Mostly Rural,11453.0,20.0,32.0,Yes,FUUAST Entry Test,Easy,40% / 100 marks,14.0
PK-SIN-009,Federal Urdu University Karachi,Public,Sindh,Karachi,1949,0,W1,Chemistry,STEM,2023,308,183,125,13,23.7,0.0,0.0,308.0,49.0,18.0,13.0,3.26,48.8,8.0,Mostly Rural,37665.0,2.0,18.0,Yes,FUUAST Entry Test,Easy,40% / 100 marks,12.0
PK-SIN-009,Federal Urdu University Karachi,Public,Sindh,Karachi,1949,0,W1,Chemistry,STEM,2024,258,171,87,10,25.8,13.0,0.0,245.0,15.0,54.0,31.0,3.38,52.3,11.1,Mostly Rural,25908.0,14.0,31.0,Yes,FUUAST Entry Test,Easy,40% / 100 marks,14.0
PK-SIN-009,Federal Urdu University Karachi,Public,Sindh,Karachi,1949,0,W1,Chemistry,STEM,2025,310,181,129,12,25.8,6.0,27.0,277.0,35.0,38.0,66.0,3.29,49.7,8.2,Mixed Urban-Rural,26181.0,18.0,14.0,Yes,FUUAST Entry Test,Easy,40% / 100 marks,13.0
PK-SIN-009,Federal Urdu University Karachi,Public,Sindh,Karachi,1949,0,W1,Electrical Engineering,STEM,2022,55,36,19,5,11.0,4.0,9.0,42.0,11.0,36.0,58.0,3.54,68.9,7.8,Mostly Rural,31411.0,13.0,14.0,Yes,FUUAST Entry Test,Easy,40% / 100 marks,10.0
PK-SIN-009,Federal Urdu University Karachi,Public,Sindh,Karachi,1949,0,W1,Electrical Engineering,STEM,2023,53,35,18,5,10.6,0.0,10.0,43.0,8.0,36.0,44.0,3.255,69.4,3.2,Mostly Rural,26181.0,14.0,14.0,Yes,FUUAST Entry Test,Easy,40% / 100 marks,14.0
PK-SIN-009,Federal Urdu University Karachi,Public,Sindh,Karachi,1949,0,W1,Electrical Engineering,STEM,2024,53,26,27,5,10.6,0.0,6.0,47.0,10.0,21.0,63.0,2.96,80.8,16.8,Mostly Rural,39840.0,12.0,9.0,Yes,FUUAST Entry Test,Easy,40% / 100 marks,14.0
PK-SIN-009,Federal Urdu University Karachi,Public,Sindh,Karachi,1949,0,W1,Electrical Engineering,STEM,2025,55,24,31,5,11.0,0.0,5.0,50.0,11.0,40.0,40.0,3.25,83.0,15.6,Mixed Urban-Rural,19479.0,14.0,10.0,Yes,FUUAST Entry Test,Easy,40% / 100 marks,11.0
PK-SIN-009,Federal Urdu University Karachi,Public,Sindh,Karachi,1949,0,W1,Environmental Science,STEM,2022,167,86,81,6,27.8,8.0,2.0,157.0,9.0,36.0,75.0,2.7,61.0,2.5,Mostly Rural,13383.0,14.0,20.0,Yes,FUUAST Entry Test,Easy,40% / 100 marks,14.0
PK-SIN-009,Federal Urdu University Karachi,Public,Sindh,Karachi,1949,0,W1,Environmental Science,STEM,2023,162,79,83,5,32.4,11.0,10.0,141.0,26.0,55.0,44.0,3.4,55.7,8.4,Mixed Urban-Rural,9426.0,1.0,15.0,Yes,FUUAST Entry Test,Easy,40% / 100 marks,11.0
PK-SIN-009,Federal Urdu University Karachi,Public,Sindh,Karachi,1949,0,W1,Environmental Science,STEM,2024,156,106,50,6,26.0,5.0,12.0,139.0,9.0,41.0,66.0,3.255,55.4,12.9,Mostly Rural,12322.0,14.0,14.0,Yes,FUUAST Entry Test,Easy,40% / 100 marks,13.0
PK-SIN-009,Federal Urdu University Karachi,Public,Sindh,Karachi,1949,0,W1,Environmental Science,STEM,2025,155,101,54,6,25.8,10.0,0.0,145.0,30.0,3.0,34.0,3.6,48.4,4.8,Mostly Urban,18377.0,14.0,26.0,Yes,FUUAST Entry Test,Easy,40% / 100 marks,10.0
PK-SIN-009,Federal Urdu University Karachi,Public,Sindh,Karachi,1949,0,W1,History,Arts & Social Sciences,2022,314,196,118,11,28.5,11.0,21.0,282.0,31.0,29.0,61.0,3.66,47.0,2.5,Mixed Urban-Rural,29680.0,12.0,7.0,Yes,FUUAST Entry Test,Easy,40% / 100 marks,13.0
PK-SIN-009,Federal Urdu University Karachi,Public,Sindh,Karachi,1949,0,W1,History,Arts & Social Sciences,2023,280,111,169,10,28.0,6.0,12.0,262.0,8.0,46.0,29.0,3.35,35.3,16.0,Mixed Urban-Rural,28403.0,1.0,9.0,Yes,FUUAST Entry Test,Easy,40% / 100 marks,12.0
PK-SIN-009,Federal Urdu University Karachi,Public,Sindh,Karachi,1949,0,W1,History,Arts & Social Sciences,2024,310,119,191,13,23.8,3.0,19.0,288.0,50.0,36.0,44.0,2.72,44.7,9.9,Mixed Urban-Rural,35529.0,9.0,29.0,Yes,FUUAST Entry Test,Easy,40% / 100 marks,10.0
PK-SIN-009,Federal Urdu University Karachi,Public,Sindh,Karachi,1949,0,W1,History,Arts & Social Sciences,2025,346,229,117,11,31.5,5.0,4.0,337.0,21.0,52.0,39.0,3.0,36.0,13.7,Mostly Urban,37750.0,18.0,14.0,Yes,FUUAST Entry Test,Easy,40% / 100 marks,14.0
PK-SIN-009,Federal Urdu University Karachi,Public,Sindh,Karachi,1949,0,W1,Law,Arts & Social Sciences,2022,186,119,67,6,31.0,6.0,21.0,159.0,24.0,22.0,78.0,3.24,66.4,2.6,Mostly Rural,33793.0,14.0,20.0,Yes,FUUAST Entry Test,Easy,40% / 100 marks,12.0
PK-SIN-009,Federal Urdu University Karachi,Public,Sindh,Karachi,1949,0,W1,Law,Arts & Social Sciences,2023,175,115,60,7,25.0,8.0,34.0,133.0,9.0,56.0,24.0,3.47,69.1,5.7,Mixed Urban-Rural,38797.0,2.0,14.0,Yes,FUUAST Entry Test,Easy,40% / 100 marks,13.0
PK-SIN-009,Federal Urdu University Karachi,Public,Sindh,Karachi,1949,0,W1,Law,Arts & Social Sciences,2024,207,105,102,6,34.5,1.0,32.0,174.0,14.0,60.0,32.0,3.33,77.0,2.4,Mostly Rural,10126.0,14.0,14.0,Yes,FUUAST Entry Test,Easy,40% / 100 marks,10.0
PK-SIN-009,Federal Urdu University Karachi,Public,Sindh,Karachi,1949,0,W1,Law,Arts & Social Sciences,2025,192,99,93,7,27.4,10.0,31.0,151.0,10.0,17.0,78.0,3.38,69.8,12.2,Mixed Urban-Rural,21187.0,16.0,32.0,Yes,FUUAST Entry Test,Easy,40% / 100 marks,12.0
PK-SIN-009,Federal Urdu University Karachi,Public,Sindh,Karachi,1949,0,W1,Pharmacy,STEM,2022,245,173,72,7,35.0,10.0,26.0,209.0,9.0,47.0,69.0,3.22,78.8,2.8,Mixed Urban-Rural,27760.0,8.0,26.0,Yes,FUUAST Entry Test,Easy,40% / 100 marks,14.0
PK-SIN-009,Federal Urdu University Karachi,Public,Sindh,Karachi,1949,0,W1,Pharmacy,STEM,2023,239,118,121,7,34.1,6.0,16.0,217.0,9.0,37.0,17.0,3.01,77.0,16.9,Mostly Urban,12415.0,14.0,28.0,Yes,FUUAST Entry Test,Easy,40% / 100 marks,12.0
PK-SIN-009,Federal Urdu University Karachi,Public,Sindh,Karachi,1949,0,W1,Pharmacy,STEM,2024,259,176,83,8,32.4,16.0,26.0,217.0,24.0,36.0,77.0,2.85,84.2,2.9,Mostly Rural,40418.0,13.0,11.0,Yes,FUUAST Entry Test,Easy,40% / 100 marks,12.0
PK-SIN-009,Federal Urdu University Karachi,Public,Sindh,Karachi,1949,0,W1,Pharmacy,STEM,2025,228,113,115,7,32.6,12.0,45.0,171.0,21.0,36.0,33.0,3.67,73.3,3.3,Mixed Urban-Rural,13929.0,8.0,1.0,Yes,FUUAST Entry Test,Easy,40% / 100 marks,14.0
PK-SIN-009,Federal Urdu University Karachi,Public,Sindh,Karachi,1949,0,W1,Physics,STEM,2022,480,291,189,19,25.3,13.0,45.0,422.0,6.0,22.0,22.0,2.92,50.2,7.7,Mostly Urban,42133.0,14.0,0.0,Yes,FUUAST Entry Test,Easy,40% / 100 marks,13.0
PK-SIN-009,Federal Urdu University Karachi,Public,Sindh,Karachi,1949,0,W1,Physics,STEM,2023,537,333,204,21,25.6,0.0,88.0,449.0,21.0,33.0,5.0,2.74,55.9,4.9,Mostly Urban,30383.0,14.0,9.0,Yes,FUUAST Entry Test,Easy,40% / 100 marks,10.0
PK-SIN-009,Federal Urdu University Karachi,Public,Sindh,Karachi,1949,0,W1,Physics,STEM,2024,453,209,244,13,34.8,35.0,83.0,335.0,90.0,8.0,77.0,2.7,44.1,15.9,Mostly Rural,40932.0,20.0,14.0,Yes,FUUAST Entry Test,Easy,40% / 100 marks,13.0
PK-SIN-009,Federal Urdu University Karachi,Public,Sindh,Karachi,1949,0,W1,Physics,STEM,2025,586,349,237,21,27.9,26.0,41.0,519.0,69.0,36.0,41.0,3.255,50.3,6.1,Mixed Urban-Rural,40200.0,20.0,1.0,Yes,FUUAST Entry Test,Easy,40% / 100 marks,11.0
PK-SIN-009,Federal Urdu University Karachi,Public,Sindh,Karachi,1949,0,W1,Statistics,STEM,2022,444,223,221,16,27.8,28.0,42.0,374.0,24.0,47.0,16.0,2.98,66.0,15.2,Mostly Urban,24352.0,15.0,29.0,Yes,FUUAST Entry Test,Easy,40% / 100 marks,12.0
PK-SIN-009,Federal Urdu University Karachi,Public,Sindh,Karachi,1949,0,W1,Statistics,STEM,2023,529,223,306,15,35.3,38.0,30.0,461.0,82.0,36.0,40.0,3.6,61.4,16.3,Mixed Urban-Rural,26181.0,16.0,5.0,Yes,FUUAST Entry Test,Easy,40% / 100 marks,12.0
PK-SIN-009,Federal Urdu University Karachi,Public,Sindh,Karachi,1949,0,W1,Statistics,STEM,2024,480,300,180,17,28.2,24.0,72.0,384.0,21.0,10.0,47.0,3.22,60.6,12.3,Mixed Urban-Rural,16587.0,19.0,12.0,Yes,FUUAST Entry Test,Easy,40% / 100 marks,13.0
PK-SIN-009,Federal Urdu University Karachi,Public,Sindh,Karachi,1949,0,W1,Statistics,STEM,2025,550,348,202,21,26.2,34.0,43.0,473.0,14.0,15.0,55.0,3.57,68.7,1.8,Mostly Urban,26181.0,20.0,25.0,Yes,FUUAST Entry Test,Easy,40% / 100 marks,10.0
PK-SIN-008,Indus Valley School of Art & Architecture,Private,Sindh,Karachi,1990,0,W4,Architecture,Arts & Social Sciences,2022,1018,388,630,34,29.9,4.0,46.0,968.0,145.0,27.0,26.0,3.64,65.3,11.5,Mostly Rural,114834.0,19.0,0.0,Yes,IVSA Portfolio + Test,Difficult,Portfolio + 60% written,7.0
PK-SIN-008,Indus Valley School of Art & Architecture,Private,Sindh,Karachi,1990,0,W4,Architecture,Arts & Social Sciences,2023,983,375,608,42,23.4,27.0,44.0,912.0,101.0,53.0,13.0,2.88,73.3,15.5,Mostly Rural,121887.0,6.0,20.0,Yes,IVSA Portfolio + Test,Difficult,Portfolio + 60% written,7.0
PK-SIN-008,Indus Valley School of Art & Architecture,Private,Sindh,Karachi,1990,0,W4,Architecture,Arts & Social Sciences,2024,1092,597,495,39,28.0,0.0,47.0,1045.0,181.0,0.0,10.0,3.41,65.8,15.4,Mostly Urban,123114.0,7.0,7.0,Yes,IVSA Portfolio + Test,Difficult,Portfolio + 60% written,8.0
PK-SIN-008,Indus Valley School of Art & Architecture,Private,Sindh,Karachi,1990,0,W4,Architecture,Arts & Social Sciences,2025,1098,493,605,46,23.9,0.0,139.0,959.0,158.0,13.0,35.0,2.81,74.7,12.8,Mixed Urban-Rural,75994.0,6.0,16.0,Yes,IVSA Portfolio + Test,Difficult,Portfolio + 60% written,7.0
PK-SIN-008,Indus Valley School of Art & Architecture,Private,Sindh,Karachi,1990,0,W4,Design,Arts & Social Sciences,2022,1135,611,524,42,27.0,0.0,102.0,1033.0,103.0,1.0,30.0,3.69,56.6,3.3,Mostly Urban,125387.0,1.0,16.0,Yes,IVSA Portfolio + Test,Difficult,Portfolio + 60% written,10.0
PK-SIN-008,Indus Valley School of Art & Architecture,Private,Sindh,Karachi,1990,0,W4,Design,Arts & Social Sciences,2023,1180,524,656,43,27.4,0.0,21.0,1159.0,9.0,20.0,59.0,2.83,56.1,14.8,Mostly Urban,92082.0,7.0,16.0,Yes,IVSA Portfolio + Test,Difficult,Portfolio + 60% written,6.0
PK-SIN-008,Indus Valley School of Art & Architecture,Private,Sindh,Karachi,1990,0,W4,Design,Arts & Social Sciences,2024,1358,875,483,59,23.0,0.0,250.0,1108.0,152.5,20.0,43.0,2.88,57.5,5.3,Mostly Urban,119505.0,6.0,14.0,Yes,IVSA Portfolio + Test,Difficult,Portfolio + 60% written,9.0
PK-SIN-008,Indus Valley School of Art & Architecture,Private,Sindh,Karachi,1990,0,W4,Design,Arts & Social Sciences,2025,1561,938,623,57,27.4,10.0,83.0,1468.0,123.0,45.0,46.0,3.09,62.6,9.0,Mixed Urban-Rural,73028.0,6.0,35.0,Yes,IVSA Portfolio + Test,Difficult,Portfolio + 60% written,6.0
PK-SIN-008,Indus Valley School of Art & Architecture,Private,Sindh,Karachi,1990,0,W4,Fine Arts,Arts & Social Sciences,2022,1610,809,801,69,23.3,7.0,0.0,1603.0,152.5,54.0,35.0,3.41,38.5,2.2,Mostly Urban,107589.0,9.0,30.0,Yes,IVSA Portfolio + Test,Difficult,Portfolio + 60% written,9.0
PK-SIN-008,Indus Valley School of Art & Architecture,Private,Sindh,Karachi,1990,0,W4,Fine Arts,Arts & Social Sciences,2023,1970,1230,740,70,28.1,103.0,322.0,1545.0,230.0,58.0,48.0,3.47,46.7,4.2,Mixed Urban-Rural,113698.0,6.0,34.0,Yes,IVSA Portfolio + Test,Difficult,Portfolio + 60% written,10.0
PK-SIN-008,Indus Valley School of Art & Architecture,Private,Sindh,Karachi,1990,0,W4,Fine Arts,Arts & Social Sciences,2024,1983,1387,596,68,29.2,85.0,255.0,1643.0,56.0,60.0,10.0,3.59,46.5,8.1,Mixed Urban-Rural,99345.0,1.0,16.0,Yes,IVSA Portfolio + Test,Difficult,Portfolio + 60% written,7.5
PK-SIN-008,Indus Valley School of Art & Architecture,Private,Sindh,Karachi,1990,0,W4,Fine Arts,Arts & Social Sciences,2025,1744,753,991,75,23.3,0.0,105.0,1639.0,243.0,2.0,64.0,3.65,42.8,5.7,Mostly Rural,121165.0,5.0,12.0,Yes,IVSA Portfolio + Test,Difficult,Portfolio + 60% written,6.0
PK-SIN-008,Indus Valley School of Art & Architecture,Private,Sindh,Karachi,1990,0,W4,Textile Design,Arts & Social Sciences,2022,1259,871,388,41,30.7,64.0,250.0,945.0,147.0,15.0,37.0,3.64,60.3,4.3,Mixed Urban-Rural,99492.0,6.0,16.0,Yes,IVSA Portfolio + Test,Difficult,Portfolio + 60% written,10.0
PK-SIN-008,Indus Valley School of Art & Architecture,Private,Sindh,Karachi,1990,0,W4,Textile Design,Arts & Social Sciences,2023,1300,854,446,51,25.5,34.0,232.0,1034.0,162.0,18.0,28.0,3.43,58.0,10.7,Mostly Urban,100456.0,18.0,26.0,Yes,IVSA Portfolio + Test,Difficult,Portfolio + 60% written,7.5
PK-SIN-008,Indus Valley School of Art & Architecture,Private,Sindh,Karachi,1990,0,W4,Textile Design,Arts & Social Sciences,2024,1573,814,759,48,32.8,20.0,0.0,1553.0,164.0,60.0,31.0,2.87,52.5,8.1,Mostly Urban,70294.0,6.0,12.0,Yes,IVSA Portfolio + Test,Difficult,Portfolio + 60% written,10.0
PK-SIN-008,Indus Valley School of Art & Architecture,Private,Sindh,Karachi,1990,0,W4,Textile Design,Arts & Social Sciences,2025,1472,904,568,55,26.8,24.0,16.0,1432.0,275.0,11.0,54.0,3.39,65.6,5.9,Mostly Rural,95171.0,3.0,16.0,Yes,IVSA Portfolio + Test,Difficult,Portfolio + 60% written,7.0
PK-SIN-002,Institute of Business Administration Karachi,Public,Sindh,Karachi,1955,0,W4,Civil Engineering,STEM,2022,1684,1178,506,50,33.7,0.0,196.0,1488.0,159.0,31.0,67.0,2.98,74.4,6.6,Mixed Urban-Rural,36522.0,17.0,18.0,Yes,IBA Entry Test,Difficult,80% / 100 marks,11.0
PK-SIN-002,Institute of Business Administration Karachi,Public,Sindh,Karachi,1955,0,W4,Civil Engineering,STEM,2023,1871,1265,606,56,33.4,126.0,76.0,1669.0,277.0,31.0,41.0,3.3,66.7,6.4,Mostly Urban,15651.0,17.0,11.0,Yes,IBA Entry Test,Difficult,80% / 100 marks,13.0
PK-SIN-002,Institute of Business Administration Karachi,Public,Sindh,Karachi,1955,0,W4,Civil Engineering,STEM,2024,1837,904,933,52,35.3,0.0,225.0,1612.0,100.0,30.0,73.0,3.38,64.0,8.7,Mostly Rural,43411.0,17.0,8.0,Yes,IBA Entry Test,Difficult,80% / 100 marks,14.0
PK-SIN-002,Institute of Business Administration Karachi,Public,Sindh,Karachi,1955,0,W4,Civil Engineering,STEM,2025,1673,904,769,67,25.0,34.0,48.0,1591.0,314.0,31.0,52.0,3.38,70.9,2.1,Mostly Rural,24837.0,4.0,13.0,Yes,IBA Entry Test,Difficult,80% / 100 marks,12.0
PK-SIN-002,Institute of Business Administration Karachi,Public,Sindh,Karachi,1955,0,W4,Electrical Engineering,STEM,2022,2147,1488,659,80,26.8,52.0,304.0,1791.0,185.0,19.0,51.0,3.115,77.5,15.5,Mostly Urban,31751.0,19.0,10.0,Yes,IBA Entry Test,Difficult,80% / 100 marks,11.0
PK-SIN-002,Institute of Business Administration Karachi,Public,Sindh,Karachi,1955,0,W4,Electrical Engineering,STEM,2023,2555,1702,853,91,28.1,127.0,364.0,2064.0,159.0,19.0,29.0,3.41,69.5,13.3,Mostly Rural,14050.0,2.0,8.0,Yes,IBA Entry Test,Difficult,80% / 100 marks,13.0
PK-SIN-002,Institute of Business Administration Karachi,Public,Sindh,Karachi,1955,0,W4,Electrical Engineering,STEM,2024,2329,1338,991,97,24.0,149.0,107.0,2073.0,117.0,31.0,58.0,3.56,77.7,4.1,Mostly Urban,44487.0,1.0,13.0,Yes,IBA Entry Test,Difficult,80% / 100 marks,11.0
PK-SIN-002,Institute of Business Administration Karachi,Public,Sindh,Karachi,1955,0,W4,Electrical Engineering,STEM,2025,2767,1973,794,87,31.8,185.0,261.0,2321.0,410.0,19.0,70.0,3.115,82.1,8.7,Mostly Rural,34943.0,1.0,28.0,Yes,IBA Entry Test,Difficult,80% / 100 marks,13.0
PK-SIN-002,Institute of Business Administration Karachi,Public,Sindh,Karachi,1955,0,W4,Mathematics,STEM,2022,2606,1113,1493,78,33.4,54.0,515.0,2037.0,135.0,31.0,26.0,3.21,58.8,17.3,Mostly Rural,36859.0,7.0,12.0,Yes,IBA Entry Test,Difficult,80% / 100 marks,14.0
PK-SIN-002,Institute of Business Administration Karachi,Public,Sindh,Karachi,1955,0,W4,Mathematics,STEM,2023,2645,1820,825,84,31.5,101.0,0.0,2544.0,42.0,25.0,58.0,2.8,55.8,7.3,Mostly Rural,25342.0,9.0,35.0,Yes,IBA Entry Test,Difficult,80% / 100 marks,11.0
PK-SIN-002,Institute of Business Administration Karachi,Public,Sindh,Karachi,1955,0,W4,Mathematics,STEM,2024,2274,1611,663,74,30.7,0.0,383.0,1891.0,159.0,11.0,47.0,3.115,65.7,10.7,Mixed Urban-Rural,9243.0,8.0,16.0,Yes,IBA Entry Test,Difficult,80% / 100 marks,14.0
PK-SIN-002,Institute of Business Administration Karachi,Public,Sindh,Karachi,1955,0,W4,Mathematics,STEM,2025,2682,1501,1181,116,23.1,0.0,511.0,2171.0,386.0,16.0,47.0,3.115,56.6,4.8,Mixed Urban-Rural,34877.0,19.0,31.0,Yes,IBA Entry Test,Difficult,80% / 100 marks,12.0
PK-SIN-002,Institute of Business Administration Karachi,Public,Sindh,Karachi,1955,0,W4,Mechanical Engineering,STEM,2022,2414,1343,1071,85,28.4,0.0,304.0,2110.0,111.0,19.0,74.0,3.45,69.9,8.7,Mixed Urban-Rural,9539.0,10.0,13.0,Yes,IBA Entry Test,Difficult,80% / 100 marks,14.0
PK-SIN-002,Institute of Business Administration Karachi,Public,Sindh,Karachi,1955,0,W4,Mechanical Engineering,STEM,2023,2708,1816,892,110,24.6,8.0,0.0,2700.0,420.0,31.0,52.5,2.97,73.7,8.7,Mostly Urban,8014.0,14.0,31.0,Yes,IBA Entry Test,Difficult,80% / 100 marks,11.0
PK-SIN-002,Institute of Business Administration Karachi,Public,Sindh,Karachi,1955,0,W4,Mechanical Engineering,STEM,2024,2694,1718,976,106,25.4,204.0,256.0,2234.0,159.0,60.0,52.5,3.115,73.4,13.1,Mostly Rural,13869.0,1.0,24.0,Yes,IBA Entry Test,Difficult,80% / 100 marks,11.0
PK-SIN-002,Institute of Business Administration Karachi,Public,Sindh,Karachi,1955,0,W4,Mechanical Engineering,STEM,2025,2680,1229,1451,96,27.9,46.0,229.0,2405.0,159.0,48.0,53.0,3.03,79.6,2.4,Mostly Rural,18369.0,16.0,13.0,Yes,IBA Entry Test,Difficult,80% / 100 marks,11.0
PK-SIN-002,Institute of Business Administration Karachi,Public,Sindh,Karachi,1955,0,W4,Pharmacy,STEM,2022,3331,2302,1029,119,28.0,49.0,477.0,2805.0,126.0,31.0,65.0,3.4,75.1,4.9,Mixed Urban-Rural,8301.0,11.0,35.0,Yes,IBA Entry Test,Difficult,80% / 100 marks,14.0
PK-SIN-002,Institute of Business Administration Karachi,Public,Sindh,Karachi,1955,0,W4,Pharmacy,STEM,2023,3743,2526,1217,121,30.9,177.0,490.0,3076.0,541.0,38.0,52.5,2.92,78.7,15.0,Mostly Rural,20749.0,16.0,13.0,Yes,IBA Entry Test,Difficult,80% / 100 marks,11.0
PK-SIN-002,Institute of Business Administration Karachi,Public,Sindh,Karachi,1955,0,W4,Pharmacy,STEM,2024,3598,1551,2047,132,27.3,198.0,265.0,3135.0,275.0,33.0,47.0,3.42,79.9,11.9,Mostly Rural,23637.0,11.0,8.0,Yes,IBA Entry Test,Difficult,80% / 100 marks,11.0
PK-SIN-002,Institute of Business Administration Karachi,Public,Sindh,Karachi,1955,0,W4,Pharmacy,STEM,2025,3596,2313,1283,143,25.1,203.0,232.0,3161.0,284.0,47.0,3.0,2.86,79.9,5.8,Mostly Urban,30898.0,16.0,23.0,Yes,IBA Entry Test,Difficult,80% / 100 marks,14.0
PK-SIN-002,Institute of Business Administration Karachi,Public,Sindh,Karachi,1955,0,W4,Political Science,Arts & Social Sciences,2022,1753,784,969,60,29.2,134.0,0.0,1619.0,66.0,38.0,26.0,3.115,52.8,14.9,Mostly Urban,21699.0,9.0,13.0,Yes,IBA Entry Test,Difficult,80% / 100 marks,14.0
PK-SIN-002,Institute of Business Administration Karachi,Public,Sindh,Karachi,1955,0,W4,Political Science,Arts & Social Sciences,2023,1593,1081,512,64,24.9,0.0,117.0,1476.0,28.0,56.0,6.0,2.83,51.0,9.0,Mixed Urban-Rural,33858.0,13.0,2.0,Yes,IBA Entry Test,Difficult,80% / 100 marks,10.0
PK-SIN-002,Institute of Business Administration Karachi,Public,Sindh,Karachi,1955,0,W4,Political Science,Arts & Social Sciences,2024,1757,1175,582,51,34.5,13.0,294.0,1450.0,140.0,31.0,76.0,3.115,52.5,15.0,Mostly Rural,19733.0,11.0,7.0,Yes,IBA Entry Test,Difficult,80% / 100 marks,11.0
PK-SIN-002,Institute of Business Administration Karachi,Public,Sindh,Karachi,1955,0,W4,Political Science,Arts & Social Sciences,2025,2015,1174,841,85,23.7,50.0,11.0,1954.0,248.0,30.0,78.0,2.95,42.8,5.8,Mostly Rural,32327.0,7.0,1.0,Yes,IBA Entry Test,Difficult,80% / 100 marks,14.0
PK-SIN-002,Institute of Business Administration Karachi,Public,Sindh,Karachi,1955,0,W4,Psychology,Arts & Social Sciences,2022,2297,1473,824,74,31.0,110.0,30.0,2157.0,159.0,33.0,62.0,3.2,58.6,12.0,Mostly Urban,18480.0,13.0,13.0,Yes,IBA Entry Test,Difficult,80% / 100 marks,13.0
PK-SIN-002,Institute of Business Administration Karachi,Public,Sindh,Karachi,1955,0,W4,Psychology,Arts & Social Sciences,2023,2334,988,1346,82,28.5,53.0,127.0,2154.0,157.0,6.0,78.0,2.97,56.1,16.9,Mostly Urban,8767.0,13.0,23.0,Yes,IBA Entry Test,Difficult,80% / 100 marks,12.0
PK-SIN-002,Institute of Business Administration Karachi,Public,Sindh,Karachi,1955,0,W4,Psychology,Arts & Social Sciences,2024,2156,841,1315,78,27.6,112.0,137.0,1907.0,109.0,43.0,52.5,3.115,52.7,4.7,Mostly Rural,31020.0,11.0,0.0,Yes,IBA Entry Test,Difficult,80% / 100 marks,14.0
PK-SIN-002,Institute of Business Administration Karachi,Public,Sindh,Karachi,1955,0,W4,Psychology,Arts & Social Sciences,2025,2667,1809,858,88,30.3,202.0,399.0,2066.0,467.0,52.0,4.0,2.69,59.7,5.7,Mixed Urban-Rural,42030.0,9.0,17.0,Yes,IBA Entry Test,Difficult,80% / 100 marks,13.0
PK-SIN-007,Jinnah Sindh Medical University,Public,Sindh,Karachi,2010,0,W1,BDS,STEM,2022,111,46,65,5,22.2,6.0,9.0,96.0,17.5,22.0,39.5,2.8,85.8,13.4,Mostly Rural,29312.0,8.0,22.0,Yes,MDCAT (PMC),Difficult,65% / 210 marks,15.0
PK-SIN-007,Jinnah Sindh Medical University,Public,Sindh,Karachi,2010,0,W1,BDS,STEM,2023,93,40,53,5,18.6,7.0,16.0,70.0,6.0,0.0,33.0,2.78,82.1,2.6,Mostly Urban,48552.0,12.0,20.5,Yes,MDCAT (PMC),Difficult,65% / 210 marks,18.0
PK-SIN-007,Jinnah Sindh Medical University,Public,Sindh,Karachi,2010,0,W1,BDS,STEM,2024,102,39,63,5,20.4,7.0,0.0,95.0,6.0,40.0,34.0,2.82,89.6,1.6,Mostly Rural,29312.0,18.0,20.5,Yes,MDCAT (PMC),Difficult,65% / 210 marks,18.0
PK-SIN-007,Jinnah Sindh Medical University,Public,Sindh,Karachi,2010,0,W1,BDS,STEM,2025,116,71,45,5,23.2,7.0,14.0,95.0,12.0,22.0,65.0,3.64,94.9,9.25,Mostly Urban,50315.0,4.0,20.5,Yes,MDCAT (PMC),Difficult,65% / 210 marks,16.0
PK-SIN-007,Jinnah Sindh Medical University,Public,Sindh,Karachi,2010,0,W1,Biomedical Engineering,STEM,2022,243,101,142,7,34.7,1.0,4.0,238.0,13.0,11.0,76.0,3.03,70.0,16.9,Mixed Urban-Rural,22587.0,15.0,20.5,Yes,MDCAT (PMC),Difficult,65% / 210 marks,13.0
PK-SIN-007,Jinnah Sindh Medical University,Public,Sindh,Karachi,2010,0,W1,Biomedical Engineering,STEM,2023,266,168,98,7,38.0,18.0,0.0,248.0,33.0,13.0,26.0,3.55,76.3,9.25,Mostly Urban,15334.0,15.0,15.0,Yes,MDCAT (PMC),Difficult,65% / 210 marks,18.0
PK-SIN-007,Jinnah Sindh Medical University,Public,Sindh,Karachi,2010,0,W1,Biomedical Engineering,STEM,2024,272,176,96,10,27.2,13.0,11.0,248.0,16.0,13.0,39.5,3.03,76.7,2.1,Mostly Urban,29312.0,15.0,16.0,Yes,MDCAT (PMC),Difficult,65% / 210 marks,18.0
PK-SIN-007,Jinnah Sindh Medical University,Public,Sindh,Karachi,2010,0,W1,Biomedical Engineering,STEM,2025,255,118,137,10,25.5,8.0,44.0,203.0,41.0,26.0,23.0,3.03,70.3,16.7,Mostly Urban,29312.0,15.0,32.0,Yes,MDCAT (PMC),Difficult,65% / 210 marks,16.0
PK-SIN-007,Jinnah Sindh Medical University,Public,Sindh,Karachi,2010,0,W1,MBBS,STEM,2022,164,88,76,7,23.4,0.0,12.0,152.0,15.0,6.0,60.0,3.03,94.0,7.6,Mostly Urban,29312.0,15.0,8.0,Yes,MDCAT (PMC),Difficult,65% / 210 marks,15.0
PK-SIN-007,Jinnah Sindh Medical University,Public,Sindh,Karachi,2010,0,W1,MBBS,STEM,2023,172,108,64,6,28.7,8.0,29.0,135.0,16.0,7.0,45.0,3.06,97.0,5.5,Mostly Rural,42046.0,14.0,33.0,Yes,MDCAT (PMC),Difficult,65% / 210 marks,12.0
PK-SIN-007,Jinnah Sindh Medical University,Public,Sindh,Karachi,2010,0,W1,MBBS,STEM,2024,175,115,60,7,25.0,12.0,0.0,163.0,19.0,13.0,28.0,3.53,88.7,7.5,Mostly Rural,67282.0,19.0,26.0,Yes,MDCAT (PMC),Difficult,65% / 210 marks,15.0
PK-SIN-007,Jinnah Sindh Medical University,Public,Sindh,Karachi,2010,0,W1,MBBS,STEM,2025,183,95,88,8,22.9,13.0,17.0,153.0,33.0,9.0,32.0,3.03,97.0,12.0,Mostly Urban,42059.0,9.0,30.0,Yes,MDCAT (PMC),Difficult,65% / 210 marks,16.0
PK-SIN-007,Jinnah Sindh Medical University,Public,Sindh,Karachi,2010,0,W1,Pharmacy,STEM,2022,361,240,121,14,25.8,0.0,27.0,334.0,39.0,13.0,53.0,3.12,82.3,9.25,Mostly Urban,22462.0,18.0,20.5,Yes,MDCAT (PMC),Difficult,65% / 210 marks,12.0
PK-SIN-007,Jinnah Sindh Medical University,Public,Sindh,Karachi,2010,0,W1,Pharmacy,STEM,2023,321,207,114,12,26.8,0.0,39.0,282.0,15.0,23.0,27.0,2.63,84.1,16.3,Mostly Urban,29523.0,15.0,13.0,Yes,MDCAT (PMC),Difficult,65% / 210 marks,13.0
PK-SIN-007,Jinnah Sindh Medical University,Public,Sindh,Karachi,2010,0,W1,Pharmacy,STEM,2024,390,235,155,12,32.5,0.0,55.0,335.0,17.5,32.0,6.0,3.22,78.4,7.7,Mixed Urban-Rural,8319.0,7.0,32.0,Yes,MDCAT (PMC),Difficult,65% / 210 marks,14.0
PK-SIN-007,Jinnah Sindh Medical University,Public,Sindh,Karachi,2010,0,W1,Pharmacy,STEM,2025,356,217,139,13,27.4,0.0,23.0,333.0,47.0,27.0,45.0,2.83,83.7,10.8,Mixed Urban-Rural,17355.0,16.0,19.0,Yes,MDCAT (PMC),Difficult,65% / 210 marks,12.0
PK-SIN-007,Jinnah Sindh Medical University,Public,Sindh,Karachi,2010,0,W1,Public Health,STEM,2022,449,233,216,15,29.9,15.0,32.0,402.0,39.0,12.0,63.0,2.72,71.5,17.6,Mixed Urban-Rural,27546.0,18.0,20.5,Yes,MDCAT (PMC),Difficult,65% / 210 marks,17.0
PK-SIN-007,Jinnah Sindh Medical University,Public,Sindh,Karachi,2010,0,W1,Public Health,STEM,2023,421,233,188,17,24.8,17.0,77.0,327.0,65.0,39.0,69.0,3.03,73.0,5.7,Mostly Urban,31607.0,20.0,26.0,Yes,MDCAT (PMC),Difficult,65% / 210 marks,14.0
PK-SIN-007,Jinnah Sindh Medical University,Public,Sindh,Karachi,2010,0,W1,Public Health,STEM,2024,480,219,261,18,26.7,34.0,0.0,446.0,88.0,6.0,72.0,3.06,60.8,13.7,Mostly Urban,29312.0,16.0,15.0,Yes,MDCAT (PMC),Difficult,65% / 210 marks,15.0
PK-SIN-007,Jinnah Sindh Medical University,Public,Sindh,Karachi,2010,0,W1,Public Health,STEM,2025,477,280,197,14,34.1,32.0,23.0,422.0,8.0,13.0,23.0,2.86,61.5,9.25,Mostly Urban,17955.0,13.0,13.0,Yes,MDCAT (PMC),Difficult,65% / 210 marks,16.0
PK-SIN-017,Liaquat University of Medical & Health Sciences,Public,Sindh,Jamshoro,1951,0,W2,BDS,STEM,2022,173,85,88,6,28.8,6.0,8.0,159.0,27.0,42.0,17.0,2.76,86.5,7.2,Mostly Rural,81658.0,6.0,3.0,Yes,MDCAT (PMC) / LUMHS Test,Difficult,65% / 210 marks,23.0
PK-SIN-017,Liaquat University of Medical & Health Sciences,Public,Sindh,Jamshoro,1951,0,W2,BDS,STEM,2023,189,82,107,5,37.8,8.0,33.0,148.0,6.0,24.5,8.0,3.21,86.7,13.3,Mostly Urban,64446.0,7.0,33.0,Yes,MDCAT (PMC) / LUMHS Test,Difficult,65% / 210 marks,19.0
PK-SIN-017,Liaquat University of Medical & Health Sciences,Public,Sindh,Jamshoro,1951,0,W2,BDS,STEM,2024,170,73,97,5,34.0,0.0,23.0,147.0,18.0,5.0,56.0,3.14,84.0,12.1,Mostly Urban,43157.0,19.0,14.0,Yes,MDCAT (PMC) / LUMHS Test,Difficult,65% / 210 marks,24.0
PK-SIN-017,Liaquat University of Medical & Health Sciences,Public,Sindh,Jamshoro,1951,0,W2,BDS,STEM,2025,165,75,90,6,27.5,13.0,2.0,150.0,9.0,26.0,42.0,3.46,90.4,8.7,Mostly Urban,86173.0,12.5,14.0,Yes,MDCAT (PMC) / LUMHS Test,Difficult,65% / 210 marks,19.0
PK-SIN-017,Liaquat University of Medical & Health Sciences,Public,Sindh,Jamshoro,1951,0,W2,Biomedical Engineering,STEM,2022,531,322,209,15,35.4,17.0,16.0,498.0,56.0,24.5,34.0,3.55,70.9,15.8,Mostly Urban,18241.0,11.0,14.0,Yes,MDCAT (PMC) / LUMHS Test,Difficult,65% / 210 marks,22.0
PK-SIN-017,Liaquat University of Medical & Health Sciences,Public,Sindh,Jamshoro,1951,0,W2,Biomedical Engineering,STEM,2023,602,298,304,19,31.7,12.0,52.0,538.0,110.0,24.5,61.0,3.04,75.1,7.7,Mostly Urban,11004.0,13.0,4.0,Yes,MDCAT (PMC) / LUMHS Test,Difficult,65% / 210 marks,20.0
PK-SIN-017,Liaquat University of Medical & Health Sciences,Public,Sindh,Jamshoro,1951,0,W2,Biomedical Engineering,STEM,2024,644,422,222,27,23.9,9.0,107.0,528.0,126.0,24.5,21.0,3.23,76.7,5.7,Mostly Rural,35125.0,12.0,14.0,Yes,MDCAT (PMC) / LUMHS Test,Difficult,65% / 210 marks,24.0
PK-SIN-017,Liaquat University of Medical & Health Sciences,Public,Sindh,Jamshoro,1951,0,W2,Biomedical Engineering,STEM,2025,585,260,325,20,29.2,44.0,45.0,496.0,56.0,10.0,13.0,3.2,73.8,15.3,Mixed Urban-Rural,30502.0,16.0,11.0,Yes,MDCAT (PMC) / LUMHS Test,Difficult,65% / 210 marks,23.0
PK-SIN-017,Liaquat University of Medical & Health Sciences,Public,Sindh,Jamshoro,1951,0,W2,Nursing,STEM,2022,197,79,118,7,28.1,3.0,17.0,177.0,15.0,3.0,70.0,3.29,82.2,1.8,Mostly Rural,40440.0,10.0,9.0,Yes,MDCAT (PMC) / LUMHS Test,Difficult,65% / 210 marks,24.0
PK-SIN-017,Liaquat University of Medical & Health Sciences,Public,Sindh,Jamshoro,1951,0,W2,Nursing,STEM,2023,223,108,115,7,31.9,15.0,8.0,200.0,23.0,3.0,66.0,2.9,85.4,12.0,Mixed Urban-Rural,17852.0,7.0,18.0,Yes,MDCAT (PMC) / LUMHS Test,Difficult,65% / 210 marks,23.0
PK-SIN-017,Liaquat University of Medical & Health Sciences,Public,Sindh,Jamshoro,1951,0,W2,Nursing,STEM,2024,204,132,72,7,29.1,9.0,39.0,156.0,56.0,28.0,12.0,3.02,87.0,11.1,Mostly Urban,15936.0,17.0,30.0,Yes,MDCAT (PMC) / LUMHS Test,Difficult,65% / 210 marks,24.0
PK-SIN-017,Liaquat University of Medical & Health Sciences,Public,Sindh,Jamshoro,1951,0,W2,Nursing,STEM,2025,259,102,157,7,37.0,18.0,23.0,218.0,56.0,23.0,78.0,2.85,89.3,15.2,Mostly Rural,30986.0,5.0,14.0,Yes,MDCAT (PMC) / LUMHS Test,Difficult,65% / 210 marks,19.0
PK-SIN-017,Liaquat University of Medical & Health Sciences,Public,Sindh,Jamshoro,1951,0,W2,Pharmacy,STEM,2022,411,193,218,18,22.8,0.0,75.0,336.0,58.0,13.0,68.0,3.63,85.9,12.2,Mixed Urban-Rural,25660.0,12.5,7.0,Yes,MDCAT (PMC) / LUMHS Test,Difficult,65% / 210 marks,22.0
PK-SIN-017,Liaquat University of Medical & Health Sciences,Public,Sindh,Jamshoro,1951,0,W2,Pharmacy,STEM,2023,422,183,239,13,32.5,0.0,63.0,359.0,17.0,32.0,42.0,3.11,84.7,9.8,Mostly Rural,11397.0,15.0,14.0,Yes,MDCAT (PMC) / LUMHS Test,Difficult,65% / 210 marks,20.0
PK-SIN-017,Liaquat University of Medical & Health Sciences,Public,Sindh,Jamshoro,1951,0,W2,Pharmacy,STEM,2024,461,276,185,20,23.1,12.0,42.0,407.0,56.0,24.5,30.0,3.27,78.4,1.6,Mostly Urban,29724.0,20.0,15.0,Yes,MDCAT (PMC) / LUMHS Test,Difficult,65% / 210 marks,22.0
PK-SIN-017,Liaquat University of Medical & Health Sciences,Public,Sindh,Jamshoro,1951,0,W2,Pharmacy,STEM,2025,484,336,148,16,30.2,36.0,66.0,382.0,84.0,53.0,27.0,3.14,82.6,6.1,Mixed Urban-Rural,43739.0,15.0,9.0,Yes,MDCAT (PMC) / LUMHS Test,Difficult,65% / 210 marks,22.0
PK-SIN-017,Liaquat University of Medical & Health Sciences,Public,Sindh,Jamshoro,1951,0,W2,Physiotherapy,STEM,2022,633,414,219,19,33.3,30.0,57.0,546.0,56.0,36.0,48.0,3.14,70.3,10.5,Mostly Urban,29724.0,3.0,28.0,Yes,MDCAT (PMC) / LUMHS Test,Difficult,65% / 210 marks,21.0
PK-SIN-017,Liaquat University of Medical & Health Sciences,Public,Sindh,Jamshoro,1951,0,W2,Physiotherapy,STEM,2023,729,468,261,31,23.5,47.0,0.0,682.0,103.0,39.0,66.0,3.14,80.6,7.5,Mostly Urban,9336.0,17.0,22.0,Yes,MDCAT (PMC) / LUMHS Test,Difficult,65% / 210 marks,18.0
PK-SIN-017,Liaquat University of Medical & Health Sciences,Public,Sindh,Jamshoro,1951,0,W2,Physiotherapy,STEM,2024,809,533,276,26,31.1,0.0,131.0,678.0,94.0,24.5,10.0,3.06,82.1,2.4,Mostly Urban,8183.0,13.0,13.0,Yes,MDCAT (PMC) / LUMHS Test,Difficult,65% / 210 marks,24.0
PK-SIN-017,Liaquat University of Medical & Health Sciences,Public,Sindh,Jamshoro,1951,0,W2,Physiotherapy,STEM,2025,704,400,304,23,30.6,32.0,121.0,551.0,103.0,11.0,66.0,2.98,84.5,3.0,Mostly Urban,21527.0,1.0,28.0,Yes,MDCAT (PMC) / LUMHS Test,Difficult,65% / 210 marks,22.0
PK-SIN-012,Mehran University of Engineering & Technology,Public,Sindh,Jamshoro,1977,0,W3,Civil Engineering,STEM,2022,1175,708,467,46,25.5,73.0,36.0,1066.0,198.0,27.0,36.0,3.41,75.8,6.9,Mostly Urban,21558.0,18.0,3.0,Yes,ECAT (Sindh) / MUET Test,Difficult,60% / 100 marks,29.0
PK-SIN-012,Mehran University of Engineering & Technology,Public,Sindh,Jamshoro,1977,0,W3,Civil Engineering,STEM,2023,1294,569,725,41,31.6,9.0,193.0,1092.0,73.0,26.0,62.0,3.3,70.4,8.8,Mostly Urban,34534.0,11.0,11.0,Yes,ECAT (Sindh) / MUET Test,Difficult,60% / 100 marks,33.0
PK-SIN-012,Mehran University of Engineering & Technology,Public,Sindh,Jamshoro,1977,0,W3,Civil Engineering,STEM,2024,1399,967,432,53,26.4,107.0,205.0,1087.0,24.0,4.0,77.0,2.82,71.2,1.8,Mostly Urban,15741.0,3.0,3.0,Yes,ECAT (Sindh) / MUET Test,Difficult,60% / 100 marks,28.0
PK-SIN-012,Mehran University of Engineering & Technology,Public,Sindh,Jamshoro,1977,0,W3,Civil Engineering,STEM,2025,1312,704,608,41,32.0,83.0,100.0,1129.0,261.0,27.0,10.0,3.29,75.4,12.8,Mostly Rural,24144.0,16.0,10.0,Yes,ECAT (Sindh) / MUET Test,Difficult,60% / 100 marks,34.0
PK-SIN-012,Mehran University of Engineering & Technology,Public,Sindh,Jamshoro,1977,0,W3,Computer Science,STEM,2022,2109,1028,1081,66,32.0,9.0,93.0,2007.0,157.0,37.0,10.0,3.44,80.3,16.7,Mixed Urban-Rural,29342.0,16.0,25.0,Yes,ECAT (Sindh) / MUET Test,Difficult,60% / 100 marks,36.0
PK-SIN-012,Mehran University of Engineering & Technology,Public,Sindh,Jamshoro,1977,0,W3,Computer Science,STEM,2023,2122,1220,902,85,25.0,67.0,80.0,1975.0,205.0,12.0,36.0,3.2,85.1,8.8,Mostly Rural,12963.0,11.0,25.0,Yes,ECAT (Sindh) / MUET Test,Difficult,60% / 100 marks,28.0
PK-SIN-012,Mehran University of Engineering & Technology,Public,Sindh,Jamshoro,1977,0,W3,Computer Science,STEM,2024,2169,873,1296,85,25.5,0.0,186.0,1983.0,185.0,48.0,11.0,3.36,85.2,11.4,Mostly Rural,16496.0,1.0,27.0,Yes,ECAT (Sindh) / MUET Test,Difficult,60% / 100 marks,30.0
PK-SIN-012,Mehran University of Engineering & Technology,Public,Sindh,Jamshoro,1977,0,W3,Computer Science,STEM,2025,2023,1307,716,84,24.1,139.0,269.0,1615.0,119.0,22.0,25.0,2.81,76.4,3.2,Mostly Urban,34865.0,10.0,31.0,Yes,ECAT (Sindh) / MUET Test,Difficult,60% / 100 marks,31.0
PK-SIN-012,Mehran University of Engineering & Technology,Public,Sindh,Jamshoro,1977,0,W3,Electrical Engineering,STEM,2022,924,563,361,35,26.4,45.0,12.0,867.0,7.0,7.0,69.0,2.95,75.3,2.3,Mixed Urban-Rural,30978.0,18.0,25.0,Yes,ECAT (Sindh) / MUET Test,Difficult,60% / 100 marks,36.0
PK-SIN-012,Mehran University of Engineering & Technology,Public,Sindh,Jamshoro,1977,0,W3,Electrical Engineering,STEM,2023,866,485,381,36,24.1,55.0,0.0,811.0,130.0,16.0,56.0,3.2,77.0,10.3,Mixed Urban-Rural,20704.0,11.0,14.0,Yes,ECAT (Sindh) / MUET Test,Difficult,60% / 100 marks,28.0
PK-SIN-012,Mehran University of Engineering & Technology,Public,Sindh,Jamshoro,1977,0,W3,Electrical Engineering,STEM,2024,950,624,326,34,27.9,0.0,177.0,773.0,127.0,55.0,32.0,3.28,79.9,16.2,Mostly Urban,24144.0,10.0,31.0,Yes,ECAT (Sindh) / MUET Test,Difficult,60% / 100 marks,36.0
PK-SIN-012,Mehran University of Engineering & Technology,Public,Sindh,Jamshoro,1977,0,W3,Electrical Engineering,STEM,2025,983,703,280,43,22.9,16.0,6.0,961.0,86.0,0.0,36.0,3.07,83.4,15.8,Mixed Urban-Rural,25673.0,8.0,26.0,Yes,ECAT (Sindh) / MUET Test,Difficult,60% / 100 marks,31.0
PK-SIN-012,Mehran University of Engineering & Technology,Public,Sindh,Jamshoro,1977,0,W3,Mechanical Engineering,STEM,2022,1036,581,455,32,32.4,29.0,93.0,914.0,117.0,31.0,36.0,2.99,69.1,8.8,Mixed Urban-Rural,27624.0,12.0,23.0,Yes,ECAT (Sindh) / MUET Test,Difficult,60% / 100 marks,28.0
PK-SIN-012,Mehran University of Engineering & Technology,Public,Sindh,Jamshoro,1977,0,W3,Mechanical Engineering,STEM,2023,1206,558,648,37,32.6,55.0,144.0,1007.0,207.0,59.0,36.0,3.12,73.8,7.1,Mostly Urban,36743.0,11.0,32.0,Yes,ECAT (Sindh) / MUET Test,Difficult,60% / 100 marks,28.0
PK-SIN-012,Mehran University of Engineering & Technology,Public,Sindh,Jamshoro,1977,0,W3,Mechanical Engineering,STEM,2024,1247,630,617,36,34.6,47.0,222.0,978.0,198.0,33.0,13.0,3.4,65.2,15.5,Mostly Urban,10653.0,11.0,20.0,Yes,ECAT (Sindh) / MUET Test,Difficult,60% / 100 marks,29.0
PK-SIN-012,Mehran University of Engineering & Technology,Public,Sindh,Jamshoro,1977,0,W3,Mechanical Engineering,STEM,2025,1235,779,456,44,28.1,35.0,47.0,1153.0,128.0,4.0,39.0,3.56,70.1,3.6,Mostly Urban,16829.0,2.0,26.0,Yes,ECAT (Sindh) / MUET Test,Difficult,60% / 100 marks,34.0
PK-SIN-012,Mehran University of Engineering & Technology,Public,Sindh,Jamshoro,1977,0,W3,Software Engineering,STEM,2022,1019,516,503,31,32.9,20.0,186.0,813.0,154.0,1.0,63.0,3.18,90.0,11.3,Mixed Urban-Rural,29313.0,18.0,25.0,Yes,ECAT (Sindh) / MUET Test,Difficult,60% / 100 marks,34.0
PK-SIN-012,Mehran University of Engineering & Technology,Public,Sindh,Jamshoro,1977,0,W3,Software Engineering,STEM,2023,1186,642,544,48,24.7,65.0,222.0,899.0,125.0,37.0,9.0,3.27,89.6,7.8,Mostly Rural,40675.0,1.0,3.0,Yes,ECAT (Sindh) / MUET Test,Difficult,60% / 100 marks,31.0
PK-SIN-012,Mehran University of Engineering & Technology,Public,Sindh,Jamshoro,1977,0,W3,Software Engineering,STEM,2024,1221,585,636,34,35.9,94.0,0.0,1127.0,45.0,57.0,20.0,3.27,86.6,8.8,Mostly Urban,17670.0,6.0,24.0,Yes,ECAT (Sindh) / MUET Test,Difficult,60% / 100 marks,29.0
PK-SIN-012,Mehran University of Engineering & Technology,Public,Sindh,Jamshoro,1977,0,W3,Software Engineering,STEM,2025,1131,557,574,43,26.3,70.0,185.0,876.0,128.0,20.0,66.0,3.3,77.3,8.8,Mostly Urban,44245.0,17.0,31.0,Yes,ECAT (Sindh) / MUET Test,Difficult,60% / 100 marks,36.0
PK-SIN-012,Mehran University of Engineering & Technology,Public,Sindh,Jamshoro,1977,0,W3,Telecommunication,STEM,2022,1128,721,407,36,31.3,79.0,8.0,1041.0,165.0,27.0,53.0,2.98,82.9,13.7,Mostly Rural,10978.0,3.0,34.0,Yes,ECAT (Sindh) / MUET Test,Difficult,60% / 100 marks,36.0
PK-SIN-012,Mehran University of Engineering & Technology,Public,Sindh,Jamshoro,1977,0,W3,Telecommunication,STEM,2023,1011,517,494,40,25.3,28.0,142.0,841.0,128.0,33.0,36.0,3.4,77.2,3.3,Mostly Urban,13535.0,1.0,27.0,Yes,ECAT (Sindh) / MUET Test,Difficult,60% / 100 marks,33.0
PK-SIN-012,Mehran University of Engineering & Technology,Public,Sindh,Jamshoro,1977,0,W3,Telecommunication,STEM,2024,1206,690,516,36,33.5,54.0,195.0,957.0,71.0,32.0,7.0,2.82,78.5,3.5,Mostly Urban,30018.0,16.0,22.0,Yes,ECAT (Sindh) / MUET Test,Difficult,60% / 100 marks,32.0
PK-SIN-012,Mehran University of Engineering & Technology,Public,Sindh,Jamshoro,1977,0,W3,Telecommunication,STEM,2025,1210,644,566,48,25.2,96.0,227.0,887.0,128.0,27.0,40.0,3.67,84.6,16.4,Mixed Urban-Rural,19720.0,20.0,35.0,Yes,ECAT (Sindh) / MUET Test,Difficult,60% / 100 marks,31.0
PK-SIN-003,NED University of Engineering & Technology,Public,Sindh,Karachi,1922,0,W3,Civil Engineering,STEM,2022,416,184,232,13,32.0,0.0,6.0,410.0,111.0,21.0,58.0,2.83,67.4,9.6,Mixed Urban-Rural,10474.0,20.0,12.0,Yes,ECAT (Sindh) / NED Test,Difficult,60% / 100 marks,34.0
PK-SIN-003,NED University of Engineering & Technology,Public,Sindh,Karachi,1922,0,W3,Civil Engineering,STEM,2023,435,307,128,13,33.5,7.0,35.0,393.0,5.0,1.0,54.0,3.35,62.6,15.4,Mostly Urban,18705.0,12.0,22.0,Yes,ECAT (Sindh) / NED Test,Difficult,60% / 100 marks,32.0
PK-SIN-003,NED University of Engineering & Technology,Public,Sindh,Karachi,1922,0,W3,Civil Engineering,STEM,2024,449,255,194,13,34.5,24.0,16.0,409.0,111.0,8.0,28.0,2.74,60.1,2.4,Mostly Urban,23565.0,12.0,18.0,Yes,ECAT (Sindh) / NED Test,Difficult,60% / 100 marks,36.0
PK-SIN-003,NED University of Engineering & Technology,Public,Sindh,Karachi,1922,0,W3,Civil Engineering,STEM,2025,523,237,286,18,29.1,9.0,91.0,423.0,31.0,33.0,79.0,3.51,67.1,12.7,Mostly Rural,13547.0,12.0,32.0,Yes,ECAT (Sindh) / NED Test,Difficult,60% / 100 marks,29.0
PK-SIN-003,NED University of Engineering & Technology,Public,Sindh,Karachi,1922,0,W3,Computer Science,STEM,2022,671,317,354,28,24.0,49.0,134.0,488.0,97.0,29.0,67.0,3.25,79.7,2.8,Mostly Rural,41639.0,20.0,19.0,Yes,ECAT (Sindh) / NED Test,Difficult,60% / 100 marks,33.0
PK-SIN-003,NED University of Engineering & Technology,Public,Sindh,Karachi,1922,0,W3,Computer Science,STEM,2023,668,367,301,24,27.8,20.0,130.0,518.0,77.0,7.0,40.0,3.38,84.8,12.3,Mostly Urban,23797.5,14.0,23.0,Yes,ECAT (Sindh) / NED Test,Difficult,60% / 100 marks,36.0
PK-SIN-003,NED University of Engineering & Technology,Public,Sindh,Karachi,1922,0,W3,Computer Science,STEM,2024,706,352,354,22,32.1,8.0,114.0,584.0,24.0,32.0,45.0,3.52,86.4,6.9,Mixed Urban-Rural,40319.0,12.0,7.0,Yes,ECAT (Sindh) / NED Test,Difficult,60% / 100 marks,36.0
PK-SIN-003,NED University of Engineering & Technology,Public,Sindh,Karachi,1922,0,W3,Computer Science,STEM,2025,689,382,307,28,24.6,45.0,84.0,560.0,125.0,1.0,34.0,3.52,78.6,11.4,Mostly Rural,35266.0,4.0,8.0,Yes,ECAT (Sindh) / NED Test,Difficult,60% / 100 marks,32.0
PK-SIN-003,NED University of Engineering & Technology,Public,Sindh,Karachi,1922,0,W3,Industrial Engineering,STEM,2022,838,415,423,30,27.9,0.0,115.0,723.0,155.0,57.0,47.5,2.62,75.5,5.8,Mostly Urban,18149.0,16.0,12.0,Yes,ECAT (Sindh) / NED Test,Difficult,60% / 100 marks,34.0
PK-SIN-003,NED University of Engineering & Technology,Public,Sindh,Karachi,1922,0,W3,Industrial Engineering,STEM,2023,897,628,269,27,33.2,7.0,93.0,797.0,132.0,40.0,28.0,2.99,77.2,5.5,Mostly Urban,31824.0,14.0,13.0,Yes,ECAT (Sindh) / NED Test,Difficult,60% / 100 marks,31.0
PK-SIN-003,NED University of Engineering & Technology,Public,Sindh,Karachi,1922,0,W3,Industrial Engineering,STEM,2024,802,521,281,23,34.9,0.0,148.0,654.0,18.0,50.0,56.0,3.44,69.7,9.6,Mostly Rural,23797.5,12.0,30.0,Yes,ECAT (Sindh) / NED Test,Difficult,60% / 100 marks,35.0
PK-SIN-003,NED University of Engineering & Technology,Public,Sindh,Karachi,1922,0,W3,Industrial Engineering,STEM,2025,905,579,326,38,23.8,31.0,171.0,703.0,147.0,2.0,32.0,3.66,73.5,2.1,Mixed Urban-Rural,41173.0,3.0,22.5,Yes,ECAT (Sindh) / NED Test,Difficult,60% / 100 marks,28.0
PK-SIN-003,NED University of Engineering & Technology,Public,Sindh,Karachi,1922,0,W3,Mechanical Engineering,STEM,2022,1241,704,537,41,30.3,0.0,175.0,1066.0,46.0,3.0,29.0,3.23,65.5,5.4,Mostly Urban,10789.0,8.0,28.0,Yes,ECAT (Sindh) / NED Test,Difficult,60% / 100 marks,32.0
PK-SIN-003,NED University of Engineering & Technology,Public,Sindh,Karachi,1922,0,W3,Mechanical Engineering,STEM,2023,1212,849,363,34,35.6,96.0,197.0,919.0,77.0,28.0,30.0,2.9,65.0,8.2,Mixed Urban-Rural,16854.0,17.0,11.0,Yes,ECAT (Sindh) / NED Test,Difficult,60% / 100 marks,31.0
PK-SIN-003,NED University of Engineering & Technology,Public,Sindh,Karachi,1922,0,W3,Mechanical Engineering,STEM,2024,1186,750,436,43,27.6,71.0,175.0,940.0,222.0,30.5,55.0,3.08,68.7,14.1,Mixed Urban-Rural,29447.0,16.0,19.0,Yes,ECAT (Sindh) / NED Test,Difficult,60% / 100 marks,31.0
PK-SIN-003,NED University of Engineering & Technology,Public,Sindh,Karachi,1922,0,W3,Mechanical Engineering,STEM,2025,1218,697,521,46,26.5,72.0,85.0,1061.0,70.0,39.0,42.0,3.08,72.4,14.9,Mostly Rural,17448.0,12.0,22.5,Yes,ECAT (Sindh) / NED Test,Difficult,60% / 100 marks,34.0
PK-SIN-003,NED University of Engineering & Technology,Public,Sindh,Karachi,1922,0,W3,Software Engineering,STEM,2022,1257,726,531,56,22.4,66.0,0.0,1191.0,249.0,24.0,51.0,3.52,84.9,12.4,Mixed Urban-Rural,17561.0,5.0,35.0,Yes,ECAT (Sindh) / NED Test,Difficult,60% / 100 marks,36.0
PK-SIN-003,NED University of Engineering & Technology,Public,Sindh,Karachi,1922,0,W3,Software Engineering,STEM,2023,1219,540,679,53,23.0,26.0,125.0,1068.0,18.0,43.0,74.0,3.66,83.5,13.2,Mostly Urban,24030.0,11.0,24.0,Yes,ECAT (Sindh) / NED Test,Difficult,60% / 100 marks,32.0
PK-SIN-003,NED University of Engineering & Technology,Public,Sindh,Karachi,1922,0,W3,Software Engineering,STEM,2024,1319,910,409,50,26.4,6.0,172.0,1141.0,240.0,35.0,50.0,3.61,88.4,9.6,Mostly Rural,39390.0,20.0,26.0,Yes,ECAT (Sindh) / NED Test,Difficult,60% / 100 marks,29.0
PK-SIN-003,NED University of Engineering & Technology,Public,Sindh,Karachi,1922,0,W3,Software Engineering,STEM,2025,1434,625,809,63,22.8,0.0,44.0,1390.0,133.0,11.0,58.0,3.1,82.6,9.9,Mostly Urban,32160.0,19.0,22.5,Yes,ECAT (Sindh) / NED Test,Difficult,60% / 100 marks,33.0
PK-SIN-003,NED University of Engineering & Technology,Public,Sindh,Karachi,1922,0,W3,Telecommunication,STEM,2022,1425,998,427,63,22.6,69.0,0.0,1356.0,167.0,35.0,15.0,2.8,75.4,4.6,Mostly Rural,39181.0,7.0,22.5,Yes,ECAT (Sindh) / NED Test,Difficult,60% / 100 marks,30.0
PK-SIN-003,NED University of Engineering & Technology,Public,Sindh,Karachi,1922,0,W3,Telecommunication,STEM,2023,1535,891,644,49,31.3,102.0,39.0,1394.0,5.0,58.0,29.0,3.23,82.5,9.6,Mostly Rural,13342.0,10.0,26.0,Yes,ECAT (Sindh) / NED Test,Difficult,60% / 100 marks,33.0
PK-SIN-003,NED University of Engineering & Technology,Public,Sindh,Karachi,1922,0,W3,Telecommunication,STEM,2024,1538,897,641,58,26.5,0.0,162.0,1376.0,224.0,30.5,47.5,2.94,72.1,9.8,Mixed Urban-Rural,39718.0,4.0,27.0,Yes,ECAT (Sindh) / NED Test,Difficult,60% / 100 marks,32.0
PK-SIN-003,NED University of Engineering & Technology,Public,Sindh,Karachi,1922,0,W3,Telecommunication,STEM,2025,1475,859,616,61,24.2,105.0,144.0,1226.0,238.0,51.0,54.0,2.65,84.2,5.4,Mostly Urban,16274.0,6.0,26.0,Yes,ECAT (Sindh) / NED Test,Difficult,60% / 100 marks,31.0
PK-SIN-016,Shah Abdul Latif University Khairpur,Public,Sindh,Khairpur,1987,0,W1,Biology,STEM,2022,109,48,61,5,21.8,4.0,18.0,87.0,17.0,43.0,10.0,3.34,56.0,6.3,Mixed Urban-Rural,31412.0,10.0,33.0,Yes,SALU Entry Test,Easy,40% / 100 marks,15.0
PK-SIN-016,Shah Abdul Latif University Khairpur,Public,Sindh,Khairpur,1987,0,W1,Biology,STEM,2023,128,65,63,5,25.6,2.0,15.0,111.0,15.0,32.0,73.0,3.185,50.7,12.8,Mostly Rural,21392.0,2.0,21.0,Yes,SALU Entry Test,Easy,40% / 100 marks,15.0
PK-SIN-016,Shah Abdul Latif University Khairpur,Public,Sindh,Khairpur,1987,0,W1,Biology,STEM,2024,128,55,73,5,25.6,0.0,22.0,106.0,21.0,29.0,42.0,2.86,52.7,13.2,Mostly Rural,42504.0,3.0,33.0,Yes,SALU Entry Test,Easy,40% / 100 marks,15.0
PK-SIN-016,Shah Abdul Latif University Khairpur,Public,Sindh,Khairpur,1987,0,W1,Biology,STEM,2025,153,81,72,5,30.6,7.0,27.0,119.0,24.0,32.0,71.0,3.28,50.7,4.2,Mixed Urban-Rural,28545.0,11.0,4.0,Yes,SALU Entry Test,Easy,40% / 100 marks,20.0
PK-SIN-016,Shah Abdul Latif University Khairpur,Public,Sindh,Khairpur,1987,0,W1,Education,Arts & Social Sciences,2022,391,167,224,15,26.1,17.0,31.0,343.0,18.0,8.0,4.0,3.0,62.2,17.8,Mostly Rural,14533.0,12.0,5.0,Yes,SALU Entry Test,Easy,40% / 100 marks,18.0
PK-SIN-016,Shah Abdul Latif University Khairpur,Public,Sindh,Khairpur,1987,0,W1,Education,Arts & Social Sciences,2023,413,208,205,12,34.4,28.0,11.0,374.0,26.0,19.0,50.0,3.4,68.6,9.4,Mostly Urban,38223.0,11.0,23.0,Yes,SALU Entry Test,Easy,40% / 100 marks,20.0
PK-SIN-016,Shah Abdul Latif University Khairpur,Public,Sindh,Khairpur,1987,0,W1,Education,Arts & Social Sciences,2024,410,159,251,14,29.3,30.0,5.0,375.0,61.0,13.0,16.0,2.61,61.7,11.05,Mostly Rural,26967.0,18.0,10.0,Yes,SALU Entry Test,Easy,40% / 100 marks,14.0
PK-SIN-016,Shah Abdul Latif University Khairpur,Public,Sindh,Khairpur,1987,0,W1,Education,Arts & Social Sciences,2025,476,206,270,15,31.7,21.0,88.0,367.0,26.0,32.0,50.0,3.185,72.3,16.8,Mostly Rural,28518.0,18.0,17.0,Yes,SALU Entry Test,Easy,40% / 100 marks,19.0
PK-SIN-016,Shah Abdul Latif University Khairpur,Public,Sindh,Khairpur,1987,0,W1,Electrical Engineering,STEM,2022,470,188,282,16,29.4,15.0,90.0,365.0,48.0,32.0,7.0,3.27,81.7,11.05,Mostly Urban,34636.0,16.0,12.0,Yes,SALU Entry Test,Easy,40% / 100 marks,14.0
PK-SIN-016,Shah Abdul Latif University Khairpur,Public,Sindh,Khairpur,1987,0,W1,Electrical Engineering,STEM,2023,528,326,202,20,26.4,32.0,42.0,454.0,58.0,32.0,65.0,3.52,82.8,6.7,Mostly Rural,28290.0,13.0,16.0,Yes,SALU Entry Test,Easy,40% / 100 marks,18.0
PK-SIN-016,Shah Abdul Latif University Khairpur,Public,Sindh,Khairpur,1987,0,W1,Electrical Engineering,STEM,2024,529,325,204,19,27.8,31.0,13.0,485.0,38.0,47.0,65.0,3.47,69.8,6.5,Mostly Urban,32188.0,19.0,21.0,Yes,SALU Entry Test,Easy,40% / 100 marks,20.0
PK-SIN-016,Shah Abdul Latif University Khairpur,Public,Sindh,Khairpur,1987,0,W1,Electrical Engineering,STEM,2025,507,277,230,17,29.8,18.0,0.0,489.0,46.0,16.0,51.0,3.29,74.4,17.7,Mostly Rural,17499.0,1.0,3.0,Yes,SALU Entry Test,Easy,40% / 100 marks,18.0
PK-SIN-016,Shah Abdul Latif University Khairpur,Public,Sindh,Khairpur,1987,0,W1,English Literature,Arts & Social Sciences,2022,392,154,238,14,28.0,28.0,0.0,364.0,27.0,16.0,68.0,3.33,42.0,2.5,Mostly Urban,17821.0,13.0,5.0,Yes,SALU Entry Test,Easy,40% / 100 marks,18.0
PK-SIN-016,Shah Abdul Latif University Khairpur,Public,Sindh,Khairpur,1987,0,W1,English Literature,Arts & Social Sciences,2023,418,160,258,15,27.9,29.0,13.0,376.0,65.0,32.0,57.0,3.1,41.2,6.7,Mostly Urban,10474.0,1.0,16.0,Yes,SALU Entry Test,Easy,40% / 100 marks,17.0
PK-SIN-016,Shah Abdul Latif University Khairpur,Public,Sindh,Khairpur,1987,0,W1,English Literature,Arts & Social Sciences,2024,473,253,220,14,33.8,11.0,47.0,415.0,26.0,30.0,3.0,3.07,41.8,8.7,Mostly Rural,10997.0,11.0,16.0,Yes,SALU Entry Test,Easy,40% / 100 marks,20.0
PK-SIN-016,Shah Abdul Latif University Khairpur,Public,Sindh,Khairpur,1987,0,W1,English Literature,Arts & Social Sciences,2025,477,310,167,19,25.1,7.0,57.0,413.0,6.0,37.0,18.0,3.19,52.2,13.8,Mostly Rural,38399.0,2.0,6.0,Yes,SALU Entry Test,Easy,40% / 100 marks,16.0
PK-SIN-016,Shah Abdul Latif University Khairpur,Public,Sindh,Khairpur,1987,0,W1,History,Arts & Social Sciences,2022,143,56,87,5,28.6,8.0,0.0,135.0,17.0,54.0,62.0,3.05,44.9,14.3,Mostly Urban,42872.0,18.0,9.0,Yes,SALU Entry Test,Easy,40% / 100 marks,20.0
PK-SIN-016,Shah Abdul Latif University Khairpur,Public,Sindh,Khairpur,1987,0,W1,History,Arts & Social Sciences,2023,137,90,47,6,22.8,3.0,10.0,124.0,25.0,15.0,24.0,2.95,33.1,16.1,Mostly Rural,32824.0,5.0,25.0,Yes,SALU Entry Test,Easy,40% / 100 marks,14.0
PK-SIN-016,Shah Abdul Latif University Khairpur,Public,Sindh,Khairpur,1987,0,W1,History,Arts & Social Sciences,2024,160,113,47,5,32.0,6.0,12.0,142.0,6.0,32.0,27.0,2.8,38.3,14.9,Mostly Urban,31565.0,1.0,17.0,Yes,SALU Entry Test,Easy,40% / 100 marks,17.0
PK-SIN-016,Shah Abdul Latif University Khairpur,Public,Sindh,Khairpur,1987,0,W1,History,Arts & Social Sciences,2025,134,70,64,5,26.8,10.0,3.0,121.0,8.0,34.0,74.0,3.08,39.4,17.7,Mostly Urban,27193.0,19.0,1.0,Yes,SALU Entry Test,Easy,40% / 100 marks,17.0
PK-SIN-016,Shah Abdul Latif University Khairpur,Public,Sindh,Khairpur,1987,0,W1,Mechanical Engineering,STEM,2022,385,202,183,15,25.7,20.0,4.0,361.0,26.0,44.0,56.0,2.87,77.0,10.8,Mostly Rural,8348.0,2.0,20.0,Yes,SALU Entry Test,Easy,40% / 100 marks,16.0
PK-SIN-016,Shah Abdul Latif University Khairpur,Public,Sindh,Khairpur,1987,0,W1,Mechanical Engineering,STEM,2023,481,317,164,21,22.9,7.0,0.0,474.0,25.0,27.0,70.0,3.29,71.5,14.2,Mixed Urban-Rural,28946.0,11.0,21.0,Yes,SALU Entry Test,Easy,40% / 100 marks,19.0
PK-SIN-016,Shah Abdul Latif University Khairpur,Public,Sindh,Khairpur,1987,0,W1,Mechanical Engineering,STEM,2024,447,201,246,15,29.8,0.0,0.0,447.0,8.0,32.0,26.0,2.61,76.4,7.2,Mostly Rural,43143.0,2.0,16.0,Yes,SALU Entry Test,Easy,40% / 100 marks,17.0
PK-SIN-016,Shah Abdul Latif University Khairpur,Public,Sindh,Khairpur,1987,0,W1,Mechanical Engineering,STEM,2025,465,216,249,20,23.2,13.0,79.0,373.0,49.0,32.0,63.0,2.89,76.8,3.5,Mostly Rural,31518.0,11.0,16.0,Yes,SALU Entry Test,Easy,40% / 100 marks,19.0
PK-SIN-016,Shah Abdul Latif University Khairpur,Public,Sindh,Khairpur,1987,0,W1,Physics,STEM,2022,458,174,284,18,25.4,13.0,19.0,426.0,26.0,38.0,50.0,3.45,58.8,13.1,Mixed Urban-Rural,25382.0,20.0,9.0,Yes,SALU Entry Test,Easy,40% / 100 marks,16.0
PK-SIN-016,Shah Abdul Latif University Khairpur,Public,Sindh,Khairpur,1987,0,W1,Physics,STEM,2023,449,197,252,18,24.9,0.0,15.0,434.0,57.0,28.0,49.0,3.28,44.8,4.9,Mostly Urban,28508.0,14.0,18.0,Yes,SALU Entry Test,Easy,40% / 100 marks,14.0
PK-SIN-016,Shah Abdul Latif University Khairpur,Public,Sindh,Khairpur,1987,0,W1,Physics,STEM,2024,485,255,230,19,25.5,38.0,35.0,412.0,26.0,47.0,27.0,3.0,50.8,8.4,Mostly Rural,28946.0,8.0,6.0,Yes,SALU Entry Test,Easy,40% / 100 marks,17.0
PK-SIN-016,Shah Abdul Latif University Khairpur,Public,Sindh,Khairpur,1987,0,W1,Physics,STEM,2025,464,273,191,15,30.9,0.0,26.0,438.0,10.0,32.0,33.0,3.29,58.0,5.2,Mostly Urban,33335.0,11.0,16.0,Yes,SALU Entry Test,Easy,40% / 100 marks,16.0
PK-SIN-016,Shah Abdul Latif University Khairpur,Public,Sindh,Khairpur,1987,0,W1,Psychology,Arts & Social Sciences,2022,442,191,251,19,23.3,32.0,5.0,405.0,74.0,59.0,34.0,3.41,52.1,12.3,Mixed Urban-Rural,39236.0,14.0,32.0,Yes,SALU Entry Test,Easy,40% / 100 marks,20.0
PK-SIN-016,Shah Abdul Latif University Khairpur,Public,Sindh,Khairpur,1987,0,W1,Psychology,Arts & Social Sciences,2023,388,174,214,11,35.3,2.0,3.0,383.0,72.0,9.0,50.0,3.24,55.1,11.05,Mixed Urban-Rural,38417.0,12.0,16.0,Yes,SALU Entry Test,Easy,40% / 100 marks,18.0
PK-SIN-016,Shah Abdul Latif University Khairpur,Public,Sindh,Khairpur,1987,0,W1,Psychology,Arts & Social Sciences,2024,473,243,230,20,23.6,11.0,83.0,379.0,56.0,59.0,55.0,3.64,61.0,11.05,Mostly Rural,8902.0,17.0,33.0,Yes,SALU Entry Test,Easy,40% / 100 marks,16.0
PK-SIN-016,Shah Abdul Latif University Khairpur,Public,Sindh,Khairpur,1987,0,W1,Psychology,Arts & Social Sciences,2025,418,287,131,14,29.9,1.0,9.0,408.0,74.0,24.0,23.0,2.91,52.8,11.3,Mostly Rural,37906.0,11.0,16.0,Yes,SALU Entry Test,Easy,40% / 100 marks,18.0
PK-SIN-016,Shah Abdul Latif University Khairpur,Public,Sindh,Khairpur,1987,0,W1,Statistics,STEM,2022,299,135,164,10,29.9,17.0,52.0,230.0,21.0,33.0,47.0,2.87,55.1,6.0,Mixed Urban-Rural,28861.0,5.0,11.0,Yes,SALU Entry Test,Easy,40% / 100 marks,15.0
PK-SIN-016,Shah Abdul Latif University Khairpur,Public,Sindh,Khairpur,1987,0,W1,Statistics,STEM,2023,314,126,188,8,39.2,19.0,30.0,265.0,31.0,20.0,57.0,3.18,66.0,6.5,Mostly Urban,8564.0,6.0,21.0,Yes,SALU Entry Test,Easy,40% / 100 marks,15.0
PK-SIN-016,Shah Abdul Latif University Khairpur,Public,Sindh,Khairpur,1987,0,W1,Statistics,STEM,2024,377,251,126,13,29.0,0.0,40.0,337.0,7.0,57.0,70.0,3.185,57.0,17.2,Mostly Urban,36810.0,6.0,7.0,Yes,SALU Entry Test,Easy,40% / 100 marks,20.0
PK-SIN-016,Shah Abdul Latif University Khairpur,Public,Sindh,Khairpur,1987,0,W1,Statistics,STEM,2025,402,244,158,14,28.7,0.0,20.0,382.0,37.0,53.0,80.0,3.185,57.2,13.4,Mostly Urban,39299.0,11.0,0.0,Yes,SALU Entry Test,Easy,40% / 100 marks,20.0
PK-SIN-005,Shaheed Zulfikar Ali Bhutto Institute of Science,Public,Sindh,Karachi,2000,0,W2,Biology,STEM,2022,823,421,402,26,31.7,31.0,58.0,734.0,130.0,5.0,75.0,3.19,45.7,7.8,Mostly Rural,30316.0,2.0,3.0,Yes,SZABIST Entry Test,Medium,50% / 100 marks,13.0
PK-SIN-005,Shaheed Zulfikar Ali Bhutto Institute of Science,Public,Sindh,Karachi,2000,0,W2,Biology,STEM,2023,892,580,312,35,25.5,50.0,34.0,808.0,42.0,49.0,12.0,3.41,52.1,9.8,Mostly Urban,8029.0,4.0,25.0,Yes,SZABIST Entry Test,Medium,50% / 100 marks,11.0
PK-SIN-005,Shaheed Zulfikar Ali Bhutto Institute of Science,Public,Sindh,Karachi,2000,0,W2,Biology,STEM,2024,843,467,376,24,35.1,25.0,92.0,726.0,90.0,12.0,13.0,3.68,48.4,1.7,Mostly Rural,12413.0,11.0,28.0,Yes,SZABIST Entry Test,Medium,50% / 100 marks,11.0
PK-SIN-005,Shaheed Zulfikar Ali Bhutto Institute of Science,Public,Sindh,Karachi,2000,0,W2,Biology,STEM,2025,1006,416,590,37,27.2,21.0,0.0,985.0,50.0,19.0,10.0,3.32,50.6,3.4,Mostly Rural,25716.0,8.0,19.0,Yes,SZABIST Entry Test,Medium,50% / 100 marks,12.0
PK-SIN-005,Shaheed Zulfikar Ali Bhutto Institute of Science,Public,Sindh,Karachi,2000,0,W2,Business Administration,Business,2022,219,121,98,8,27.4,4.0,0.0,215.0,12.0,10.0,77.0,3.38,74.3,9.8,Mostly Urban,27789.0,8.0,19.0,Yes,SZABIST Entry Test,Medium,50% / 100 marks,14.0
PK-SIN-005,Shaheed Zulfikar Ali Bhutto Institute of Science,Public,Sindh,Karachi,2000,0,W2,Business Administration,Business,2023,257,135,122,7,36.7,14.0,51.0,192.0,24.0,44.0,54.0,3.58,71.2,5.6,Mostly Rural,14670.0,19.0,19.0,Yes,SZABIST Entry Test,Medium,50% / 100 marks,13.0
PK-SIN-005,Shaheed Zulfikar Ali Bhutto Institute of Science,Public,Sindh,Karachi,2000,0,W2,Business Administration,Business,2024,278,135,143,8,34.8,4.0,22.0,252.0,11.0,29.0,6.0,3.58,74.5,16.0,Mixed Urban-Rural,19995.0,5.0,19.0,Yes,SZABIST Entry Test,Medium,50% / 100 marks,11.0
PK-SIN-005,Shaheed Zulfikar Ali Bhutto Institute of Science,Public,Sindh,Karachi,2000,0,W2,Business Administration,Business,2025,276,173,103,10,27.6,10.0,53.0,213.0,54.0,29.0,13.0,3.19,65.8,16.0,Mostly Rural,10579.0,10.0,12.0,Yes,SZABIST Entry Test,Medium,50% / 100 marks,10.0
PK-SIN-005,Shaheed Zulfikar Ali Bhutto Institute of Science,Public,Sindh,Karachi,2000,0,W2,Chemistry,STEM,2022,913,636,277,29,31.5,63.0,34.0,816.0,125.0,34.0,57.0,2.97,58.0,9.8,Mostly Urban,11392.0,2.0,23.0,Yes,SZABIST Entry Test,Medium,50% / 100 marks,13.0
PK-SIN-005,Shaheed Zulfikar Ali Bhutto Institute of Science,Public,Sindh,Karachi,2000,0,W2,Chemistry,STEM,2023,921,355,566,29,31.8,17.0,46.0,858.0,42.0,29.0,66.0,3.19,58.9,6.3,Mostly Urban,42855.0,16.0,27.0,Yes,SZABIST Entry Test,Medium,50% / 100 marks,14.0
PK-SIN-005,Shaheed Zulfikar Ali Bhutto Institute of Science,Public,Sindh,Karachi,2000,0,W2,Chemistry,STEM,2024,931,655,276,29,32.1,65.0,97.0,769.0,173.0,29.0,26.0,3.45,49.7,17.5,Mostly Rural,35949.0,2.0,14.0,Yes,SZABIST Entry Test,Medium,50% / 100 marks,12.0
PK-SIN-005,Shaheed Zulfikar Ali Bhutto Institute of Science,Public,Sindh,Karachi,2000,0,W2,Chemistry,STEM,2025,874,603,271,27,32.4,0.0,148.0,726.0,65.0,29.0,80.0,2.95,49.7,12.6,Mostly Rural,38643.0,8.0,0.0,Yes,SZABIST Entry Test,Medium,50% / 100 marks,12.0
PK-SIN-005,Shaheed Zulfikar Ali Bhutto Institute of Science,Public,Sindh,Karachi,2000,0,W2,Computer Science,STEM,2022,653,249,404,22,29.7,12.0,116.0,525.0,78.0,50.0,75.0,2.74,88.7,8.4,Mostly Urban,23863.0,19.0,16.0,Yes,SZABIST Entry Test,Medium,50% / 100 marks,12.0
PK-SIN-005,Shaheed Zulfikar Ali Bhutto Institute of Science,Public,Sindh,Karachi,2000,0,W2,Computer Science,STEM,2023,691,436,255,26,26.6,12.0,83.0,596.0,30.0,29.0,77.0,3.19,76.7,7.3,Mixed Urban-Rural,31225.0,4.0,19.0,Yes,SZABIST Entry Test,Medium,50% / 100 marks,10.0
PK-SIN-005,Shaheed Zulfikar Ali Bhutto Institute of Science,Public,Sindh,Karachi,2000,0,W2,Computer Science,STEM,2024,691,335,356,29,23.8,21.0,64.0,606.0,96.0,0.0,57.0,3.57,77.7,9.8,Mostly Urban,17218.0,16.0,29.0,Yes,SZABIST Entry Test,Medium,50% / 100 marks,10.0
PK-SIN-005,Shaheed Zulfikar Ali Bhutto Institute of Science,Public,Sindh,Karachi,2000,0,W2,Computer Science,STEM,2025,793,559,234,22,36.0,56.0,0.0,737.0,144.0,29.0,25.0,3.4,77.2,10.2,Mostly Rural,31154.0,11.0,7.0,Yes,SZABIST Entry Test,Medium,50% / 100 marks,12.0
PK-SIN-005,Shaheed Zulfikar Ali Bhutto Institute of Science,Public,Sindh,Karachi,2000,0,W2,Environmental Science,STEM,2022,243,128,115,9,27.0,6.0,6.0,231.0,18.0,29.0,66.0,2.78,56.3,17.9,Mostly Rural,36310.0,19.0,1.0,Yes,SZABIST Entry Test,Medium,50% / 100 marks,10.0
PK-SIN-005,Shaheed Zulfikar Ali Bhutto Institute of Science,Public,Sindh,Karachi,2000,0,W2,Environmental Science,STEM,2023,204,133,71,7,29.1,1.0,8.0,195.0,24.0,23.0,36.0,2.68,55.2,9.8,Mostly Urban,43649.0,8.0,27.0,Yes,SZABIST Entry Test,Medium,50% / 100 marks,12.0
PK-SIN-005,Shaheed Zulfikar Ali Bhutto Institute of Science,Public,Sindh,Karachi,2000,0,W2,Environmental Science,STEM,2024,213,126,87,7,30.4,0.0,8.0,205.0,9.0,38.0,27.0,3.33,54.1,6.1,Mostly Urban,21430.0,8.0,4.0,Yes,SZABIST Entry Test,Medium,50% / 100 marks,12.0
PK-SIN-005,Shaheed Zulfikar Ali Bhutto Institute of Science,Public,Sindh,Karachi,2000,0,W2,Environmental Science,STEM,2025,268,175,93,10,26.8,11.0,47.0,210.0,12.0,29.0,36.0,3.19,53.3,6.5,Mostly Urban,17616.0,20.0,27.0,Yes,SZABIST Entry Test,Medium,50% / 100 marks,12.0
PK-SIN-005,Shaheed Zulfikar Ali Bhutto Institute of Science,Public,Sindh,Karachi,2000,0,W2,Mathematics,STEM,2022,851,513,338,30,28.4,63.0,116.0,672.0,158.0,35.0,36.0,3.01,62.7,9.4,Mostly Rural,23863.0,5.0,34.0,Yes,SZABIST Entry Test,Medium,50% / 100 marks,13.0
PK-SIN-005,Shaheed Zulfikar Ali Bhutto Institute of Science,Public,Sindh,Karachi,2000,0,W2,Mathematics,STEM,2023,804,570,234,32,25.1,0.0,150.0,654.0,42.0,14.0,23.0,3.62,57.3,7.1,Mostly Rural,13537.0,8.0,34.0,Yes,SZABIST Entry Test,Medium,50% / 100 marks,14.0
PK-SIN-005,Shaheed Zulfikar Ali Bhutto Institute of Science,Public,Sindh,Karachi,2000,0,W2,Mathematics,STEM,2024,935,573,362,32,29.2,44.0,81.0,810.0,15.0,40.0,42.0,2.72,65.6,11.7,Mostly Rural,29318.0,2.0,17.0,Yes,SZABIST Entry Test,Medium,50% / 100 marks,14.0
PK-SIN-005,Shaheed Zulfikar Ali Bhutto Institute of Science,Public,Sindh,Karachi,2000,0,W2,Mathematics,STEM,2025,1028,600,428,32,32.1,53.0,2.0,973.0,12.0,14.0,75.0,3.3,59.3,2.4,Mixed Urban-Rural,20924.0,2.0,22.0,Yes,SZABIST Entry Test,Medium,50% / 100 marks,14.0
PK-SIN-005,Shaheed Zulfikar Ali Bhutto Institute of Science,Public,Sindh,Karachi,2000,0,W2,Mechanical Engineering,STEM,2022,539,268,271,20,26.9,37.0,58.0,444.0,9.0,60.0,39.0,3.19,67.5,17.5,Mixed Urban-Rural,18796.0,8.0,6.0,Yes,SZABIST Entry Test,Medium,50% / 100 marks,12.0
PK-SIN-005,Shaheed Zulfikar Ali Bhutto Institute of Science,Public,Sindh,Karachi,2000,0,W2,Mechanical Engineering,STEM,2023,571,223,348,25,22.8,4.0,100.0,467.0,7.0,39.0,4.0,3.0,76.5,8.1,Mostly Rural,9023.0,8.0,19.0,Yes,SZABIST Entry Test,Medium,50% / 100 marks,14.0
PK-SIN-005,Shaheed Zulfikar Ali Bhutto Institute of Science,Public,Sindh,Karachi,2000,0,W2,Mechanical Engineering,STEM,2024,562,291,271,24,23.4,31.0,0.0,531.0,21.0,19.0,22.0,2.73,70.7,10.6,Mostly Rural,23863.0,1.0,10.0,Yes,SZABIST Entry Test,Medium,50% / 100 marks,13.0
PK-SIN-005,Shaheed Zulfikar Ali Bhutto Institute of Science,Public,Sindh,Karachi,2000,0,W2,Mechanical Engineering,STEM,2025,549,353,196,17,32.3,33.0,78.0,438.0,22.0,24.0,6.0,3.49,74.6,12.3,Mostly Urban,22010.0,8.0,6.0,Yes,SZABIST Entry Test,Medium,50% / 100 marks,13.0
PK-SIN-005,Shaheed Zulfikar Ali Bhutto Institute of Science,Public,Sindh,Karachi,2000,0,W2,Psychology,Arts & Social Sciences,2022,616,358,258,19,32.4,18.0,15.0,583.0,78.0,29.0,36.0,2.81,66.9,9.8,Mostly Rural,35918.0,8.0,19.0,Yes,SZABIST Entry Test,Medium,50% / 100 marks,13.0
PK-SIN-005,Shaheed Zulfikar Ali Bhutto Institute of Science,Public,Sindh,Karachi,2000,0,W2,Psychology,Arts & Social Sciences,2023,613,307,306,22,27.9,3.0,0.0,610.0,52.0,57.0,18.0,2.82,57.9,16.4,Mixed Urban-Rural,31206.0,1.0,21.0,Yes,SZABIST Entry Test,Medium,50% / 100 marks,11.0
PK-SIN-005,Shaheed Zulfikar Ali Bhutto Institute of Science,Public,Sindh,Karachi,2000,0,W2,Psychology,Arts & Social Sciences,2024,625,266,359,26,24.0,7.0,117.0,501.0,42.0,6.0,18.0,3.19,62.4,12.1,Mixed Urban-Rural,23863.0,19.0,2.0,Yes,SZABIST Entry Test,Medium,50% / 100 marks,12.0
PK-SIN-005,Shaheed Zulfikar Ali Bhutto Institute of Science,Public,Sindh,Karachi,2000,0,W2,Psychology,Arts & Social Sciences,2025,670,283,387,29,23.1,48.0,51.0,571.0,117.0,60.0,57.0,3.07,62.8,12.6,Mixed Urban-Rural,34827.0,20.0,19.0,Yes,SZABIST Entry Test,Medium,50% / 100 marks,14.0
PK-SIN-014,Sindh Agriculture University Tandojam,Public,Sindh,Tandojam,1977,0,W3,Agricultural Engineering,STEM,2022,1314,600,714,55,23.9,0.0,229.0,1085.0,84.0,35.0,52.5,2.92,53.5,7.2,Mostly Urban,24387.0,20.0,23.0,Yes,SAU Entry Test,Easy,45% / 100 marks,21.0
PK-SIN-014,Sindh Agriculture University Tandojam,Public,Sindh,Tandojam,1977,0,W3,Agricultural Engineering,STEM,2023,1121,454,667,33,34.0,20.0,57.0,1044.0,117.0,14.0,45.0,3.08,52.2,7.6,Mixed Urban-Rural,25284.0,5.0,33.0,Yes,SAU Entry Test,Easy,45% / 100 marks,25.0
PK-SIN-014,Sindh Agriculture University Tandojam,Public,Sindh,Tandojam,1977,0,W3,Agricultural Engineering,STEM,2024,1396,709,687,39,35.8,46.0,225.0,1125.0,62.5,10.0,57.0,2.65,52.9,2.8,Mostly Urban,40661.0,9.5,31.0,Yes,SAU Entry Test,Easy,45% / 100 marks,25.0
PK-SIN-014,Sindh Agriculture University Tandojam,Public,Sindh,Tandojam,1977,0,W3,Agricultural Engineering,STEM,2025,1412,861,551,53,26.6,67.0,59.0,1286.0,272.0,58.0,70.0,2.71,58.3,13.5,Mostly Urban,28791.0,9.5,16.0,Yes,SAU Entry Test,Easy,45% / 100 marks,24.0
PK-SIN-014,Sindh Agriculture University Tandojam,Public,Sindh,Tandojam,1977,0,W3,Agronomy,STEM,2022,584,361,223,20,29.2,4.0,60.0,520.0,14.0,59.0,56.0,3.23,60.9,16.1,Mostly Rural,34861.0,11.0,34.0,Yes,SAU Entry Test,Easy,45% / 100 marks,26.0
PK-SIN-014,Sindh Agriculture University Tandojam,Public,Sindh,Tandojam,1977,0,W3,Agronomy,STEM,2023,638,403,235,28,22.8,24.0,9.0,605.0,56.0,5.0,14.0,3.1,49.1,7.2,Mixed Urban-Rural,13929.0,3.0,1.0,Yes,SAU Entry Test,Easy,45% / 100 marks,27.0
PK-SIN-014,Sindh Agriculture University Tandojam,Public,Sindh,Tandojam,1977,0,W3,Agronomy,STEM,2024,756,535,221,26,29.1,0.0,81.0,675.0,12.0,35.0,57.0,2.66,51.1,3.6,Mostly Urban,36684.0,3.0,23.0,Yes,SAU Entry Test,Easy,45% / 100 marks,25.0
PK-SIN-014,Sindh Agriculture University Tandojam,Public,Sindh,Tandojam,1977,0,W3,Agronomy,STEM,2025,769,346,423,24,32.0,18.0,111.0,640.0,69.0,30.0,11.0,2.74,47.8,16.5,Mostly Rural,12092.0,9.5,23.0,Yes,SAU Entry Test,Easy,45% / 100 marks,28.0
PK-SIN-014,Sindh Agriculture University Tandojam,Public,Sindh,Tandojam,1977,0,W3,Food Science & Technology,STEM,2022,551,305,246,20,27.6,15.0,88.0,448.0,17.0,21.0,79.0,3.1,57.6,6.8,Mostly Rural,26784.0,8.0,23.0,Yes,SAU Entry Test,Easy,45% / 100 marks,26.0
PK-SIN-014,Sindh Agriculture University Tandojam,Public,Sindh,Tandojam,1977,0,W3,Food Science & Technology,STEM,2023,575,387,188,19,30.3,13.0,83.0,479.0,41.0,35.0,44.0,3.34,59.0,7.2,Mixed Urban-Rural,23866.0,9.5,2.0,Yes,SAU Entry Test,Easy,45% / 100 marks,20.0
PK-SIN-014,Sindh Agriculture University Tandojam,Public,Sindh,Tandojam,1977,0,W3,Food Science & Technology,STEM,2024,624,350,274,21,29.7,0.0,89.0,535.0,62.5,49.0,51.0,3.3,65.0,12.0,Mostly Rural,40657.0,12.0,30.0,Yes,SAU Entry Test,Easy,45% / 100 marks,23.0
PK-SIN-014,Sindh Agriculture University Tandojam,Public,Sindh,Tandojam,1977,0,W3,Food Science & Technology,STEM,2025,586,373,213,20,29.3,44.0,110.0,432.0,51.0,4.0,49.0,3.1,55.5,5.7,Mostly Urban,39048.0,4.0,25.0,Yes,SAU Entry Test,Easy,45% / 100 marks,21.0
PK-SIN-014,Sindh Agriculture University Tandojam,Public,Sindh,Tandojam,1977,0,W3,Horticulture,STEM,2022,1566,833,733,51,30.7,4.0,247.0,1315.0,62.5,42.0,75.0,3.1,53.8,4.0,Mixed Urban-Rural,18047.0,9.5,11.0,Yes,SAU Entry Test,Easy,45% / 100 marks,26.0
PK-SIN-014,Sindh Agriculture University Tandojam,Public,Sindh,Tandojam,1977,0,W3,Horticulture,STEM,2023,1520,797,723,50,30.4,81.0,195.0,1244.0,62.5,46.0,37.0,3.58,43.4,9.6,Mixed Urban-Rural,25284.0,2.0,12.0,Yes,SAU Entry Test,Easy,45% / 100 marks,21.0
PK-SIN-014,Sindh Agriculture University Tandojam,Public,Sindh,Tandojam,1977,0,W3,Horticulture,STEM,2024,1492,629,863,43,34.7,112.0,123.0,1257.0,76.0,9.0,77.0,3.15,55.1,4.6,Mostly Rural,22037.0,14.0,23.0,Yes,SAU Entry Test,Easy,45% / 100 marks,27.0
PK-SIN-014,Sindh Agriculture University Tandojam,Public,Sindh,Tandojam,1977,0,W3,Horticulture,STEM,2025,1576,845,731,67,23.5,18.0,251.0,1307.0,94.0,45.0,52.5,3.6,57.4,9.6,Mostly Urban,28284.0,6.0,23.0,Yes,SAU Entry Test,Easy,45% / 100 marks,20.0
PK-SIN-014,Sindh Agriculture University Tandojam,Public,Sindh,Tandojam,1977,0,W3,Soil Science,STEM,2022,1514,822,692,64,23.7,42.0,69.0,1403.0,62.5,35.0,39.0,3.65,51.4,15.5,Mixed Urban-Rural,8143.0,18.0,14.0,Yes,SAU Entry Test,Easy,45% / 100 marks,28.0
PK-SIN-014,Sindh Agriculture University Tandojam,Public,Sindh,Tandojam,1977,0,W3,Soil Science,STEM,2023,1638,996,642,67,24.4,0.0,36.0,1602.0,62.5,40.0,61.0,2.86,44.4,7.2,Mostly Urban,12826.0,9.5,23.0,Yes,SAU Entry Test,Easy,45% / 100 marks,21.0
PK-SIN-014,Sindh Agriculture University Tandojam,Public,Sindh,Tandojam,1977,0,W3,Soil Science,STEM,2024,1665,843,822,52,32.0,73.0,53.0,1539.0,147.0,53.0,54.0,2.8,41.7,3.8,Mostly Urban,10187.0,11.0,30.0,Yes,SAU Entry Test,Easy,45% / 100 marks,22.0
PK-SIN-014,Sindh Agriculture University Tandojam,Public,Sindh,Tandojam,1977,0,W3,Soil Science,STEM,2025,1604,1028,576,50,32.1,112.0,105.0,1387.0,11.0,22.0,16.0,3.69,50.2,4.3,Mostly Rural,44299.0,17.0,23.0,Yes,SAU Entry Test,Easy,45% / 100 marks,26.0
PK-SIN-015,Sukkur IBA University,Public,Sindh,Sukkur,1994,0,W3,Business Administration,Business,2022,784,417,367,26,30.2,17.0,112.0,655.0,68.0,12.0,74.0,2.71,67.3,14.8,Mostly Urban,37188.0,9.0,19.0,Yes,Sukkur IBA Entry Test,Medium,55% / 100 marks,11.0
PK-SIN-015,Sukkur IBA University,Public,Sindh,Sukkur,1994,0,W3,Business Administration,Business,2023,983,478,505,43,22.9,64.0,52.0,867.0,76.0,58.0,4.0,3.19,76.7,10.6,Mostly Urban,41500.0,6.0,14.0,Yes,Sukkur IBA Entry Test,Medium,55% / 100 marks,13.0
PK-SIN-015,Sukkur IBA University,Public,Sindh,Sukkur,1994,0,W3,Business Administration,Business,2024,943,461,482,29,32.5,0.0,124.0,819.0,156.0,48.0,38.0,3.19,65.2,5.1,Mostly Urban,27319.0,2.0,1.0,Yes,Sukkur IBA Entry Test,Medium,55% / 100 marks,11.0
PK-SIN-015,Sukkur IBA University,Public,Sindh,Sukkur,1994,0,W3,Business Administration,Business,2025,942,491,451,28,33.6,8.0,178.0,756.0,64.0,24.0,54.0,3.19,64.0,11.3,Mostly Urban,29783.0,10.0,13.0,Yes,Sukkur IBA Entry Test,Medium,55% / 100 marks,13.0
PK-SIN-015,Sukkur IBA University,Public,Sindh,Sukkur,1994,0,W3,Economics,Business,2022,1712,761,951,55,31.1,54.0,0.0,1658.0,9.0,13.0,12.0,2.75,60.7,11.3,Mostly Urban,36578.0,12.0,2.0,Yes,Sukkur IBA Entry Test,Medium,55% / 100 marks,12.0
PK-SIN-015,Sukkur IBA University,Public,Sindh,Sukkur,1994,0,W3,Economics,Business,2023,1951,1276,675,72,27.1,62.0,164.0,1725.0,76.0,17.0,41.0,2.96,70.3,11.3,Mostly Urban,9577.0,15.0,7.0,Yes,Sukkur IBA Entry Test,Medium,55% / 100 marks,12.0
PK-SIN-015,Sukkur IBA University,Public,Sindh,Sukkur,1994,0,W3,Economics,Business,2024,1848,1213,635,53,34.9,5.0,160.0,1683.0,249.0,42.0,7.0,3.19,71.5,13.1,Mostly Rural,14469.0,9.0,27.0,Yes,Sukkur IBA Entry Test,Medium,55% / 100 marks,13.0
PK-SIN-015,Sukkur IBA University,Public,Sindh,Sukkur,1994,0,W3,Economics,Business,2025,2007,1243,764,57,35.2,0.0,28.0,1979.0,233.0,11.0,13.0,3.67,68.9,12.0,Mostly Rural,29353.0,10.0,3.0,Yes,Sukkur IBA Entry Test,Medium,55% / 100 marks,14.0
PK-SIN-015,Sukkur IBA University,Public,Sindh,Sukkur,1994,0,W3,Human Resource Management,Business,2022,674,404,270,20,33.7,16.0,20.0,638.0,76.0,4.0,34.0,3.19,66.6,2.0,Mostly Urban,39375.0,10.0,17.0,Yes,Sukkur IBA Entry Test,Medium,55% / 100 marks,14.0
PK-SIN-015,Sukkur IBA University,Public,Sindh,Sukkur,1994,0,W3,Human Resource Management,Business,2023,736,369,367,25,29.4,26.0,91.0,619.0,76.0,1.0,39.5,2.83,57.1,9.1,Mostly Rural,43093.0,14.0,17.5,Yes,Sukkur IBA Entry Test,Medium,55% / 100 marks,14.0
PK-SIN-015,Sukkur IBA University,Public,Sindh,Sukkur,1994,0,W3,Human Resource Management,Business,2024,768,435,333,25,30.7,33.0,0.0,735.0,113.0,24.0,20.0,3.19,70.8,7.0,Mostly Urban,15346.0,13.0,23.0,Yes,Sukkur IBA Entry Test,Medium,55% / 100 marks,14.0
PK-SIN-015,Sukkur IBA University,Public,Sindh,Sukkur,1994,0,W3,Human Resource Management,Business,2025,634,386,248,23,27.6,4.0,32.0,598.0,48.0,28.0,39.5,2.9,62.3,11.3,Mixed Urban-Rural,39732.0,7.0,6.0,Yes,Sukkur IBA Entry Test,Medium,55% / 100 marks,14.0
PK-SIN-015,Sukkur IBA University,Public,Sindh,Sukkur,1994,0,W3,Information Technology,STEM,2022,1495,1057,438,59,25.3,48.0,0.0,1447.0,210.0,10.0,18.0,3.25,84.2,16.7,Mostly Urban,41100.0,10.0,17.5,Yes,Sukkur IBA Entry Test,Medium,55% / 100 marks,14.0
PK-SIN-015,Sukkur IBA University,Public,Sindh,Sukkur,1994,0,W3,Information Technology,STEM,2023,1817,831,986,63,28.8,71.0,304.0,1442.0,328.0,24.0,33.0,3.42,83.4,4.1,Mostly Rural,14050.0,10.0,19.0,Yes,Sukkur IBA Entry Test,Medium,55% / 100 marks,12.0
PK-SIN-015,Sukkur IBA University,Public,Sindh,Sukkur,1994,0,W3,Information Technology,STEM,2024,1598,609,989,52,30.7,74.0,257.0,1267.0,212.0,50.0,72.0,3.43,77.2,1.8,Mostly Rural,39283.0,16.0,28.0,Yes,Sukkur IBA Entry Test,Medium,55% / 100 marks,11.0
PK-SIN-015,Sukkur IBA University,Public,Sindh,Sukkur,1994,0,W3,Information Technology,STEM,2025,1879,919,960,73,25.7,137.0,156.0,1586.0,76.0,7.0,39.5,3.36,73.4,14.8,Mostly Urban,11759.0,20.0,17.5,Yes,Sukkur IBA Entry Test,Medium,55% / 100 marks,13.0
PK-SIN-015,Sukkur IBA University,Public,Sindh,Sukkur,1994,0,W3,Marketing,Business,2022,1054,701,353,44,24.0,1.0,90.0,963.0,76.0,37.0,29.0,2.73,69.2,15.6,Mostly Urban,36578.0,19.0,26.0,Yes,Sukkur IBA Entry Test,Medium,55% / 100 marks,13.0
PK-SIN-015,Sukkur IBA University,Public,Sindh,Sukkur,1994,0,W3,Marketing,Business,2023,1188,718,470,35,33.9,59.0,14.0,1115.0,33.0,22.0,64.0,3.65,72.6,11.3,Mostly Urban,36578.0,10.0,18.0,Yes,Sukkur IBA Entry Test,Medium,55% / 100 marks,13.0
PK-SIN-015,Sukkur IBA University,Public,Sindh,Sukkur,1994,0,W3,Marketing,Business,2024,1095,725,370,36,30.4,33.0,68.0,994.0,38.0,40.0,61.0,3.41,70.0,10.6,Mixed Urban-Rural,39024.0,8.0,17.0,Yes,Sukkur IBA Entry Test,Medium,55% / 100 marks,14.0
PK-SIN-015,Sukkur IBA University,Public,Sindh,Sukkur,1994,0,W3,Marketing,Business,2025,1417,540,877,41,34.6,93.0,270.0,1054.0,10.0,10.0,46.0,3.03,65.3,13.0,Mostly Rural,41260.0,10.0,17.0,Yes,Sukkur IBA Entry Test,Medium,55% / 100 marks,11.0
PK-SIN-015,Sukkur IBA University,Public,Sindh,Sukkur,1994,0,W3,Supply Chain Management,Business,2022,762,456,306,27,28.2,49.0,78.0,635.0,143.0,24.0,57.0,3.26,68.4,4.3,Mostly Rural,26708.0,10.0,25.0,Yes,Sukkur IBA Entry Test,Medium,55% / 100 marks,13.0
PK-SIN-015,Sukkur IBA University,Public,Sindh,Sukkur,1994,0,W3,Supply Chain Management,Business,2023,805,424,381,32,25.2,8.0,99.0,698.0,76.0,26.0,70.0,2.62,69.9,12.7,Mostly Rural,38850.0,12.0,17.5,Yes,Sukkur IBA Entry Test,Medium,55% / 100 marks,13.0
PK-SIN-015,Sukkur IBA University,Public,Sindh,Sukkur,1994,0,W3,Supply Chain Management,Business,2024,755,305,450,27,28.0,1.0,50.0,704.0,41.0,30.0,39.5,3.41,69.6,15.5,Mostly Rural,36578.0,6.0,27.0,Yes,Sukkur IBA Entry Test,Medium,55% / 100 marks,13.0
PK-SIN-015,Sukkur IBA University,Public,Sindh,Sukkur,1994,0,W3,Supply Chain Management,Business,2025,815,508,307,25,32.6,45.0,156.0,614.0,76.0,43.0,73.0,2.79,66.5,11.3,Mostly Urban,35559.0,4.0,35.0,Yes,Sukkur IBA Entry Test,Medium,55% / 100 marks,13.0
PK-SIN-001,University of Karachi,Public,Sindh,Karachi,1951,0,W3,Biology,STEM,2022,1322,570,752,50,26.4,43.0,147.0,1132.0,217.0,38.0,59.0,2.98,52.1,11.3,Mostly Rural,26743.0,12.0,21.0,Yes,KU Entry Test,Medium,50% / 100 marks,54.0
PK-SIN-001,University of Karachi,Public,Sindh,Karachi,1951,0,W3,Biology,STEM,2023,1405,779,626,56,25.1,59.0,194.0,1152.0,106.0,36.0,14.0,2.78,43.9,5.2,Mixed Urban-Rural,38225.0,6.0,13.0,Yes,KU Entry Test,Medium,50% / 100 marks,45.0
PK-SIN-001,University of Karachi,Public,Sindh,Karachi,1951,0,W3,Biology,STEM,2024,1387,765,622,54,25.7,0.0,154.0,1233.0,7.0,37.0,57.0,3.4,46.4,8.6,Mixed Urban-Rural,21623.0,10.0,28.0,Yes,KU Entry Test,Medium,50% / 100 marks,48.0
PK-SIN-001,University of Karachi,Public,Sindh,Karachi,1951,0,W3,Biology,STEM,2025,1609,916,693,54,29.8,0.0,29.0,1580.0,190.0,17.0,68.0,2.98,54.1,11.7,Mostly Rural,14339.0,12.0,35.0,Yes,KU Entry Test,Medium,50% / 100 marks,53.0
PK-SIN-001,University of Karachi,Public,Sindh,Karachi,1951,0,W3,Business Administration,Business,2022,547,272,275,19,28.8,14.0,98.0,435.0,43.0,31.0,58.0,3.58,67.0,2.4,Mixed Urban-Rural,16570.0,10.0,27.0,Yes,KU Entry Test,Medium,50% / 100 marks,48.0
PK-SIN-001,University of Karachi,Public,Sindh,Karachi,1951,0,W3,Business Administration,Business,2023,620,443,177,21,29.5,48.0,30.0,542.0,61.0,36.0,41.0,2.99,70.1,6.0,Mixed Urban-Rural,34429.0,2.0,20.0,Yes,KU Entry Test,Medium,50% / 100 marks,55.0
PK-SIN-001,University of Karachi,Public,Sindh,Karachi,1951,0,W3,Business Administration,Business,2024,595,274,321,20,29.8,0.0,38.0,557.0,107.0,40.0,52.0,3.05,72.1,5.3,Mostly Urban,15346.0,13.0,21.0,Yes,KU Entry Test,Medium,50% / 100 marks,51.0
PK-SIN-001,University of Karachi,Public,Sindh,Karachi,1951,0,W3,Business Administration,Business,2025,644,343,301,29,22.2,37.0,54.0,553.0,42.0,0.0,42.0,3.07,71.7,5.8,Mostly Urban,16029.0,6.0,21.0,Yes,KU Entry Test,Medium,50% / 100 marks,46.0
PK-SIN-001,University of Karachi,Public,Sindh,Karachi,1951,0,W3,Chemistry,STEM,2022,972,618,354,30,32.4,8.0,163.0,801.0,146.0,45.0,43.0,2.93,59.1,11.3,Mostly Rural,22523.0,10.0,25.0,Yes,KU Entry Test,Medium,50% / 100 marks,48.0
PK-SIN-001,University of Karachi,Public,Sindh,Karachi,1951,0,W3,Chemistry,STEM,2023,999,656,343,34,29.4,24.0,2.0,973.0,47.0,50.0,46.0,2.63,51.1,11.3,Mostly Rural,27287.0,10.0,23.0,Yes,KU Entry Test,Medium,50% / 100 marks,54.0
PK-SIN-001,University of Karachi,Public,Sindh,Karachi,1951,0,W3,Chemistry,STEM,2024,1190,607,583,35,34.0,80.0,95.0,1015.0,153.0,36.0,80.0,2.73,58.9,11.3,Mixed Urban-Rural,22589.0,15.0,21.0,Yes,KU Entry Test,Medium,50% / 100 marks,55.0
PK-SIN-001,University of Karachi,Public,Sindh,Karachi,1951,0,W3,Chemistry,STEM,2025,1192,720,472,51,23.4,71.0,200.0,921.0,42.0,13.0,46.0,2.98,46.1,17.8,Mostly Urban,14646.0,19.0,8.0,Yes,KU Entry Test,Medium,50% / 100 marks,55.0
PK-SIN-001,University of Karachi,Public,Sindh,Karachi,1951,0,W3,Civil Engineering,STEM,2022,586,278,308,22,26.6,0.0,0.0,586.0,115.0,16.0,46.0,2.68,75.4,5.0,Mixed Urban-Rural,40507.0,5.0,16.0,Yes,KU Entry Test,Medium,50% / 100 marks,49.0
PK-SIN-001,University of Karachi,Public,Sindh,Karachi,1951,0,W3,Civil Engineering,STEM,2023,579,296,283,24,24.1,41.0,7.0,531.0,105.0,8.0,26.0,3.64,71.0,11.3,Mostly Urban,40137.0,10.0,3.0,Yes,KU Entry Test,Medium,50% / 100 marks,46.0
PK-SIN-001,University of Karachi,Public,Sindh,Karachi,1951,0,W3,Civil Engineering,STEM,2024,640,257,383,27,23.7,3.0,91.0,546.0,83.0,59.0,32.0,3.24,61.9,13.8,Mostly Urban,11903.0,10.0,21.0,Yes,KU Entry Test,Medium,50% / 100 marks,49.0
PK-SIN-001,University of Karachi,Public,Sindh,Karachi,1951,0,W3,Civil Engineering,STEM,2025,627,356,271,20,31.4,36.0,110.0,481.0,117.0,24.0,16.0,2.98,71.2,17.5,Mostly Urban,17239.0,1.0,25.0,Yes,KU Entry Test,Medium,50% / 100 marks,52.0
PK-SIN-001,University of Karachi,Public,Sindh,Karachi,1951,0,W3,Mathematics,STEM,2022,1024,716,308,30,34.1,13.0,198.0,813.0,143.0,44.0,55.0,2.96,62.3,5.4,Mostly Urban,31094.0,19.0,21.0,Yes,KU Entry Test,Medium,50% / 100 marks,49.0
PK-SIN-001,University of Karachi,Public,Sindh,Karachi,1951,0,W3,Mathematics,STEM,2023,1078,743,335,48,22.5,79.0,213.0,786.0,106.0,35.0,61.0,2.76,63.2,12.3,Mixed Urban-Rural,13123.0,1.0,22.0,Yes,KU Entry Test,Medium,50% / 100 marks,52.0
PK-SIN-001,University of Karachi,Public,Sindh,Karachi,1951,0,W3,Mathematics,STEM,2024,1021,686,335,33,30.9,49.0,153.0,819.0,165.0,29.0,27.0,2.98,64.5,4.7,Mixed Urban-Rural,26723.0,13.0,21.0,Yes,KU Entry Test,Medium,50% / 100 marks,45.0
PK-SIN-001,University of Karachi,Public,Sindh,Karachi,1951,0,W3,Mathematics,STEM,2025,1191,724,467,44,27.1,77.0,99.0,1015.0,106.0,43.0,4.0,3.03,58.3,11.3,Mostly Urban,43398.0,10.0,8.0,Yes,KU Entry Test,Medium,50% / 100 marks,49.0
PK-SIN-001,University of Karachi,Public,Sindh,Karachi,1951,0,W3,Political Science,Arts & Social Sciences,2022,1023,527,496,35,29.2,20.0,190.0,813.0,16.0,36.0,55.0,2.98,52.7,12.8,Mostly Rural,22523.0,7.0,21.0,Yes,KU Entry Test,Medium,50% / 100 marks,46.0
PK-SIN-001,University of Karachi,Public,Sindh,Karachi,1951,0,W3,Political Science,Arts & Social Sciences,2023,1095,536,559,42,26.1,66.0,79.0,950.0,104.0,0.0,46.0,2.72,53.4,16.0,Mostly Urban,11707.0,10.0,14.0,Yes,KU Entry Test,Medium,50% / 100 marks,47.0
PK-SIN-001,University of Karachi,Public,Sindh,Karachi,1951,0,W3,Political Science,Arts & Social Sciences,2024,982,629,353,40,24.6,36.0,62.0,884.0,106.0,53.0,55.0,2.61,39.9,13.5,Mixed Urban-Rural,17626.0,9.0,14.0,Yes,KU Entry Test,Medium,50% / 100 marks,45.0
PK-SIN-001,University of Karachi,Public,Sindh,Karachi,1951,0,W3,Political Science,Arts & Social Sciences,2025,1115,724,391,43,25.9,65.0,177.0,873.0,211.0,59.0,38.0,3.3,49.2,15.7,Mixed Urban-Rural,39569.0,10.0,21.0,Yes,KU Entry Test,Medium,50% / 100 marks,49.0
PK-SIN-013,University of Sindh Jamshoro,Public,Sindh,Jamshoro,1947,0,W2,Biology,STEM,2022,557,276,281,19,29.3,7.0,0.0,550.0,35.0,25.0,22.0,3.41,55.1,7.6,Mostly Urban,27855.0,1.0,7.0,Yes,USINDH Entry Test,Easy,45% / 100 marks,41.0
PK-SIN-013,University of Sindh Jamshoro,Public,Sindh,Jamshoro,1947,0,W2,Biology,STEM,2023,621,379,242,26,23.9,0.0,84.0,537.0,16.0,18.0,51.0,2.88,48.5,2.2,Mostly Urban,30001.0,18.0,8.0,Yes,USINDH Entry Test,Easy,45% / 100 marks,42.0
PK-SIN-013,University of Sindh Jamshoro,Public,Sindh,Jamshoro,1947,0,W2,Biology,STEM,2024,673,261,412,20,33.6,22.0,129.0,522.0,83.0,21.0,52.0,3.32,52.1,16.7,Mostly Rural,22256.0,12.0,15.5,Yes,USINDH Entry Test,Easy,45% / 100 marks,45.0
PK-SIN-013,University of Sindh Jamshoro,Public,Sindh,Jamshoro,1947,0,W2,Biology,STEM,2025,652,418,234,19,34.3,18.0,47.0,587.0,35.0,50.0,40.0,3.27,44.6,12.2,Mostly Urban,34671.0,2.0,2.0,Yes,USINDH Entry Test,Easy,45% / 100 marks,45.0
PK-SIN-013,University of Sindh Jamshoro,Public,Sindh,Jamshoro,1947,0,W2,Computer Science,STEM,2022,401,233,168,11,36.5,10.0,13.0,378.0,74.0,26.0,73.0,3.41,82.8,12.8,Mostly Rural,29332.0,16.0,32.0,Yes,USINDH Entry Test,Easy,45% / 100 marks,38.0
PK-SIN-013,University of Sindh Jamshoro,Public,Sindh,Jamshoro,1947,0,W2,Computer Science,STEM,2023,481,327,154,13,37.0,24.0,86.0,371.0,7.0,40.0,16.0,2.88,89.3,3.1,Mostly Rural,29332.0,5.0,14.0,Yes,USINDH Entry Test,Easy,45% / 100 marks,42.0
PK-SIN-013,University of Sindh Jamshoro,Public,Sindh,Jamshoro,1947,0,W2,Computer Science,STEM,2024,405,273,132,16,25.3,22.0,81.0,302.0,55.0,25.0,78.0,2.64,75.7,6.6,Mixed Urban-Rural,29332.0,15.0,15.5,Yes,USINDH Entry Test,Easy,45% / 100 marks,44.0
PK-SIN-013,University of Sindh Jamshoro,Public,Sindh,Jamshoro,1947,0,W2,Computer Science,STEM,2025,506,304,202,21,24.1,5.0,98.0,403.0,35.0,24.0,57.0,2.64,79.4,2.9,Mostly Rural,14867.0,12.0,32.0,Yes,USINDH Entry Test,Easy,45% / 100 marks,45.0
PK-SIN-013,University of Sindh Jamshoro,Public,Sindh,Jamshoro,1947,0,W2,Education,Arts & Social Sciences,2022,729,500,229,26,28.0,29.0,65.0,635.0,34.0,59.0,50.0,2.62,67.5,9.5,Mostly Rural,43886.0,13.0,10.0,Yes,USINDH Entry Test,Easy,45% / 100 marks,42.0
PK-SIN-013,University of Sindh Jamshoro,Public,Sindh,Jamshoro,1947,0,W2,Education,Arts & Social Sciences,2023,792,347,445,28,28.3,34.0,0.0,758.0,35.0,16.0,65.0,2.81,64.7,12.9,Mostly Urban,31148.0,5.0,27.0,Yes,USINDH Entry Test,Easy,45% / 100 marks,38.0
PK-SIN-013,University of Sindh Jamshoro,Public,Sindh,Jamshoro,1947,0,W2,Education,Arts & Social Sciences,2024,903,598,305,36,25.1,16.0,160.0,727.0,7.0,22.0,49.0,2.61,62.1,3.8,Mostly Urban,43465.0,9.0,33.0,Yes,USINDH Entry Test,Easy,45% / 100 marks,41.0
PK-SIN-013,University of Sindh Jamshoro,Public,Sindh,Jamshoro,1947,0,W2,Education,Arts & Social Sciences,2025,975,601,374,35,27.9,27.0,26.0,922.0,13.0,11.0,27.0,2.77,65.5,5.6,Mostly Urban,18135.0,14.0,27.0,Yes,USINDH Entry Test,Easy,45% / 100 marks,45.0
PK-SIN-013,University of Sindh Jamshoro,Public,Sindh,Jamshoro,1947,0,W2,Environmental Science,STEM,2022,748,413,335,26,28.8,48.0,38.0,662.0,142.0,40.0,40.0,2.81,49.0,6.3,Mostly Rural,29332.0,16.0,15.5,Yes,USINDH Entry Test,Easy,45% / 100 marks,38.0
PK-SIN-013,University of Sindh Jamshoro,Public,Sindh,Jamshoro,1947,0,W2,Environmental Science,STEM,2023,881,552,329,26,33.9,54.0,165.0,662.0,6.0,21.0,80.0,2.88,53.5,14.1,Mixed Urban-Rural,29332.0,7.0,30.0,Yes,USINDH Entry Test,Easy,45% / 100 marks,39.0
PK-SIN-013,University of Sindh Jamshoro,Public,Sindh,Jamshoro,1947,0,W2,Environmental Science,STEM,2024,827,318,509,32,25.8,12.0,26.0,789.0,56.0,25.0,71.0,2.77,47.7,6.1,Mostly Urban,43241.0,12.0,32.0,Yes,USINDH Entry Test,Easy,45% / 100 marks,41.0
PK-SIN-013,University of Sindh Jamshoro,Public,Sindh,Jamshoro,1947,0,W2,Environmental Science,STEM,2025,870,535,335,25,34.8,30.0,139.0,701.0,35.0,49.0,27.0,3.49,57.3,7.4,Mostly Urban,13535.0,14.0,15.5,Yes,USINDH Entry Test,Easy,45% / 100 marks,48.0
PK-SIN-013,University of Sindh Jamshoro,Public,Sindh,Jamshoro,1947,0,W2,Mass Communication,Arts & Social Sciences,2022,628,288,340,23,27.3,0.0,63.0,565.0,88.0,25.0,21.0,3.62,55.0,11.5,Mostly Urban,44061.0,14.0,6.0,Yes,USINDH Entry Test,Easy,45% / 100 marks,43.0
PK-SIN-013,University of Sindh Jamshoro,Public,Sindh,Jamshoro,1947,0,W2,Mass Communication,Arts & Social Sciences,2023,667,429,238,25,26.7,39.0,127.0,501.0,13.0,25.0,10.0,3.28,69.3,1.8,Mixed Urban-Rural,10435.0,12.0,15.5,Yes,USINDH Entry Test,Easy,45% / 100 marks,38.0
PK-SIN-013,University of Sindh Jamshoro,Public,Sindh,Jamshoro,1947,0,W2,Mass Communication,Arts & Social Sciences,2024,691,387,304,25,27.6,43.0,29.0,619.0,28.0,35.0,30.0,3.68,60.0,8.8,Mostly Rural,29332.0,12.0,12.0,Yes,USINDH Entry Test,Easy,45% / 100 marks,46.0
PK-SIN-013,University of Sindh Jamshoro,Public,Sindh,Jamshoro,1947,0,W2,Mass Communication,Arts & Social Sciences,2025,655,292,363,29,22.6,0.0,123.0,532.0,106.0,25.0,9.0,3.32,68.3,6.6,Mostly Rural,26705.0,15.0,34.0,Yes,USINDH Entry Test,Easy,45% / 100 marks,42.0
PK-SIN-013,University of Sindh Jamshoro,Public,Sindh,Jamshoro,1947,0,W2,Political Science,Arts & Social Sciences,2022,711,285,426,29,24.5,13.0,116.0,582.0,49.0,25.0,40.0,2.88,41.7,4.4,Mostly Rural,24306.0,12.0,5.0,Yes,USINDH Entry Test,Easy,45% / 100 marks,42.0
PK-SIN-013,University of Sindh Jamshoro,Public,Sindh,Jamshoro,1947,0,W2,Political Science,Arts & Social Sciences,2023,720,371,349,27,26.7,11.0,69.0,640.0,35.0,53.0,9.0,3.26,47.6,5.1,Mostly Rural,39328.0,12.0,17.0,Yes,USINDH Entry Test,Easy,45% / 100 marks,38.0
PK-SIN-013,University of Sindh Jamshoro,Public,Sindh,Jamshoro,1947,0,W2,Political Science,Arts & Social Sciences,2024,803,396,407,31,25.9,6.0,29.0,768.0,132.0,2.0,40.0,2.69,45.9,3.9,Mixed Urban-Rural,31761.0,10.0,15.5,Yes,USINDH Entry Test,Easy,45% / 100 marks,41.0
PK-SIN-013,University of Sindh Jamshoro,Public,Sindh,Jamshoro,1947,0,W2,Political Science,Arts & Social Sciences,2025,719,470,249,26,27.7,5.0,51.0,663.0,35.0,25.0,5.0,2.61,44.7,16.7,Mostly Rural,18903.0,12.0,4.0,Yes,USINDH Entry Test,Easy,45% / 100 marks,41.0
