UNI_ID,UNI_Name,Type,Province,City,Established_Year,HEC_Ranking,HEC_Category,Department_Name,Department_Category,Year,Total_Enrollment,Male_Enrollment,Female_Enrollment,Faculty_Count,Student_Faculty_Ratio,PhD_Students,MS_MPhil_Students,BS_Students,Scholarship_Students,International_Students,Research_Papers_Published,Avg_CGPA,Employment_Ratio_Pct,Dropout_Rate_Pct,Avg_Student_Background,Fee_Per_Semester_PKR,Lab_Count,Industry_Tie_Ups,Entry_Test_Required,Entry_Test_Type,Entry_Test_Tier,Entry_Test_Passing_Criteria,No_of_Buildings
PK-AJK-002,Mirpur University of Science & Technology,Public,AJK,Mirpur,2012,,W1,Civil Engineering,STEM,2022,276,197,79,11,25.1,,32,,23,6,63,2.79,70.7,3,Mixed Urban-Rural,24613,,16,Yes,MUST Entry Test,Easy,45% / 100 marks,
PK-AJK-002,Mirpur University of Science & Technology,Public,AJK,Mirpur,2012,,W1,Civil Engineering,STEM,2023,231,146,85,8,28.9,,,,10,30,75,3.34,73.8,17.6,Mostly Rural,12937,17,8,Yes,MUST Entry Test,Easy,45% / 100 marks,10
PK-AJK-002,Mirpur University of Science & Technology,Public,AJK,Mirpur,2012,,W1,Civil Engineering,STEM,2024,264,153,111,11,24,6,38,220,,55,47,3.61,65.6,9.4,Mixed Urban-Rural,25953,5,18,Yes,MUST Entry Test,Easy,45% / 100 marks,9
PK-AJK-002,Mirpur University of Science & Technology,Public,AJK,Mirpur,2012,,W1,Civil Engineering,STEM,2025,284,168,116,11,25.8,8,54,222,56,24,52,,64.9,3.5,Mostly Rural,,,,Yes,MUST Entry Test,Easy,45% / 100 marks,12
PK-AJK-002,Mirpur University of Science & Technology,Public,AJK,Mirpur,2012,,W1,Computer Science,STEM,2022,96,56,40,5,19.2,6,16,74,7,,72,2.86,88.1,17.7,Mixed Urban-Rural,12686,6,,Yes,MUST Entry Test,Easy,45% / 100 marks,
PK-AJK-002,Mirpur University of Science & Technology,Public,AJK,Mirpur,2012,,W1,Computer Science,STEM,2023,95,54,41,5,19,,2,,,42,,2.91,79.8,12.3,Mostly Urban,,10,,Yes,MUST Entry Test,Easy,45% / 100 marks,8
PK-AJK-002,Mirpur University of Science & Technology,Public,AJK,Mirpur,2012,,W1,Computer Science,STEM,2024,86,39,47,5,17.2,,7,,17,41,38,,89.2,4.7,Mostly Rural,25185,15,23,Yes,MUST Entry Test,Easy,45% / 100 marks,12
PK-AJK-002,Mirpur University of Science & Technology,Public,AJK,Mirpur,2012,,W1,Computer Science,STEM,2025,102,41,61,5,20.4,6,2,94,7,9,48,3.13,89.6,8.7,Mostly Urban,39700,6,8,Yes,MUST Entry Test,Easy,45% / 100 marks,12
PK-AJK-002,Mirpur University of Science & Technology,Public,AJK,Mirpur,2012,,W1,Electrical Engineering,STEM,2022,399,259,140,12,33.2,18,12,369,45,,75,3.54,73.3,1.8,Mostly Urban,,1,17,Yes,MUST Entry Test,Easy,45% / 100 marks,12
PK-AJK-002,Mirpur University of Science & Technology,Public,AJK,Mirpur,2012,,W1,Electrical Engineering,STEM,2023,398,153,245,11,36.2,27,73,298,9,39,16,,75.5,5.2,Mixed Urban-Rural,9444,15,4,Yes,MUST Entry Test,Easy,45% / 100 marks,11
PK-AJK-002,Mirpur University of Science & Technology,Public,AJK,Mirpur,2012,,W1,Electrical Engineering,STEM,2024,371,255,116,11,33.7,21,55,295,,27,65,2.96,82.9,14.9,Mostly Urban,44072,12,,Yes,MUST Entry Test,Easy,45% / 100 marks,8
PK-AJK-002,Mirpur University of Science & Technology,Public,AJK,Mirpur,2012,,W1,Electrical Engineering,STEM,2025,401,216,185,15,26.7,1,74,326,41,5,46,3.31,69,3,Mixed Urban-Rural,40124,9,3,Yes,MUST Entry Test,Easy,45% / 100 marks,9
PK-AJK-002,Mirpur University of Science & Technology,Public,AJK,Mirpur,2012,,W1,Industrial Engineering,STEM,2022,358,150,208,14,25.6,9,,,17,24,60,3.44,76.3,17.8,Mixed Urban-Rural,20081,13,22,Yes,MUST Entry Test,Easy,45% / 100 marks,10
PK-AJK-002,Mirpur University of Science & Technology,Public,AJK,Mirpur,2012,,W1,Industrial Engineering,STEM,2023,346,245,101,10,34.6,9,18,319,10,,48,2.67,72.2,6,Mixed Urban-Rural,37171,7,,Yes,MUST Entry Test,Easy,45% / 100 marks,9
PK-AJK-002,Mirpur University of Science & Technology,Public,AJK,Mirpur,2012,,W1,Industrial Engineering,STEM,2024,364,249,115,11,33.1,23,18,323,,44,38,3.46,68.3,17.4,Mostly Rural,31393,1,35,Yes,MUST Entry Test,Easy,45% / 100 marks,10
PK-AJK-002,Mirpur University of Science & Technology,Public,AJK,Mirpur,2012,,W1,Industrial Engineering,STEM,2025,404,180,224,12,33.7,0,73,331,64,17,8,2.96,64.1,17.4,Mixed Urban-Rural,24739,17,33,Yes,MUST Entry Test,Easy,45% / 100 marks,11
PK-AJK-002,Mirpur University of Science & Technology,Public,AJK,Mirpur,2012,,W1,Software Engineering,STEM,2022,135,69,66,5,27,7,9,119,6,37,59,3.44,85,,Mostly Urban,12607,20,1,Yes,MUST Entry Test,Easy,45% / 100 marks,10
PK-AJK-002,Mirpur University of Science & Technology,Public,AJK,Mirpur,2012,,W1,Software Engineering,STEM,2023,142,90,52,5,28.4,9,25,108,22,13,70,3.08,76,14.2,,,10,17,Yes,MUST Entry Test,Easy,45% / 100 marks,8
PK-AJK-002,Mirpur University of Science & Technology,Public,AJK,Mirpur,2012,,W1,Software Engineering,STEM,2024,156,63,93,5,31.2,4,2,150,,25,21,3.45,78,18,Mixed Urban-Rural,17634,4,32,Yes,MUST Entry Test,Easy,45% / 100 marks,12
PK-AJK-002,Mirpur University of Science & Technology,Public,AJK,Mirpur,2012,,W1,Software Engineering,STEM,2025,185,129,56,8,23.1,3,21,161,,50,61,,88.4,6.6,Mostly Rural,44000,20,25,Yes,MUST Entry Test,Easy,45% / 100 marks,11
PK-AJK-002,Mirpur University of Science & Technology,Public,AJK,Mirpur,2012,,W1,Telecommunication,STEM,2022,305,173,132,10,30.5,,50,,33,56,41,3.5,77.9,17.5,Mostly Rural,,,31,Yes,MUST Entry Test,Easy,45% / 100 marks,10
PK-AJK-002,Mirpur University of Science & Technology,Public,AJK,Mirpur,2012,,W1,Telecommunication,STEM,2023,311,159,152,9,34.6,8,5,298,31,5,41,3.49,78.7,,Mostly Urban,25726,4,,Yes,MUST Entry Test,Easy,45% / 100 marks,12
PK-AJK-002,Mirpur University of Science & Technology,Public,AJK,Mirpur,2012,,W1,Telecommunication,STEM,2024,331,177,154,13,25.5,2,34,295,63,26,54,3.02,71.6,13.6,Mostly Urban,,5,13,Yes,MUST Entry Test,Easy,45% / 100 marks,10
PK-AJK-002,Mirpur University of Science & Technology,Public,AJK,Mirpur,2012,,W1,Telecommunication,STEM,2025,322,161,161,9,35.8,25,15,282,49,9,58,3.47,74.8,9.6,Mixed Urban-Rural,17011,17,31,Yes,MUST Entry Test,Easy,45% / 100 marks,
PK-AJK-001,University of Azad Jammu & Kashmir,Public,AJK,Muzaffarabad,1980,43,W1,Business Administration,Business,2022,400,263,137,17,23.5,,70,,58,,7,3.66,65.3,4.6,Mixed Urban-Rural,27912,,34,Yes,UAJK Entry Test,Easy,45% / 100 marks,15
PK-AJK-001,University of Azad Jammu & Kashmir,Public,AJK,Muzaffarabad,1980,43,W1,Business Administration,Business,2023,450,308,142,13,34.6,14,,,13,33,34,2.76,75.5,2.8,Mixed Urban-Rural,38924,15,,Yes,UAJK Entry Test,Easy,45% / 100 marks,14
PK-AJK-001,University of Azad Jammu & Kashmir,Public,AJK,Muzaffarabad,1980,43,W1,Business Administration,Business,2024,476,338,138,21,22.7,0,61,415,69,47,63,2.91,65.3,13.7,Mixed Urban-Rural,37933,17,9,Yes,UAJK Entry Test,Easy,45% / 100 marks,20
PK-AJK-001,University of Azad Jammu & Kashmir,Public,AJK,Muzaffarabad,1980,43,W1,Business Administration,Business,2025,433,288,145,13,33.3,,58,,46,60,,3.31,72.9,5.8,Mostly Rural,15959,6,13,Yes,UAJK Entry Test,Easy,45% / 100 marks,16
PK-AJK-001,University of Azad Jammu & Kashmir,Public,AJK,Muzaffarabad,1980,43,W1,Education,Arts & Social Sciences,2022,172,75,97,5,34.4,,28,,5,38,45,,68.4,,Mostly Rural,37695,11,27,Yes,UAJK Entry Test,Easy,45% / 100 marks,20
PK-AJK-001,University of Azad Jammu & Kashmir,Public,AJK,Muzaffarabad,1980,43,W1,Education,Arts & Social Sciences,2023,180,118,62,5,36,7,32,141,26,55,20,3.47,66.9,10.5,Mostly Rural,32154,3,7,Yes,UAJK Entry Test,Easy,45% / 100 marks,16
PK-AJK-001,University of Azad Jammu & Kashmir,Public,AJK,Muzaffarabad,1980,43,W1,Education,Arts & Social Sciences,2024,173,119,54,5,34.6,4,12,157,32,16,80,2.7,70.7,,Mostly Urban,30607,20,,Yes,UAJK Entry Test,Easy,45% / 100 marks,19
PK-AJK-001,University of Azad Jammu & Kashmir,Public,AJK,Muzaffarabad,1980,43,W1,Education,Arts & Social Sciences,2025,208,113,95,6,34.7,0,27,181,23,55,79,3.28,72.5,,Mostly Rural,25804,11,,Yes,UAJK Entry Test,Easy,45% / 100 marks,19
PK-AJK-001,University of Azad Jammu & Kashmir,Public,AJK,Muzaffarabad,1980,43,W1,Electrical Engineering,STEM,2022,478,330,148,17,28.1,12,3,463,88,52,,3.19,77.6,9.4,Mostly Rural,21355,11,23,Yes,UAJK Entry Test,Easy,45% / 100 marks,18
PK-AJK-001,University of Azad Jammu & Kashmir,Public,AJK,Muzaffarabad,1980,43,W1,Electrical Engineering,STEM,2023,559,397,162,23,24.3,12,23,524,57,23,,2.74,71.1,10.9,Mostly Urban,44151,16,30,Yes,UAJK Entry Test,Easy,45% / 100 marks,18
PK-AJK-001,University of Azad Jammu & Kashmir,Public,AJK,Muzaffarabad,1980,43,W1,Electrical Engineering,STEM,2024,523,226,297,23,22.7,29,94,400,69,43,66,2.91,71.7,11.8,Mostly Urban,22284,1,17,Yes,UAJK Entry Test,Easy,45% / 100 marks,15
PK-AJK-001,University of Azad Jammu & Kashmir,Public,AJK,Muzaffarabad,1980,43,W1,Electrical Engineering,STEM,2025,541,377,164,19,28.5,19,27,495,,38,42,2.61,79.9,4.6,,44262,,34,Yes,UAJK Entry Test,Easy,45% / 100 marks,16
PK-AJK-001,University of Azad Jammu & Kashmir,Public,AJK,Muzaffarabad,1980,43,W1,History,Arts & Social Sciences,2022,276,165,111,9,30.7,13,21,242,,,24,3.19,43.6,15.1,Mostly Urban,34738,14,,Yes,UAJK Entry Test,Easy,45% / 100 marks,19
PK-AJK-001,University of Azad Jammu & Kashmir,Public,AJK,Muzaffarabad,1980,43,W1,History,Arts & Social Sciences,2023,282,188,94,8,35.2,17,,,8,37,58,,44.3,13.8,Mostly Rural,11041,8,15,Yes,UAJK Entry Test,Easy,45% / 100 marks,15
PK-AJK-001,University of Azad Jammu & Kashmir,Public,AJK,Muzaffarabad,1980,43,W1,History,Arts & Social Sciences,2024,346,191,155,11,31.5,11,28,307,28,,11,3.53,41.4,5.3,Mostly Urban,20043,3,8,Yes,UAJK Entry Test,Easy,45% / 100 marks,20
PK-AJK-001,University of Azad Jammu & Kashmir,Public,AJK,Muzaffarabad,1980,43,W1,History,Arts & Social Sciences,2025,372,154,218,11,33.8,,,,46,,11,3.17,34.8,,Mixed Urban-Rural,35502,5,13,Yes,UAJK Entry Test,Easy,45% / 100 marks,14
PK-AJK-001,University of Azad Jammu & Kashmir,Public,AJK,Muzaffarabad,1980,43,W1,Information Technology,STEM,2022,69,36,33,5,13.8,3,13,53,9,,68,2.88,82.3,9.8,Mostly Urban,39250,2,0,Yes,UAJK Entry Test,Easy,45% / 100 marks,14
PK-AJK-001,University of Azad Jammu & Kashmir,Public,AJK,Muzaffarabad,1980,43,W1,Information Technology,STEM,2023,66,27,39,5,13.2,0,2,64,7,47,39,3.25,84,14.8,,,,8,Yes,UAJK Entry Test,Easy,45% / 100 marks,17
PK-AJK-001,University of Azad Jammu & Kashmir,Public,AJK,Muzaffarabad,1980,43,W1,Information Technology,STEM,2024,65,39,26,5,13,5,0,60,,26,40,2.86,79.6,11.9,Mostly Rural,20788,3,23,Yes,UAJK Entry Test,Easy,45% / 100 marks,15
PK-AJK-001,University of Azad Jammu & Kashmir,Public,AJK,Muzaffarabad,1980,43,W1,Information Technology,STEM,2025,83,55,28,5,16.6,3,1,79,13,19,19,3.45,75.2,6.6,Mostly Urban,,13,,Yes,UAJK Entry Test,Easy,45% / 100 marks,18
PK-AJK-001,University of Azad Jammu & Kashmir,Public,AJK,Muzaffarabad,1980,43,W1,Law,Arts & Social Sciences,2022,159,65,94,6,26.5,8,25,126,14,,50,3.22,66.5,1.6,Mostly Rural,25834,19,29,Yes,UAJK Entry Test,Easy,45% / 100 marks,16
PK-AJK-001,University of Azad Jammu & Kashmir,Public,AJK,Muzaffarabad,1980,43,W1,Law,Arts & Social Sciences,2023,165,86,79,5,33,2,1,162,,,5,,66.1,1.9,Mixed Urban-Rural,,9,,Yes,UAJK Entry Test,Easy,45% / 100 marks,17
PK-AJK-001,University of Azad Jammu & Kashmir,Public,AJK,Muzaffarabad,1980,43,W1,Law,Arts & Social Sciences,2024,160,101,59,5,32,,19,,13,,,3.2,77.4,17.9,Mostly Rural,37855,4,15,Yes,UAJK Entry Test,Easy,45% / 100 marks,19
PK-AJK-001,University of Azad Jammu & Kashmir,Public,AJK,Muzaffarabad,1980,43,W1,Law,Arts & Social Sciences,2025,203,87,116,9,22.6,,16,,,47,66,3,76.2,10,Mostly Urban,31822,11,20,Yes,UAJK Entry Test,Easy,45% / 100 marks,16
PK-AJK-001,University of Azad Jammu & Kashmir,Public,AJK,Muzaffarabad,1980,43,W1,Psychology,Arts & Social Sciences,2022,221,130,91,8,27.6,15,18,188,31,18,,3.21,57,17.7,Mostly Rural,10135,10,9,Yes,UAJK Entry Test,Easy,45% / 100 marks,19
PK-AJK-001,University of Azad Jammu & Kashmir,Public,AJK,Muzaffarabad,1980,43,W1,Psychology,Arts & Social Sciences,2023,216,141,75,6,36,1,22,193,36,31,77,,61.1,10.2,Mostly Rural,30266,1,11,Yes,UAJK Entry Test,Easy,45% / 100 marks,16
PK-AJK-001,University of Azad Jammu & Kashmir,Public,AJK,Muzaffarabad,1980,43,W1,Psychology,Arts & Social Sciences,2024,257,150,107,9,28.6,11,25,221,51,3,35,,59.7,16.5,Mostly Rural,42461,6,23,Yes,UAJK Entry Test,Easy,45% / 100 marks,17
PK-AJK-001,University of Azad Jammu & Kashmir,Public,AJK,Muzaffarabad,1980,43,W1,Psychology,Arts & Social Sciences,2025,225,123,102,9,25,12,19,194,20,27,78,2.74,66.6,,Mixed Urban-Rural,27535,,18,Yes,UAJK Entry Test,Easy,45% / 100 marks,17
PK-AJK-001,University of Azad Jammu & Kashmir,Public,AJK,Muzaffarabad,1980,43,W1,Sociology,Arts & Social Sciences,2022,220,110,110,6,36.7,3,3,214,32,12,57,2.81,52.2,6.8,Mostly Rural,10616,7,11,Yes,UAJK Entry Test,Easy,45% / 100 marks,15
PK-AJK-001,University of Azad Jammu & Kashmir,Public,AJK,Muzaffarabad,1980,43,W1,Sociology,Arts & Social Sciences,2023,277,123,154,9,30.8,,43,,48,,12,3.12,52,2.2,,43921,,31,Yes,UAJK Entry Test,Easy,45% / 100 marks,14
PK-AJK-001,University of Azad Jammu & Kashmir,Public,AJK,Muzaffarabad,1980,43,W1,Sociology,Arts & Social Sciences,2024,285,162,123,8,35.6,12,32,241,33,44,54,2.82,50.3,6.4,,29000,8,4,Yes,UAJK Entry Test,Easy,45% / 100 marks,20
PK-AJK-001,University of Azad Jammu & Kashmir,Public,AJK,Muzaffarabad,1980,43,W1,Sociology,Arts & Social Sciences,2025,287,156,131,8,35.9,19,24,244,22,,,3.13,51.7,10,Mostly Rural,26473,16,,Yes,UAJK Entry Test,Easy,45% / 100 marks,19
PK-AJK-001,University of Azad Jammu & Kashmir,Public,AJK,Muzaffarabad,1980,43,W1,Urdu,Arts & Social Sciences,2022,250,96,154,7,35.7,,14,,41,55,50,,39.4,,Mixed Urban-Rural,16892,13,,Yes,UAJK Entry Test,Easy,45% / 100 marks,19
PK-AJK-001,University of Azad Jammu & Kashmir,Public,AJK,Muzaffarabad,1980,43,W1,Urdu,Arts & Social Sciences,2023,224,102,122,8,28,14,24,186,39,,9,3.47,45,3,Mostly Rural,28032,1,5,Yes,UAJK Entry Test,Easy,45% / 100 marks,14
PK-AJK-001,University of Azad Jammu & Kashmir,Public,AJK,Muzaffarabad,1980,43,W1,Urdu,Arts & Social Sciences,2024,230,126,104,10,23,18,33,179,44,,53,3.01,48.2,17.1,,22076,19,0,Yes,UAJK Entry Test,Easy,45% / 100 marks,18
PK-AJK-001,University of Azad Jammu & Kashmir,Public,AJK,Muzaffarabad,1980,43,W1,Urdu,Arts & Social Sciences,2025,255,116,139,10,25.5,9,38,208,36,,31,,39.7,,Mostly Urban,10030,1,4,Yes,UAJK Entry Test,Easy,45% / 100 marks,18
PK-BAL-005,Balochistan University of Engineering & Tech,Public,Balochistan,Khuzdar,1987,60,W1,Civil Engineering,STEM,2022,393,212,181,13,30.2,1,33,359,52,60,,3.09,73.5,15.1,Mostly Rural,10886,4,32,Yes,BUET Entry Test,Medium,50% / 100 marks,12
PK-BAL-005,Balochistan University of Engineering & Tech,Public,Balochistan,Khuzdar,1987,60,W1,Civil Engineering,STEM,2023,404,278,126,14,28.9,10,14,380,14,60,47,3.24,67.8,4.8,Mostly Rural,34081,10,25,Yes,BUET Entry Test,Medium,50% / 100 marks,8
PK-BAL-005,Balochistan University of Engineering & Tech,Public,Balochistan,Khuzdar,1987,60,W1,Civil Engineering,STEM,2024,402,184,218,12,33.5,11,64,327,17,57,42,3.02,71.1,9.2,Mostly Rural,37931,15,26,Yes,BUET Entry Test,Medium,50% / 100 marks,8
PK-BAL-005,Balochistan University of Engineering & Tech,Public,Balochistan,Khuzdar,1987,60,W1,Civil Engineering,STEM,2025,419,267,152,15,27.9,,14,,,25,59,3.17,65.5,,Mostly Urban,32348,16,,Yes,BUET Entry Test,Medium,50% / 100 marks,12
PK-BAL-005,Balochistan University of Engineering & Tech,Public,Balochistan,Khuzdar,1987,60,W1,Computer Science,STEM,2022,316,172,144,13,24.3,0,25,291,10,,29,3.45,80.5,14.5,,11488,2,29,Yes,BUET Entry Test,Medium,50% / 100 marks,10
PK-BAL-005,Balochistan University of Engineering & Tech,Public,Balochistan,Khuzdar,1987,60,W1,Computer Science,STEM,2023,354,190,164,11,32.2,28,64,262,17,55,63,2.79,75.5,,Mostly Rural,43325,17,31,Yes,BUET Entry Test,Medium,50% / 100 marks,11
PK-BAL-005,Balochistan University of Engineering & Tech,Public,Balochistan,Khuzdar,1987,60,W1,Computer Science,STEM,2024,303,133,170,10,30.3,21,29,253,23,,27,3.29,86.6,,Mixed Urban-Rural,28866,13,8,Yes,BUET Entry Test,Medium,50% / 100 marks,8
PK-BAL-005,Balochistan University of Engineering & Tech,Public,Balochistan,Khuzdar,1987,60,W1,Computer Science,STEM,2025,387,147,240,12,32.2,20,3,364,35,46,19,2.83,76.8,8.3,Mixed Urban-Rural,26129,12,2,Yes,BUET Entry Test,Medium,50% / 100 marks,10
PK-BAL-005,Balochistan University of Engineering & Tech,Public,Balochistan,Khuzdar,1987,60,W1,Electrical Engineering,STEM,2022,304,207,97,13,23.4,17,0,287,59,2,44,3.06,71.2,4,Mixed Urban-Rural,32807,20,6,Yes,BUET Entry Test,Medium,50% / 100 marks,9
PK-BAL-005,Balochistan University of Engineering & Tech,Public,Balochistan,Khuzdar,1987,60,W1,Electrical Engineering,STEM,2023,359,219,140,13,27.6,15,21,323,46,,36,3.07,83.6,12,Mixed Urban-Rural,16465,,1,Yes,BUET Entry Test,Medium,50% / 100 marks,8
PK-BAL-005,Balochistan University of Engineering & Tech,Public,Balochistan,Khuzdar,1987,60,W1,Electrical Engineering,STEM,2024,314,187,127,10,31.4,10,12,292,40,,64,2.8,76.6,,Mostly Urban,16374,1,20,Yes,BUET Entry Test,Medium,50% / 100 marks,10
PK-BAL-005,Balochistan University of Engineering & Tech,Public,Balochistan,Khuzdar,1987,60,W1,Electrical Engineering,STEM,2025,395,260,135,12,32.9,8,50,337,68,,22,3.63,82.5,10,Mixed Urban-Rural,24665,9,10,Yes,BUET Entry Test,Medium,50% / 100 marks,12
PK-BAL-005,Balochistan University of Engineering & Tech,Public,Balochistan,Khuzdar,1987,60,W1,Mechanical Engineering,STEM,2022,361,221,140,14,25.8,14,,,55,,41,2.82,66.8,3,Mostly Urban,15269,11,11,Yes,BUET Entry Test,Medium,50% / 100 marks,9
PK-BAL-005,Balochistan University of Engineering & Tech,Public,Balochistan,Khuzdar,1987,60,W1,Mechanical Engineering,STEM,2023,367,171,196,11,33.4,16,63,288,8,55,19,2.79,77.2,14.2,Mostly Urban,37651,17,23,Yes,BUET Entry Test,Medium,50% / 100 marks,9
PK-BAL-005,Balochistan University of Engineering & Tech,Public,Balochistan,Khuzdar,1987,60,W1,Mechanical Engineering,STEM,2024,437,244,193,13,33.6,3,0,434,,,31,3.3,71,14.4,Mixed Urban-Rural,23936,16,32,Yes,BUET Entry Test,Medium,50% / 100 marks,12
PK-BAL-005,Balochistan University of Engineering & Tech,Public,Balochistan,Khuzdar,1987,60,W1,Mechanical Engineering,STEM,2025,421,234,187,12,35.1,32,75,314,34,21,43,3.62,79.3,4.5,Mostly Urban,27072,20,29,Yes,BUET Entry Test,Medium,50% / 100 marks,12
PK-BAL-005,Balochistan University of Engineering & Tech,Public,Balochistan,Khuzdar,1987,60,W1,Software Engineering,STEM,2022,259,182,77,10,25.9,12,34,213,48,29,18,3.28,91,,Mostly Rural,25182,4,15,Yes,BUET Entry Test,Medium,50% / 100 marks,8
PK-BAL-005,Balochistan University of Engineering & Tech,Public,Balochistan,Khuzdar,1987,60,W1,Software Engineering,STEM,2023,277,147,130,12,23.1,22,29,226,,40,5,2.65,83.6,9.4,Mostly Rural,27901,20,2,Yes,BUET Entry Test,Medium,50% / 100 marks,10
PK-BAL-005,Balochistan University of Engineering & Tech,Public,Balochistan,Khuzdar,1987,60,W1,Software Engineering,STEM,2024,280,153,127,11,25.5,5,48,227,52,3,69,3.4,82.4,3.7,Mostly Urban,8636,18,7,Yes,BUET Entry Test,Medium,50% / 100 marks,10
PK-BAL-005,Balochistan University of Engineering & Tech,Public,Balochistan,Khuzdar,1987,60,W1,Software Engineering,STEM,2025,289,179,110,8,36.1,0,23,266,,32,27,3.09,76.3,3.2,Mixed Urban-Rural,17896,1,17,Yes,BUET Entry Test,Medium,50% / 100 marks,9
PK-BAL-005,Balochistan University of Engineering & Tech,Public,Balochistan,Khuzdar,1987,60,W1,Telecommunication,STEM,2022,363,215,148,10,36.3,18,17,328,68,36,,3.52,81.7,12.1,Mostly Urban,17388,19,25,Yes,BUET Entry Test,Medium,50% / 100 marks,8
PK-BAL-005,Balochistan University of Engineering & Tech,Public,Balochistan,Khuzdar,1987,60,W1,Telecommunication,STEM,2023,321,185,136,10,32.1,1,8,312,58,26,,3.43,76.7,11.1,,39436,20,26,Yes,BUET Entry Test,Medium,50% / 100 marks,11
PK-BAL-005,Balochistan University of Engineering & Tech,Public,Balochistan,Khuzdar,1987,60,W1,Telecommunication,STEM,2024,386,254,132,15,25.7,21,22,343,15,,,3.41,74.4,16.1,Mostly Urban,11045,10,,Yes,BUET Entry Test,Medium,50% / 100 marks,12
PK-BAL-005,Balochistan University of Engineering & Tech,Public,Balochistan,Khuzdar,1987,60,W1,Telecommunication,STEM,2025,344,146,198,11,31.3,26,62,256,52,,26,3.33,77.6,13.5,Mostly Urban,15901,13,14,Yes,BUET Entry Test,Medium,50% / 100 marks,9
PK-BAL-002,Balochistan University of IT Engineering & Mgt,Public,Balochistan,Quetta,2002,48,W1,Computer Science,STEM,2022,143,62,81,5,28.6,7,2,134,,28,8,3.04,78.5,,,39876,8,,Yes,BUITEMS Entry Test,Easy,45% / 100 marks,14
PK-BAL-002,Balochistan University of IT Engineering & Mgt,Public,Balochistan,Quetta,2002,48,W1,Computer Science,STEM,2023,129,55,74,5,25.8,6,9,114,24,39,43,3.5,84.4,,Mostly Rural,,4,,Yes,BUITEMS Entry Test,Easy,45% / 100 marks,14
PK-BAL-002,Balochistan University of IT Engineering & Mgt,Public,Balochistan,Quetta,2002,48,W1,Computer Science,STEM,2024,159,90,69,5,31.8,3,15,141,,32,,2.85,76.1,,Mostly Rural,32734,5,26,Yes,BUITEMS Entry Test,Easy,45% / 100 marks,13
PK-BAL-002,Balochistan University of IT Engineering & Mgt,Public,Balochistan,Quetta,2002,48,W1,Computer Science,STEM,2025,173,71,102,5,34.6,12,24,137,11,20,53,2.63,75.9,12.5,Mostly Rural,18038,8,,Yes,BUITEMS Entry Test,Easy,45% / 100 marks,14
PK-BAL-002,Balochistan University of IT Engineering & Mgt,Public,Balochistan,Quetta,2002,48,W1,Electrical Engineering,STEM,2022,161,80,81,7,23,4,2,155,25,15,61,3.68,79.2,7.2,Mixed Urban-Rural,23728,6,10,Yes,BUITEMS Entry Test,Easy,45% / 100 marks,11
PK-BAL-002,Balochistan University of IT Engineering & Mgt,Public,Balochistan,Quetta,2002,48,W1,Electrical Engineering,STEM,2023,173,115,58,5,34.6,3,32,138,,43,39,3.02,75.1,,Mostly Urban,40183,,2,Yes,BUITEMS Entry Test,Easy,45% / 100 marks,13
PK-BAL-002,Balochistan University of IT Engineering & Mgt,Public,Balochistan,Quetta,2002,48,W1,Electrical Engineering,STEM,2024,149,105,44,5,29.8,,2,,19,16,,,71.5,12,Mostly Urban,9852,2,10,Yes,BUITEMS Entry Test,Easy,45% / 100 marks,12
PK-BAL-002,Balochistan University of IT Engineering & Mgt,Public,Balochistan,Quetta,2002,48,W1,Electrical Engineering,STEM,2025,176,83,93,6,29.3,12,10,154,,15,13,3.21,68.3,,Mostly Rural,13112,5,15,Yes,BUITEMS Entry Test,Easy,45% / 100 marks,14
PK-BAL-002,Balochistan University of IT Engineering & Mgt,Public,Balochistan,Quetta,2002,48,W1,Industrial Engineering,STEM,2022,375,196,179,14,26.8,23,26,326,17,44,42,3.09,68,17.1,Mixed Urban-Rural,10916,4,29,Yes,BUITEMS Entry Test,Easy,45% / 100 marks,11
PK-BAL-002,Balochistan University of IT Engineering & Mgt,Public,Balochistan,Quetta,2002,48,W1,Industrial Engineering,STEM,2023,418,256,162,14,29.9,24,15,379,33,33,4,3.24,73.2,10.3,Mostly Rural,12619,20,24,Yes,BUITEMS Entry Test,Easy,45% / 100 marks,
PK-BAL-002,Balochistan University of IT Engineering & Mgt,Public,Balochistan,Quetta,2002,48,W1,Industrial Engineering,STEM,2024,431,247,184,14,30.8,27,48,356,8,32,61,3.62,64.5,16.7,Mostly Rural,32324,11,29,Yes,BUITEMS Entry Test,Easy,45% / 100 marks,14
PK-BAL-002,Balochistan University of IT Engineering & Mgt,Public,Balochistan,Quetta,2002,48,W1,Industrial Engineering,STEM,2025,420,228,192,13,32.3,26,24,370,,2,5,3.52,74.7,5.6,Mostly Rural,23650,6,35,Yes,BUITEMS Entry Test,Easy,45% / 100 marks,
PK-BAL-002,Balochistan University of IT Engineering & Mgt,Public,Balochistan,Quetta,2002,48,W1,Mechanical Engineering,STEM,2022,298,147,151,13,22.9,11,29,258,30,,50,2.87,67.9,17,Mostly Rural,,19,,Yes,BUITEMS Entry Test,Easy,45% / 100 marks,10
PK-BAL-002,Balochistan University of IT Engineering & Mgt,Public,Balochistan,Quetta,2002,48,W1,Mechanical Engineering,STEM,2023,328,183,145,14,23.4,26,27,275,57,49,23,2.84,66.6,,Mixed Urban-Rural,10089,3,0,Yes,BUITEMS Entry Test,Easy,45% / 100 marks,10
PK-BAL-002,Balochistan University of IT Engineering & Mgt,Public,Balochistan,Quetta,2002,48,W1,Mechanical Engineering,STEM,2024,322,142,180,10,32.2,9,58,255,23,36,31,3.58,65.3,,Mostly Urban,34017,6,33,Yes,BUITEMS Entry Test,Easy,45% / 100 marks,10
PK-BAL-002,Balochistan University of IT Engineering & Mgt,Public,Balochistan,Quetta,2002,48,W1,Mechanical Engineering,STEM,2025,350,231,119,13,26.9,20,50,280,37,,9,,68.1,4.4,Mostly Rural,18744,,15,Yes,BUITEMS Entry Test,Easy,45% / 100 marks,12
PK-BAL-002,Balochistan University of IT Engineering & Mgt,Public,Balochistan,Quetta,2002,48,W1,Software Engineering,STEM,2022,133,67,66,5,26.6,7,8,118,24,,,3.26,82.8,13.3,Mostly Urban,10953,20,1,Yes,BUITEMS Entry Test,Easy,45% / 100 marks,11
PK-BAL-002,Balochistan University of IT Engineering & Mgt,Public,Balochistan,Quetta,2002,48,W1,Software Engineering,STEM,2023,117,47,70,5,23.4,,2,,11,24,7,3.13,84.9,6.4,Mostly Rural,13766,11,,Yes,BUITEMS Entry Test,Easy,45% / 100 marks,14
PK-BAL-002,Balochistan University of IT Engineering & Mgt,Public,Balochistan,Quetta,2002,48,W1,Software Engineering,STEM,2024,147,103,44,5,29.4,9,,,,48,78,,90.9,8.2,Mostly Rural,21094,17,1,Yes,BUITEMS Entry Test,Easy,45% / 100 marks,11
PK-BAL-002,Balochistan University of IT Engineering & Mgt,Public,Balochistan,Quetta,2002,48,W1,Software Engineering,STEM,2025,121,84,37,5,24.2,6,12,103,5,,43,3.08,81.2,1.8,Mixed Urban-Rural,39449,,16,Yes,BUITEMS Entry Test,Easy,45% / 100 marks,13
PK-BAL-002,Balochistan University of IT Engineering & Mgt,Public,Balochistan,Quetta,2002,48,W1,Telecommunication,STEM,2022,79,39,40,5,15.8,1,0,78,14,,58,2.99,83.7,12.5,Mostly Rural,42126,20,,Yes,BUITEMS Entry Test,Easy,45% / 100 marks,10
PK-BAL-002,Balochistan University of IT Engineering & Mgt,Public,Balochistan,Quetta,2002,48,W1,Telecommunication,STEM,2023,90,53,37,5,18,1,13,76,6,,21,3.68,71.6,17.9,Mostly Rural,41845,20,10,Yes,BUITEMS Entry Test,Easy,45% / 100 marks,12
PK-BAL-002,Balochistan University of IT Engineering & Mgt,Public,Balochistan,Quetta,2002,48,W1,Telecommunication,STEM,2024,92,46,46,5,18.4,6,18,68,15,9,30,3,71.5,3.7,Mixed Urban-Rural,15846,20,,Yes,BUITEMS Entry Test,Easy,45% / 100 marks,13
PK-BAL-002,Balochistan University of IT Engineering & Mgt,Public,Balochistan,Quetta,2002,48,W1,Telecommunication,STEM,2025,87,50,37,5,17.4,,17,,,,30,3.62,78.2,,Mostly Urban,19138,19,,Yes,BUITEMS Entry Test,Easy,45% / 100 marks,10
PK-BAL-003,Bolan University of Medical & Health Sciences,Public,Balochistan,Quetta,1972,53,W1,Biomedical Engineering,STEM,2022,309,126,183,10,30.9,6,5,298,50,7,22,3.38,75.8,5.6,Mixed Urban-Rural,38173,12,1,Yes,MDCAT (PMC) / Bolan Test,Difficult,65% / 210 marks,10
PK-BAL-003,Bolan University of Medical & Health Sciences,Public,Balochistan,Quetta,1972,53,W1,Biomedical Engineering,STEM,2023,333,207,126,9,37,13,22,298,33,5,16,2.92,77.1,,Mostly Urban,18554,13,,Yes,MDCAT (PMC) / Bolan Test,Difficult,65% / 210 marks,12
PK-BAL-003,Bolan University of Medical & Health Sciences,Public,Balochistan,Quetta,1972,53,W1,Biomedical Engineering,STEM,2024,322,145,177,11,29.3,4,32,286,14,10,59,3.56,76.3,8.6,Mostly Urban,33738,9,,Yes,MDCAT (PMC) / Bolan Test,Difficult,65% / 210 marks,10
PK-BAL-003,Bolan University of Medical & Health Sciences,Public,Balochistan,Quetta,1972,53,W1,Biomedical Engineering,STEM,2025,321,136,185,11,29.2,9,56,256,44,,38,2.6,73.8,5,Mostly Urban,27631,11,,Yes,MDCAT (PMC) / Bolan Test,Difficult,65% / 210 marks,11
PK-BAL-003,Bolan University of Medical & Health Sciences,Public,Balochistan,Quetta,1972,53,W1,MBBS,STEM,2022,213,122,91,7,30.4,11,0,202,22,7,71,3.13,88.3,12.3,Mixed Urban-Rural,47290,4,28,Yes,MDCAT (PMC) / Bolan Test,Difficult,65% / 210 marks,11
PK-BAL-003,Bolan University of Medical & Health Sciences,Public,Balochistan,Quetta,1972,53,W1,MBBS,STEM,2023,211,110,101,8,26.4,14,7,190,16,,,3.12,96.7,15.8,Mostly Urban,46405,12,,Yes,MDCAT (PMC) / Bolan Test,Difficult,65% / 210 marks,12
PK-BAL-003,Bolan University of Medical & Health Sciences,Public,Balochistan,Quetta,1972,53,W1,MBBS,STEM,2024,247,157,90,7,35.3,16,46,185,8,35,57,,87.8,9.8,Mostly Urban,88827,5,7,Yes,MDCAT (PMC) / Bolan Test,Difficult,65% / 210 marks,10
PK-BAL-003,Bolan University of Medical & Health Sciences,Public,Balochistan,Quetta,1972,53,W1,MBBS,STEM,2025,223,138,85,7,31.9,,37,,36,13,47,3.24,96.3,,,35695,6,,Yes,MDCAT (PMC) / Bolan Test,Difficult,65% / 210 marks,14
PK-BAL-003,Bolan University of Medical & Health Sciences,Public,Balochistan,Quetta,1972,53,W1,Pharmacy,STEM,2022,361,235,126,10,36.1,25,32,304,72,50,76,2.86,85.4,4.3,,27637,,30,Yes,MDCAT (PMC) / Bolan Test,Difficult,65% / 210 marks,14
PK-BAL-003,Bolan University of Medical & Health Sciences,Public,Balochistan,Quetta,1972,53,W1,Pharmacy,STEM,2023,382,146,236,13,29.4,,64,,,20,47,3.01,80.5,18,Mostly Urban,11275,3,8,Yes,MDCAT (PMC) / Bolan Test,Difficult,65% / 210 marks,10
PK-BAL-003,Bolan University of Medical & Health Sciences,Public,Balochistan,Quetta,1972,53,W1,Pharmacy,STEM,2024,396,219,177,11,36,7,56,333,63,18,,3.59,87.4,,Mixed Urban-Rural,27378,8,22,Yes,MDCAT (PMC) / Bolan Test,Difficult,65% / 210 marks,11
PK-BAL-003,Bolan University of Medical & Health Sciences,Public,Balochistan,Quetta,1972,53,W1,Pharmacy,STEM,2025,405,264,141,12,33.8,14,72,319,69,44,80,3.33,84.1,12.8,Mixed Urban-Rural,12876,19,21,Yes,MDCAT (PMC) / Bolan Test,Difficult,65% / 210 marks,13
PK-BAL-003,Bolan University of Medical & Health Sciences,Public,Balochistan,Quetta,1972,53,W1,Physiotherapy,STEM,2022,405,276,129,12,33.8,5,10,390,68,,77,2.86,75.2,13.1,Mostly Rural,34320,4,30,Yes,MDCAT (PMC) / Bolan Test,Difficult,65% / 210 marks,13
PK-BAL-003,Bolan University of Medical & Health Sciences,Public,Balochistan,Quetta,1972,53,W1,Physiotherapy,STEM,2023,378,177,201,10,37.8,26,34,318,74,27,,,82.1,10.4,Mostly Urban,30468,,33,Yes,MDCAT (PMC) / Bolan Test,Difficult,65% / 210 marks,11
PK-BAL-003,Bolan University of Medical & Health Sciences,Public,Balochistan,Quetta,1972,53,W1,Physiotherapy,STEM,2024,449,265,184,17,26.4,30,50,369,54,37,17,2.91,74.1,8.5,Mostly Urban,37527,1,34,Yes,MDCAT (PMC) / Bolan Test,Difficult,65% / 210 marks,13
PK-BAL-003,Bolan University of Medical & Health Sciences,Public,Balochistan,Quetta,1972,53,W1,Physiotherapy,STEM,2025,390,163,227,16,24.4,16,72,302,39,24,24,3.27,84.4,6.7,Mostly Rural,15897,11,4,Yes,MDCAT (PMC) / Bolan Test,Difficult,65% / 210 marks,13
PK-BAL-003,Bolan University of Medical & Health Sciences,Public,Balochistan,Quetta,1972,53,W1,Public Health,STEM,2022,286,142,144,8,35.8,17,13,256,18,38,8,3.28,66.4,,,,2,26,Yes,MDCAT (PMC) / Bolan Test,Difficult,65% / 210 marks,14
PK-BAL-003,Bolan University of Medical & Health Sciences,Public,Balochistan,Quetta,1972,53,W1,Public Health,STEM,2023,297,153,144,10,29.7,5,24,268,17,,27,2.86,69.6,14.1,Mostly Rural,,19,27,Yes,MDCAT (PMC) / Bolan Test,Difficult,65% / 210 marks,13
PK-BAL-003,Bolan University of Medical & Health Sciences,Public,Balochistan,Quetta,1972,53,W1,Public Health,STEM,2024,284,157,127,12,23.7,,20,,,23,,,67.2,15.2,Mostly Rural,22099,12,34,Yes,MDCAT (PMC) / Bolan Test,Difficult,65% / 210 marks,12
PK-BAL-003,Bolan University of Medical & Health Sciences,Public,Balochistan,Quetta,1972,53,W1,Public Health,STEM,2025,288,127,161,9,32,8,32,248,26,36,52,3.69,73.9,,Mostly Urban,41683,18,15,Yes,MDCAT (PMC) / Bolan Test,Difficult,65% / 210 marks,10
PK-BAL-007,Lasbela University of Agriculture Water & Marine,Public,Balochistan,Lasbela,2005,4,W2,Agricultural Engineering,STEM,2022,365,256,109,13,28.1,16,7,342,9,12,26,2.82,65.3,13.3,Mostly Urban,13350,9,25,Yes,LUAWMS Entry Test,Easy,45% / 100 marks,12
PK-BAL-007,Lasbela University of Agriculture Water & Marine,Public,Balochistan,Lasbela,2005,4,W2,Agricultural Engineering,STEM,2023,388,254,134,12,32.3,13,40,335,13,31,61,2.72,60.4,6.4,Mostly Rural,14233,1,31,Yes,LUAWMS Entry Test,Easy,45% / 100 marks,
PK-BAL-007,Lasbela University of Agriculture Water & Marine,Public,Balochistan,Lasbela,2005,4,W2,Agricultural Engineering,STEM,2024,400,263,137,15,26.7,30,71,299,5,54,46,3.25,62.4,7.8,Mostly Urban,43935,,14,Yes,LUAWMS Entry Test,Easy,45% / 100 marks,12
PK-BAL-007,Lasbela University of Agriculture Water & Marine,Public,Balochistan,Lasbela,2005,4,W2,Agricultural Engineering,STEM,2025,473,225,248,15,31.5,22,66,385,61,54,5,,64.5,10.3,Mostly Rural,37064,5,,Yes,LUAWMS Entry Test,Easy,45% / 100 marks,12
PK-BAL-007,Lasbela University of Agriculture Water & Marine,Public,Balochistan,Lasbela,2005,4,W2,Agriculture,STEM,2022,201,106,95,7,28.7,3,37,161,23,17,27,2.93,53.4,,Mixed Urban-Rural,8509,14,17,Yes,LUAWMS Entry Test,Easy,45% / 100 marks,12
PK-BAL-007,Lasbela University of Agriculture Water & Marine,Public,Balochistan,Lasbela,2005,4,W2,Agriculture,STEM,2023,202,134,68,7,28.9,5,29,168,33,22,35,3.22,48.3,7.1,Mostly Rural,28414,17,12,Yes,LUAWMS Entry Test,Easy,45% / 100 marks,9
PK-BAL-007,Lasbela University of Agriculture Water & Marine,Public,Balochistan,Lasbela,2005,4,W2,Agriculture,STEM,2024,202,138,64,6,33.7,12,0,190,16,28,6,2.72,61.9,10,Mostly Rural,8623,16,8,Yes,LUAWMS Entry Test,Easy,45% / 100 marks,8
PK-BAL-007,Lasbela University of Agriculture Water & Marine,Public,Balochistan,Lasbela,2005,4,W2,Agriculture,STEM,2025,209,135,74,6,34.8,,17,,,40,8,2.65,62.2,,Mostly Urban,43716,12,13,Yes,LUAWMS Entry Test,Easy,45% / 100 marks,9
PK-BAL-007,Lasbela University of Agriculture Water & Marine,Public,Balochistan,Lasbela,2005,4,W2,Fisheries,STEM,2022,558,362,196,23,24.3,12,43,503,56,36,33,3.28,45,13.6,Mostly Rural,39433,4,19,Yes,LUAWMS Entry Test,Easy,45% / 100 marks,12
PK-BAL-007,Lasbela University of Agriculture Water & Marine,Public,Balochistan,Lasbela,2005,4,W2,Fisheries,STEM,2023,511,248,263,19,26.9,9,11,491,67,37,66,2.72,51.1,10.5,Mostly Rural,34217,17,5,Yes,LUAWMS Entry Test,Easy,45% / 100 marks,
PK-BAL-007,Lasbela University of Agriculture Water & Marine,Public,Balochistan,Lasbela,2005,4,W2,Fisheries,STEM,2024,502,235,267,21,23.9,7,,,50,16,62,3.64,48.2,12.6,Mostly Rural,25712,6,27,Yes,LUAWMS Entry Test,Easy,45% / 100 marks,8
PK-BAL-007,Lasbela University of Agriculture Water & Marine,Public,Balochistan,Lasbela,2005,4,W2,Fisheries,STEM,2025,571,341,230,18,31.7,15,46,510,107,6,5,2.93,44.4,15.1,Mostly Urban,35653,18,,Yes,LUAWMS Entry Test,Easy,45% / 100 marks,12
PK-BAL-007,Lasbela University of Agriculture Water & Marine,Public,Balochistan,Lasbela,2005,4,W2,Food Science & Technology,STEM,2022,965,436,529,42,23,46,110,809,,28,54,3.61,67.2,,Mostly Rural,23082,10,24,Yes,LUAWMS Entry Test,Easy,45% / 100 marks,10
PK-BAL-007,Lasbela University of Agriculture Water & Marine,Public,Balochistan,Lasbela,2005,4,W2,Food Science & Technology,STEM,2023,923,582,341,37,24.9,60,86,777,30,41,24,3.17,63.4,12.4,Mixed Urban-Rural,13260,14,16,Yes,LUAWMS Entry Test,Easy,45% / 100 marks,9
PK-BAL-007,Lasbela University of Agriculture Water & Marine,Public,Balochistan,Lasbela,2005,4,W2,Food Science & Technology,STEM,2024,1023,480,543,31,33,68,,,56,,70,2.88,62.4,,Mostly Rural,43951,16,5,Yes,LUAWMS Entry Test,Easy,45% / 100 marks,10
PK-BAL-007,Lasbela University of Agriculture Water & Marine,Public,Balochistan,Lasbela,2005,4,W2,Food Science & Technology,STEM,2025,967,618,349,31,31.2,,19,,123,52,76,3.24,65.4,11.1,Mixed Urban-Rural,43009,4,18,Yes,LUAWMS Entry Test,Easy,45% / 100 marks,11
PK-BAL-007,Lasbela University of Agriculture Water & Marine,Public,Balochistan,Lasbela,2005,4,W2,Soil Science,STEM,2022,313,152,161,13,24.1,25,41,247,15,33,,3.22,48.1,5.1,Mostly Rural,,8,35,Yes,LUAWMS Entry Test,Easy,45% / 100 marks,10
PK-BAL-007,Lasbela University of Agriculture Water & Marine,Public,Balochistan,Lasbela,2005,4,W2,Soil Science,STEM,2023,340,142,198,15,22.7,4,45,291,9,7,25,3.48,51.3,12.3,Mostly Urban,19710,,32,Yes,LUAWMS Entry Test,Easy,45% / 100 marks,
PK-BAL-007,Lasbela University of Agriculture Water & Marine,Public,Balochistan,Lasbela,2005,4,W2,Soil Science,STEM,2024,310,176,134,11,28.2,6,42,262,27,28,19,2.9,54.5,,Mostly Rural,42618,17,34,Yes,LUAWMS Entry Test,Easy,45% / 100 marks,12
PK-BAL-007,Lasbela University of Agriculture Water & Marine,Public,Balochistan,Lasbela,2005,4,W2,Soil Science,STEM,2025,357,194,163,10,35.7,,19,,71,18,56,,51.6,10.9,Mostly Urban,21385,5,14,Yes,LUAWMS Entry Test,Easy,45% / 100 marks,8
PK-BAL-010,Mir Chakar Khan Rind University Sibi,Public,Balochistan,Sibi,2019,,W1,Biology,STEM,2022,211,136,75,9,23.4,9,,,20,60,10,3.09,46,1.8,Mixed Urban-Rural,35836,7,19,Yes,MCK Entry Test,Easy,40% / 100 marks,4
PK-BAL-010,Mir Chakar Khan Rind University Sibi,Public,Balochistan,Sibi,2019,,W1,Biology,STEM,2023,197,79,118,7,28.1,,34,,21,58,,3.02,56.2,8.6,Mostly Urban,40872,7,9,Yes,MCK Entry Test,Easy,40% / 100 marks,4
PK-BAL-010,Mir Chakar Khan Rind University Sibi,Public,Balochistan,Sibi,2019,,W1,Biology,STEM,2024,195,92,103,6,32.5,0,30,165,,37,27,,49.5,14.9,Mostly Rural,15407,2,10,Yes,MCK Entry Test,Easy,40% / 100 marks,3
PK-BAL-010,Mir Chakar Khan Rind University Sibi,Public,Balochistan,Sibi,2019,,W1,Biology,STEM,2025,226,149,77,6,37.7,12,21,193,19,,62,2.79,45.1,9.9,Mixed Urban-Rural,25354,19,19,Yes,MCK Entry Test,Easy,40% / 100 marks,5
PK-BAL-010,Mir Chakar Khan Rind University Sibi,Public,Balochistan,Sibi,2019,,W1,Computer Science,STEM,2022,434,264,170,15,28.9,5,17,412,80,10,23,3.17,89.2,1.6,Mostly Rural,26912,5,16,Yes,MCK Entry Test,Easy,40% / 100 marks,6
PK-BAL-010,Mir Chakar Khan Rind University Sibi,Public,Balochistan,Sibi,2019,,W1,Computer Science,STEM,2023,477,185,292,17,28.1,37,,,15,56,70,3.34,85.2,5.2,Mixed Urban-Rural,,6,25,Yes,MCK Entry Test,Easy,40% / 100 marks,5
PK-BAL-010,Mir Chakar Khan Rind University Sibi,Public,Balochistan,Sibi,2019,,W1,Computer Science,STEM,2024,412,240,172,16,25.8,,53,,,,41,,81,4.1,Mostly Urban,24802,,28,Yes,MCK Entry Test,Easy,40% / 100 marks,3
PK-BAL-010,Mir Chakar Khan Rind University Sibi,Public,Balochistan,Sibi,2019,,W1,Computer Science,STEM,2025,425,228,197,15,28.3,30,26,369,32,,48,3.39,80.2,9.4,Mostly Rural,40306,6,11,Yes,MCK Entry Test,Easy,40% / 100 marks,5
PK-BAL-010,Mir Chakar Khan Rind University Sibi,Public,Balochistan,Sibi,2019,,W1,English Literature,Arts & Social Sciences,2022,166,91,75,5,33.2,,32,,29,50,65,3.52,41.2,17.6,Mixed Urban-Rural,44287,10,32,Yes,MCK Entry Test,Easy,40% / 100 marks,3
PK-BAL-010,Mir Chakar Khan Rind University Sibi,Public,Balochistan,Sibi,2019,,W1,English Literature,Arts & Social Sciences,2023,168,81,87,5,33.6,4,27,137,16,5,25,3.47,46.5,17.7,Mixed Urban-Rural,40985,,10,Yes,MCK Entry Test,Easy,40% / 100 marks,4
PK-BAL-010,Mir Chakar Khan Rind University Sibi,Public,Balochistan,Sibi,2019,,W1,English Literature,Arts & Social Sciences,2024,184,74,110,5,36.8,0,7,177,31,4,27,,45.6,3.6,Mostly Rural,35596,16,,Yes,MCK Entry Test,Easy,40% / 100 marks,3
PK-BAL-010,Mir Chakar Khan Rind University Sibi,Public,Balochistan,Sibi,2019,,W1,English Literature,Arts & Social Sciences,2025,197,113,84,5,39.4,12,15,170,17,31,22,3.19,54.7,2.7,Mostly Urban,33370,8,4,Yes,MCK Entry Test,Easy,40% / 100 marks,4
PK-BAL-010,Mir Chakar Khan Rind University Sibi,Public,Balochistan,Sibi,2019,,W1,History,Arts & Social Sciences,2022,135,52,83,5,27,4,1,130,16,59,31,2.95,44.8,2.1,Mixed Urban-Rural,9436,14,,Yes,MCK Entry Test,Easy,40% / 100 marks,4
PK-BAL-010,Mir Chakar Khan Rind University Sibi,Public,Balochistan,Sibi,2019,,W1,History,Arts & Social Sciences,2023,140,55,85,5,28,10,5,125,25,21,77,2.79,34.5,7.7,Mostly Rural,43579,2,,Yes,MCK Entry Test,Easy,40% / 100 marks,4
PK-BAL-010,Mir Chakar Khan Rind University Sibi,Public,Balochistan,Sibi,2019,,W1,History,Arts & Social Sciences,2024,144,87,57,5,28.8,10,27,107,24,22,35,3.21,40.4,,Mixed Urban-Rural,31975,7,5,Yes,MCK Entry Test,Easy,40% / 100 marks,5
PK-BAL-010,Mir Chakar Khan Rind University Sibi,Public,Balochistan,Sibi,2019,,W1,History,Arts & Social Sciences,2025,156,62,94,6,26,7,14,135,29,37,52,2.76,35.5,,Mostly Rural,38518,13,4,Yes,MCK Entry Test,Easy,40% / 100 marks,5
PK-BAL-010,Mir Chakar Khan Rind University Sibi,Public,Balochistan,Sibi,2019,,W1,Law,Arts & Social Sciences,2022,111,77,34,5,22.2,8,13,90,17,3,3,2.68,75.3,14.1,Mixed Urban-Rural,18326,4,18,Yes,MCK Entry Test,Easy,40% / 100 marks,3
PK-BAL-010,Mir Chakar Khan Rind University Sibi,Public,Balochistan,Sibi,2019,,W1,Law,Arts & Social Sciences,2023,115,62,53,5,23,2,15,98,,46,6,3.28,69.7,3.3,Mostly Rural,27974,5,,Yes,MCK Entry Test,Easy,40% / 100 marks,6
PK-BAL-010,Mir Chakar Khan Rind University Sibi,Public,Balochistan,Sibi,2019,,W1,Law,Arts & Social Sciences,2024,107,54,53,5,21.4,4,17,86,11,27,72,3.17,73.9,,Mixed Urban-Rural,27900,12,29,Yes,MCK Entry Test,Easy,40% / 100 marks,
PK-BAL-010,Mir Chakar Khan Rind University Sibi,Public,Balochistan,Sibi,2019,,W1,Law,Arts & Social Sciences,2025,108,72,36,5,21.6,1,0,107,9,22,79,2.85,71.8,,Mostly Rural,39526,3,18,Yes,MCK Entry Test,Easy,40% / 100 marks,4
PK-BAL-010,Mir Chakar Khan Rind University Sibi,Public,Balochistan,Sibi,2019,,W1,Mathematics,STEM,2022,458,206,252,14,32.7,31,10,417,54,58,62,2.89,59.2,9.5,Mixed Urban-Rural,15059,20,22,Yes,MCK Entry Test,Easy,40% / 100 marks,5
PK-BAL-010,Mir Chakar Khan Rind University Sibi,Public,Balochistan,Sibi,2019,,W1,Mathematics,STEM,2023,422,275,147,16,26.4,,49,,12,9,39,3.06,65.2,15.8,Mostly Rural,39484,17,15,Yes,MCK Entry Test,Easy,40% / 100 marks,6
PK-BAL-010,Mir Chakar Khan Rind University Sibi,Public,Balochistan,Sibi,2019,,W1,Mathematics,STEM,2024,448,293,155,18,24.9,,74,,,33,28,2.65,64.8,2.7,Mostly Rural,44459,15,,Yes,MCK Entry Test,Easy,40% / 100 marks,6
PK-BAL-010,Mir Chakar Khan Rind University Sibi,Public,Balochistan,Sibi,2019,,W1,Mathematics,STEM,2025,481,251,230,20,24.1,37,32,412,,60,4,3.02,54.8,6.3,Mostly Rural,39946,,25,Yes,MCK Entry Test,Easy,40% / 100 marks,3
PK-BAL-010,Mir Chakar Khan Rind University Sibi,Public,Balochistan,Sibi,2019,,W1,Mechanical Engineering,STEM,2022,249,141,108,7,35.6,10,9,230,46,25,50,2.66,64.8,3.6,Mixed Urban-Rural,30705,15,7,Yes,MCK Entry Test,Easy,40% / 100 marks,4
PK-BAL-010,Mir Chakar Khan Rind University Sibi,Public,Balochistan,Sibi,2019,,W1,Mechanical Engineering,STEM,2023,224,95,129,9,24.9,17,11,196,14,,29,2.91,72.1,,Mostly Rural,35378,1,35,Yes,MCK Entry Test,Easy,40% / 100 marks,5
PK-BAL-010,Mir Chakar Khan Rind University Sibi,Public,Balochistan,Sibi,2019,,W1,Mechanical Engineering,STEM,2024,221,120,101,8,27.6,10,25,186,,16,64,3.42,66,11.5,Mostly Rural,14294,4,27,Yes,MCK Entry Test,Easy,40% / 100 marks,4
PK-BAL-010,Mir Chakar Khan Rind University Sibi,Public,Balochistan,Sibi,2019,,W1,Mechanical Engineering,STEM,2025,270,167,103,11,24.5,,45,,9,8,7,3.02,79.4,1.9,Mostly Urban,25054,17,17,Yes,MCK Entry Test,Easy,40% / 100 marks,3
PK-BAL-010,Mir Chakar Khan Rind University Sibi,Public,Balochistan,Sibi,2019,,W1,Pharmacy,STEM,2022,223,135,88,7,31.9,9,19,195,,36,41,3.11,74.3,14.7,Mostly Urban,36130,20,5,Yes,MCK Entry Test,Easy,40% / 100 marks,3
PK-BAL-010,Mir Chakar Khan Rind University Sibi,Public,Balochistan,Sibi,2019,,W1,Pharmacy,STEM,2023,245,175,70,9,27.2,12,,,,54,4,,87,3.7,Mixed Urban-Rural,40917,13,2,Yes,MCK Entry Test,Easy,40% / 100 marks,4
PK-BAL-010,Mir Chakar Khan Rind University Sibi,Public,Balochistan,Sibi,2019,,W1,Pharmacy,STEM,2024,296,145,151,12,24.7,,32,,48,,70,3.12,73.8,,Mostly Urban,13403,,,Yes,MCK Entry Test,Easy,40% / 100 marks,3
PK-BAL-010,Mir Chakar Khan Rind University Sibi,Public,Balochistan,Sibi,2019,,W1,Pharmacy,STEM,2025,313,128,185,10,31.3,12,26,275,12,,23,2.77,81.4,4.6,Mixed Urban-Rural,29977,17,3,Yes,MCK Entry Test,Easy,40% / 100 marks,6
PK-BAL-010,Mir Chakar Khan Rind University Sibi,Public,Balochistan,Sibi,2019,,W1,Statistics,STEM,2022,109,62,47,5,21.8,4,8,97,13,44,26,3.08,64.3,,Mixed Urban-Rural,13618,5,,Yes,MCK Entry Test,Easy,40% / 100 marks,4
PK-BAL-010,Mir Chakar Khan Rind University Sibi,Public,Balochistan,Sibi,2019,,W1,Statistics,STEM,2023,112,61,51,5,22.4,2,10,100,,,52,3.49,65.8,3.5,Mostly Rural,39630,2,4,Yes,MCK Entry Test,Easy,40% / 100 marks,4
PK-BAL-010,Mir Chakar Khan Rind University Sibi,Public,Balochistan,Sibi,2019,,W1,Statistics,STEM,2024,106,42,64,5,21.2,1,7,98,21,,,2.82,63.8,13.4,Mixed Urban-Rural,18156,15,,Yes,MCK Entry Test,Easy,40% / 100 marks,4
PK-BAL-010,Mir Chakar Khan Rind University Sibi,Public,Balochistan,Sibi,2019,,W1,Statistics,STEM,2025,102,51,51,5,20.4,2,8,92,10,30,6,3.28,64.3,13.8,Mostly Urban,12715,5,14,Yes,MCK Entry Test,Easy,40% / 100 marks,3
PK-BAL-004,Sardar Bahadur Khan Women's University,Public,Balochistan,Quetta,2004,,W1,Computer Science,STEM,2022,310,173,137,11,28.2,22,41,247,38,5,25,3.11,80.8,,Mixed Urban-Rural,31763,,17,Yes,SBKWU Entry Test,Easy,40% / 100 marks,8
PK-BAL-004,Sardar Bahadur Khan Women's University,Public,Balochistan,Quetta,2004,,W1,Computer Science,STEM,2023,298,139,159,10,29.8,,38,,,60,5,2.8,86.5,8.3,Mostly Rural,30941,12,,Yes,SBKWU Entry Test,Easy,40% / 100 marks,9
PK-BAL-004,Sardar Bahadur Khan Women's University,Public,Balochistan,Quetta,2004,,W1,Computer Science,STEM,2024,315,146,169,9,35,18,42,255,47,1,11,3.23,83.8,12.1,Mostly Urban,32519,8,29,Yes,SBKWU Entry Test,Easy,40% / 100 marks,7
PK-BAL-004,Sardar Bahadur Khan Women's University,Public,Balochistan,Quetta,2004,,W1,Computer Science,STEM,2025,359,252,107,11,32.6,22,32,305,56,25,9,2.86,86.7,4.5,Mixed Urban-Rural,29021,13,22,Yes,SBKWU Entry Test,Easy,40% / 100 marks,6
PK-BAL-004,Sardar Bahadur Khan Women's University,Public,Balochistan,Quetta,2004,,W1,Economics,Business,2022,457,189,268,19,24.1,26,6,425,75,14,,3.11,62.9,10.9,Mostly Urban,35423,20,22,Yes,SBKWU Entry Test,Easy,40% / 100 marks,6
PK-BAL-004,Sardar Bahadur Khan Women's University,Public,Balochistan,Quetta,2004,,W1,Economics,Business,2023,433,226,207,18,24.1,13,55,365,48,4,25,3.47,73,,Mostly Urban,37648,,35,Yes,SBKWU Entry Test,Easy,40% / 100 marks,7
PK-BAL-004,Sardar Bahadur Khan Women's University,Public,Balochistan,Quetta,2004,,W1,Economics,Business,2024,441,197,244,13,33.9,2,51,388,,58,10,2.7,59.1,6.6,Mostly Urban,32392,11,32,Yes,SBKWU Entry Test,Easy,40% / 100 marks,9
PK-BAL-004,Sardar Bahadur Khan Women's University,Public,Balochistan,Quetta,2004,,W1,Economics,Business,2025,466,311,155,19,24.5,34,30,402,92,,61,2.98,70.4,6.2,Mixed Urban-Rural,35194,3,12,Yes,SBKWU Entry Test,Easy,40% / 100 marks,7
PK-BAL-004,Sardar Bahadur Khan Women's University,Public,Balochistan,Quetta,2004,,W1,Education,Arts & Social Sciences,2022,392,244,148,15,26.1,,,,75,32,,,60.1,15.8,Mostly Rural,29915,3,23,Yes,SBKWU Entry Test,Easy,40% / 100 marks,7
PK-BAL-004,Sardar Bahadur Khan Women's University,Public,Balochistan,Quetta,2004,,W1,Education,Arts & Social Sciences,2023,359,149,210,12,29.9,2,38,319,,30,40,3,73.4,13,Mixed Urban-Rural,36637,13,,Yes,SBKWU Entry Test,Easy,40% / 100 marks,8
PK-BAL-004,Sardar Bahadur Khan Women's University,Public,Balochistan,Quetta,2004,,W1,Education,Arts & Social Sciences,2024,381,203,178,16,23.8,3,56,322,51,30,8,3.28,65.8,7.2,Mostly Urban,21643,6,11,Yes,SBKWU Entry Test,Easy,40% / 100 marks,8
PK-BAL-004,Sardar Bahadur Khan Women's University,Public,Balochistan,Quetta,2004,,W1,Education,Arts & Social Sciences,2025,386,273,113,13,29.7,11,76,299,29,54,32,3.61,64.4,9,Mixed Urban-Rural,,1,13,Yes,SBKWU Entry Test,Easy,40% / 100 marks,10
PK-BAL-004,Sardar Bahadur Khan Women's University,Public,Balochistan,Quetta,2004,,W1,Electrical Engineering,STEM,2022,376,246,130,13,28.9,24,31,321,19,5,,,72.1,,,15518,9,3,Yes,SBKWU Entry Test,Easy,40% / 100 marks,10
PK-BAL-004,Sardar Bahadur Khan Women's University,Public,Balochistan,Quetta,2004,,W1,Electrical Engineering,STEM,2023,471,208,263,13,36.2,1,76,394,73,45,52,2.75,73,9.3,Mixed Urban-Rural,42688,20,,Yes,SBKWU Entry Test,Easy,40% / 100 marks,6
PK-BAL-004,Sardar Bahadur Khan Women's University,Public,Balochistan,Quetta,2004,,W1,Electrical Engineering,STEM,2024,435,197,238,16,27.2,22,51,362,57,46,5,3.26,76.5,5,Mostly Urban,14554,6,18,Yes,SBKWU Entry Test,Easy,40% / 100 marks,8
PK-BAL-004,Sardar Bahadur Khan Women's University,Public,Balochistan,Quetta,2004,,W1,Electrical Engineering,STEM,2025,449,206,243,16,28.1,29,15,405,56,,11,3.39,77.3,3.9,Mixed Urban-Rural,26977,18,22,Yes,SBKWU Entry Test,Easy,40% / 100 marks,
PK-BAL-004,Sardar Bahadur Khan Women's University,Public,Balochistan,Quetta,2004,,W1,Information Technology,STEM,2022,469,302,167,14,33.5,29,75,365,,7,45,3.39,82.8,,Mixed Urban-Rural,22379,,34,Yes,SBKWU Entry Test,Easy,40% / 100 marks,10
PK-BAL-004,Sardar Bahadur Khan Women's University,Public,Balochistan,Quetta,2004,,W1,Information Technology,STEM,2023,428,221,207,16,26.8,9,73,346,81,16,19,3.52,77.3,15.3,Mostly Rural,,7,,Yes,SBKWU Entry Test,Easy,40% / 100 marks,8
PK-BAL-004,Sardar Bahadur Khan Women's University,Public,Balochistan,Quetta,2004,,W1,Information Technology,STEM,2024,499,304,195,17,29.4,21,27,451,76,3,30,,74.9,15,Mostly Urban,20471,19,32,Yes,SBKWU Entry Test,Easy,40% / 100 marks,10
PK-BAL-004,Sardar Bahadur Khan Women's University,Public,Balochistan,Quetta,2004,,W1,Information Technology,STEM,2025,542,244,298,15,36.1,,,,86,21,67,2.89,76.1,7.2,Mixed Urban-Rural,40913,3,25,Yes,SBKWU Entry Test,Easy,40% / 100 marks,10
PK-BAL-004,Sardar Bahadur Khan Women's University,Public,Balochistan,Quetta,2004,,W1,Pharmacy,STEM,2022,137,92,45,5,27.4,5,,,14,23,18,2.98,75.7,5.9,Mostly Rural,12567,8,20,Yes,SBKWU Entry Test,Easy,40% / 100 marks,6
PK-BAL-004,Sardar Bahadur Khan Women's University,Public,Balochistan,Quetta,2004,,W1,Pharmacy,STEM,2023,131,64,67,5,26.2,4,6,121,26,41,12,3.66,74,,,24059,20,1,Yes,SBKWU Entry Test,Easy,40% / 100 marks,6
PK-BAL-004,Sardar Bahadur Khan Women's University,Public,Balochistan,Quetta,2004,,W1,Pharmacy,STEM,2024,158,97,61,5,31.6,6,28,124,14,51,24,3.5,75,,Mixed Urban-Rural,42766,6,26,Yes,SBKWU Entry Test,Easy,40% / 100 marks,10
PK-BAL-004,Sardar Bahadur Khan Women's University,Public,Balochistan,Quetta,2004,,W1,Pharmacy,STEM,2025,144,57,87,5,28.8,6,21,117,15,18,64,,82.7,7.3,Mostly Rural,13947,2,,Yes,SBKWU Entry Test,Easy,40% / 100 marks,7
PK-BAL-004,Sardar Bahadur Khan Women's University,Public,Balochistan,Quetta,2004,,W1,Sociology,Arts & Social Sciences,2022,208,127,81,8,26,13,1,194,8,40,77,2.8,53.7,2.9,Mostly Rural,,16,,Yes,SBKWU Entry Test,Easy,40% / 100 marks,6
PK-BAL-004,Sardar Bahadur Khan Women's University,Public,Balochistan,Quetta,2004,,W1,Sociology,Arts & Social Sciences,2023,253,125,128,9,28.1,10,22,221,46,49,,3.26,45.6,4,Mixed Urban-Rural,8900,13,,Yes,SBKWU Entry Test,Easy,40% / 100 marks,8
PK-BAL-004,Sardar Bahadur Khan Women's University,Public,Balochistan,Quetta,2004,,W1,Sociology,Arts & Social Sciences,2024,220,157,63,7,31.4,17,26,177,,34,77,2.71,54.5,9.8,Mixed Urban-Rural,30316,12,19,Yes,SBKWU Entry Test,Easy,40% / 100 marks,6
PK-BAL-004,Sardar Bahadur Khan Women's University,Public,Balochistan,Quetta,2004,,W1,Sociology,Arts & Social Sciences,2025,261,102,159,10,26.1,7,1,253,11,50,16,3.38,45.4,4.2,Mixed Urban-Rural,10954,12,,Yes,SBKWU Entry Test,Easy,40% / 100 marks,8
PK-BAL-001,University of Balochistan,Public,Balochistan,Quetta,1970,44,W1,Economics,Business,2022,205,132,73,6,34.2,11,17,177,15,20,,3.03,68.1,,Mostly Urban,14234,4,,Yes,UoB Entry Test,Easy,40% / 100 marks,23
PK-BAL-001,University of Balochistan,Public,Balochistan,Quetta,1970,44,W1,Economics,Business,2023,236,91,145,8,29.5,18,26,192,17,36,70,2.98,67.5,13.4,,30900,8,,Yes,UoB Entry Test,Easy,40% / 100 marks,21
PK-BAL-001,University of Balochistan,Public,Balochistan,Quetta,1970,44,W1,Economics,Business,2024,241,141,100,7,34.4,16,12,213,37,48,69,3.65,67.3,15,Mostly Urban,40504,,0,Yes,UoB Entry Test,Easy,40% / 100 marks,22
PK-BAL-001,University of Balochistan,Public,Balochistan,Quetta,1970,44,W1,Economics,Business,2025,204,94,110,6,34,13,19,172,22,,4,3.33,65.7,16.7,Mostly Urban,,14,0,Yes,UoB Entry Test,Easy,40% / 100 marks,21
PK-BAL-001,University of Balochistan,Public,Balochistan,Quetta,1970,44,W1,English Literature,Arts & Social Sciences,2022,135,71,64,5,27,,23,,,3,79,3.03,50.8,1.6,Mostly Urban,15301,14,33,Yes,UoB Entry Test,Easy,40% / 100 marks,21
PK-BAL-001,University of Balochistan,Public,Balochistan,Quetta,1970,44,W1,English Literature,Arts & Social Sciences,2023,137,60,77,5,27.4,7,14,116,11,28,13,3.05,49.4,9.1,Mostly Urban,27605,20,,Yes,UoB Entry Test,Easy,40% / 100 marks,19
PK-BAL-001,University of Balochistan,Public,Balochistan,Quetta,1970,44,W1,English Literature,Arts & Social Sciences,2024,145,89,56,5,29,,5,,13,,14,3,47.4,13.9,Mostly Rural,38964,,16,Yes,UoB Entry Test,Easy,40% / 100 marks,20
PK-BAL-001,University of Balochistan,Public,Balochistan,Quetta,1970,44,W1,English Literature,Arts & Social Sciences,2025,131,86,45,5,26.2,0,18,113,17,37,71,3.18,51.9,,Mixed Urban-Rural,,,1,Yes,UoB Entry Test,Easy,40% / 100 marks,
PK-BAL-001,University of Balochistan,Public,Balochistan,Quetta,1970,44,W1,History,Arts & Social Sciences,2022,94,62,32,5,18.8,1,9,84,16,,30,2.94,44.6,,Mostly Rural,20846,6,10,Yes,UoB Entry Test,Easy,40% / 100 marks,20
PK-BAL-001,University of Balochistan,Public,Balochistan,Quetta,1970,44,W1,History,Arts & Social Sciences,2023,104,47,57,5,20.8,3,5,96,14,41,,2.65,42.6,17.6,Mixed Urban-Rural,29094,14,,Yes,UoB Entry Test,Easy,40% / 100 marks,24
PK-BAL-001,University of Balochistan,Public,Balochistan,Quetta,1970,44,W1,History,Arts & Social Sciences,2024,107,66,41,5,21.4,8,8,91,7,46,3,3.26,44.5,8.4,Mostly Urban,14073,12,10,Yes,UoB Entry Test,Easy,40% / 100 marks,23
PK-BAL-001,University of Balochistan,Public,Balochistan,Quetta,1970,44,W1,History,Arts & Social Sciences,2025,107,65,42,5,21.4,5,0,102,,22,79,2.68,32.9,14.1,Mostly Urban,33050,12,10,Yes,UoB Entry Test,Easy,40% / 100 marks,21
PK-BAL-001,University of Balochistan,Public,Balochistan,Quetta,1970,44,W1,Information Technology,STEM,2022,294,127,167,8,36.8,,13,,,36,,2.63,84.9,1.9,Mixed Urban-Rural,39333,15,,Yes,UoB Entry Test,Easy,40% / 100 marks,19
PK-BAL-001,University of Balochistan,Public,Balochistan,Quetta,1970,44,W1,Information Technology,STEM,2023,329,149,180,9,36.6,15,53,261,14,29,27,3.01,75.5,11.6,Mostly Urban,29311,10,9,Yes,UoB Entry Test,Easy,40% / 100 marks,24
PK-BAL-001,University of Balochistan,Public,Balochistan,Quetta,1970,44,W1,Information Technology,STEM,2024,320,227,93,10,32,25,43,252,35,59,65,3.5,86.6,8.7,Mostly Rural,19762,9,8,Yes,UoB Entry Test,Easy,40% / 100 marks,24
PK-BAL-001,University of Balochistan,Public,Balochistan,Quetta,1970,44,W1,Information Technology,STEM,2025,365,215,150,12,30.4,3,,,71,56,21,3.69,76.8,10.2,Mostly Rural,,15,26,Yes,UoB Entry Test,Easy,40% / 100 marks,23
PK-BAL-001,University of Balochistan,Public,Balochistan,Quetta,1970,44,W1,Mass Communication,Arts & Social Sciences,2022,415,220,195,13,31.9,11,72,332,,54,27,3.33,69.3,17.5,Mostly Rural,42205,10,11,Yes,UoB Entry Test,Easy,40% / 100 marks,22
PK-BAL-001,University of Balochistan,Public,Balochistan,Quetta,1970,44,W1,Mass Communication,Arts & Social Sciences,2023,516,254,262,16,32.2,25,98,393,42,9,63,3.54,64.6,3,Mostly Urban,30684,,14,Yes,UoB Entry Test,Easy,40% / 100 marks,22
PK-BAL-001,University of Balochistan,Public,Balochistan,Quetta,1970,44,W1,Mass Communication,Arts & Social Sciences,2024,506,213,293,16,31.6,6,32,468,98,32,9,,64.3,8.3,,40384,12,26,Yes,UoB Entry Test,Easy,40% / 100 marks,24
PK-BAL-001,University of Balochistan,Public,Balochistan,Quetta,1970,44,W1,Mass Communication,Arts & Social Sciences,2025,492,204,288,14,35.1,,47,,44,,24,3.26,65,12.9,Mostly Urban,44781,4,15,Yes,UoB Entry Test,Easy,40% / 100 marks,19
PK-BAL-001,University of Balochistan,Public,Balochistan,Quetta,1970,44,W1,Pharmacy,STEM,2022,106,69,37,5,21.2,,19,,7,3,13,3.19,86.1,2,Mostly Rural,28646,16,13,Yes,UoB Entry Test,Easy,40% / 100 marks,19
PK-BAL-001,University of Balochistan,Public,Balochistan,Quetta,1970,44,W1,Pharmacy,STEM,2023,115,50,65,5,23,4,7,104,12,37,11,,73.1,10,Mostly Rural,41813,19,29,Yes,UoB Entry Test,Easy,40% / 100 marks,
PK-BAL-001,University of Balochistan,Public,Balochistan,Quetta,1970,44,W1,Pharmacy,STEM,2024,142,78,64,5,28.4,6,16,120,25,,27,3.4,78.8,10.8,Mostly Urban,32877,15,3,Yes,UoB Entry Test,Easy,40% / 100 marks,19
PK-BAL-001,University of Balochistan,Public,Balochistan,Quetta,1970,44,W1,Pharmacy,STEM,2025,144,61,83,5,28.8,2,8,134,22,37,45,2.87,76.7,7.9,Mostly Urban,42729,2,11,Yes,UoB Entry Test,Easy,40% / 100 marks,22
PK-BAL-001,University of Balochistan,Public,Balochistan,Quetta,1970,44,W1,Physics,STEM,2022,270,125,145,9,30,2,6,262,,,13,2.69,44.7,12.1,,26277,4,21,Yes,UoB Entry Test,Easy,40% / 100 marks,18
PK-BAL-001,University of Balochistan,Public,Balochistan,Quetta,1970,44,W1,Physics,STEM,2023,271,124,147,12,22.6,,,,28,,60,3.12,56.3,17.4,Mostly Rural,38427,14,16,Yes,UoB Entry Test,Easy,40% / 100 marks,23
PK-BAL-001,University of Balochistan,Public,Balochistan,Quetta,1970,44,W1,Physics,STEM,2024,333,161,172,13,25.6,,45,,,13,,3.65,54.2,5.5,Mixed Urban-Rural,11612,6,,Yes,UoB Entry Test,Easy,40% / 100 marks,23
PK-BAL-001,University of Balochistan,Public,Balochistan,Quetta,1970,44,W1,Physics,STEM,2025,309,195,114,9,34.3,21,5,283,,5,72,3.15,53.6,17.2,Mostly Urban,20808,1,7,Yes,UoB Entry Test,Easy,40% / 100 marks,21
PK-BAL-001,University of Balochistan,Public,Balochistan,Quetta,1970,44,W1,Political Science,Arts & Social Sciences,2022,168,116,52,5,33.6,11,11,146,19,39,60,3.5,45.5,6.5,Mixed Urban-Rural,38729,3,,Yes,UoB Entry Test,Easy,40% / 100 marks,19
PK-BAL-001,University of Balochistan,Public,Balochistan,Quetta,1970,44,W1,Political Science,Arts & Social Sciences,2023,209,105,104,6,34.8,,20,,7,,65,3.23,53.9,14.7,Mostly Rural,36011,4,0,Yes,UoB Entry Test,Easy,40% / 100 marks,18
PK-BAL-001,University of Balochistan,Public,Balochistan,Quetta,1970,44,W1,Political Science,Arts & Social Sciences,2024,185,92,93,6,30.8,13,4,168,16,30,51,3.42,46.1,7.9,Mostly Urban,44031,17,35,Yes,UoB Entry Test,Easy,40% / 100 marks,24
PK-BAL-001,University of Balochistan,Public,Balochistan,Quetta,1970,44,W1,Political Science,Arts & Social Sciences,2025,183,85,98,5,36.6,13,0,170,36,,42,,52.9,12.8,Mixed Urban-Rural,25504,8,9,Yes,UoB Entry Test,Easy,40% / 100 marks,18
PK-BAL-001,University of Balochistan,Public,Balochistan,Quetta,1970,44,W1,Sociology,Arts & Social Sciences,2022,148,95,53,6,24.7,,4,,26,,68,2.74,56.2,17.8,Mixed Urban-Rural,43506,13,3,Yes,UoB Entry Test,Easy,40% / 100 marks,19
PK-BAL-001,University of Balochistan,Public,Balochistan,Quetta,1970,44,W1,Sociology,Arts & Social Sciences,2023,152,85,67,5,30.4,8,25,119,5,18,17,3.39,48.1,7.3,Mostly Urban,39921,14,25,Yes,UoB Entry Test,Easy,40% / 100 marks,23
PK-BAL-001,University of Balochistan,Public,Balochistan,Quetta,1970,44,W1,Sociology,Arts & Social Sciences,2024,157,93,64,5,31.4,,22,,11,,7,3.59,49.4,,Mostly Urban,33815,,3,Yes,UoB Entry Test,Easy,40% / 100 marks,18
PK-BAL-001,University of Balochistan,Public,Balochistan,Quetta,1970,44,W1,Sociology,Arts & Social Sciences,2025,178,109,69,6,29.7,12,20,146,35,52,14,3.02,55.5,6.4,Mostly Urban,24668,17,1,Yes,UoB Entry Test,Easy,40% / 100 marks,24
PK-BAL-001,University of Balochistan,Public,Balochistan,Quetta,1970,44,W1,Urdu,Arts & Social Sciences,2022,57,37,20,5,11.4,0,3,54,8,31,59,2.76,35.8,4.4,Mostly Urban,43532,6,9,Yes,UoB Entry Test,Easy,40% / 100 marks,19
PK-BAL-001,University of Balochistan,Public,Balochistan,Quetta,1970,44,W1,Urdu,Arts & Social Sciences,2023,58,26,32,5,11.6,3,6,49,8,23,,2.66,39.3,,Mostly Urban,,4,24,Yes,UoB Entry Test,Easy,40% / 100 marks,23
PK-BAL-001,University of Balochistan,Public,Balochistan,Quetta,1970,44,W1,Urdu,Arts & Social Sciences,2024,51,32,19,5,10.2,1,9,41,9,5,29,2.85,46,7.9,Mixed Urban-Rural,30783,1,23,Yes,UoB Entry Test,Easy,40% / 100 marks,22
PK-BAL-001,University of Balochistan,Public,Balochistan,Quetta,1970,44,W1,Urdu,Arts & Social Sciences,2025,57,28,29,5,11.4,,0,,6,35,68,3.03,49.2,10.4,,28950,18,,Yes,UoB Entry Test,Easy,40% / 100 marks,24
PK-BAL-008,University of Gwadar,Public,Balochistan,Gwadar,2016,,W1,Civil Engineering,STEM,2022,535,297,238,15,35.7,32,93,410,,10,63,2.65,67.6,6.5,Mostly Urban,36221,19,32,Yes,UoG Entry Test,Easy,40% / 100 marks,7
PK-BAL-008,University of Gwadar,Public,Balochistan,Gwadar,2016,,W1,Civil Engineering,STEM,2023,471,307,164,16,29.4,26,56,389,,32,8,2.94,74.3,7,Mixed Urban-Rural,30025,8,4,Yes,UoG Entry Test,Easy,40% / 100 marks,7
PK-BAL-008,University of Gwadar,Public,Balochistan,Gwadar,2016,,W1,Civil Engineering,STEM,2024,565,324,241,22,25.7,28,101,436,93,7,,3.52,66,17.7,Mostly Rural,33752,1,28,Yes,UoG Entry Test,Easy,40% / 100 marks,7
PK-BAL-008,University of Gwadar,Public,Balochistan,Gwadar,2016,,W1,Civil Engineering,STEM,2025,482,195,287,17,28.4,,52,,56,44,61,3.03,68.6,6.9,Mixed Urban-Rural,21746,4,9,Yes,UoG Entry Test,Easy,40% / 100 marks,5
PK-BAL-008,University of Gwadar,Public,Balochistan,Gwadar,2016,,W1,Economics,Business,2022,474,202,272,19,24.9,36,23,415,,38,26,3.22,70.8,6.5,Mostly Urban,22084,3,,Yes,UoG Entry Test,Easy,40% / 100 marks,6
PK-BAL-008,University of Gwadar,Public,Balochistan,Gwadar,2016,,W1,Economics,Business,2023,441,283,158,13,33.9,0,,,85,47,30,2.74,66.1,11.2,,9576,1,20,Yes,UoG Entry Test,Easy,40% / 100 marks,7
PK-BAL-008,University of Gwadar,Public,Balochistan,Gwadar,2016,,W1,Economics,Business,2024,536,364,172,17,31.5,5,77,454,65,38,9,3.05,67.6,3.7,Mixed Urban-Rural,28456,14,5,Yes,UoG Entry Test,Easy,40% / 100 marks,6
PK-BAL-008,University of Gwadar,Public,Balochistan,Gwadar,2016,,W1,Economics,Business,2025,475,182,293,21,22.6,12,51,412,35,47,74,2.67,68,,,35135,12,26,Yes,UoG Entry Test,Easy,40% / 100 marks,6
PK-BAL-008,University of Gwadar,Public,Balochistan,Gwadar,2016,,W1,Electrical Engineering,STEM,2022,103,64,39,5,20.6,2,7,94,14,9,4,3.42,76.1,,Mixed Urban-Rural,30475,7,9,Yes,UoG Entry Test,Easy,40% / 100 marks,6
PK-BAL-008,University of Gwadar,Public,Balochistan,Gwadar,2016,,W1,Electrical Engineering,STEM,2023,87,59,28,5,17.4,,15,,5,14,69,3.48,78.9,13.7,Mostly Urban,28249,18,17,Yes,UoG Entry Test,Easy,40% / 100 marks,4
PK-BAL-008,University of Gwadar,Public,Balochistan,Gwadar,2016,,W1,Electrical Engineering,STEM,2024,94,46,48,5,18.8,7,1,86,,21,41,3.3,70.2,11.1,Mostly Urban,12309,3,,Yes,UoG Entry Test,Easy,40% / 100 marks,5
PK-BAL-008,University of Gwadar,Public,Balochistan,Gwadar,2016,,W1,Electrical Engineering,STEM,2025,107,67,40,5,21.4,2,9,96,7,,33,3.03,77.2,2.3,Mostly Rural,32677,10,4,Yes,UoG Entry Test,Easy,40% / 100 marks,5
PK-BAL-008,University of Gwadar,Public,Balochistan,Gwadar,2016,,W1,Mathematics,STEM,2022,327,211,116,10,32.7,14,53,260,,27,56,2.93,63.3,,Mixed Urban-Rural,40270,3,,Yes,UoG Entry Test,Easy,40% / 100 marks,4
PK-BAL-008,University of Gwadar,Public,Balochistan,Gwadar,2016,,W1,Mathematics,STEM,2023,309,218,91,11,28.1,6,,,14,37,,2.78,50.8,3.4,Mostly Urban,15790,17,2,Yes,UoG Entry Test,Easy,40% / 100 marks,6
PK-BAL-008,University of Gwadar,Public,Balochistan,Gwadar,2016,,W1,Mathematics,STEM,2024,338,232,106,9,37.6,20,42,276,,32,75,2.62,63.2,2.9,Mostly Rural,11256,1,28,Yes,UoG Entry Test,Easy,40% / 100 marks,7
PK-BAL-008,University of Gwadar,Public,Balochistan,Gwadar,2016,,W1,Mathematics,STEM,2025,371,244,127,14,26.5,,24,,71,18,24,3.35,52,12.3,Mixed Urban-Rural,,1,,Yes,UoG Entry Test,Easy,40% / 100 marks,7
PK-BAL-008,University of Gwadar,Public,Balochistan,Gwadar,2016,,W1,Mechanical Engineering,STEM,2022,439,247,192,17,25.8,23,6,410,44,47,58,3.18,76.9,17,Mostly Rural,33765,,,Yes,UoG Entry Test,Easy,40% / 100 marks,4
PK-BAL-008,University of Gwadar,Public,Balochistan,Gwadar,2016,,W1,Mechanical Engineering,STEM,2023,458,304,154,18,25.4,,44,,87,36,17,3.06,75.4,9,Mostly Urban,23245,,13,Yes,UoG Entry Test,Easy,40% / 100 marks,7
PK-BAL-008,University of Gwadar,Public,Balochistan,Gwadar,2016,,W1,Mechanical Engineering,STEM,2024,556,219,337,18,30.9,0,55,501,51,22,13,3.65,78.7,,Mixed Urban-Rural,10189,9,16,Yes,UoG Entry Test,Easy,40% / 100 marks,6
PK-BAL-008,University of Gwadar,Public,Balochistan,Gwadar,2016,,W1,Mechanical Engineering,STEM,2025,558,296,262,22,25.4,25,43,490,53,54,29,2.75,67.4,2.5,Mixed Urban-Rural,9182,16,9,Yes,UoG Entry Test,Easy,40% / 100 marks,7
PK-BAL-008,University of Gwadar,Public,Balochistan,Gwadar,2016,,W1,Physics,STEM,2022,286,115,171,8,35.8,19,,,39,,53,,59.3,11.9,Mixed Urban-Rural,10662,8,0,Yes,UoG Entry Test,Easy,40% / 100 marks,7
PK-BAL-008,University of Gwadar,Public,Balochistan,Gwadar,2016,,W1,Physics,STEM,2023,287,152,135,12,23.9,7,54,226,,,10,3.27,55,14.8,Mostly Rural,21298,8,29,Yes,UoG Entry Test,Easy,40% / 100 marks,5
PK-BAL-008,University of Gwadar,Public,Balochistan,Gwadar,2016,,W1,Physics,STEM,2024,327,159,168,14,23.4,8,6,313,55,,72,2.82,59.7,,Mostly Urban,29896,11,,Yes,UoG Entry Test,Easy,40% / 100 marks,6
PK-BAL-008,University of Gwadar,Public,Balochistan,Gwadar,2016,,W1,Physics,STEM,2025,276,118,158,9,30.7,22,16,238,42,41,,3.29,55.9,16.6,Mostly Urban,10492,10,,Yes,UoG Entry Test,Easy,40% / 100 marks,4
PK-BAL-008,University of Gwadar,Public,Balochistan,Gwadar,2016,,W1,Statistics,STEM,2022,357,152,205,12,29.8,18,62,277,40,31,,3.49,63.2,8.4,,17877,3,23,Yes,UoG Entry Test,Easy,40% / 100 marks,7
PK-BAL-008,University of Gwadar,Public,Balochistan,Gwadar,2016,,W1,Statistics,STEM,2023,412,221,191,12,34.3,17,46,349,34,,27,2.76,68,10.8,Mostly Urban,38831,16,13,Yes,UoG Entry Test,Easy,40% / 100 marks,7
PK-BAL-008,University of Gwadar,Public,Balochistan,Gwadar,2016,,W1,Statistics,STEM,2024,365,171,194,10,36.5,0,11,354,11,50,,2.61,57.3,,Mostly Rural,38683,14,16,Yes,UoG Entry Test,Easy,40% / 100 marks,4
PK-BAL-008,University of Gwadar,Public,Balochistan,Gwadar,2016,,W1,Statistics,STEM,2025,416,262,154,12,34.7,21,2,393,38,40,,2.76,58.7,3.9,,44589,8,5,Yes,UoG Entry Test,Easy,40% / 100 marks,4
PK-BAL-008,University of Gwadar,Public,Balochistan,Gwadar,2016,,W1,Urdu,Arts & Social Sciences,2022,379,232,147,13,29.2,9,39,331,20,14,21,3.44,46.4,10.1,Mostly Urban,43585,6,,Yes,UoG Entry Test,Easy,40% / 100 marks,7
PK-BAL-008,University of Gwadar,Public,Balochistan,Gwadar,2016,,W1,Urdu,Arts & Social Sciences,2023,336,145,191,14,24,5,43,288,13,44,33,3.22,35,11.7,Mixed Urban-Rural,,1,32,Yes,UoG Entry Test,Easy,40% / 100 marks,7
PK-BAL-008,University of Gwadar,Public,Balochistan,Gwadar,2016,,W1,Urdu,Arts & Social Sciences,2024,359,170,189,12,29.9,15,34,310,71,11,14,3.32,34.4,2.3,Mixed Urban-Rural,13972,3,9,Yes,UoG Entry Test,Easy,40% / 100 marks,6
PK-BAL-008,University of Gwadar,Public,Balochistan,Gwadar,2016,,W1,Urdu,Arts & Social Sciences,2025,366,143,223,15,24.4,25,60,281,,16,55,2.95,35.1,,Mixed Urban-Rural,33607,9,,Yes,UoG Entry Test,Easy,40% / 100 marks,5
PK-BAL-009,University of Loralai,Public,Balochistan,Loralai,2009,,W1,Civil Engineering,STEM,2022,130,77,53,5,26,,18,,22,44,56,3.61,63,,Mixed Urban-Rural,37346,12,9,Yes,UoL Entry Test,Easy,40% / 100 marks,6
PK-BAL-009,University of Loralai,Public,Balochistan,Loralai,2009,,W1,Civil Engineering,STEM,2023,143,55,88,5,28.6,1,9,133,11,60,32,,63,2.4,Mostly Urban,29537,18,25,Yes,UoL Entry Test,Easy,40% / 100 marks,7
PK-BAL-009,University of Loralai,Public,Balochistan,Loralai,2009,,W1,Civil Engineering,STEM,2024,123,56,67,5,24.6,6,10,107,13,38,66,,66.5,3.1,Mixed Urban-Rural,11026,9,13,Yes,UoL Entry Test,Easy,40% / 100 marks,7
PK-BAL-009,University of Loralai,Public,Balochistan,Loralai,2009,,W1,Civil Engineering,STEM,2025,145,88,57,5,29,11,10,124,24,23,53,,74.6,4.2,Mostly Rural,17801,,5,Yes,UoL Entry Test,Easy,40% / 100 marks,4
PK-BAL-009,University of Loralai,Public,Balochistan,Loralai,2009,,W1,Information Technology,STEM,2022,321,212,109,9,35.7,,28,,,37,10,3.31,85.9,3.8,Mixed Urban-Rural,37349,3,31,Yes,UoL Entry Test,Easy,40% / 100 marks,4
PK-BAL-009,University of Loralai,Public,Balochistan,Loralai,2009,,W1,Information Technology,STEM,2023,330,145,185,10,33,3,17,310,29,60,59,2.87,76.5,4,Mostly Urban,11277,,33,Yes,UoL Entry Test,Easy,40% / 100 marks,6
PK-BAL-009,University of Loralai,Public,Balochistan,Loralai,2009,,W1,Information Technology,STEM,2024,379,166,213,12,31.6,21,53,305,14,31,74,,81.2,4.6,Mostly Urban,44314,5,33,Yes,UoL Entry Test,Easy,40% / 100 marks,4
PK-BAL-009,University of Loralai,Public,Balochistan,Loralai,2009,,W1,Information Technology,STEM,2025,352,160,192,11,32,13,0,339,64,19,,3.28,72.9,,Mixed Urban-Rural,18727,4,26,Yes,UoL Entry Test,Easy,40% / 100 marks,4
PK-BAL-009,University of Loralai,Public,Balochistan,Loralai,2009,,W1,Mass Communication,Arts & Social Sciences,2022,451,283,168,13,34.7,24,54,373,21,34,76,2.85,69.1,9.6,Mostly Urban,23092,13,,Yes,UoL Entry Test,Easy,40% / 100 marks,5
PK-BAL-009,University of Loralai,Public,Balochistan,Loralai,2009,,W1,Mass Communication,Arts & Social Sciences,2023,547,292,255,20,27.4,32,12,503,,,38,2.76,58.1,,,16588,16,31,Yes,UoL Entry Test,Easy,40% / 100 marks,4
PK-BAL-009,University of Loralai,Public,Balochistan,Loralai,2009,,W1,Mass Communication,Arts & Social Sciences,2024,526,314,212,17,30.9,4,33,489,,23,54,3.3,62,,,44765,6,18,Yes,UoL Entry Test,Easy,40% / 100 marks,5
PK-BAL-009,University of Loralai,Public,Balochistan,Loralai,2009,,W1,Mass Communication,Arts & Social Sciences,2025,590,311,279,17,34.7,11,45,534,51,25,,2.84,60.6,14.9,Mixed Urban-Rural,21179,17,7,Yes,UoL Entry Test,Easy,40% / 100 marks,4
PK-BAL-009,University of Loralai,Public,Balochistan,Loralai,2009,,W1,Mechanical Engineering,STEM,2022,154,105,49,6,25.7,,10,,19,18,74,3.35,70.5,17.3,,37950,11,9,Yes,UoL Entry Test,Easy,40% / 100 marks,5
PK-BAL-009,University of Loralai,Public,Balochistan,Loralai,2009,,W1,Mechanical Engineering,STEM,2023,134,79,55,5,26.8,4,3,127,23,29,44,,77.6,15.4,,43430,4,2,Yes,UoL Entry Test,Easy,40% / 100 marks,6
PK-BAL-009,University of Loralai,Public,Balochistan,Loralai,2009,,W1,Mechanical Engineering,STEM,2024,138,56,82,5,27.6,,22,,,,8,3.16,71.5,6.6,Mostly Urban,30522,,10,Yes,UoL Entry Test,Easy,40% / 100 marks,5
PK-BAL-009,University of Loralai,Public,Balochistan,Loralai,2009,,W1,Mechanical Engineering,STEM,2025,179,127,52,5,35.8,,1,,,1,16,3.23,70.4,3.2,Mostly Rural,25103,4,24,Yes,UoL Entry Test,Easy,40% / 100 marks,4
PK-BAL-009,University of Loralai,Public,Balochistan,Loralai,2009,,W1,Pharmacy,STEM,2022,208,122,86,8,26,,39,,,56,44,2.77,76.9,7.6,Mostly Urban,20556,7,25,Yes,UoL Entry Test,Easy,40% / 100 marks,5
PK-BAL-009,University of Loralai,Public,Balochistan,Loralai,2009,,W1,Pharmacy,STEM,2023,200,92,108,8,25,0,36,164,23,38,70,2.74,80,10.5,,38959,19,,Yes,UoL Entry Test,Easy,40% / 100 marks,4
PK-BAL-009,University of Loralai,Public,Balochistan,Loralai,2009,,W1,Pharmacy,STEM,2024,206,85,121,6,34.3,16,1,189,29,57,9,3.11,76.1,3.2,Mixed Urban-Rural,10436,16,32,Yes,UoL Entry Test,Easy,40% / 100 marks,6
PK-BAL-009,University of Loralai,Public,Balochistan,Loralai,2009,,W1,Pharmacy,STEM,2025,247,146,101,9,27.4,15,32,200,8,47,76,,84.2,,Mostly Urban,24789,14,19,Yes,UoL Entry Test,Easy,40% / 100 marks,7
PK-BAL-009,University of Loralai,Public,Balochistan,Loralai,2009,,W1,Physics,STEM,2022,357,230,127,10,35.7,17,46,294,9,44,21,2.81,56.3,4.4,Mostly Urban,44818,10,5,Yes,UoL Entry Test,Easy,40% / 100 marks,5
PK-BAL-009,University of Loralai,Public,Balochistan,Loralai,2009,,W1,Physics,STEM,2023,349,166,183,11,31.7,3,53,293,45,,65,3.55,50.3,,Mixed Urban-Rural,22819,19,16,Yes,UoL Entry Test,Easy,40% / 100 marks,5
PK-BAL-009,University of Loralai,Public,Balochistan,Loralai,2009,,W1,Physics,STEM,2024,449,294,155,14,32.1,,49,,86,45,9,2.77,59.9,6,Mostly Rural,11655,9,,Yes,UoL Entry Test,Easy,40% / 100 marks,6
PK-BAL-009,University of Loralai,Public,Balochistan,Loralai,2009,,W1,Physics,STEM,2025,465,205,260,18,25.8,37,78,350,45,58,16,2.68,55.4,2.2,,38451,2,32,Yes,UoL Entry Test,Easy,40% / 100 marks,4
PK-BAL-009,University of Loralai,Public,Balochistan,Loralai,2009,,W1,Sociology,Arts & Social Sciences,2022,288,158,130,9,32,,7,,54,7,67,3.19,45.1,12.6,Mixed Urban-Rural,43571,4,2,Yes,UoL Entry Test,Easy,40% / 100 marks,4
PK-BAL-009,University of Loralai,Public,Balochistan,Loralai,2009,,W1,Sociology,Arts & Social Sciences,2023,278,120,158,9,30.9,12,47,219,33,49,40,2.66,45.1,,Mostly Rural,34753,6,6,Yes,UoL Entry Test,Easy,40% / 100 marks,7
PK-BAL-009,University of Loralai,Public,Balochistan,Loralai,2009,,W1,Sociology,Arts & Social Sciences,2024,247,162,85,7,35.3,19,6,222,30,35,17,3.51,45.4,2.7,Mixed Urban-Rural,43153,,13,Yes,UoL Entry Test,Easy,40% / 100 marks,4
PK-BAL-009,University of Loralai,Public,Balochistan,Loralai,2009,,W1,Sociology,Arts & Social Sciences,2025,291,176,115,9,32.3,,20,,27,22,43,3.17,46.1,10,Mostly Urban,10876,19,30,Yes,UoL Entry Test,Easy,40% / 100 marks,
PK-BAL-009,University of Loralai,Public,Balochistan,Loralai,2009,,W1,Statistics,STEM,2022,315,222,93,10,31.5,,,,24,54,72,3.23,59.6,11.1,,28150,5,,Yes,UoL Entry Test,Easy,40% / 100 marks,7
PK-BAL-009,University of Loralai,Public,Balochistan,Loralai,2009,,W1,Statistics,STEM,2023,330,189,141,14,23.6,16,42,272,17,,66,2.83,69.6,4.2,Mostly Rural,38470,,8,Yes,UoL Entry Test,Easy,40% / 100 marks,4
PK-BAL-009,University of Loralai,Public,Balochistan,Loralai,2009,,W1,Statistics,STEM,2024,324,182,142,13,24.9,7,45,272,11,9,60,3.45,67.5,10.7,Mostly Urban,9138,16,8,Yes,UoL Entry Test,Easy,40% / 100 marks,6
PK-BAL-009,University of Loralai,Public,Balochistan,Loralai,2009,,W1,Statistics,STEM,2025,313,190,123,13,24.1,11,,,22,58,44,2.62,66.9,14,Mostly Urban,33485,16,,Yes,UoL Entry Test,Easy,40% / 100 marks,7
PK-BAL-006,University of Turbat,Public,Balochistan,Turbat,2012,,W1,Business Administration,Business,2022,109,60,49,5,21.8,0,17,92,15,28,41,3.08,63.4,12.9,Mostly Rural,41027,13,8,Yes,UoT Entry Test,Easy,40% / 100 marks,8
PK-BAL-006,University of Turbat,Public,Balochistan,Turbat,2012,,W1,Business Administration,Business,2023,111,70,41,5,22.2,1,0,110,5,34,44,3.12,66.1,,Mixed Urban-Rural,15662,6,13,Yes,UoT Entry Test,Easy,40% / 100 marks,7
PK-BAL-006,University of Turbat,Public,Balochistan,Turbat,2012,,W1,Business Administration,Business,2024,113,52,61,5,22.6,9,19,85,10,46,29,2.88,70.8,4.2,Mixed Urban-Rural,32192,10,30,Yes,UoT Entry Test,Easy,40% / 100 marks,8
PK-BAL-006,University of Turbat,Public,Balochistan,Turbat,2012,,W1,Business Administration,Business,2025,130,69,61,5,26,1,0,129,19,46,40,3.23,74.3,8,Mostly Urban,25095,13,,Yes,UoT Entry Test,Easy,40% / 100 marks,7
PK-BAL-006,University of Turbat,Public,Balochistan,Turbat,2012,,W1,Civil Engineering,STEM,2022,286,203,83,8,35.8,6,34,246,,38,74,2.63,63.1,15.7,Mostly Urban,,3,25,Yes,UoT Entry Test,Easy,40% / 100 marks,6
PK-BAL-006,University of Turbat,Public,Balochistan,Turbat,2012,,W1,Civil Engineering,STEM,2023,282,183,99,8,35.2,12,45,225,9,,,,72.6,15.3,Mixed Urban-Rural,28769,10,11,Yes,UoT Entry Test,Easy,40% / 100 marks,5
PK-BAL-006,University of Turbat,Public,Balochistan,Turbat,2012,,W1,Civil Engineering,STEM,2024,335,148,187,9,37.2,,23,,27,8,15,3.19,64.1,,Mostly Rural,15713,13,27,Yes,UoT Entry Test,Easy,40% / 100 marks,8
PK-BAL-006,University of Turbat,Public,Balochistan,Turbat,2012,,W1,Civil Engineering,STEM,2025,354,214,140,12,29.5,28,44,282,39,,65,3.58,60.4,,Mostly Rural,24899,4,24,Yes,UoT Entry Test,Easy,40% / 100 marks,8
PK-BAL-006,University of Turbat,Public,Balochistan,Turbat,2012,,W1,Education,Arts & Social Sciences,2022,307,206,101,8,38.4,23,15,269,5,17,11,2.89,66.9,7,Mixed Urban-Rural,34420,19,16,Yes,UoT Entry Test,Easy,40% / 100 marks,8
PK-BAL-006,University of Turbat,Public,Balochistan,Turbat,2012,,W1,Education,Arts & Social Sciences,2023,281,190,91,12,23.4,,21,,43,10,73,2.65,65.4,13.5,Mixed Urban-Rural,30041,6,11,Yes,UoT Entry Test,Easy,40% / 100 marks,8
PK-BAL-006,University of Turbat,Public,Balochistan,Turbat,2012,,W1,Education,Arts & Social Sciences,2024,361,157,204,14,25.8,10,42,309,6,0,49,2.76,62.6,8.6,Mixed Urban-Rural,36949,1,20,Yes,UoT Entry Test,Easy,40% / 100 marks,6
PK-BAL-006,University of Turbat,Public,Balochistan,Turbat,2012,,W1,Education,Arts & Social Sciences,2025,368,190,178,12,30.7,26,4,338,43,,64,3.28,64.4,9.2,Mixed Urban-Rural,40737,,18,Yes,UoT Entry Test,Easy,40% / 100 marks,7
PK-BAL-006,University of Turbat,Public,Balochistan,Turbat,2012,,W1,English Literature,Arts & Social Sciences,2022,389,194,195,15,25.9,20,35,334,51,1,13,3.23,50.9,2.7,Mostly Rural,43241,2,8,Yes,UoT Entry Test,Easy,40% / 100 marks,7
PK-BAL-006,University of Turbat,Public,Balochistan,Turbat,2012,,W1,English Literature,Arts & Social Sciences,2023,420,193,227,15,28,15,5,400,70,12,41,3.12,41,5.7,Mixed Urban-Rural,25226,16,12,Yes,UoT Entry Test,Easy,40% / 100 marks,7
PK-BAL-006,University of Turbat,Public,Balochistan,Turbat,2012,,W1,English Literature,Arts & Social Sciences,2024,361,156,205,10,36.1,2,32,327,38,12,72,3.44,41,11.3,Mixed Urban-Rural,11286,16,21,Yes,UoT Entry Test,Easy,40% / 100 marks,6
PK-BAL-006,University of Turbat,Public,Balochistan,Turbat,2012,,W1,English Literature,Arts & Social Sciences,2025,415,202,213,12,34.6,2,42,371,15,26,71,3.65,49.4,,Mixed Urban-Rural,44286,16,,Yes,UoT Entry Test,Easy,40% / 100 marks,8
PK-BAL-006,University of Turbat,Public,Balochistan,Turbat,2012,,W1,Environmental Science,STEM,2022,127,75,52,5,25.4,,,,20,29,62,3.21,59.2,14.6,Mostly Rural,20505,10,14,Yes,UoT Entry Test,Easy,40% / 100 marks,6
PK-BAL-006,University of Turbat,Public,Balochistan,Turbat,2012,,W1,Environmental Science,STEM,2023,162,108,54,5,32.4,0,22,140,15,9,12,3.04,51.9,17.8,Mixed Urban-Rural,44994,,28,Yes,UoT Entry Test,Easy,40% / 100 marks,8
PK-BAL-006,University of Turbat,Public,Balochistan,Turbat,2012,,W1,Environmental Science,STEM,2024,170,98,72,7,24.3,11,2,157,18,49,33,3.22,55.9,12.8,Mostly Rural,18528,18,33,Yes,UoT Entry Test,Easy,40% / 100 marks,5
PK-BAL-006,University of Turbat,Public,Balochistan,Turbat,2012,,W1,Environmental Science,STEM,2025,146,95,51,5,29.2,2,29,115,14,59,22,,48.4,4.4,Mostly Rural,33808,16,5,Yes,UoT Entry Test,Easy,40% / 100 marks,6
PK-BAL-006,University of Turbat,Public,Balochistan,Turbat,2012,,W1,Law,Arts & Social Sciences,2022,68,26,42,5,13.6,3,7,58,,47,,3.05,79.9,9.9,Mostly Urban,12554,16,22,Yes,UoT Entry Test,Easy,40% / 100 marks,6
PK-BAL-006,University of Turbat,Public,Balochistan,Turbat,2012,,W1,Law,Arts & Social Sciences,2023,61,41,20,5,12.2,,1,,,,48,2.96,69.7,4.8,Mostly Urban,18241,15,25,Yes,UoT Entry Test,Easy,40% / 100 marks,7
PK-BAL-006,University of Turbat,Public,Balochistan,Turbat,2012,,W1,Law,Arts & Social Sciences,2024,79,40,39,5,15.8,3,1,75,6,3,30,3.61,74.7,,,33968,18,16,Yes,UoT Entry Test,Easy,40% / 100 marks,7
PK-BAL-006,University of Turbat,Public,Balochistan,Turbat,2012,,W1,Law,Arts & Social Sciences,2025,75,40,35,5,15,0,7,68,,,28,3.52,72.3,9.7,Mixed Urban-Rural,9954,12,,Yes,UoT Entry Test,Easy,40% / 100 marks,7
PK-BAL-006,University of Turbat,Public,Balochistan,Turbat,2012,,W1,Mass Communication,Arts & Social Sciences,2022,100,57,43,5,20,3,4,93,11,29,76,3.18,65.1,8,Mostly Rural,35074,12,1,Yes,UoT Entry Test,Easy,40% / 100 marks,8
PK-BAL-006,University of Turbat,Public,Balochistan,Turbat,2012,,W1,Mass Communication,Arts & Social Sciences,2023,96,38,58,5,19.2,,10,,14,22,36,,66.8,5.4,Mixed Urban-Rural,33404,2,18,Yes,UoT Entry Test,Easy,40% / 100 marks,7
PK-BAL-006,University of Turbat,Public,Balochistan,Turbat,2012,,W1,Mass Communication,Arts & Social Sciences,2024,124,62,62,5,24.8,,16,,7,,21,2.68,63.1,9.4,,36149,5,,Yes,UoT Entry Test,Easy,40% / 100 marks,6
PK-BAL-006,University of Turbat,Public,Balochistan,Turbat,2012,,W1,Mass Communication,Arts & Social Sciences,2025,128,52,76,5,25.6,,,,16,,65,2.98,54.5,8.6,Mixed Urban-Rural,36406,5,,Yes,UoT Entry Test,Easy,40% / 100 marks,6
PK-BAL-006,University of Turbat,Public,Balochistan,Turbat,2012,,W1,Mathematics,STEM,2022,326,206,120,12,27.2,6,18,302,,55,61,3.05,54.3,13,Mostly Urban,10159,9,31,Yes,UoT Entry Test,Easy,40% / 100 marks,8
PK-BAL-006,University of Turbat,Public,Balochistan,Turbat,2012,,W1,Mathematics,STEM,2023,347,160,187,10,34.7,20,38,289,47,,27,2.81,65.4,1.9,Mostly Rural,,,10,Yes,UoT Entry Test,Easy,40% / 100 marks,7
PK-BAL-006,University of Turbat,Public,Balochistan,Turbat,2012,,W1,Mathematics,STEM,2024,380,171,209,15,25.3,10,,,55,10,74,3.1,63.5,4.9,Mostly Urban,16975,3,26,Yes,UoT Entry Test,Easy,40% / 100 marks,6
PK-BAL-006,University of Turbat,Public,Balochistan,Turbat,2012,,W1,Mathematics,STEM,2025,382,207,175,11,34.7,17,21,344,46,57,10,2.72,65.2,,Mixed Urban-Rural,,9,13,Yes,UoT Entry Test,Easy,40% / 100 marks,7
PK-BAL-006,University of Turbat,Public,Balochistan,Turbat,2012,,W1,Psychology,Arts & Social Sciences,2022,143,91,52,5,28.6,0,,,6,53,33,3.15,52.9,9.4,Mixed Urban-Rural,33709,5,,Yes,UoT Entry Test,Easy,40% / 100 marks,5
PK-BAL-006,University of Turbat,Public,Balochistan,Turbat,2012,,W1,Psychology,Arts & Social Sciences,2023,154,82,72,5,30.8,7,0,147,14,9,58,3.48,57.6,,Mostly Rural,34726,5,11,Yes,UoT Entry Test,Easy,40% / 100 marks,6
PK-BAL-006,University of Turbat,Public,Balochistan,Turbat,2012,,W1,Psychology,Arts & Social Sciences,2024,156,79,77,5,31.2,,1,,13,28,68,3.1,66.3,13.1,Mostly Rural,22444,,33,Yes,UoT Entry Test,Easy,40% / 100 marks,5
PK-BAL-006,University of Turbat,Public,Balochistan,Turbat,2012,,W1,Psychology,Arts & Social Sciences,2025,173,122,51,6,28.8,10,30,133,16,46,65,3.56,64.1,12.2,Mixed Urban-Rural,36470,5,27,Yes,UoT Entry Test,Easy,40% / 100 marks,6
PK-BAL-006,University of Turbat,Public,Balochistan,Turbat,2012,,W1,Sociology,Arts & Social Sciences,2022,220,144,76,6,36.7,15,1,204,27,56,78,3.62,55.7,13.3,Mixed Urban-Rural,14743,10,8,Yes,UoT Entry Test,Easy,40% / 100 marks,8
PK-BAL-006,University of Turbat,Public,Balochistan,Turbat,2012,,W1,Sociology,Arts & Social Sciences,2023,267,149,118,8,33.4,3,22,242,34,20,17,2.65,48.5,7.3,Mixed Urban-Rural,43717,20,6,Yes,UoT Entry Test,Easy,40% / 100 marks,5
PK-BAL-006,University of Turbat,Public,Balochistan,Turbat,2012,,W1,Sociology,Arts & Social Sciences,2024,224,127,97,7,32,,,,13,57,,2.73,43,8.3,Mostly Rural,19054,13,,Yes,UoT Entry Test,Easy,40% / 100 marks,8
PK-BAL-006,University of Turbat,Public,Balochistan,Turbat,2012,,W1,Sociology,Arts & Social Sciences,2025,266,189,77,8,33.2,4,35,227,5,15,64,3.27,48.5,13.6,,37327,5,11,Yes,UoT Entry Test,Easy,40% / 100 marks,7
PK-GB-001,Karakoram International University,Public,Gilgit-Baltistan,Gilgit,2002,57,W1,Chemistry,STEM,2022,53,25,28,5,10.6,1,1,51,10,30,,,51.7,17.2,Mostly Urban,,14,19,Yes,KIU Entry Test,Easy,40% / 100 marks,10
PK-GB-001,Karakoram International University,Public,Gilgit-Baltistan,Gilgit,2002,57,W1,Chemistry,STEM,2023,61,40,21,5,12.2,,11,,9,,31,,46.9,6.4,Mixed Urban-Rural,27485,,20,Yes,KIU Entry Test,Easy,40% / 100 marks,13
PK-GB-001,Karakoram International University,Public,Gilgit-Baltistan,Gilgit,2002,57,W1,Chemistry,STEM,2024,65,42,23,5,13,4,2,59,9,57,9,3.47,52.7,5.9,Mostly Rural,31838,7,5,Yes,KIU Entry Test,Easy,40% / 100 marks,10
PK-GB-001,Karakoram International University,Public,Gilgit-Baltistan,Gilgit,2002,57,W1,Chemistry,STEM,2025,69,27,42,5,13.8,4,7,58,10,31,,3.05,57.7,11.4,Mostly Rural,26370,13,16,Yes,KIU Entry Test,Easy,40% / 100 marks,10
PK-GB-001,Karakoram International University,Public,Gilgit-Baltistan,Gilgit,2002,57,W1,Civil Engineering,STEM,2022,361,164,197,11,32.8,5,32,324,32,,38,3.35,61.7,4.8,Mostly Urban,26802,,0,Yes,KIU Entry Test,Easy,40% / 100 marks,10
PK-GB-001,Karakoram International University,Public,Gilgit-Baltistan,Gilgit,2002,57,W1,Civil Engineering,STEM,2023,316,181,135,12,26.3,17,46,253,,6,,3.24,75.1,,Mostly Urban,13610,12,29,Yes,KIU Entry Test,Easy,40% / 100 marks,14
PK-GB-001,Karakoram International University,Public,Gilgit-Baltistan,Gilgit,2002,57,W1,Civil Engineering,STEM,2024,376,147,229,14,26.9,30,42,304,,31,35,2.83,75.8,,Mostly Rural,32406,2,,Yes,KIU Entry Test,Easy,40% / 100 marks,10
PK-GB-001,Karakoram International University,Public,Gilgit-Baltistan,Gilgit,2002,57,W1,Civil Engineering,STEM,2025,400,273,127,16,25,,12,,76,20,8,3,71.6,14,Mixed Urban-Rural,31382,6,4,Yes,KIU Entry Test,Easy,40% / 100 marks,10
PK-GB-001,Karakoram International University,Public,Gilgit-Baltistan,Gilgit,2002,57,W1,Information Technology,STEM,2022,377,157,220,13,29,24,,,20,6,51,,76.2,,Mostly Urban,31274,10,7,Yes,KIU Entry Test,Easy,40% / 100 marks,13
PK-GB-001,Karakoram International University,Public,Gilgit-Baltistan,Gilgit,2002,57,W1,Information Technology,STEM,2023,372,161,211,16,23.2,,37,,74,,,2.8,77.7,8.2,Mostly Urban,40350,12,16,Yes,KIU Entry Test,Easy,40% / 100 marks,14
PK-GB-001,Karakoram International University,Public,Gilgit-Baltistan,Gilgit,2002,57,W1,Information Technology,STEM,2024,374,252,122,14,26.7,,9,,30,9,62,2.82,81,16.3,Mostly Rural,32981,,12,Yes,KIU Entry Test,Easy,40% / 100 marks,14
PK-GB-001,Karakoram International University,Public,Gilgit-Baltistan,Gilgit,2002,57,W1,Information Technology,STEM,2025,441,288,153,12,36.8,4,37,400,38,,38,2.98,72.3,3.4,Mostly Rural,26037,15,12,Yes,KIU Entry Test,Easy,40% / 100 marks,13
PK-GB-001,Karakoram International University,Public,Gilgit-Baltistan,Gilgit,2002,57,W1,Physics,STEM,2022,293,114,179,11,26.6,19,55,219,18,15,27,,45.7,3.3,Mostly Rural,,5,20,Yes,KIU Entry Test,Easy,40% / 100 marks,14
PK-GB-001,Karakoram International University,Public,Gilgit-Baltistan,Gilgit,2002,57,W1,Physics,STEM,2023,261,164,97,9,29,10,31,220,,,51,,52.9,16.7,Mixed Urban-Rural,10746,,16,Yes,KIU Entry Test,Easy,40% / 100 marks,12
PK-GB-001,Karakoram International University,Public,Gilgit-Baltistan,Gilgit,2002,57,W1,Physics,STEM,2024,318,193,125,12,26.5,24,51,243,17,,57,2.82,59.7,12.9,Mostly Urban,29890,,,Yes,KIU Entry Test,Easy,40% / 100 marks,10
PK-GB-001,Karakoram International University,Public,Gilgit-Baltistan,Gilgit,2002,57,W1,Physics,STEM,2025,266,118,148,8,33.2,5,47,214,19,10,27,3.16,53.7,16.5,Mixed Urban-Rural,35307,13,,Yes,KIU Entry Test,Easy,40% / 100 marks,10
PK-GB-001,Karakoram International University,Public,Gilgit-Baltistan,Gilgit,2002,57,W1,Psychology,Arts & Social Sciences,2022,71,42,29,5,14.2,1,9,61,6,21,52,3.62,59.4,5.9,Mostly Rural,29306,10,15,Yes,KIU Entry Test,Easy,40% / 100 marks,11
PK-GB-001,Karakoram International University,Public,Gilgit-Baltistan,Gilgit,2002,57,W1,Psychology,Arts & Social Sciences,2023,81,36,45,5,16.2,1,3,77,7,12,6,3.37,67,11.2,Mostly Rural,38850,14,0,Yes,KIU Entry Test,Easy,40% / 100 marks,12
PK-GB-001,Karakoram International University,Public,Gilgit-Baltistan,Gilgit,2002,57,W1,Psychology,Arts & Social Sciences,2024,89,53,36,5,17.8,4,3,82,11,11,67,2.92,65.4,4.4,Mostly Urban,26652,4,22,Yes,KIU Entry Test,Easy,40% / 100 marks,11
PK-GB-001,Karakoram International University,Public,Gilgit-Baltistan,Gilgit,2002,57,W1,Psychology,Arts & Social Sciences,2025,87,61,26,5,17.4,,,,9,30,32,2.65,64,18,Mixed Urban-Rural,24762,,,Yes,KIU Entry Test,Easy,40% / 100 marks,14
PK-GB-001,Karakoram International University,Public,Gilgit-Baltistan,Gilgit,2002,57,W1,Urdu,Arts & Social Sciences,2022,136,79,57,5,27.2,4,5,127,9,33,68,3.16,41.5,17.6,Mixed Urban-Rural,,6,23,Yes,KIU Entry Test,Easy,40% / 100 marks,10
PK-GB-001,Karakoram International University,Public,Gilgit-Baltistan,Gilgit,2002,57,W1,Urdu,Arts & Social Sciences,2023,142,59,83,5,28.4,3,3,136,16,48,42,2.63,49.9,5.1,Mostly Rural,18750,6,24,Yes,KIU Entry Test,Easy,40% / 100 marks,14
PK-GB-001,Karakoram International University,Public,Gilgit-Baltistan,Gilgit,2002,57,W1,Urdu,Arts & Social Sciences,2024,173,76,97,5,34.6,12,28,133,16,49,31,3.28,36.2,11.7,Mixed Urban-Rural,36347,5,23,Yes,KIU Entry Test,Easy,40% / 100 marks,10
PK-GB-001,Karakoram International University,Public,Gilgit-Baltistan,Gilgit,2002,57,W1,Urdu,Arts & Social Sciences,2025,162,92,70,6,27,8,22,132,23,39,11,3.08,47.1,4.3,Mixed Urban-Rural,19930,10,20,Yes,KIU Entry Test,Easy,40% / 100 marks,12
PK-GB-002,University of Baltistan Skardu,Public,Gilgit-Baltistan,Skardu,2016,,W1,Biology,STEM,2022,152,102,50,5,30.4,10,0,142,12,23,75,2.83,46,8.6,,,,22,Yes,UBS Entry Test,Easy,40% / 100 marks,7
PK-GB-002,University of Baltistan Skardu,Public,Gilgit-Baltistan,Skardu,2016,,W1,Biology,STEM,2023,163,81,82,5,32.6,2,,,25,25,79,3.12,55.7,8.5,Mostly Rural,32670,2,1,Yes,UBS Entry Test,Easy,40% / 100 marks,5
PK-GB-002,University of Baltistan Skardu,Public,Gilgit-Baltistan,Skardu,2016,,W1,Biology,STEM,2024,141,72,69,5,28.2,10,16,115,,29,9,3.66,51.3,17.4,Mostly Rural,,11,,Yes,UBS Entry Test,Easy,40% / 100 marks,5
PK-GB-002,University of Baltistan Skardu,Public,Gilgit-Baltistan,Skardu,2016,,W1,Biology,STEM,2025,156,93,63,5,31.2,1,,,6,,37,2.79,45,10.8,Mostly Rural,9838,,,Yes,UBS Entry Test,Easy,40% / 100 marks,5
PK-GB-002,University of Baltistan Skardu,Public,Gilgit-Baltistan,Skardu,2016,,W1,Business Administration,Business,2022,331,210,121,11,30.1,21,6,304,6,3,,2.68,67.1,12.9,Mostly Rural,28994,4,,Yes,UBS Entry Test,Easy,40% / 100 marks,6
PK-GB-002,University of Baltistan Skardu,Public,Gilgit-Baltistan,Skardu,2016,,W1,Business Administration,Business,2023,395,194,201,14,28.2,3,70,322,61,43,6,2.63,76.4,,Mostly Urban,22966,,20,Yes,UBS Entry Test,Easy,40% / 100 marks,
PK-GB-002,University of Baltistan Skardu,Public,Gilgit-Baltistan,Skardu,2016,,W1,Business Administration,Business,2024,389,258,131,16,24.3,1,61,327,12,35,29,3.14,75.9,16.4,Mostly Rural,33127,,3,Yes,UBS Entry Test,Easy,40% / 100 marks,6
PK-GB-002,University of Baltistan Skardu,Public,Gilgit-Baltistan,Skardu,2016,,W1,Business Administration,Business,2025,378,144,234,16,23.6,5,35,338,50,,56,2.71,68.5,,,26379,9,33,Yes,UBS Entry Test,Easy,40% / 100 marks,6
PK-GB-002,University of Baltistan Skardu,Public,Gilgit-Baltistan,Skardu,2016,,W1,Chemistry,STEM,2022,370,243,127,14,26.4,11,37,322,60,,21,2.89,47.6,2.8,Mostly Urban,44189,,8,Yes,UBS Entry Test,Easy,40% / 100 marks,7
PK-GB-002,University of Baltistan Skardu,Public,Gilgit-Baltistan,Skardu,2016,,W1,Chemistry,STEM,2023,384,196,188,13,29.5,19,64,301,73,46,25,3.05,49.5,8.2,Mostly Rural,25588,9,13,Yes,UBS Entry Test,Easy,40% / 100 marks,7
PK-GB-002,University of Baltistan Skardu,Public,Gilgit-Baltistan,Skardu,2016,,W1,Chemistry,STEM,2024,397,234,163,13,30.5,16,77,304,,15,75,3.36,56.7,5.1,Mixed Urban-Rural,37790,20,3,Yes,UBS Entry Test,Easy,40% / 100 marks,7
PK-GB-002,University of Baltistan Skardu,Public,Gilgit-Baltistan,Skardu,2016,,W1,Chemistry,STEM,2025,397,173,224,12,33.1,21,4,372,,19,63,3.06,46.9,12.6,Mostly Rural,12997,20,2,Yes,UBS Entry Test,Easy,40% / 100 marks,4
PK-GB-002,University of Baltistan Skardu,Public,Gilgit-Baltistan,Skardu,2016,,W1,Civil Engineering,STEM,2022,279,191,88,9,31,,,,19,3,,2.9,69.6,9.9,Mostly Urban,24729,5,30,Yes,UBS Entry Test,Easy,40% / 100 marks,6
PK-GB-002,University of Baltistan Skardu,Public,Gilgit-Baltistan,Skardu,2016,,W1,Civil Engineering,STEM,2023,295,209,86,8,36.9,11,43,241,,0,45,3.18,61,8.1,Mostly Rural,12643,,11,Yes,UBS Entry Test,Easy,40% / 100 marks,4
PK-GB-002,University of Baltistan Skardu,Public,Gilgit-Baltistan,Skardu,2016,,W1,Civil Engineering,STEM,2024,348,234,114,10,34.8,3,58,287,65,19,72,3.01,60.1,4.2,Mixed Urban-Rural,36155,3,17,Yes,UBS Entry Test,Easy,40% / 100 marks,4
PK-GB-002,University of Baltistan Skardu,Public,Gilgit-Baltistan,Skardu,2016,,W1,Civil Engineering,STEM,2025,350,175,175,12,29.2,22,5,323,30,,,2.7,61.1,17.3,Mostly Rural,,7,20,Yes,UBS Entry Test,Easy,40% / 100 marks,6
PK-GB-002,University of Baltistan Skardu,Public,Gilgit-Baltistan,Skardu,2016,,W1,Information Technology,STEM,2022,537,244,293,20,26.9,17,,,90,,,3.5,79.7,,Mixed Urban-Rural,38997,20,33,Yes,UBS Entry Test,Easy,40% / 100 marks,5
PK-GB-002,University of Baltistan Skardu,Public,Gilgit-Baltistan,Skardu,2016,,W1,Information Technology,STEM,2023,513,209,304,17,30.2,2,98,413,101,,,3.32,79.1,7.5,Mostly Urban,38353,12,28,Yes,UBS Entry Test,Easy,40% / 100 marks,7
PK-GB-002,University of Baltistan Skardu,Public,Gilgit-Baltistan,Skardu,2016,,W1,Information Technology,STEM,2024,577,298,279,18,32.1,,62,,39,24,19,2.84,77.5,4.4,Mostly Urban,40471,12,9,Yes,UBS Entry Test,Easy,40% / 100 marks,5
PK-GB-002,University of Baltistan Skardu,Public,Gilgit-Baltistan,Skardu,2016,,W1,Information Technology,STEM,2025,492,329,163,15,32.8,11,33,448,91,33,26,,84.1,10.8,Mostly Rural,19149,10,0,Yes,UBS Entry Test,Easy,40% / 100 marks,7
PK-GB-002,University of Baltistan Skardu,Public,Gilgit-Baltistan,Skardu,2016,,W1,Pharmacy,STEM,2022,385,239,146,12,32.1,21,29,335,35,4,45,2.74,88,2,Mostly Rural,29321,18,26,Yes,UBS Entry Test,Easy,40% / 100 marks,7
PK-GB-002,University of Baltistan Skardu,Public,Gilgit-Baltistan,Skardu,2016,,W1,Pharmacy,STEM,2023,363,181,182,16,22.7,9,12,342,44,48,6,3.33,77,5.1,Mostly Rural,33335,16,,Yes,UBS Entry Test,Easy,40% / 100 marks,7
PK-GB-002,University of Baltistan Skardu,Public,Gilgit-Baltistan,Skardu,2016,,W1,Pharmacy,STEM,2024,357,162,195,12,29.8,1,50,306,21,,59,3.43,76.1,,Mostly Rural,,1,35,Yes,UBS Entry Test,Easy,40% / 100 marks,6
PK-GB-002,University of Baltistan Skardu,Public,Gilgit-Baltistan,Skardu,2016,,W1,Pharmacy,STEM,2025,429,177,252,15,28.6,,2,,23,60,4,3.56,80,10.8,Mostly Rural,32853,13,14,Yes,UBS Entry Test,Easy,40% / 100 marks,4
PK-GB-002,University of Baltistan Skardu,Public,Gilgit-Baltistan,Skardu,2016,,W1,Political Science,Arts & Social Sciences,2022,197,134,63,6,32.8,,35,,,2,10,,53.4,6,Mostly Rural,33485,19,,Yes,UBS Entry Test,Easy,40% / 100 marks,6
PK-GB-002,University of Baltistan Skardu,Public,Gilgit-Baltistan,Skardu,2016,,W1,Political Science,Arts & Social Sciences,2023,181,95,86,5,36.2,0,27,154,,,54,3.48,53.3,15.7,Mostly Rural,9775,11,29,Yes,UBS Entry Test,Easy,40% / 100 marks,7
PK-GB-002,University of Baltistan Skardu,Public,Gilgit-Baltistan,Skardu,2016,,W1,Political Science,Arts & Social Sciences,2024,185,84,101,6,30.8,,15,,10,53,55,3.31,46.9,16,Mostly Urban,15541,20,15,Yes,UBS Entry Test,Easy,40% / 100 marks,7
PK-GB-002,University of Baltistan Skardu,Public,Gilgit-Baltistan,Skardu,2016,,W1,Political Science,Arts & Social Sciences,2025,187,106,81,5,37.4,6,,,23,,51,3.6,53,2.1,Mostly Urban,30777,3,12,Yes,UBS Entry Test,Easy,40% / 100 marks,4
PK-GB-002,University of Baltistan Skardu,Public,Gilgit-Baltistan,Skardu,2016,,W1,Sociology,Arts & Social Sciences,2022,380,234,146,13,29.2,,,,43,42,52,,45.1,7.5,Mixed Urban-Rural,38401,3,,Yes,UBS Entry Test,Easy,40% / 100 marks,6
PK-GB-002,University of Baltistan Skardu,Public,Gilgit-Baltistan,Skardu,2016,,W1,Sociology,Arts & Social Sciences,2023,387,168,219,12,32.2,,41,,72,43,15,3.47,55.2,4.1,Mostly Urban,23737,7,,Yes,UBS Entry Test,Easy,40% / 100 marks,4
PK-GB-002,University of Baltistan Skardu,Public,Gilgit-Baltistan,Skardu,2016,,W1,Sociology,Arts & Social Sciences,2024,466,183,283,18,25.9,29,59,378,82,44,67,3.63,44.6,17.2,,14741,10,2,Yes,UBS Entry Test,Easy,40% / 100 marks,7
PK-GB-002,University of Baltistan Skardu,Public,Gilgit-Baltistan,Skardu,2016,,W1,Sociology,Arts & Social Sciences,2025,459,325,134,17,27,,2,,38,44,27,2.88,57.8,10,Mostly Urban,18209,11,16,Yes,UBS Entry Test,Easy,40% / 100 marks,4
PK-FED-006,Air University Islamabad,Public,Islamabad,Islamabad,2002,18,W3,Computer Science,STEM,2022,1071,499,572,34,31.5,79,35,957,174,,4,3.28,77.3,16.3,Mixed Urban-Rural,14964,9,12,Yes,AU Entry Test,Medium,50% / 100 marks,20
PK-FED-006,Air University Islamabad,Public,Islamabad,Islamabad,2002,18,W3,Computer Science,STEM,2023,1183,614,569,49,24.1,,146,,5,,64,,82.8,4,Mixed Urban-Rural,14638,10,3,Yes,AU Entry Test,Medium,50% / 100 marks,16
PK-FED-006,Air University Islamabad,Public,Islamabad,Islamabad,2002,18,W3,Computer Science,STEM,2024,1144,502,642,50,22.9,5,,,34,,43,2.96,78.6,,Mostly Urban,25583,11,,Yes,AU Entry Test,Medium,50% / 100 marks,18
PK-FED-006,Air University Islamabad,Public,Islamabad,Islamabad,2002,18,W3,Computer Science,STEM,2025,1276,902,374,49,26,,81,,209,,56,3.13,80.2,,Mostly Rural,36715,20,,Yes,AU Entry Test,Medium,50% / 100 marks,19
PK-FED-006,Air University Islamabad,Public,Islamabad,Islamabad,2002,18,W3,Economics,Business,2022,1965,1232,733,58,33.9,,268,,37,20,55,3.68,64.7,11,Mixed Urban-Rural,30170,4,15,Yes,AU Entry Test,Medium,50% / 100 marks,
PK-FED-006,Air University Islamabad,Public,Islamabad,Islamabad,2002,18,W3,Economics,Business,2023,1864,1128,736,61,30.6,126,38,1700,,32,9,2.91,59.4,6.8,Mostly Rural,44077,3,28,Yes,AU Entry Test,Medium,50% / 100 marks,18
PK-FED-006,Air University Islamabad,Public,Islamabad,Islamabad,2002,18,W3,Economics,Business,2024,1744,958,786,66,26.4,23,316,1405,,35,5,3.32,72.7,16.2,Mostly Urban,30338,15,30,Yes,AU Entry Test,Medium,50% / 100 marks,18
PK-FED-006,Air University Islamabad,Public,Islamabad,Islamabad,2002,18,W3,Economics,Business,2025,2103,1058,1045,75,28,95,23,1985,329,18,3,3.42,58.6,9.6,Mostly Urban,24665,,13,Yes,AU Entry Test,Medium,50% / 100 marks,21
PK-FED-006,Air University Islamabad,Public,Islamabad,Islamabad,2002,18,W3,Education,Arts & Social Sciences,2022,1440,640,800,54,26.7,75,68,1297,68,28,,3.21,70.1,1.6,Mostly Urban,39649,6,8,Yes,AU Entry Test,Medium,50% / 100 marks,16
PK-FED-006,Air University Islamabad,Public,Islamabad,Islamabad,2002,18,W3,Education,Arts & Social Sciences,2023,1257,758,499,42,29.9,43,115,1099,239,15,56,3.58,63.1,3.8,Mixed Urban-Rural,43901,18,12,Yes,AU Entry Test,Medium,50% / 100 marks,20
PK-FED-006,Air University Islamabad,Public,Islamabad,Islamabad,2002,18,W3,Education,Arts & Social Sciences,2024,1336,832,504,43,31.1,61,213,1062,170,48,25,3.57,72.7,16.2,Mostly Urban,8836,2,12,Yes,AU Entry Test,Medium,50% / 100 marks,21
PK-FED-006,Air University Islamabad,Public,Islamabad,Islamabad,2002,18,W3,Education,Arts & Social Sciences,2025,1400,905,495,40,35,,52,,156,34,10,2.85,68.9,12.6,Mixed Urban-Rural,33486,2,24,Yes,AU Entry Test,Medium,50% / 100 marks,
PK-FED-006,Air University Islamabad,Public,Islamabad,Islamabad,2002,18,W3,Environmental Science,STEM,2022,1390,989,401,53,26.2,90,100,1200,231,58,,2.8,55.8,17.4,Mixed Urban-Rural,20253,13,,Yes,AU Entry Test,Medium,50% / 100 marks,19
PK-FED-006,Air University Islamabad,Public,Islamabad,Islamabad,2002,18,W3,Environmental Science,STEM,2023,1234,579,655,51,24.2,,13,,244,,,2.93,60.5,11.8,Mixed Urban-Rural,44055,8,33,Yes,AU Entry Test,Medium,50% / 100 marks,22
PK-FED-006,Air University Islamabad,Public,Islamabad,Islamabad,2002,18,W3,Environmental Science,STEM,2024,1207,665,542,44,27.4,27,158,1022,59,21,,3.68,55.6,17.9,Mostly Rural,,20,15,Yes,AU Entry Test,Medium,50% / 100 marks,19
PK-FED-006,Air University Islamabad,Public,Islamabad,Islamabad,2002,18,W3,Environmental Science,STEM,2025,1544,945,599,58,26.6,98,260,1186,149,,52,2.81,61.7,2.2,Mixed Urban-Rural,14288,3,13,Yes,AU Entry Test,Medium,50% / 100 marks,21
PK-FED-006,Air University Islamabad,Public,Islamabad,Islamabad,2002,18,W3,History,Arts & Social Sciences,2022,1770,735,1035,61,29,,19,,41,9,58,,43.2,,,44574,9,28,Yes,AU Entry Test,Medium,50% / 100 marks,19
PK-FED-006,Air University Islamabad,Public,Islamabad,Islamabad,2002,18,W3,History,Arts & Social Sciences,2023,1933,1019,914,86,22.5,91,54,1788,304,,11,2.91,42.8,12.8,Mixed Urban-Rural,32996,,,Yes,AU Entry Test,Medium,50% / 100 marks,18
PK-FED-006,Air University Islamabad,Public,Islamabad,Islamabad,2002,18,W3,History,Arts & Social Sciences,2024,1807,1145,662,55,32.9,,72,,336,60,21,,45.6,,Mostly Urban,43202,12,32,Yes,AU Entry Test,Medium,50% / 100 marks,18
PK-FED-006,Air University Islamabad,Public,Islamabad,Islamabad,2002,18,W3,History,Arts & Social Sciences,2025,1829,809,1020,60,30.5,140,281,1408,295,54,,2.88,36,,Mostly Rural,39928,,6,Yes,AU Entry Test,Medium,50% / 100 marks,19
PK-FED-006,Air University Islamabad,Public,Islamabad,Islamabad,2002,18,W3,Information Technology,STEM,2022,1011,693,318,38,26.6,54,80,877,44,23,42,3.08,78.2,5.2,Mostly Rural,16801,15,19,Yes,AU Entry Test,Medium,50% / 100 marks,17
PK-FED-006,Air University Islamabad,Public,Islamabad,Islamabad,2002,18,W3,Information Technology,STEM,2023,1019,424,595,33,30.9,9,129,881,55,56,20,3.45,72.3,14.9,Mixed Urban-Rural,10402,18,9,Yes,AU Entry Test,Medium,50% / 100 marks,17
PK-FED-006,Air University Islamabad,Public,Islamabad,Islamabad,2002,18,W3,Information Technology,STEM,2024,1022,465,557,31,33,,157,,28,32,62,2.78,82.7,14,Mostly Rural,17581,2,31,Yes,AU Entry Test,Medium,50% / 100 marks,20
PK-FED-006,Air University Islamabad,Public,Islamabad,Islamabad,2002,18,W3,Information Technology,STEM,2025,1020,479,541,40,25.5,41,133,846,121,2,49,3.24,81.7,6,Mostly Rural,32684,3,24,Yes,AU Entry Test,Medium,50% / 100 marks,17
PK-FED-006,Air University Islamabad,Public,Islamabad,Islamabad,2002,18,W3,Mathematics,STEM,2022,859,429,430,25,34.4,,,,,28,80,3,57.8,5,Mostly Rural,15754,4,30,Yes,AU Entry Test,Medium,50% / 100 marks,18
PK-FED-006,Air University Islamabad,Public,Islamabad,Islamabad,2002,18,W3,Mathematics,STEM,2023,885,514,371,29,30.5,18,,,46,,19,3.26,56.6,4.5,Mixed Urban-Rural,9220,10,13,Yes,AU Entry Test,Medium,50% / 100 marks,22
PK-FED-006,Air University Islamabad,Public,Islamabad,Islamabad,2002,18,W3,Mathematics,STEM,2024,908,651,257,27,33.6,65,175,668,,49,79,2.85,52.7,9,,15115,17,9,Yes,AU Entry Test,Medium,50% / 100 marks,22
PK-FED-006,Air University Islamabad,Public,Islamabad,Islamabad,2002,18,W3,Mathematics,STEM,2025,974,428,546,28,34.8,77,0,897,35,,71,3.17,59.6,14.3,Mostly Rural,10846,16,24,Yes,AU Entry Test,Medium,50% / 100 marks,
PK-FED-006,Air University Islamabad,Public,Islamabad,Islamabad,2002,18,W3,Mechanical Engineering,STEM,2022,1140,720,420,35,32.6,10,224,906,,14,,,75.1,5.8,Mostly Urban,8466,13,20,Yes,AU Entry Test,Medium,50% / 100 marks,21
PK-FED-006,Air University Islamabad,Public,Islamabad,Islamabad,2002,18,W3,Mechanical Engineering,STEM,2023,1136,472,664,41,27.7,26,200,910,98,43,71,3.13,73.4,4.4,Mostly Rural,30567,4,28,Yes,AU Entry Test,Medium,50% / 100 marks,20
PK-FED-006,Air University Islamabad,Public,Islamabad,Islamabad,2002,18,W3,Mechanical Engineering,STEM,2024,1282,900,382,55,23.3,81,,,180,10,73,3.62,72.1,,Mostly Rural,12199,,,Yes,AU Entry Test,Medium,50% / 100 marks,21
PK-FED-006,Air University Islamabad,Public,Islamabad,Islamabad,2002,18,W3,Mechanical Engineering,STEM,2025,1205,861,344,40,30.1,56,,,,11,79,2.81,72.3,16.9,Mostly Urban,41459,2,0,Yes,AU Entry Test,Medium,50% / 100 marks,17
PK-FED-006,Air University Islamabad,Public,Islamabad,Islamabad,2002,18,W3,Pharmacy,STEM,2022,650,307,343,23,28.3,,89,,99,58,28,3.66,82.7,15,Mostly Rural,34473,17,,Yes,AU Entry Test,Medium,50% / 100 marks,19
PK-FED-006,Air University Islamabad,Public,Islamabad,Islamabad,2002,18,W3,Pharmacy,STEM,2023,673,323,350,19,35.4,49,86,538,69,24,71,3.25,84.8,9.1,Mostly Urban,,8,14,Yes,AU Entry Test,Medium,50% / 100 marks,20
PK-FED-006,Air University Islamabad,Public,Islamabad,Islamabad,2002,18,W3,Pharmacy,STEM,2024,832,432,400,31,26.8,9,45,778,28,47,36,2.9,80.6,7.3,Mostly Urban,20462,8,13,Yes,AU Entry Test,Medium,50% / 100 marks,19
PK-FED-006,Air University Islamabad,Public,Islamabad,Islamabad,2002,18,W3,Pharmacy,STEM,2025,749,497,252,22,34,2,95,652,131,48,18,3.59,77.7,9.6,Mixed Urban-Rural,40165,8,8,Yes,AU Entry Test,Medium,50% / 100 marks,18
PK-FED-006,Air University Islamabad,Public,Islamabad,Islamabad,2002,18,W3,Statistics,STEM,2022,513,268,245,14,36.6,0,,,20,29,25,3.27,55.5,11.1,Mostly Rural,43950,20,11,Yes,AU Entry Test,Medium,50% / 100 marks,21
PK-FED-006,Air University Islamabad,Public,Islamabad,Islamabad,2002,18,W3,Statistics,STEM,2023,530,239,291,17,31.2,14,92,424,78,,38,3.02,61,5.4,Mostly Urban,17800,16,,Yes,AU Entry Test,Medium,50% / 100 marks,19
PK-FED-006,Air University Islamabad,Public,Islamabad,Islamabad,2002,18,W3,Statistics,STEM,2024,599,356,243,20,29.9,,27,,77,,35,3.09,60.1,9.4,Mixed Urban-Rural,31656,9,26,Yes,AU Entry Test,Medium,50% / 100 marks,22
PK-FED-006,Air University Islamabad,Public,Islamabad,Islamabad,2002,18,W3,Statistics,STEM,2025,514,346,168,14,36.7,28,48,438,41,43,71,3.56,58.2,9.2,Mixed Urban-Rural,30111,3,,Yes,AU Entry Test,Medium,50% / 100 marks,18
PK-FED-005,Allama Iqbal Open University,Public,Islamabad,Islamabad,1974,8,W3,Civil Engineering,STEM,2022,1861,1115,746,62,30,23,169,1669,106,28,5,2.66,64.1,,Mostly Rural,36387,13,11,No,None (Open University),,,23
PK-FED-005,Allama Iqbal Open University,Public,Islamabad,Islamabad,1974,8,W3,Civil Engineering,STEM,2023,1811,1247,564,70,25.9,22,70,1719,260,35,34,2.87,67.1,12.1,Mostly Rural,43629,12,31,No,None (Open University),,,21
PK-FED-005,Allama Iqbal Open University,Public,Islamabad,Islamabad,1974,8,W3,Civil Engineering,STEM,2024,1867,1068,799,71,26.3,120,299,1448,20,49,,,64.3,17.6,Mixed Urban-Rural,25467,,14,No,None (Open University),,,23
PK-FED-005,Allama Iqbal Open University,Public,Islamabad,Islamabad,1974,8,W3,Civil Engineering,STEM,2025,2039,1456,583,75,27.2,151,,,308,47,25,3.22,75,17.1,Mostly Urban,40258,3,,No,None (Open University),,,23
PK-FED-005,Allama Iqbal Open University,Public,Islamabad,Islamabad,1974,8,W3,Economics,Business,2022,1521,850,671,69,22,7,,,95,54,19,3.53,71.7,16.6,Mixed Urban-Rural,12753,4,20,No,None (Open University),,,21
PK-FED-005,Allama Iqbal Open University,Public,Islamabad,Islamabad,1974,8,W3,Economics,Business,2023,1549,671,878,45,34.4,45,301,1203,292,59,43,2.92,69.7,7.7,Mixed Urban-Rural,8117,19,,No,None (Open University),,,19
PK-FED-005,Allama Iqbal Open University,Public,Islamabad,Islamabad,1974,8,W3,Economics,Business,2024,1797,1245,552,51,35.2,81,45,1671,,15,66,2.97,60.5,12.6,Mixed Urban-Rural,,,6,No,None (Open University),,,22
PK-FED-005,Allama Iqbal Open University,Public,Islamabad,Islamabad,1974,8,W3,Economics,Business,2025,1907,755,1152,68,28,,295,,198,24,55,2.68,63.7,12.8,,27327,4,,No,None (Open University),,,18
PK-FED-005,Allama Iqbal Open University,Public,Islamabad,Islamabad,1974,8,W3,English Literature,Arts & Social Sciences,2022,817,355,462,35,23.3,,42,,162,45,46,,55.1,8.7,Mixed Urban-Rural,20450,18,18,No,None (Open University),,,21
PK-FED-005,Allama Iqbal Open University,Public,Islamabad,Islamabad,1974,8,W3,English Literature,Arts & Social Sciences,2023,740,305,435,27,27.4,40,51,649,114,,9,3.3,48.8,,Mostly Rural,39035,16,16,No,None (Open University),,,
PK-FED-005,Allama Iqbal Open University,Public,Islamabad,Islamabad,1974,8,W3,English Literature,Arts & Social Sciences,2024,725,409,316,29,25,17,38,670,,16,60,,54.2,12.5,Mixed Urban-Rural,43484,2,33,No,None (Open University),,,19
PK-FED-005,Allama Iqbal Open University,Public,Islamabad,Islamabad,1974,8,W3,English Literature,Arts & Social Sciences,2025,814,457,357,24,33.9,,132,,106,45,63,2.73,47.6,12.7,Mostly Urban,19329,7,,No,None (Open University),,,23
PK-FED-005,Allama Iqbal Open University,Public,Islamabad,Islamabad,1974,8,W3,Information Technology,STEM,2022,1138,696,442,46,24.7,,141,,191,4,79,3.56,84.2,6.1,Mostly Urban,42246,5,6,No,None (Open University),,,18
PK-FED-005,Allama Iqbal Open University,Public,Islamabad,Islamabad,1974,8,W3,Information Technology,STEM,2023,1452,829,623,62,23.4,60,,,140,31,47,3.36,75.6,3.9,Mostly Rural,,2,17,No,None (Open University),,,20
PK-FED-005,Allama Iqbal Open University,Public,Islamabad,Islamabad,1974,8,W3,Information Technology,STEM,2024,1491,576,915,45,33.1,,226,,55,14,65,3.27,75.8,6.8,Mostly Rural,36948,17,3,No,None (Open University),,,23
PK-FED-005,Allama Iqbal Open University,Public,Islamabad,Islamabad,1974,8,W3,Information Technology,STEM,2025,1411,612,799,54,26.1,25,127,1259,19,,70,,79.1,,Mostly Rural,21048,4,15,No,None (Open University),,,18
PK-FED-005,Allama Iqbal Open University,Public,Islamabad,Islamabad,1974,8,W3,Mathematics,STEM,2022,1158,615,543,33,35.1,,,,71,44,47,3.46,57.6,,Mixed Urban-Rural,22506,14,0,No,None (Open University),,,24
PK-FED-005,Allama Iqbal Open University,Public,Islamabad,Islamabad,1974,8,W3,Mathematics,STEM,2023,1200,509,691,49,24.5,54,218,928,83,45,80,3.34,62.8,5.7,Mostly Urban,34027,12,18,No,None (Open University),,,22
PK-FED-005,Allama Iqbal Open University,Public,Islamabad,Islamabad,1974,8,W3,Mathematics,STEM,2024,1188,495,693,52,22.8,19,61,1108,187,41,38,3.26,65.8,14.8,Mixed Urban-Rural,17170,10,26,No,None (Open University),,,20
PK-FED-005,Allama Iqbal Open University,Public,Islamabad,Islamabad,1974,8,W3,Mathematics,STEM,2025,1260,794,466,42,30,85,76,1099,61,40,46,2.8,65.9,15.4,Mixed Urban-Rural,16384,6,21,No,None (Open University),,,24
PK-FED-005,Allama Iqbal Open University,Public,Islamabad,Islamabad,1974,8,W3,Urdu,Arts & Social Sciences,2022,1568,785,783,49,32,,,,304,54,45,3.12,38.9,11.1,Mostly Rural,15852,14,,No,None (Open University),,,
PK-FED-005,Allama Iqbal Open University,Public,Islamabad,Islamabad,1974,8,W3,Urdu,Arts & Social Sciences,2023,1963,837,1126,79,24.8,124,90,1749,,11,61,2.83,40.5,2.5,Mostly Urban,18383,,27,No,None (Open University),,,18
PK-FED-005,Allama Iqbal Open University,Public,Islamabad,Islamabad,1974,8,W3,Urdu,Arts & Social Sciences,2024,1827,1293,534,67,27.3,1,127,1699,169,33,50,2.71,34.6,16,Mostly Urban,28061,10,33,No,None (Open University),,,23
PK-FED-005,Allama Iqbal Open University,Public,Islamabad,Islamabad,1974,8,W3,Urdu,Arts & Social Sciences,2025,1976,977,999,58,34.1,103,,,101,,65,2.62,49.9,17.8,Mixed Urban-Rural,16071,13,16,No,None (Open University),,,19
PK-FED-011,Bahria University Islamabad,Public,Islamabad,Islamabad,2000,19,W3,Biology,STEM,2022,448,307,141,14,32,22,83,343,84,41,29,2.64,45.3,4.8,Mixed Urban-Rural,16257,3,19,Yes,Bahria University Entry Test,Medium,50% / 100 marks,19
PK-FED-011,Bahria University Islamabad,Public,Islamabad,Islamabad,2000,19,W3,Biology,STEM,2023,434,276,158,18,24.1,,,,43,32,78,2.65,43.4,11.8,Mixed Urban-Rural,16175,15,15,Yes,Bahria University Entry Test,Medium,50% / 100 marks,22
PK-FED-011,Bahria University Islamabad,Public,Islamabad,Islamabad,2000,19,W3,Biology,STEM,2024,479,343,136,16,29.9,36,91,352,34,18,71,,57.3,13.7,Mostly Rural,20619,5,26,Yes,Bahria University Entry Test,Medium,50% / 100 marks,22
PK-FED-011,Bahria University Islamabad,Public,Islamabad,Islamabad,2000,19,W3,Biology,STEM,2025,415,166,249,12,34.6,16,81,318,56,33,50,3.14,50.6,8.8,Mostly Urban,18672,15,,Yes,Bahria University Entry Test,Medium,50% / 100 marks,17
PK-FED-011,Bahria University Islamabad,Public,Islamabad,Islamabad,2000,19,W3,Business Administration,Business,2022,1847,1034,813,59,31.3,,56,,291,60,,2.64,70.3,,Mostly Rural,32344,16,,Yes,Bahria University Entry Test,Medium,50% / 100 marks,
PK-FED-011,Bahria University Islamabad,Public,Islamabad,Islamabad,2000,19,W3,Business Administration,Business,2023,1751,1132,619,63,27.8,17,213,1521,255,,39,2.97,78,6.6,Mixed Urban-Rural,16703,15,9,Yes,Bahria University Entry Test,Medium,50% / 100 marks,
PK-FED-011,Bahria University Islamabad,Public,Islamabad,Islamabad,2000,19,W3,Business Administration,Business,2024,2154,1056,1098,66,32.6,71,84,1999,178,42,32,3.38,73.6,10.9,Mostly Urban,16112,20,3,Yes,Bahria University Entry Test,Medium,50% / 100 marks,18
PK-FED-011,Bahria University Islamabad,Public,Islamabad,Islamabad,2000,19,W3,Business Administration,Business,2025,2269,1264,1005,71,32,,125,,277,,,2.69,71,15.3,Mostly Urban,28999,1,11,Yes,Bahria University Entry Test,Medium,50% / 100 marks,17
PK-FED-011,Bahria University Islamabad,Public,Islamabad,Islamabad,2000,19,W3,Chemistry,STEM,2022,1106,618,488,41,27,19,104,983,41,,72,2.8,47.5,2.5,Mostly Rural,27531,,16,Yes,Bahria University Entry Test,Medium,50% / 100 marks,19
PK-FED-011,Bahria University Islamabad,Public,Islamabad,Islamabad,2000,19,W3,Chemistry,STEM,2023,1260,833,427,53,23.8,34,,,135,24,78,3.05,49.2,8.2,Mixed Urban-Rural,9220,8,8,Yes,Bahria University Entry Test,Medium,50% / 100 marks,22
PK-FED-011,Bahria University Islamabad,Public,Islamabad,Islamabad,2000,19,W3,Chemistry,STEM,2024,1279,662,617,55,23.3,71,0,1208,48,34,21,3.32,56.2,17.4,Mostly Rural,11943,9,24,Yes,Bahria University Entry Test,Medium,50% / 100 marks,17
PK-FED-011,Bahria University Islamabad,Public,Islamabad,Islamabad,2000,19,W3,Chemistry,STEM,2025,1552,1034,518,62,25,,71,,293,,23,2.83,59.5,18,Mostly Rural,28860,15,20,Yes,Bahria University Entry Test,Medium,50% / 100 marks,22
PK-FED-011,Bahria University Islamabad,Public,Islamabad,Islamabad,2000,19,W3,Education,Arts & Social Sciences,2022,1022,721,301,38,26.9,,178,,6,43,3,3.47,72.6,14.1,Mixed Urban-Rural,13080,4,24,Yes,Bahria University Entry Test,Medium,50% / 100 marks,21
PK-FED-011,Bahria University Islamabad,Public,Islamabad,Islamabad,2000,19,W3,Education,Arts & Social Sciences,2023,1232,618,614,50,24.6,28,194,1010,,12,4,2.7,70.3,16.7,Mostly Urban,27869,16,2,Yes,Bahria University Entry Test,Medium,50% / 100 marks,20
PK-FED-011,Bahria University Islamabad,Public,Islamabad,Islamabad,2000,19,W3,Education,Arts & Social Sciences,2024,1119,769,350,35,32,70,189,860,,32,53,2.67,61.3,12.8,Mixed Urban-Rural,12263,17,17,Yes,Bahria University Entry Test,Medium,50% / 100 marks,19
PK-FED-011,Bahria University Islamabad,Public,Islamabad,Islamabad,2000,19,W3,Education,Arts & Social Sciences,2025,1129,689,440,32,35.3,86,13,1030,121,,35,3.05,69.1,6.8,Mostly Rural,41966,2,14,Yes,Bahria University Entry Test,Medium,50% / 100 marks,19
PK-FED-011,Bahria University Islamabad,Public,Islamabad,Islamabad,2000,19,W3,Environmental Science,STEM,2022,469,245,224,16,29.3,27,31,411,8,14,13,,47.1,6.9,Mostly Urban,9826,11,15,Yes,Bahria University Entry Test,Medium,50% / 100 marks,16
PK-FED-011,Bahria University Islamabad,Public,Islamabad,Islamabad,2000,19,W3,Environmental Science,STEM,2023,467,215,252,17,27.5,,15,,81,48,33,,47.9,,Mixed Urban-Rural,,,,Yes,Bahria University Entry Test,Medium,50% / 100 marks,19
PK-FED-011,Bahria University Islamabad,Public,Islamabad,Islamabad,2000,19,W3,Environmental Science,STEM,2024,586,310,276,22,26.6,25,,,76,,,3.33,57,5.3,Mostly Rural,,20,,Yes,Bahria University Entry Test,Medium,50% / 100 marks,21
PK-FED-011,Bahria University Islamabad,Public,Islamabad,Islamabad,2000,19,W3,Environmental Science,STEM,2025,570,347,223,25,22.8,12,16,542,,4,16,3.4,55.3,5.7,Mostly Urban,23935,,27,Yes,Bahria University Entry Test,Medium,50% / 100 marks,16
PK-FED-011,Bahria University Islamabad,Public,Islamabad,Islamabad,2000,19,W3,Information Technology,STEM,2022,1609,1024,585,61,26.4,37,,,313,23,21,3.06,85.2,15.3,Mostly Urban,21131,11,,Yes,Bahria University Entry Test,Medium,50% / 100 marks,18
PK-FED-011,Bahria University Islamabad,Public,Islamabad,Islamabad,2000,19,W3,Information Technology,STEM,2023,1499,922,577,53,28.3,,21,,158,10,75,3.36,82.1,16.7,Mixed Urban-Rural,21968,11,24,Yes,Bahria University Entry Test,Medium,50% / 100 marks,18
PK-FED-011,Bahria University Islamabad,Public,Islamabad,Islamabad,2000,19,W3,Information Technology,STEM,2024,1448,640,808,41,35.3,24,184,1240,,,,,76.8,,Mostly Rural,19412,11,15,Yes,Bahria University Entry Test,Medium,50% / 100 marks,19
PK-FED-011,Bahria University Islamabad,Public,Islamabad,Islamabad,2000,19,W3,Information Technology,STEM,2025,1485,575,910,45,33,,156,,199,56,,2.79,85.6,7.6,Mostly Urban,36424,,8,Yes,Bahria University Entry Test,Medium,50% / 100 marks,19
PK-FED-011,Bahria University Islamabad,Public,Islamabad,Islamabad,2000,19,W3,Political Science,Arts & Social Sciences,2022,729,370,359,27,27,20,71,638,53,18,34,3.57,47.6,15.5,Mixed Urban-Rural,13335,6,32,Yes,Bahria University Entry Test,Medium,50% / 100 marks,17
PK-FED-011,Bahria University Islamabad,Public,Islamabad,Islamabad,2000,19,W3,Political Science,Arts & Social Sciences,2023,794,441,353,32,24.8,4,51,739,131,37,64,3.07,49.4,5.4,Mostly Rural,18302,3,,Yes,Bahria University Entry Test,Medium,50% / 100 marks,22
PK-FED-011,Bahria University Islamabad,Public,Islamabad,Islamabad,2000,19,W3,Political Science,Arts & Social Sciences,2024,762,404,358,28,27.2,20,6,736,124,23,46,3,47.3,5.4,Mixed Urban-Rural,40883,,14,Yes,Bahria University Entry Test,Medium,50% / 100 marks,17
PK-FED-011,Bahria University Islamabad,Public,Islamabad,Islamabad,2000,19,W3,Political Science,Arts & Social Sciences,2025,790,319,471,35,22.6,17,139,634,75,,45,3.5,41.2,1.6,Mixed Urban-Rural,34464,1,32,Yes,Bahria University Entry Test,Medium,50% / 100 marks,18
PK-FED-011,Bahria University Islamabad,Public,Islamabad,Islamabad,2000,19,W3,Psychology,Arts & Social Sciences,2022,2170,1463,707,86,25.2,118,43,2009,407,29,32,3.37,63.6,4.6,Mostly Urban,37489,19,19,Yes,Bahria University Entry Test,Medium,50% / 100 marks,21
PK-FED-011,Bahria University Islamabad,Public,Islamabad,Islamabad,2000,19,W3,Psychology,Arts & Social Sciences,2023,2252,863,1389,69,32.6,76,11,2165,390,49,56,3.67,65.3,2,Mostly Urban,33617,3,12,Yes,Bahria University Entry Test,Medium,50% / 100 marks,22
PK-FED-011,Bahria University Islamabad,Public,Islamabad,Islamabad,2000,19,W3,Psychology,Arts & Social Sciences,2024,2092,1028,1064,60,34.9,154,95,1843,,2,24,2.83,62.2,16.5,,42366,,10,Yes,Bahria University Entry Test,Medium,50% / 100 marks,
PK-FED-011,Bahria University Islamabad,Public,Islamabad,Islamabad,2000,19,W3,Psychology,Arts & Social Sciences,2025,2083,1435,648,76,27.4,33,158,1892,40,57,56,3.26,67.8,13.2,Mixed Urban-Rural,21302,7,,Yes,Bahria University Entry Test,Medium,50% / 100 marks,22
PK-FED-011,Bahria University Islamabad,Public,Islamabad,Islamabad,2000,19,W3,Sociology,Arts & Social Sciences,2022,682,450,232,22,31,18,116,548,122,2,75,3.03,45.9,15.4,Mostly Urban,19477,14,11,Yes,Bahria University Entry Test,Medium,50% / 100 marks,21
PK-FED-011,Bahria University Islamabad,Public,Islamabad,Islamabad,2000,19,W3,Sociology,Arts & Social Sciences,2023,753,310,443,24,31.4,,55,,142,58,23,2.73,42.7,8.3,Mostly Rural,14895,6,32,Yes,Bahria University Entry Test,Medium,50% / 100 marks,20
PK-FED-011,Bahria University Islamabad,Public,Islamabad,Islamabad,2000,19,W3,Sociology,Arts & Social Sciences,2024,662,257,405,21,31.5,45,83,534,54,0,46,2.69,52.8,9.2,Mostly Rural,36686,6,6,Yes,Bahria University Entry Test,Medium,50% / 100 marks,22
PK-FED-011,Bahria University Islamabad,Public,Islamabad,Islamabad,2000,19,W3,Sociology,Arts & Social Sciences,2025,708,298,410,22,32.2,2,136,570,44,11,4,3.49,44.7,13,Mostly Rural,14736,20,,Yes,Bahria University Entry Test,Medium,50% / 100 marks,18
PK-FED-011,Bahria University Islamabad,Public,Islamabad,Islamabad,2000,19,W3,Urdu,Arts & Social Sciences,2022,1922,862,1060,76,25.3,16,49,1857,12,12,5,2.78,48.5,15.2,Mostly Rural,15057,7,34,Yes,Bahria University Entry Test,Medium,50% / 100 marks,17
PK-FED-011,Bahria University Islamabad,Public,Islamabad,Islamabad,2000,19,W3,Urdu,Arts & Social Sciences,2023,2008,1055,953,80,25.1,56,,,166,,4,2.67,35.7,12.2,Mostly Rural,27761,4,10,Yes,Bahria University Entry Test,Medium,50% / 100 marks,18
PK-FED-011,Bahria University Islamabad,Public,Islamabad,Islamabad,2000,19,W3,Urdu,Arts & Social Sciences,2024,2002,825,1177,76,26.3,123,,,330,44,20,3.09,44.1,,Mixed Urban-Rural,23232,8,,Yes,Bahria University Entry Test,Medium,50% / 100 marks,17
PK-FED-011,Bahria University Islamabad,Public,Islamabad,Islamabad,2000,19,W3,Urdu,Arts & Social Sciences,2025,2335,985,1350,93,25.1,96,19,2220,,18,13,3.09,40.9,13.5,Mixed Urban-Rural,16799,2,26,Yes,Bahria University Entry Test,Medium,50% / 100 marks,21
PK-FED-003,COMSATS University Islamabad,Public,Islamabad,Islamabad,1998,2,W4,Biology,STEM,2022,2026,1119,907,84,24.1,57,287,1682,193,,47,3.31,50.7,15,Mixed Urban-Rural,,6,19,Yes,NTS / Own Entry Test,Medium,50% / 100 marks,36
PK-FED-003,COMSATS University Islamabad,Public,Islamabad,Islamabad,1998,2,W4,Biology,STEM,2023,2565,1280,1285,105,24.4,,385,,,1,11,3.39,45.3,7.1,Mostly Urban,13567,20,,Yes,NTS / Own Entry Test,Medium,50% / 100 marks,36
PK-FED-003,COMSATS University Islamabad,Public,Islamabad,Islamabad,1998,2,W4,Biology,STEM,2024,2166,1149,1017,78,27.8,173,269,1724,63,7,30,3.26,52.7,2.2,Mostly Urban,,9,7,Yes,NTS / Own Entry Test,Medium,50% / 100 marks,30
PK-FED-003,COMSATS University Islamabad,Public,Islamabad,Islamabad,1998,2,W4,Biology,STEM,2025,2192,1389,803,90,24.4,10,235,1947,347,4,67,3.23,49.1,15.7,Mostly Rural,35373,,29,Yes,NTS / Own Entry Test,Medium,50% / 100 marks,
PK-FED-003,COMSATS University Islamabad,Public,Islamabad,Islamabad,1998,2,W4,Chemistry,STEM,2022,2056,1371,685,81,25.4,19,58,1979,386,21,53,2.99,55.4,4.7,Mostly Urban,17679,6,4,Yes,NTS / Own Entry Test,Medium,50% / 100 marks,36
PK-FED-003,COMSATS University Islamabad,Public,Islamabad,Islamabad,1998,2,W4,Chemistry,STEM,2023,2189,1407,782,77,28.4,160,225,1804,294,39,60,2.93,58.1,,Mostly Urban,11681,15,,Yes,NTS / Own Entry Test,Medium,50% / 100 marks,34
PK-FED-003,COMSATS University Islamabad,Public,Islamabad,Islamabad,1998,2,W4,Chemistry,STEM,2024,2375,1134,1241,78,30.4,189,230,1956,201,35,,3.27,61.6,10.9,Mostly Rural,12054,3,11,Yes,NTS / Own Entry Test,Medium,50% / 100 marks,31
PK-FED-003,COMSATS University Islamabad,Public,Islamabad,Islamabad,1998,2,W4,Chemistry,STEM,2025,2252,1397,855,64,35.2,153,,,149,49,49,3.21,54.4,7,Mixed Urban-Rural,24514,20,21,Yes,NTS / Own Entry Test,Medium,50% / 100 marks,32
PK-FED-003,COMSATS University Islamabad,Public,Islamabad,Islamabad,1998,2,W4,Civil Engineering,STEM,2022,1155,494,661,43,26.9,48,84,1023,,5,53,3.41,75.5,12.6,,42497,17,23,Yes,NTS / Own Entry Test,Medium,50% / 100 marks,33
PK-FED-003,COMSATS University Islamabad,Public,Islamabad,Islamabad,1998,2,W4,Civil Engineering,STEM,2023,1124,790,334,42,26.8,69,134,921,80,6,20,3.44,72.3,,Mostly Urban,32688,20,10,Yes,NTS / Own Entry Test,Medium,50% / 100 marks,31
PK-FED-003,COMSATS University Islamabad,Public,Islamabad,Islamabad,1998,2,W4,Civil Engineering,STEM,2024,1282,506,776,47,27.3,100,99,1083,205,34,39,3.11,71.5,17.1,Mostly Rural,33026,7,8,Yes,NTS / Own Entry Test,Medium,50% / 100 marks,32
PK-FED-003,COMSATS University Islamabad,Public,Islamabad,Islamabad,1998,2,W4,Civil Engineering,STEM,2025,1370,544,826,48,28.5,,262,,150,,69,2.84,65.9,8.7,Mostly Rural,30910,,15,Yes,NTS / Own Entry Test,Medium,50% / 100 marks,32
PK-FED-003,COMSATS University Islamabad,Public,Islamabad,Islamabad,1998,2,W4,Education,Arts & Social Sciences,2022,2663,1351,1312,119,22.4,120,142,2401,145,,45,3.6,72.9,9.2,Mostly Urban,,20,7,Yes,NTS / Own Entry Test,Medium,50% / 100 marks,32
PK-FED-003,COMSATS University Islamabad,Public,Islamabad,Islamabad,1998,2,W4,Education,Arts & Social Sciences,2023,2640,1216,1424,111,23.8,4,247,2389,,31,61,,61.8,6.3,Mixed Urban-Rural,35300,,4,Yes,NTS / Own Entry Test,Medium,50% / 100 marks,33
PK-FED-003,COMSATS University Islamabad,Public,Islamabad,Islamabad,1998,2,W4,Education,Arts & Social Sciences,2024,2838,1603,1235,88,32.2,4,69,2765,49,23,,3.45,66.1,13.6,Mostly Rural,29791,6,29,Yes,NTS / Own Entry Test,Medium,50% / 100 marks,32
PK-FED-003,COMSATS University Islamabad,Public,Islamabad,Islamabad,1998,2,W4,Education,Arts & Social Sciences,2025,2947,1599,1348,120,24.6,10,317,2620,,50,61,2.88,60.2,17.8,Mostly Urban,20524,11,23,Yes,NTS / Own Entry Test,Medium,50% / 100 marks,32
PK-FED-003,COMSATS University Islamabad,Public,Islamabad,Islamabad,1998,2,W4,English Literature,Arts & Social Sciences,2022,2831,1791,1040,84,33.7,21,80,2730,381,33,66,2.92,46.2,17.9,Mostly Rural,29490,14,,Yes,NTS / Own Entry Test,Medium,50% / 100 marks,33
PK-FED-003,COMSATS University Islamabad,Public,Islamabad,Islamabad,1998,2,W4,English Literature,Arts & Social Sciences,2023,2656,1413,1243,84,31.6,93,163,2400,63,,58,3.46,54.6,3.9,,,12,2,Yes,NTS / Own Entry Test,Medium,50% / 100 marks,31
PK-FED-003,COMSATS University Islamabad,Public,Islamabad,Islamabad,1998,2,W4,English Literature,Arts & Social Sciences,2024,2853,1742,1111,83,34.4,63,26,2764,,20,76,3.22,46,9.7,Mostly Urban,25058,10,31,Yes,NTS / Own Entry Test,Medium,50% / 100 marks,31
PK-FED-003,COMSATS University Islamabad,Public,Islamabad,Islamabad,1998,2,W4,English Literature,Arts & Social Sciences,2025,2667,1136,1531,116,23,,307,,332,45,14,3.3,42.8,13.2,Mostly Urban,41341,8,1,Yes,NTS / Own Entry Test,Medium,50% / 100 marks,35
PK-FED-003,COMSATS University Islamabad,Public,Islamabad,Islamabad,1998,2,W4,Information Technology,STEM,2022,2307,1166,1141,71,32.5,134,209,1964,,45,14,3.31,79.8,2.7,Mixed Urban-Rural,41905,6,8,Yes,NTS / Own Entry Test,Medium,50% / 100 marks,33
PK-FED-003,COMSATS University Islamabad,Public,Islamabad,Islamabad,1998,2,W4,Information Technology,STEM,2023,2330,1606,724,102,22.8,72,128,2130,368,60,24,3.29,73,17.3,Mostly Urban,14122,19,,Yes,NTS / Own Entry Test,Medium,50% / 100 marks,36
PK-FED-003,COMSATS University Islamabad,Public,Islamabad,Islamabad,1998,2,W4,Information Technology,STEM,2024,2542,1588,954,85,29.9,166,292,2084,,49,6,3.29,84.5,12,Mixed Urban-Rural,27798,15,,Yes,NTS / Own Entry Test,Medium,50% / 100 marks,30
PK-FED-003,COMSATS University Islamabad,Public,Islamabad,Islamabad,1998,2,W4,Information Technology,STEM,2025,2261,1197,1064,79,28.6,102,189,1970,168,55,43,2.73,74.3,3.3,,17232,13,26,Yes,NTS / Own Entry Test,Medium,50% / 100 marks,30
PK-FED-003,COMSATS University Islamabad,Public,Islamabad,Islamabad,1998,2,W4,Law,Arts & Social Sciences,2022,2017,1385,632,61,33.1,78,46,1893,260,29,27,2.84,79.9,9.8,Mixed Urban-Rural,11312,16,0,Yes,NTS / Own Entry Test,Medium,50% / 100 marks,30
PK-FED-003,COMSATS University Islamabad,Public,Islamabad,Islamabad,1998,2,W4,Law,Arts & Social Sciences,2023,2046,1077,969,61,33.5,92,37,1917,,,49,3.51,76.6,8.9,Mostly Urban,15786,11,23,Yes,NTS / Own Entry Test,Medium,50% / 100 marks,35
PK-FED-003,COMSATS University Islamabad,Public,Islamabad,Islamabad,1998,2,W4,Law,Arts & Social Sciences,2024,2071,927,1144,72,28.8,38,263,1770,,30,,2.95,73,,Mixed Urban-Rural,27610,18,19,Yes,NTS / Own Entry Test,Medium,50% / 100 marks,32
PK-FED-003,COMSATS University Islamabad,Public,Islamabad,Islamabad,1998,2,W4,Law,Arts & Social Sciences,2025,2003,772,1231,76,26.4,,335,,376,40,42,3.39,66.8,14.3,Mixed Urban-Rural,19174,13,,Yes,NTS / Own Entry Test,Medium,50% / 100 marks,36
PK-FED-003,COMSATS University Islamabad,Public,Islamabad,Islamabad,1998,2,W4,Mechanical Engineering,STEM,2022,1590,1116,474,67,23.7,120,31,1439,109,49,22,3.7,64.3,10.1,Mostly Urban,32695,18,22,Yes,NTS / Own Entry Test,Medium,50% / 100 marks,32
PK-FED-003,COMSATS University Islamabad,Public,Islamabad,Islamabad,1998,2,W4,Mechanical Engineering,STEM,2023,1942,1310,632,62,31.3,76,360,1506,131,19,64,2.98,76.9,13.1,Mixed Urban-Rural,25921,13,25,Yes,NTS / Own Entry Test,Medium,50% / 100 marks,31
PK-FED-003,COMSATS University Islamabad,Public,Islamabad,Islamabad,1998,2,W4,Mechanical Engineering,STEM,2024,2073,1460,613,63,32.9,51,138,1884,231,47,13,3.28,68.6,13,,23889,8,3,Yes,NTS / Own Entry Test,Medium,50% / 100 marks,34
PK-FED-003,COMSATS University Islamabad,Public,Islamabad,Islamabad,1998,2,W4,Mechanical Engineering,STEM,2025,1798,885,913,63,28.5,121,102,1575,85,59,73,2.67,74.9,6.2,Mixed Urban-Rural,23218,2,11,Yes,NTS / Own Entry Test,Medium,50% / 100 marks,34
PK-FED-003,COMSATS University Islamabad,Public,Islamabad,Islamabad,1998,2,W4,Psychology,Arts & Social Sciences,2022,2741,1205,1536,80,34.3,154,343,2244,301,0,66,3.14,68,17.8,Mostly Urban,41044,11,,Yes,NTS / Own Entry Test,Medium,50% / 100 marks,34
PK-FED-003,COMSATS University Islamabad,Public,Islamabad,Islamabad,1998,2,W4,Psychology,Arts & Social Sciences,2023,2585,1208,1377,105,24.6,103,335,2147,202,,75,2.8,63.8,,Mostly Urban,29207,8,17,Yes,NTS / Own Entry Test,Medium,50% / 100 marks,30
PK-FED-003,COMSATS University Islamabad,Public,Islamabad,Islamabad,1998,2,W4,Psychology,Arts & Social Sciences,2024,2993,1444,1549,95,31.5,103,318,2572,,,33,3,52.2,12,Mostly Rural,16753,20,35,Yes,NTS / Own Entry Test,Medium,50% / 100 marks,33
PK-FED-003,COMSATS University Islamabad,Public,Islamabad,Islamabad,1998,2,W4,Psychology,Arts & Social Sciences,2025,3063,1952,1111,94,32.6,19,114,2930,88,33,79,3.16,65.2,,Mixed Urban-Rural,17820,7,31,Yes,NTS / Own Entry Test,Medium,50% / 100 marks,32
PK-FED-003,COMSATS University Islamabad,Public,Islamabad,Islamabad,1998,2,W4,Statistics,STEM,2022,1284,682,602,56,22.9,2,1,1281,,51,75,,57.1,11,Mostly Urban,12178,3,30,Yes,NTS / Own Entry Test,Medium,50% / 100 marks,30
PK-FED-003,COMSATS University Islamabad,Public,Islamabad,Islamabad,1998,2,W4,Statistics,STEM,2023,1081,561,520,33,32.8,48,,,102,58,56,3.55,67.3,15.9,Mostly Urban,43209,8,1,Yes,NTS / Own Entry Test,Medium,50% / 100 marks,30
PK-FED-003,COMSATS University Islamabad,Public,Islamabad,Islamabad,1998,2,W4,Statistics,STEM,2024,1404,754,650,44,31.9,112,57,1235,182,,32,3.28,61.8,,Mostly Urban,9025,,,Yes,NTS / Own Entry Test,Medium,50% / 100 marks,33
PK-FED-003,COMSATS University Islamabad,Public,Islamabad,Islamabad,1998,2,W4,Statistics,STEM,2025,1331,824,507,58,22.9,29,163,1139,33,,32,2.86,66.8,14.2,Mostly Rural,42160,18,11,Yes,NTS / Own Entry Test,Medium,50% / 100 marks,31
PK-FED-007,Capital University of Science & Technology,Private,Islamabad,Islamabad,1998,1,W4,Civil Engineering,STEM,2022,1942,999,943,57,34.1,32,338,1572,235,11,78,2.83,72.5,13.8,,67524,18,,Yes,CUST Entry Test,Medium,50% / 100 marks,13
PK-FED-007,Capital University of Science & Technology,Private,Islamabad,Islamabad,1998,1,W4,Civil Engineering,STEM,2023,2098,1171,927,60,35,113,67,1918,204,15,13,,61.7,4.3,Mostly Rural,97624,18,35,Yes,CUST Entry Test,Medium,50% / 100 marks,14
PK-FED-007,Capital University of Science & Technology,Private,Islamabad,Islamabad,1998,1,W4,Civil Engineering,STEM,2024,2010,1426,584,64,31.4,123,45,1842,332,19,75,2.93,62.8,7.5,Mostly Urban,,16,31,Yes,CUST Entry Test,Medium,50% / 100 marks,17
PK-FED-007,Capital University of Science & Technology,Private,Islamabad,Islamabad,1998,1,W4,Civil Engineering,STEM,2025,2329,1262,1067,105,22.2,111,83,2135,285,26,32,2.84,66.9,12.2,Mixed Urban-Rural,,20,17,Yes,CUST Entry Test,Medium,50% / 100 marks,16
PK-FED-007,Capital University of Science & Technology,Private,Islamabad,Islamabad,1998,1,W4,Electrical Engineering,STEM,2022,2036,1141,895,79,25.8,115,318,1603,,,,3.67,71,6.8,Mostly Rural,,15,14,Yes,CUST Entry Test,Medium,50% / 100 marks,17
PK-FED-007,Capital University of Science & Technology,Private,Islamabad,Islamabad,1998,1,W4,Electrical Engineering,STEM,2023,1843,709,1134,74,24.9,37,,,242,2,66,2.81,74.7,2.7,Mostly Urban,105014,8,28,Yes,CUST Entry Test,Medium,50% / 100 marks,15
PK-FED-007,Capital University of Science & Technology,Private,Islamabad,Islamabad,1998,1,W4,Electrical Engineering,STEM,2024,1985,1425,560,80,24.8,82,372,1531,111,43,,3.17,79.8,,Mostly Urban,94166,7,15,Yes,CUST Entry Test,Medium,50% / 100 marks,18
PK-FED-007,Capital University of Science & Technology,Private,Islamabad,Islamabad,1998,1,W4,Electrical Engineering,STEM,2025,2251,1103,1148,93,24.2,121,79,2051,9,37,,2.7,72.4,3,,62871,18,8,Yes,CUST Entry Test,Medium,50% / 100 marks,15
PK-FED-007,Capital University of Science & Technology,Private,Islamabad,Islamabad,1998,1,W4,Industrial Engineering,STEM,2022,2618,1868,750,81,32.3,64,496,2058,26,22,59,3.14,74.1,10.7,Mixed Urban-Rural,126253,20,35,Yes,CUST Entry Test,Medium,50% / 100 marks,
PK-FED-007,Capital University of Science & Technology,Private,Islamabad,Islamabad,1998,1,W4,Industrial Engineering,STEM,2023,2672,1497,1175,95,28.1,4,372,2296,,24,61,3.32,75.1,5.4,Mixed Urban-Rural,105789,18,,Yes,CUST Entry Test,Medium,50% / 100 marks,14
PK-FED-007,Capital University of Science & Technology,Private,Islamabad,Islamabad,1998,1,W4,Industrial Engineering,STEM,2024,2851,1480,1371,108,26.4,,196,,137,,8,3.52,63.5,,Mixed Urban-Rural,123920,12,4,Yes,CUST Entry Test,Medium,50% / 100 marks,15
PK-FED-007,Capital University of Science & Technology,Private,Islamabad,Islamabad,1998,1,W4,Industrial Engineering,STEM,2025,2742,1900,842,89,30.8,106,59,2577,67,47,62,,76.9,5.9,Mostly Urban,,4,,Yes,CUST Entry Test,Medium,50% / 100 marks,18
PK-FED-007,Capital University of Science & Technology,Private,Islamabad,Islamabad,1998,1,W4,Mechanical Engineering,STEM,2022,1759,781,978,60,29.3,91,340,1328,290,6,25,3.2,68,3.2,Mixed Urban-Rural,75732,12,35,Yes,CUST Entry Test,Medium,50% / 100 marks,17
PK-FED-007,Capital University of Science & Technology,Private,Islamabad,Islamabad,1998,1,W4,Mechanical Engineering,STEM,2023,2030,995,1035,75,27.1,65,231,1734,293,24,44,3.68,76.2,8.1,Mostly Rural,122844,,13,Yes,CUST Entry Test,Medium,50% / 100 marks,17
PK-FED-007,Capital University of Science & Technology,Private,Islamabad,Islamabad,1998,1,W4,Mechanical Engineering,STEM,2024,2037,789,1248,62,32.9,,79,,297,9,73,3.24,75,,,94361,7,20,Yes,CUST Entry Test,Medium,50% / 100 marks,15
PK-FED-007,Capital University of Science & Technology,Private,Islamabad,Islamabad,1998,1,W4,Mechanical Engineering,STEM,2025,2074,910,1164,63,32.9,97,,,158,,15,2.98,75,,Mostly Urban,109594,8,0,Yes,CUST Entry Test,Medium,50% / 100 marks,12
PK-FED-007,Capital University of Science & Technology,Private,Islamabad,Islamabad,1998,1,W4,Software Engineering,STEM,2022,3622,1847,1775,139,26.1,201,609,2812,719,3,22,3.47,76.7,3,,134062,2,16,Yes,CUST Entry Test,Medium,50% / 100 marks,18
PK-FED-007,Capital University of Science & Technology,Private,Islamabad,Islamabad,1998,1,W4,Software Engineering,STEM,2023,3180,1750,1430,99,32.1,188,248,2744,409,12,74,2.96,78.1,,Mostly Rural,101743,12,,Yes,CUST Entry Test,Medium,50% / 100 marks,17
PK-FED-007,Capital University of Science & Technology,Private,Islamabad,Islamabad,1998,1,W4,Software Engineering,STEM,2024,3514,2118,1396,109,32.2,102,159,3253,456,,59,,78.7,15.6,Mostly Urban,,10,,Yes,CUST Entry Test,Medium,50% / 100 marks,17
PK-FED-007,Capital University of Science & Technology,Private,Islamabad,Islamabad,1998,1,W4,Software Engineering,STEM,2025,3944,1647,2297,141,28,72,684,3188,564,16,71,3.33,76.4,,Mostly Rural,,20,29,Yes,CUST Entry Test,Medium,50% / 100 marks,
PK-FED-007,Capital University of Science & Technology,Private,Islamabad,Islamabad,1998,1,W4,Telecommunication,STEM,2022,3852,1550,2302,125,30.8,118,520,3214,24,56,49,3.55,80.6,3.1,Mostly Rural,79434,1,,Yes,CUST Entry Test,Medium,50% / 100 marks,14
PK-FED-007,Capital University of Science & Technology,Private,Islamabad,Islamabad,1998,1,W4,Telecommunication,STEM,2023,3987,1928,2059,140,28.5,256,63,3668,368,15,,3.5,81.9,16,Mostly Rural,,11,8,Yes,CUST Entry Test,Medium,50% / 100 marks,13
PK-FED-007,Capital University of Science & Technology,Private,Islamabad,Islamabad,1998,1,W4,Telecommunication,STEM,2024,3371,1719,1652,97,34.8,168,134,3069,591,,32,3.48,79.8,3.8,Mixed Urban-Rural,95501,14,9,Yes,CUST Entry Test,Medium,50% / 100 marks,13
PK-FED-007,Capital University of Science & Technology,Private,Islamabad,Islamabad,1998,1,W4,Telecommunication,STEM,2025,4008,2292,1716,166,24.1,211,310,3487,154,48,18,3.63,71.1,16.9,Mostly Urban,79632,,17,Yes,CUST Entry Test,Medium,50% / 100 marks,18
PK-FED-009,FAST – National University of Computer Sciences,Private,Islamabad,Islamabad,2000,14,W3,Chemistry,STEM,2022,1687,1044,643,50,33.7,94,324,1269,75,25,,3.02,58,,,124588,9,34,Yes,NU Entry Test (NUCES),Difficult,70% / 100 marks,14
PK-FED-009,FAST – National University of Computer Sciences,Private,Islamabad,Islamabad,2000,14,W3,Chemistry,STEM,2023,1874,844,1030,60,31.2,,316,,350,3,10,3.31,55.9,,Mostly Urban,128499,,34,Yes,NU Entry Test (NUCES),Difficult,70% / 100 marks,16
PK-FED-009,FAST – National University of Computer Sciences,Private,Islamabad,Islamabad,2000,14,W3,Chemistry,STEM,2024,1726,936,790,50,34.5,108,32,1586,120,57,29,3.51,55.3,9,Mixed Urban-Rural,124717,15,4,Yes,NU Entry Test (NUCES),Difficult,70% / 100 marks,16
PK-FED-009,FAST – National University of Computer Sciences,Private,Islamabad,Islamabad,2000,14,W3,Chemistry,STEM,2025,1817,1236,581,78,23.3,,104,,,44,12,3.67,52.3,11.9,Mostly Rural,72305,1,4,Yes,NU Entry Test (NUCES),Difficult,70% / 100 marks,
PK-FED-009,FAST – National University of Computer Sciences,Private,Islamabad,Islamabad,2000,14,W3,Civil Engineering,STEM,2022,484,222,262,14,34.6,35,38,411,46,42,46,3.47,70.3,16.3,Mostly Urban,103745,,10,Yes,NU Entry Test (NUCES),Difficult,70% / 100 marks,16
PK-FED-009,FAST – National University of Computer Sciences,Private,Islamabad,Islamabad,2000,14,W3,Civil Engineering,STEM,2023,475,206,269,16,29.7,8,47,420,19,,22,,62.9,10.8,Mostly Rural,100068,6,7,Yes,NU Entry Test (NUCES),Difficult,70% / 100 marks,11
PK-FED-009,FAST – National University of Computer Sciences,Private,Islamabad,Islamabad,2000,14,W3,Civil Engineering,STEM,2024,526,272,254,18,29.2,18,37,471,99,32,43,3.33,62.3,13.9,Mostly Urban,112947,2,,Yes,NU Entry Test (NUCES),Difficult,70% / 100 marks,16
PK-FED-009,FAST – National University of Computer Sciences,Private,Islamabad,Islamabad,2000,14,W3,Civil Engineering,STEM,2025,499,241,258,18,27.7,17,10,472,82,37,14,2.7,73.5,8.9,Mixed Urban-Rural,80486,2,23,Yes,NU Entry Test (NUCES),Difficult,70% / 100 marks,15
PK-FED-009,FAST – National University of Computer Sciences,Private,Islamabad,Islamabad,2000,14,W3,Computer Science,STEM,2022,1111,744,367,41,27.1,56,106,949,119,5,47,3.67,80,6.3,Mixed Urban-Rural,144289,5,30,Yes,NU Entry Test (NUCES),Difficult,70% / 100 marks,
PK-FED-009,FAST – National University of Computer Sciences,Private,Islamabad,Islamabad,2000,14,W3,Computer Science,STEM,2023,1410,787,623,53,26.6,22,70,1318,,58,51,3.14,88.9,15.2,Mostly Rural,129582,15,0,Yes,NU Entry Test (NUCES),Difficult,70% / 100 marks,16
PK-FED-009,FAST – National University of Computer Sciences,Private,Islamabad,Islamabad,2000,14,W3,Computer Science,STEM,2024,1196,576,620,39,30.7,15,126,1055,130,41,39,3.24,84.2,2.6,Mostly Rural,123804,4,1,Yes,NU Entry Test (NUCES),Difficult,70% / 100 marks,14
PK-FED-009,FAST – National University of Computer Sciences,Private,Islamabad,Islamabad,2000,14,W3,Computer Science,STEM,2025,1459,635,824,64,22.8,45,,,32,26,20,,79.1,12,Mostly Urban,172317,6,20,Yes,NU Entry Test (NUCES),Difficult,70% / 100 marks,11
PK-FED-009,FAST – National University of Computer Sciences,Private,Islamabad,Islamabad,2000,14,W3,Electrical Engineering,STEM,2022,1931,912,1019,62,31.1,124,83,1724,11,,48,2.84,73.8,,Mixed Urban-Rural,128224,18,7,Yes,NU Entry Test (NUCES),Difficult,70% / 100 marks,11
PK-FED-009,FAST – National University of Computer Sciences,Private,Islamabad,Islamabad,2000,14,W3,Electrical Engineering,STEM,2023,1836,1269,567,78,23.5,133,175,1528,358,52,,2.73,70.1,6.5,Mostly Rural,73659,,,Yes,NU Entry Test (NUCES),Difficult,70% / 100 marks,14
PK-FED-009,FAST – National University of Computer Sciences,Private,Islamabad,Islamabad,2000,14,W3,Electrical Engineering,STEM,2024,1741,1070,671,54,32.2,131,240,1370,,,58,2.67,69.2,,Mixed Urban-Rural,67648,7,,Yes,NU Entry Test (NUCES),Difficult,70% / 100 marks,10
PK-FED-009,FAST – National University of Computer Sciences,Private,Islamabad,Islamabad,2000,14,W3,Electrical Engineering,STEM,2025,1928,792,1136,58,33.2,145,,,261,39,47,3.39,83.1,14.1,Mixed Urban-Rural,77514,,13,Yes,NU Entry Test (NUCES),Difficult,70% / 100 marks,16
PK-FED-009,FAST – National University of Computer Sciences,Private,Islamabad,Islamabad,2000,14,W3,English Literature,Arts & Social Sciences,2022,1552,840,712,49,31.7,29,160,1363,186,27,16,,43,,Mixed Urban-Rural,102349,3,7,Yes,NU Entry Test (NUCES),Difficult,70% / 100 marks,14
PK-FED-009,FAST – National University of Computer Sciences,Private,Islamabad,Islamabad,2000,14,W3,English Literature,Arts & Social Sciences,2023,1448,775,673,45,32.2,8,243,1197,153,27,31,,51,7.6,Mixed Urban-Rural,68785,3,,Yes,NU Entry Test (NUCES),Difficult,70% / 100 marks,14
PK-FED-009,FAST – National University of Computer Sciences,Private,Islamabad,Islamabad,2000,14,W3,English Literature,Arts & Social Sciences,2024,1500,924,576,43,34.9,108,62,1330,,21,24,3.44,51.9,8.5,Mixed Urban-Rural,90779,12,25,Yes,NU Entry Test (NUCES),Difficult,70% / 100 marks,
PK-FED-009,FAST – National University of Computer Sciences,Private,Islamabad,Islamabad,2000,14,W3,English Literature,Arts & Social Sciences,2025,1775,983,792,74,24,,,,326,1,65,3.67,47.3,,Mixed Urban-Rural,97854,3,33,Yes,NU Entry Test (NUCES),Difficult,70% / 100 marks,16
PK-FED-009,FAST – National University of Computer Sciences,Private,Islamabad,Islamabad,2000,14,W3,Law,Arts & Social Sciences,2022,1967,1059,908,76,25.9,110,60,1797,281,60,72,3.11,73,6.7,Mostly Rural,,6,8,Yes,NU Entry Test (NUCES),Difficult,70% / 100 marks,15
PK-FED-009,FAST – National University of Computer Sciences,Private,Islamabad,Islamabad,2000,14,W3,Law,Arts & Social Sciences,2023,1957,1002,955,61,32.1,129,,,297,35,73,3.34,74.1,11.3,Mostly Urban,92281,5,22,Yes,NU Entry Test (NUCES),Difficult,70% / 100 marks,13
PK-FED-009,FAST – National University of Computer Sciences,Private,Islamabad,Islamabad,2000,14,W3,Law,Arts & Social Sciences,2024,2276,1316,960,71,32.1,63,159,2054,187,3,57,,75,16.5,Mixed Urban-Rural,99249,15,27,Yes,NU Entry Test (NUCES),Difficult,70% / 100 marks,10
PK-FED-009,FAST – National University of Computer Sciences,Private,Islamabad,Islamabad,2000,14,W3,Law,Arts & Social Sciences,2025,2223,1526,697,87,25.6,25,105,2093,204,6,43,2.97,76.1,9.8,Mostly Urban,102622,3,34,Yes,NU Entry Test (NUCES),Difficult,70% / 100 marks,13
PK-FED-009,FAST – National University of Computer Sciences,Private,Islamabad,Islamabad,2000,14,W3,Mathematics,STEM,2022,795,314,481,22,36.1,8,135,652,153,,14,3.32,56.4,5,Mixed Urban-Rural,94309,14,32,Yes,NU Entry Test (NUCES),Difficult,70% / 100 marks,13
PK-FED-009,FAST – National University of Computer Sciences,Private,Islamabad,Islamabad,2000,14,W3,Mathematics,STEM,2023,861,550,311,35,24.6,59,163,639,59,52,26,3.08,50.3,11.6,Mostly Rural,62848,8,,Yes,NU Entry Test (NUCES),Difficult,70% / 100 marks,13
PK-FED-009,FAST – National University of Computer Sciences,Private,Islamabad,Islamabad,2000,14,W3,Mathematics,STEM,2024,940,453,487,33,28.5,32,60,848,110,18,11,2.87,55.1,3.4,Mostly Rural,115838,2,17,Yes,NU Entry Test (NUCES),Difficult,70% / 100 marks,13
PK-FED-009,FAST – National University of Computer Sciences,Private,Islamabad,Islamabad,2000,14,W3,Mathematics,STEM,2025,849,397,452,26,32.7,10,76,763,129,3,8,3,60.5,16.4,Mixed Urban-Rural,66836,8,,Yes,NU Entry Test (NUCES),Difficult,70% / 100 marks,10
PK-FED-014,Institute of Space Technology,Public,Islamabad,Islamabad,2002,35,W2,Computer Science,STEM,2022,255,162,93,7,36.4,14,7,234,47,26,77,3.66,75.6,9.2,Mixed Urban-Rural,35062,13,,Yes,IST Entry Test,Difficult,70% / 100 marks,13
PK-FED-014,Institute of Space Technology,Public,Islamabad,Islamabad,2002,35,W2,Computer Science,STEM,2023,258,117,141,10,25.8,,,,5,26,56,3.42,88.1,15.4,Mostly Rural,19168,13,,Yes,IST Entry Test,Difficult,70% / 100 marks,14
PK-FED-014,Institute of Space Technology,Public,Islamabad,Islamabad,2002,35,W2,Computer Science,STEM,2024,284,187,97,8,35.5,13,45,226,16,20,52,3.46,83.2,9.8,Mostly Urban,25054,7,,Yes,IST Entry Test,Difficult,70% / 100 marks,16
PK-FED-014,Institute of Space Technology,Public,Islamabad,Islamabad,2002,35,W2,Computer Science,STEM,2025,251,96,155,7,35.9,4,40,207,10,1,72,3.59,76.4,7.4,Mixed Urban-Rural,43089,13,3,Yes,IST Entry Test,Difficult,70% / 100 marks,14
PK-FED-014,Institute of Space Technology,Public,Islamabad,Islamabad,2002,35,W2,Electrical Engineering,STEM,2022,387,165,222,17,22.8,28,9,350,20,,17,3.03,83.8,7.5,Mostly Rural,9438,3,26,Yes,IST Entry Test,Difficult,70% / 100 marks,16
PK-FED-014,Institute of Space Technology,Public,Islamabad,Islamabad,2002,35,W2,Electrical Engineering,STEM,2023,434,211,223,12,36.2,,44,,77,54,4,2.77,80.9,11.6,Mostly Urban,15968,17,9,Yes,IST Entry Test,Difficult,70% / 100 marks,15
PK-FED-014,Institute of Space Technology,Public,Islamabad,Islamabad,2002,35,W2,Electrical Engineering,STEM,2024,431,217,214,12,35.9,5,70,356,21,30,13,3.08,68.5,9.2,Mostly Urban,20652,9,6,Yes,IST Entry Test,Difficult,70% / 100 marks,15
PK-FED-014,Institute of Space Technology,Public,Islamabad,Islamabad,2002,35,W2,Electrical Engineering,STEM,2025,488,312,176,18,27.1,20,77,391,62,47,65,3.59,80.7,4.8,Mostly Urban,37452,9,18,Yes,IST Entry Test,Difficult,70% / 100 marks,12
PK-FED-014,Institute of Space Technology,Public,Islamabad,Islamabad,2002,35,W2,Industrial Engineering,STEM,2022,828,496,332,23,36,9,95,724,87,11,,2.95,67.6,14.4,Mostly Rural,,11,35,Yes,IST Entry Test,Difficult,70% / 100 marks,16
PK-FED-014,Institute of Space Technology,Public,Islamabad,Islamabad,2002,35,W2,Industrial Engineering,STEM,2023,715,340,375,28,25.5,48,81,586,24,41,80,2.65,65.5,2.3,Mostly Urban,15815,19,1,Yes,IST Entry Test,Difficult,70% / 100 marks,13
PK-FED-014,Institute of Space Technology,Public,Islamabad,Islamabad,2002,35,W2,Industrial Engineering,STEM,2024,783,468,315,23,34,58,86,639,,2,39,,77.8,2.6,Mostly Rural,27726,18,31,Yes,IST Entry Test,Difficult,70% / 100 marks,13
PK-FED-014,Institute of Space Technology,Public,Islamabad,Islamabad,2002,35,W2,Industrial Engineering,STEM,2025,875,449,426,28,31.2,1,82,792,163,,18,2.7,69.3,13.5,Mixed Urban-Rural,32174,2,2,Yes,IST Entry Test,Difficult,70% / 100 marks,15
PK-FED-014,Institute of Space Technology,Public,Islamabad,Islamabad,2002,35,W2,Mechanical Engineering,STEM,2022,234,113,121,9,26,4,9,221,15,37,51,3.05,75,16.1,Mostly Urban,16019,16,20,Yes,IST Entry Test,Difficult,70% / 100 marks,12
PK-FED-014,Institute of Space Technology,Public,Islamabad,Islamabad,2002,35,W2,Mechanical Engineering,STEM,2023,291,158,133,12,24.2,22,,,20,47,48,,76.3,2.5,Mostly Urban,33235,19,32,Yes,IST Entry Test,Difficult,70% / 100 marks,14
PK-FED-014,Institute of Space Technology,Public,Islamabad,Islamabad,2002,35,W2,Mechanical Engineering,STEM,2024,307,196,111,11,27.9,12,55,240,,,67,2.68,71.3,4.8,Mixed Urban-Rural,28129,5,6,Yes,IST Entry Test,Difficult,70% / 100 marks,14
PK-FED-014,Institute of Space Technology,Public,Islamabad,Islamabad,2002,35,W2,Mechanical Engineering,STEM,2025,309,142,167,9,34.3,2,13,294,33,7,,2.66,67,9.8,,14410,14,,Yes,IST Entry Test,Difficult,70% / 100 marks,15
PK-FED-014,Institute of Space Technology,Public,Islamabad,Islamabad,2002,35,W2,Software Engineering,STEM,2022,334,194,140,11,30.4,,34,,66,,9,3.57,83.9,10.3,Mostly Urban,34513,9,10,Yes,IST Entry Test,Difficult,70% / 100 marks,12
PK-FED-014,Institute of Space Technology,Public,Islamabad,Islamabad,2002,35,W2,Software Engineering,STEM,2023,381,189,192,14,27.2,7,8,366,66,54,15,3.66,85.5,7,Mostly Urban,36044,3,,Yes,IST Entry Test,Difficult,70% / 100 marks,12
PK-FED-014,Institute of Space Technology,Public,Islamabad,Islamabad,2002,35,W2,Software Engineering,STEM,2024,391,149,242,14,27.9,18,67,306,65,,,2.71,83.6,14,Mixed Urban-Rural,29998,18,31,Yes,IST Entry Test,Difficult,70% / 100 marks,14
PK-FED-014,Institute of Space Technology,Public,Islamabad,Islamabad,2002,35,W2,Software Engineering,STEM,2025,358,191,167,10,35.8,23,18,317,66,,69,2.76,80.8,15.6,Mixed Urban-Rural,24014,12,5,Yes,IST Entry Test,Difficult,70% / 100 marks,
PK-FED-014,Institute of Space Technology,Public,Islamabad,Islamabad,2002,35,W2,Telecommunication,STEM,2022,383,194,189,16,23.9,8,44,331,62,56,72,3.69,74.4,8,Mixed Urban-Rural,10693,20,,Yes,IST Entry Test,Difficult,70% / 100 marks,16
PK-FED-014,Institute of Space Technology,Public,Islamabad,Islamabad,2002,35,W2,Telecommunication,STEM,2023,387,221,166,11,35.2,4,37,346,,9,,2.92,75.6,12.5,Mostly Urban,9021,19,,Yes,IST Entry Test,Difficult,70% / 100 marks,12
PK-FED-014,Institute of Space Technology,Public,Islamabad,Islamabad,2002,35,W2,Telecommunication,STEM,2024,373,142,231,14,26.6,21,71,281,,50,,3.7,83.3,2.9,Mostly Urban,13289,12,24,Yes,IST Entry Test,Difficult,70% / 100 marks,15
PK-FED-014,Institute of Space Technology,Public,Islamabad,Islamabad,2002,35,W2,Telecommunication,STEM,2025,379,268,111,16,23.7,4,25,350,60,20,42,2.94,74.2,8.4,Mostly Rural,38222,14,,Yes,IST Entry Test,Difficult,70% / 100 marks,12
PK-FED-004,International Islamic University Islamabad,Public,Islamabad,Islamabad,1980,12,W3,Biology,STEM,2022,671,296,375,23,29.2,8,65,598,19,26,21,3.53,46.9,12.2,,20483,20,4,Yes,IIUI Entry Test,Medium,50% / 100 marks,36
PK-FED-004,International Islamic University Islamabad,Public,Islamabad,Islamabad,1980,12,W3,Biology,STEM,2023,678,433,245,21,32.3,7,122,549,8,12,45,3.04,51.9,13,Mostly Rural,29077,12,23,Yes,IIUI Entry Test,Medium,50% / 100 marks,32
PK-FED-004,International Islamic University Islamabad,Public,Islamabad,Islamabad,1980,12,W3,Biology,STEM,2024,760,417,343,32,23.8,14,4,742,99,2,43,3.06,58.7,16.9,Mixed Urban-Rural,29618,16,21,Yes,IIUI Entry Test,Medium,50% / 100 marks,33
PK-FED-004,International Islamic University Islamabad,Public,Islamabad,Islamabad,1980,12,W3,Biology,STEM,2025,736,485,251,21,35,31,138,567,95,,24,3.52,53.3,17.3,Mostly Urban,,14,,Yes,IIUI Entry Test,Medium,50% / 100 marks,35
PK-FED-004,International Islamic University Islamabad,Public,Islamabad,Islamabad,1980,12,W3,Economics,Business,2022,1582,981,601,71,22.3,1,,,13,,64,3.15,65.1,10.3,Mostly Urban,36218,,,Yes,IIUI Entry Test,Medium,50% / 100 marks,32
PK-FED-004,International Islamic University Islamabad,Public,Islamabad,Islamabad,1980,12,W3,Economics,Business,2023,1610,716,894,55,29.3,57,41,1512,,29,53,2.7,70,15.7,Mixed Urban-Rural,44221,,,Yes,IIUI Entry Test,Medium,50% / 100 marks,36
PK-FED-004,International Islamic University Islamabad,Public,Islamabad,Islamabad,1980,12,W3,Economics,Business,2024,1817,958,859,56,32.4,145,23,1649,26,57,15,3.2,66.1,12.8,Mostly Rural,19754,,9,Yes,IIUI Entry Test,Medium,50% / 100 marks,38
PK-FED-004,International Islamic University Islamabad,Public,Islamabad,Islamabad,1980,12,W3,Economics,Business,2025,1990,1238,752,73,27.3,35,352,1603,204,34,33,2.66,58.2,9.8,Mixed Urban-Rural,12981,13,20,Yes,IIUI Entry Test,Medium,50% / 100 marks,33
PK-FED-004,International Islamic University Islamabad,Public,Islamabad,Islamabad,1980,12,W3,English Literature,Arts & Social Sciences,2022,474,306,168,17,27.9,,31,,92,24,51,3.38,43.7,2.9,Mostly Urban,33534,,28,Yes,IIUI Entry Test,Medium,50% / 100 marks,38
PK-FED-004,International Islamic University Islamabad,Public,Islamabad,Islamabad,1980,12,W3,English Literature,Arts & Social Sciences,2023,462,217,245,19,24.3,5,41,416,18,,74,3.46,43,1.7,Mostly Urban,44669,6,10,Yes,IIUI Entry Test,Medium,50% / 100 marks,38
PK-FED-004,International Islamic University Islamabad,Public,Islamabad,Islamabad,1980,12,W3,English Literature,Arts & Social Sciences,2024,451,217,234,15,30.1,31,25,395,14,60,56,,41,3.7,Mostly Rural,32896,14,8,Yes,IIUI Entry Test,Medium,50% / 100 marks,36
PK-FED-004,International Islamic University Islamabad,Public,Islamabad,Islamabad,1980,12,W3,English Literature,Arts & Social Sciences,2025,486,284,202,15,32.4,36,41,409,42,40,53,2.73,47.7,15,Mixed Urban-Rural,43758,,13,Yes,IIUI Entry Test,Medium,50% / 100 marks,
PK-FED-004,International Islamic University Islamabad,Public,Islamabad,Islamabad,1980,12,W3,Information Technology,STEM,2022,1389,920,469,60,23.1,91,193,1105,,16,66,3.13,84.6,,Mixed Urban-Rural,41201,2,23,Yes,IIUI Entry Test,Medium,50% / 100 marks,37
PK-FED-004,International Islamic University Islamabad,Public,Islamabad,Islamabad,1980,12,W3,Information Technology,STEM,2023,1414,927,487,47,30.1,72,204,1138,186,,,2.72,85.6,7,Mixed Urban-Rural,22549,19,23,Yes,IIUI Entry Test,Medium,50% / 100 marks,
PK-FED-004,International Islamic University Islamabad,Public,Islamabad,Islamabad,1980,12,W3,Information Technology,STEM,2024,1357,872,485,45,30.2,,72,,156,5,6,3.17,79,7.2,Mixed Urban-Rural,14397,3,7,Yes,IIUI Entry Test,Medium,50% / 100 marks,34
PK-FED-004,International Islamic University Islamabad,Public,Islamabad,Islamabad,1980,12,W3,Information Technology,STEM,2025,1274,632,642,54,23.6,59,103,1112,146,,34,3.04,83.8,4.6,Mostly Rural,20931,7,4,Yes,IIUI Entry Test,Medium,50% / 100 marks,34
PK-FED-004,International Islamic University Islamabad,Public,Islamabad,Islamabad,1980,12,W3,Law,Arts & Social Sciences,2022,1430,967,463,58,24.7,49,58,1323,255,40,36,3.5,70.2,15.5,Mixed Urban-Rural,27493,,,Yes,IIUI Entry Test,Medium,50% / 100 marks,
PK-FED-004,International Islamic University Islamabad,Public,Islamabad,Islamabad,1980,12,W3,Law,Arts & Social Sciences,2023,1494,722,772,61,24.5,88,88,1318,201,31,56,2.95,76.1,9.6,Mostly Urban,11513,7,35,Yes,IIUI Entry Test,Medium,50% / 100 marks,38
PK-FED-004,International Islamic University Islamabad,Public,Islamabad,Islamabad,1980,12,W3,Law,Arts & Social Sciences,2024,1702,933,769,55,30.9,74,,,294,,65,3.22,71.7,6.3,Mostly Urban,40460,9,23,Yes,IIUI Entry Test,Medium,50% / 100 marks,37
PK-FED-004,International Islamic University Islamabad,Public,Islamabad,Islamabad,1980,12,W3,Law,Arts & Social Sciences,2025,1773,1129,644,55,32.2,8,178,1587,,48,57,2.73,72.1,2.9,Mixed Urban-Rural,21754,20,10,Yes,IIUI Entry Test,Medium,50% / 100 marks,33
PK-FED-004,International Islamic University Islamabad,Public,Islamabad,Islamabad,1980,12,W3,Mass Communication,Arts & Social Sciences,2022,1517,683,834,61,24.9,73,263,1181,91,45,38,,54.9,12.7,Mostly Rural,34974,5,8,Yes,IIUI Entry Test,Medium,50% / 100 marks,32
PK-FED-004,International Islamic University Islamabad,Public,Islamabad,Islamabad,1980,12,W3,Mass Communication,Arts & Social Sciences,2023,1623,1009,614,49,33.1,115,,,,40,65,3.42,66.2,14.2,Mostly Rural,32187,1,5,Yes,IIUI Entry Test,Medium,50% / 100 marks,36
PK-FED-004,International Islamic University Islamabad,Public,Islamabad,Islamabad,1980,12,W3,Mass Communication,Arts & Social Sciences,2024,1884,1009,875,61,30.9,68,145,1671,116,52,,3.13,59.7,11,,11172,15,,Yes,IIUI Entry Test,Medium,50% / 100 marks,35
PK-FED-004,International Islamic University Islamabad,Public,Islamabad,Islamabad,1980,12,W3,Mass Communication,Arts & Social Sciences,2025,2033,881,1152,72,28.2,70,,,159,,19,3.31,69.9,2.9,Mixed Urban-Rural,,8,5,Yes,IIUI Entry Test,Medium,50% / 100 marks,33
PK-FED-004,International Islamic University Islamabad,Public,Islamabad,Islamabad,1980,12,W3,Political Science,Arts & Social Sciences,2022,1662,752,910,72,23.1,,67,,,52,59,,47.5,5.3,Mostly Rural,14763,,8,Yes,IIUI Entry Test,Medium,50% / 100 marks,37
PK-FED-004,International Islamic University Islamabad,Public,Islamabad,Islamabad,1980,12,W3,Political Science,Arts & Social Sciences,2023,1979,1207,772,86,23,,351,,374,47,24,2.75,47,5.1,Mostly Rural,33167,5,5,Yes,IIUI Entry Test,Medium,50% / 100 marks,36
PK-FED-004,International Islamic University Islamabad,Public,Islamabad,Islamabad,1980,12,W3,Political Science,Arts & Social Sciences,2024,1859,1086,773,59,31.5,130,200,1529,342,13,6,3.65,42.6,2.4,Mixed Urban-Rural,15388,17,0,Yes,IIUI Entry Test,Medium,50% / 100 marks,32
PK-FED-004,International Islamic University Islamabad,Public,Islamabad,Islamabad,1980,12,W3,Political Science,Arts & Social Sciences,2025,2282,1591,691,96,23.8,,7,,93,49,49,,51.8,2.2,Mixed Urban-Rural,41201,14,25,Yes,IIUI Entry Test,Medium,50% / 100 marks,38
PK-FED-004,International Islamic University Islamabad,Public,Islamabad,Islamabad,1980,12,W3,Psychology,Arts & Social Sciences,2022,587,330,257,24,24.5,37,106,444,108,,,3.08,53.3,12.1,,23639,,29,Yes,IIUI Entry Test,Medium,50% / 100 marks,37
PK-FED-004,International Islamic University Islamabad,Public,Islamabad,Islamabad,1980,12,W3,Psychology,Arts & Social Sciences,2023,606,241,365,19,31.9,22,100,484,94,,4,3.42,62.5,5.8,Mostly Urban,15736,14,4,Yes,IIUI Entry Test,Medium,50% / 100 marks,35
PK-FED-004,International Islamic University Islamabad,Public,Islamabad,Islamabad,1980,12,W3,Psychology,Arts & Social Sciences,2024,575,409,166,19,30.3,,114,,77,,10,3.16,59.9,13.4,Mostly Urban,,,9,Yes,IIUI Entry Test,Medium,50% / 100 marks,35
PK-FED-004,International Islamic University Islamabad,Public,Islamabad,Islamabad,1980,12,W3,Psychology,Arts & Social Sciences,2025,581,410,171,25,23.2,4,15,562,36,46,56,3.48,64.8,16.4,,34275,10,19,Yes,IIUI Entry Test,Medium,50% / 100 marks,35
PK-FED-004,International Islamic University Islamabad,Public,Islamabad,Islamabad,1980,12,W3,Urdu,Arts & Social Sciences,2022,963,515,448,35,27.5,69,62,832,156,49,34,,38.7,16.9,Mostly Urban,8628,13,19,Yes,IIUI Entry Test,Medium,50% / 100 marks,38
PK-FED-004,International Islamic University Islamabad,Public,Islamabad,Islamabad,1980,12,W3,Urdu,Arts & Social Sciences,2023,1007,564,443,40,25.2,66,95,846,187,2,,3.16,41.9,13.8,,33844,14,8,Yes,IIUI Entry Test,Medium,50% / 100 marks,34
PK-FED-004,International Islamic University Islamabad,Public,Islamabad,Islamabad,1980,12,W3,Urdu,Arts & Social Sciences,2024,1077,504,573,41,26.3,74,27,976,74,60,44,3.19,46.8,9.2,Mostly Rural,21607,4,,Yes,IIUI Entry Test,Medium,50% / 100 marks,34
PK-FED-004,International Islamic University Islamabad,Public,Islamabad,Islamabad,1980,12,W3,Urdu,Arts & Social Sciences,2025,1275,616,659,40,31.9,6,133,1136,,22,44,3.54,43.7,4.4,Mostly Rural,44052,,7,Yes,IIUI Entry Test,Medium,50% / 100 marks,36
PK-FED-008,National University of Modern Languages,Public,Islamabad,Islamabad,1969,22,W2,Computer Science,STEM,2022,581,387,194,20,29.1,26,1,554,22,,52,3.34,84.4,17.2,,21406,15,31,Yes,NUML Entry Test,Easy,40% / 100 marks,19
PK-FED-008,National University of Modern Languages,Public,Islamabad,Islamabad,1969,22,W2,Computer Science,STEM,2023,693,467,226,20,34.6,47,137,509,102,25,80,3.17,80.8,16,Mostly Urban,10779,13,2,Yes,NUML Entry Test,Easy,40% / 100 marks,15
PK-FED-008,National University of Modern Languages,Public,Islamabad,Islamabad,1969,22,W2,Computer Science,STEM,2024,695,386,309,23,30.2,3,36,656,78,27,53,,74.8,12.2,Mixed Urban-Rural,19781,13,28,Yes,NUML Entry Test,Easy,40% / 100 marks,
PK-FED-008,National University of Modern Languages,Public,Islamabad,Islamabad,1969,22,W2,Computer Science,STEM,2025,627,334,293,18,34.8,45,11,571,93,45,14,3,88.3,,Mixed Urban-Rural,33171,6,24,Yes,NUML Entry Test,Easy,40% / 100 marks,15
PK-FED-008,National University of Modern Languages,Public,Islamabad,Islamabad,1969,22,W2,Education,Arts & Social Sciences,2022,206,142,64,7,29.4,14,11,181,8,19,21,2.82,68.6,,,24587,16,0,Yes,NUML Entry Test,Easy,40% / 100 marks,15
PK-FED-008,National University of Modern Languages,Public,Islamabad,Islamabad,1969,22,W2,Education,Arts & Social Sciences,2023,206,112,94,8,25.8,8,35,163,,15,59,2.66,68.6,4.9,Mixed Urban-Rural,17527,20,5,Yes,NUML Entry Test,Easy,40% / 100 marks,20
PK-FED-008,National University of Modern Languages,Public,Islamabad,Islamabad,1969,22,W2,Education,Arts & Social Sciences,2024,185,96,89,7,26.4,14,,,16,47,79,3.5,68.8,6.8,,44075,4,17,Yes,NUML Entry Test,Easy,40% / 100 marks,16
PK-FED-008,National University of Modern Languages,Public,Islamabad,Islamabad,1969,22,W2,Education,Arts & Social Sciences,2025,206,107,99,8,25.8,9,20,177,38,30,,3.62,61.3,11,Mixed Urban-Rural,40531,6,14,Yes,NUML Entry Test,Easy,40% / 100 marks,17
PK-FED-008,National University of Modern Languages,Public,Islamabad,Islamabad,1969,22,W2,English Literature,Arts & Social Sciences,2022,831,370,461,35,23.7,27,,,111,21,29,2.94,47.4,6.1,Mostly Urban,29228,11,1,Yes,NUML Entry Test,Easy,40% / 100 marks,15
PK-FED-008,National University of Modern Languages,Public,Islamabad,Islamabad,1969,22,W2,English Literature,Arts & Social Sciences,2023,982,437,545,29,33.9,,137,,170,,63,3.62,54.8,9.1,Mixed Urban-Rural,,11,1,Yes,NUML Entry Test,Easy,40% / 100 marks,18
PK-FED-008,National University of Modern Languages,Public,Islamabad,Islamabad,1969,22,W2,English Literature,Arts & Social Sciences,2024,874,535,339,26,33.6,21,99,754,12,24,22,2.94,54.2,3.4,Mostly Urban,10072,8,19,Yes,NUML Entry Test,Easy,40% / 100 marks,18
PK-FED-008,National University of Modern Languages,Public,Islamabad,Islamabad,1969,22,W2,English Literature,Arts & Social Sciences,2025,905,436,469,38,23.8,24,123,758,11,57,14,2.76,52.6,10.1,Mostly Urban,41826,2,33,Yes,NUML Entry Test,Easy,40% / 100 marks,19
PK-FED-008,National University of Modern Languages,Public,Islamabad,Islamabad,1969,22,W2,Environmental Science,STEM,2022,236,164,72,7,33.7,9,,,7,,,2.82,56.5,12,Mostly Rural,42883,9,,Yes,NUML Entry Test,Easy,40% / 100 marks,14
PK-FED-008,National University of Modern Languages,Public,Islamabad,Islamabad,1969,22,W2,Environmental Science,STEM,2023,263,101,162,8,32.9,9,10,244,22,,47,2.97,55.2,,,16524,2,,Yes,NUML Entry Test,Easy,40% / 100 marks,
PK-FED-008,National University of Modern Languages,Public,Islamabad,Islamabad,1969,22,W2,Environmental Science,STEM,2024,257,134,123,10,25.7,17,,,24,12,60,2.7,56.5,14.1,,38688,15,14,Yes,NUML Entry Test,Easy,40% / 100 marks,14
PK-FED-008,National University of Modern Languages,Public,Islamabad,Islamabad,1969,22,W2,Environmental Science,STEM,2025,272,186,86,10,27.2,,30,,25,1,45,3.26,52.8,4.3,Mixed Urban-Rural,14745,11,4,Yes,NUML Entry Test,Easy,40% / 100 marks,14
PK-FED-008,National University of Modern Languages,Public,Islamabad,Islamabad,1969,22,W2,History,Arts & Social Sciences,2022,462,238,224,16,28.9,27,43,392,48,44,64,2.69,41.9,5.4,Mixed Urban-Rural,39891,18,,Yes,NUML Entry Test,Easy,40% / 100 marks,18
PK-FED-008,National University of Modern Languages,Public,Islamabad,Islamabad,1969,22,W2,History,Arts & Social Sciences,2023,471,228,243,17,27.7,5,17,449,53,41,79,2.6,41.6,16.4,Mostly Rural,17779,19,13,Yes,NUML Entry Test,Easy,40% / 100 marks,17
PK-FED-008,National University of Modern Languages,Public,Islamabad,Islamabad,1969,22,W2,History,Arts & Social Sciences,2024,514,250,264,17,30.2,,51,,49,37,58,,46.6,15.6,,11481,12,,Yes,NUML Entry Test,Easy,40% / 100 marks,17
PK-FED-008,National University of Modern Languages,Public,Islamabad,Islamabad,1969,22,W2,History,Arts & Social Sciences,2025,482,188,294,17,28.4,,71,,60,42,51,2.77,41.4,16.8,Mostly Urban,16227,5,31,Yes,NUML Entry Test,Easy,40% / 100 marks,
PK-FED-008,National University of Modern Languages,Public,Islamabad,Islamabad,1969,22,W2,Information Technology,STEM,2022,810,580,230,35,23.1,,141,,159,39,61,3.07,81.3,7.8,Mixed Urban-Rural,,17,34,Yes,NUML Entry Test,Easy,40% / 100 marks,16
PK-FED-008,National University of Modern Languages,Public,Islamabad,Islamabad,1969,22,W2,Information Technology,STEM,2023,871,340,531,38,22.9,35,20,816,25,,77,3.29,78.7,11.6,Mixed Urban-Rural,13117,10,21,Yes,NUML Entry Test,Easy,40% / 100 marks,18
PK-FED-008,National University of Modern Languages,Public,Islamabad,Islamabad,1969,22,W2,Information Technology,STEM,2024,892,342,550,31,28.8,38,144,710,80,2,45,3.23,85.5,11.9,Mixed Urban-Rural,27120,,8,Yes,NUML Entry Test,Easy,40% / 100 marks,19
PK-FED-008,National University of Modern Languages,Public,Islamabad,Islamabad,1969,22,W2,Information Technology,STEM,2025,914,611,303,35,26.1,,38,,,,35,3.46,73.1,7.6,Mostly Urban,19849,3,9,Yes,NUML Entry Test,Easy,40% / 100 marks,14
PK-FED-008,National University of Modern Languages,Public,Islamabad,Islamabad,1969,22,W2,Law,Arts & Social Sciences,2022,696,362,334,25,27.8,52,42,602,93,,24,3.64,75.6,9.4,Mixed Urban-Rural,23313,9,,Yes,NUML Entry Test,Easy,40% / 100 marks,14
PK-FED-008,National University of Modern Languages,Public,Islamabad,Islamabad,1969,22,W2,Law,Arts & Social Sciences,2023,744,285,459,21,35.4,22,110,612,15,,70,2.9,72.2,12.3,Mostly Rural,24734,8,12,Yes,NUML Entry Test,Easy,40% / 100 marks,18
PK-FED-008,National University of Modern Languages,Public,Islamabad,Islamabad,1969,22,W2,Law,Arts & Social Sciences,2024,709,432,277,20,35.5,33,114,562,,,,2.64,70,13.5,Mixed Urban-Rural,11727,7,7,Yes,NUML Entry Test,Easy,40% / 100 marks,14
PK-FED-008,National University of Modern Languages,Public,Islamabad,Islamabad,1969,22,W2,Law,Arts & Social Sciences,2025,765,321,444,23,33.3,18,19,728,52,44,75,3.07,67.1,16.7,Mostly Urban,29194,2,21,Yes,NUML Entry Test,Easy,40% / 100 marks,16
PK-FED-008,National University of Modern Languages,Public,Islamabad,Islamabad,1969,22,W2,Mathematics,STEM,2022,198,129,69,8,24.8,,13,,16,6,28,2.88,51.1,3.3,,,15,,Yes,NUML Entry Test,Easy,40% / 100 marks,15
PK-FED-008,National University of Modern Languages,Public,Islamabad,Islamabad,1969,22,W2,Mathematics,STEM,2023,219,131,88,9,24.3,15,25,179,30,32,22,3.19,50.6,14.4,Mostly Rural,,,22,Yes,NUML Entry Test,Easy,40% / 100 marks,15
PK-FED-008,National University of Modern Languages,Public,Islamabad,Islamabad,1969,22,W2,Mathematics,STEM,2024,217,104,113,9,24.1,9,11,197,26,,49,2.93,66,17.5,Mostly Rural,14997,15,8,Yes,NUML Entry Test,Easy,40% / 100 marks,19
PK-FED-008,National University of Modern Languages,Public,Islamabad,Islamabad,1969,22,W2,Mathematics,STEM,2025,208,80,128,5,41.6,0,,,36,53,72,2.65,53.8,,Mixed Urban-Rural,42283,18,,Yes,NUML Entry Test,Easy,40% / 100 marks,18
PK-FED-008,National University of Modern Languages,Public,Islamabad,Islamabad,1969,22,W2,Pharmacy,STEM,2022,695,281,414,22,31.6,,12,,16,41,,,79.8,15,Mostly Urban,12191,,14,Yes,NUML Entry Test,Easy,40% / 100 marks,20
PK-FED-008,National University of Modern Languages,Public,Islamabad,Islamabad,1969,22,W2,Pharmacy,STEM,2023,691,310,381,26,26.6,2,85,604,40,50,54,3.43,85.4,,Mostly Rural,32243,19,,Yes,NUML Entry Test,Easy,40% / 100 marks,19
PK-FED-008,National University of Modern Languages,Public,Islamabad,Islamabad,1969,22,W2,Pharmacy,STEM,2024,722,482,240,24,30.1,45,72,605,6,,,3.36,84.4,14.8,Mostly Rural,25756,6,2,Yes,NUML Entry Test,Easy,40% / 100 marks,19
PK-FED-008,National University of Modern Languages,Public,Islamabad,Islamabad,1969,22,W2,Pharmacy,STEM,2025,843,525,318,28,30.1,,24,,6,12,41,3.16,73.4,15.7,Mostly Urban,21638,,,Yes,NUML Entry Test,Easy,40% / 100 marks,15
PK-FED-008,National University of Modern Languages,Public,Islamabad,Islamabad,1969,22,W2,Statistics,STEM,2022,634,275,359,18,35.2,2,6,626,47,56,29,3.13,55.9,4.4,Mixed Urban-Rural,23420,14,,Yes,NUML Entry Test,Easy,40% / 100 marks,16
PK-FED-008,National University of Modern Languages,Public,Islamabad,Islamabad,1969,22,W2,Statistics,STEM,2023,688,337,351,21,32.8,,13,,56,14,,3.1,60.2,3.9,Mostly Urban,16939,9,8,Yes,NUML Entry Test,Easy,40% / 100 marks,18
PK-FED-008,National University of Modern Languages,Public,Islamabad,Islamabad,1969,22,W2,Statistics,STEM,2024,605,346,259,23,26.3,40,115,450,48,18,56,2.7,56.8,17.5,Mostly Urban,40061,15,27,Yes,NUML Entry Test,Easy,40% / 100 marks,20
PK-FED-008,National University of Modern Languages,Public,Islamabad,Islamabad,1969,22,W2,Statistics,STEM,2025,744,345,399,28,26.6,,129,,6,2,78,3.13,64.3,,Mostly Urban,14422,,26,Yes,NUML Entry Test,Easy,40% / 100 marks,15
PK-FED-002,National University of Sciences & Technology,Public,Islamabad,Islamabad,1991,3,W4,Civil Engineering,STEM,2022,922,608,314,39,23.6,34,137,751,116,,61,3.25,75.4,9.2,Mostly Urban,24088,15,29,Yes,Own Entry Test,Easy,40% / 100 marks,55
PK-FED-002,National University of Sciences & Technology,Public,Islamabad,Islamabad,1991,3,W4,Civil Engineering,STEM,2023,899,545,354,34,26.4,35,132,732,71,56,65,3.14,67.9,2.9,Mostly Rural,39201,1,,Yes,Own Entry Test,Easy,40% / 100 marks,55
PK-FED-002,National University of Sciences & Technology,Public,Islamabad,Islamabad,1991,3,W4,Civil Engineering,STEM,2024,853,524,329,32,26.7,39,30,784,145,44,70,3.65,69.3,6.7,Mostly Rural,20552,19,33,Yes,Own Entry Test,Easy,40% / 100 marks,53
PK-FED-002,National University of Sciences & Technology,Public,Islamabad,Islamabad,1991,3,W4,Civil Engineering,STEM,2025,966,689,277,29,33.3,,,,,17,41,3.43,64.7,17.1,Mostly Rural,8803,11,,Yes,Own Entry Test,Easy,40% / 100 marks,53
PK-FED-002,National University of Sciences & Technology,Public,Islamabad,Islamabad,1991,3,W4,Computer Science,STEM,2022,950,639,311,40,23.8,38,,,18,,76,3.26,75,10.7,Mostly Rural,42247,19,19,Yes,Own Entry Test,Easy,40% / 100 marks,49
PK-FED-002,National University of Sciences & Technology,Public,Islamabad,Islamabad,1991,3,W4,Computer Science,STEM,2023,1067,427,640,30,35.6,,,,25,,30,3.25,75.6,,Mostly Rural,23170,15,,Yes,Own Entry Test,Easy,40% / 100 marks,52
PK-FED-002,National University of Sciences & Technology,Public,Islamabad,Islamabad,1991,3,W4,Computer Science,STEM,2024,1016,477,539,31,32.8,18,,,144,9,28,3.23,83.4,6.6,Mostly Rural,16149,9,31,Yes,Own Entry Test,Easy,40% / 100 marks,48
PK-FED-002,National University of Sciences & Technology,Public,Islamabad,Islamabad,1991,3,W4,Computer Science,STEM,2025,1104,643,461,32,34.5,75,195,834,,53,6,,85.8,5.9,Mostly Rural,38834,6,27,Yes,Own Entry Test,Easy,40% / 100 marks,49
PK-FED-002,National University of Sciences & Technology,Public,Islamabad,Islamabad,1991,3,W4,Electrical Engineering,STEM,2022,3656,2593,1063,130,28.1,205,563,2888,342,31,16,,74.5,,Mostly Rural,15597,1,34,Yes,Own Entry Test,Easy,40% / 100 marks,
PK-FED-002,National University of Sciences & Technology,Public,Islamabad,Islamabad,1991,3,W4,Electrical Engineering,STEM,2023,3503,1395,2108,121,29,224,496,2783,213,8,59,3.27,78,,Mostly Urban,18379,3,7,Yes,Own Entry Test,Easy,40% / 100 marks,53
PK-FED-002,National University of Sciences & Technology,Public,Islamabad,Islamabad,1991,3,W4,Electrical Engineering,STEM,2024,3621,1520,2101,110,32.9,282,195,3144,430,30,68,3.55,76,9.9,Mixed Urban-Rural,35193,1,19,Yes,Own Entry Test,Easy,40% / 100 marks,49
PK-FED-002,National University of Sciences & Technology,Public,Islamabad,Islamabad,1991,3,W4,Electrical Engineering,STEM,2025,4079,2354,1725,133,30.7,164,714,3201,570,24,64,3.05,81.8,7.8,Mostly Rural,38996,5,2,Yes,Own Entry Test,Easy,40% / 100 marks,49
PK-FED-002,National University of Sciences & Technology,Public,Islamabad,Islamabad,1991,3,W4,Industrial Engineering,STEM,2022,1317,764,553,39,33.8,19,,,12,26,70,3.04,76,5.9,Mixed Urban-Rural,29532,11,31,Yes,Own Entry Test,Easy,40% / 100 marks,56
PK-FED-002,National University of Sciences & Technology,Public,Islamabad,Islamabad,1991,3,W4,Industrial Engineering,STEM,2023,1492,585,907,65,23,111,85,1296,227,48,32,,72.1,16.4,Mostly Rural,27226,,11,Yes,Own Entry Test,Easy,40% / 100 marks,56
PK-FED-002,National University of Sciences & Technology,Public,Islamabad,Islamabad,1991,3,W4,Industrial Engineering,STEM,2024,1303,530,773,39,33.4,85,,,,16,77,2.77,71.9,16.4,Mostly Rural,30646,14,29,Yes,Own Entry Test,Easy,40% / 100 marks,48
PK-FED-002,National University of Sciences & Technology,Public,Islamabad,Islamabad,1991,3,W4,Industrial Engineering,STEM,2025,1583,708,875,58,27.3,,202,,156,18,76,3.42,69.7,10.8,Mostly Rural,,10,14,Yes,Own Entry Test,Easy,40% / 100 marks,51
PK-FED-002,National University of Sciences & Technology,Public,Islamabad,Islamabad,1991,3,W4,Mechanical Engineering,STEM,2022,3524,1601,1923,144,24.5,17,134,3373,647,19,20,3.42,68,,Mostly Rural,16661,9,16,Yes,Own Entry Test,Easy,40% / 100 marks,55
PK-FED-002,National University of Sciences & Technology,Public,Islamabad,Islamabad,1991,3,W4,Mechanical Engineering,STEM,2023,3757,2633,1124,108,34.8,203,570,2984,82,,17,,68.7,14.5,Mixed Urban-Rural,37804,19,23,Yes,Own Entry Test,Easy,40% / 100 marks,48
PK-FED-002,National University of Sciences & Technology,Public,Islamabad,Islamabad,1991,3,W4,Mechanical Engineering,STEM,2024,3200,1470,1730,143,22.4,59,38,3103,480,19,31,,78.1,9.6,Mostly Rural,16890,18,9,Yes,Own Entry Test,Easy,40% / 100 marks,53
PK-FED-002,National University of Sciences & Technology,Public,Islamabad,Islamabad,1991,3,W4,Mechanical Engineering,STEM,2025,3984,2401,1583,121,32.9,120,101,3763,,28,38,3.31,73.9,7.6,Mostly Urban,,15,,Yes,Own Entry Test,Easy,40% / 100 marks,49
PK-FED-002,National University of Sciences & Technology,Public,Islamabad,Islamabad,1991,3,W4,Software Engineering,STEM,2022,1724,1005,719,77,22.4,53,119,1552,110,,19,2.6,88.6,3.9,Mixed Urban-Rural,17482,6,,Yes,Own Entry Test,Easy,40% / 100 marks,
PK-FED-002,National University of Sciences & Technology,Public,Islamabad,Islamabad,1991,3,W4,Software Engineering,STEM,2023,1887,801,1086,70,27,29,243,1615,31,,5,3.1,88.6,7.5,Mixed Urban-Rural,10841,15,1,Yes,Own Entry Test,Easy,40% / 100 marks,55
PK-FED-002,National University of Sciences & Technology,Public,Islamabad,Islamabad,1991,3,W4,Software Engineering,STEM,2024,1604,870,734,58,27.7,16,319,1269,,,59,3.69,87,10.5,Mostly Rural,37734,,35,Yes,Own Entry Test,Easy,40% / 100 marks,56
PK-FED-002,National University of Sciences & Technology,Public,Islamabad,Islamabad,1991,3,W4,Software Engineering,STEM,2025,1949,883,1066,69,28.2,65,78,1806,378,,61,,79.7,9.3,,36303,5,35,Yes,Own Entry Test,Easy,40% / 100 marks,50
PK-FED-015,Pakistan Institute of Development Economics,Public,Islamabad,Islamabad,1957,40,W2,Biology,STEM,2022,551,314,237,15,36.7,36,6,509,79,8,41,2.61,49.7,8,Mostly Urban,41948,,6,Yes,PIDE Entry Test,Medium,60% / 100 marks,10
PK-FED-015,Pakistan Institute of Development Economics,Public,Islamabad,Islamabad,1957,40,W2,Biology,STEM,2023,621,256,365,24,25.9,3,66,552,,32,10,2.85,50.7,13.7,Mostly Rural,18143,1,12,Yes,PIDE Entry Test,Medium,60% / 100 marks,10
PK-FED-015,Pakistan Institute of Development Economics,Public,Islamabad,Islamabad,1957,40,W2,Biology,STEM,2024,606,230,376,20,30.3,25,,,65,,,3.68,44.9,,Mixed Urban-Rural,43829,20,,Yes,PIDE Entry Test,Medium,60% / 100 marks,8
PK-FED-015,Pakistan Institute of Development Economics,Public,Islamabad,Islamabad,1957,40,W2,Biology,STEM,2025,631,244,387,26,24.3,42,75,514,74,30,68,3.37,54.9,12.5,Mostly Urban,35321,,24,Yes,PIDE Entry Test,Medium,60% / 100 marks,10
PK-FED-015,Pakistan Institute of Development Economics,Public,Islamabad,Islamabad,1957,40,W2,Economics,Business,2022,164,64,100,5,32.8,2,32,130,19,29,48,3.16,67.5,16.4,Mixed Urban-Rural,17922,15,8,Yes,PIDE Entry Test,Medium,60% / 100 marks,8
PK-FED-015,Pakistan Institute of Development Economics,Public,Islamabad,Islamabad,1957,40,W2,Economics,Business,2023,158,101,57,6,26.3,8,16,134,20,11,64,3.65,63.3,,,34461,,14,Yes,PIDE Entry Test,Medium,60% / 100 marks,11
PK-FED-015,Pakistan Institute of Development Economics,Public,Islamabad,Islamabad,1957,40,W2,Economics,Business,2024,156,64,92,5,31.2,12,4,140,,46,33,2.64,64.6,,Mixed Urban-Rural,36936,1,20,Yes,PIDE Entry Test,Medium,60% / 100 marks,12
PK-FED-015,Pakistan Institute of Development Economics,Public,Islamabad,Islamabad,1957,40,W2,Economics,Business,2025,161,85,76,6,26.8,2,12,147,19,14,28,,67.2,,Mostly Urban,14304,12,34,Yes,PIDE Entry Test,Medium,60% / 100 marks,10
PK-FED-015,Pakistan Institute of Development Economics,Public,Islamabad,Islamabad,1957,40,W2,Education,Arts & Social Sciences,2022,214,130,84,6,35.7,17,4,193,41,32,27,3.23,69.7,11.8,Mostly Urban,41898,2,21,Yes,PIDE Entry Test,Medium,60% / 100 marks,9
PK-FED-015,Pakistan Institute of Development Economics,Public,Islamabad,Islamabad,1957,40,W2,Education,Arts & Social Sciences,2023,205,135,70,7,29.3,,33,,,18,48,2.66,71.3,9.8,Mostly Rural,15266,2,16,Yes,PIDE Entry Test,Medium,60% / 100 marks,10
PK-FED-015,Pakistan Institute of Development Economics,Public,Islamabad,Islamabad,1957,40,W2,Education,Arts & Social Sciences,2024,222,151,71,9,24.7,1,4,217,8,4,45,2.69,61.3,11.4,Mostly Urban,16484,,14,Yes,PIDE Entry Test,Medium,60% / 100 marks,11
PK-FED-015,Pakistan Institute of Development Economics,Public,Islamabad,Islamabad,1957,40,W2,Education,Arts & Social Sciences,2025,256,134,122,9,28.4,19,43,194,6,51,5,3.03,71.6,1.8,Mostly Rural,16207,4,23,Yes,PIDE Entry Test,Medium,60% / 100 marks,8
PK-FED-015,Pakistan Institute of Development Economics,Public,Islamabad,Islamabad,1957,40,W2,English Literature,Arts & Social Sciences,2022,472,249,223,20,23.6,,7,,73,51,32,2.8,43.7,,Mixed Urban-Rural,,10,,Yes,PIDE Entry Test,Medium,60% / 100 marks,11
PK-FED-015,Pakistan Institute of Development Economics,Public,Islamabad,Islamabad,1957,40,W2,English Literature,Arts & Social Sciences,2023,517,312,205,16,32.3,14,38,465,99,57,29,3.32,41.2,14.4,Mixed Urban-Rural,25533,2,26,Yes,PIDE Entry Test,Medium,60% / 100 marks,10
PK-FED-015,Pakistan Institute of Development Economics,Public,Islamabad,Islamabad,1957,40,W2,English Literature,Arts & Social Sciences,2024,575,340,235,22,26.1,9,,,99,7,69,3.65,43.3,8.8,Mostly Rural,,13,5,Yes,PIDE Entry Test,Medium,60% / 100 marks,12
PK-FED-015,Pakistan Institute of Development Economics,Public,Islamabad,Islamabad,1957,40,W2,English Literature,Arts & Social Sciences,2025,506,339,167,18,28.1,34,,,,11,59,2.63,40.3,10.4,Mostly Rural,30034,19,1,Yes,PIDE Entry Test,Medium,60% / 100 marks,11
PK-FED-015,Pakistan Institute of Development Economics,Public,Islamabad,Islamabad,1957,40,W2,History,Arts & Social Sciences,2022,526,311,215,15,35.1,18,68,440,75,46,10,3.17,44.5,10.9,Mostly Urban,32988,,,Yes,PIDE Entry Test,Medium,60% / 100 marks,8
PK-FED-015,Pakistan Institute of Development Economics,Public,Islamabad,Islamabad,1957,40,W2,History,Arts & Social Sciences,2023,556,391,165,24,23.2,16,103,437,9,23,46,3.33,36,1.7,Mostly Urban,19716,15,,Yes,PIDE Entry Test,Medium,60% / 100 marks,9
PK-FED-015,Pakistan Institute of Development Economics,Public,Islamabad,Islamabad,1957,40,W2,History,Arts & Social Sciences,2024,518,309,209,17,30.5,16,35,467,83,4,13,2.79,38.5,9.7,Mixed Urban-Rural,11249,,28,Yes,PIDE Entry Test,Medium,60% / 100 marks,10
PK-FED-015,Pakistan Institute of Development Economics,Public,Islamabad,Islamabad,1957,40,W2,History,Arts & Social Sciences,2025,564,222,342,18,31.3,34,76,454,7,54,36,2.72,33,3.3,Mixed Urban-Rural,,14,,Yes,PIDE Entry Test,Medium,60% / 100 marks,11
PK-FED-015,Pakistan Institute of Development Economics,Public,Islamabad,Islamabad,1957,40,W2,Law,Arts & Social Sciences,2022,638,273,365,24,26.6,10,74,554,52,18,55,,77.6,16.5,Mixed Urban-Rural,28519,19,13,Yes,PIDE Entry Test,Medium,60% / 100 marks,9
PK-FED-015,Pakistan Institute of Development Economics,Public,Islamabad,Islamabad,1957,40,W2,Law,Arts & Social Sciences,2023,591,341,250,19,31.1,46,93,452,33,36,13,3.48,67.4,,Mostly Rural,42370,19,15,Yes,PIDE Entry Test,Medium,60% / 100 marks,10
PK-FED-015,Pakistan Institute of Development Economics,Public,Islamabad,Islamabad,1957,40,W2,Law,Arts & Social Sciences,2024,604,393,211,17,35.5,5,64,535,61,56,17,3.13,68.7,,Mostly Urban,35449,8,26,Yes,PIDE Entry Test,Medium,60% / 100 marks,8
PK-FED-015,Pakistan Institute of Development Economics,Public,Islamabad,Islamabad,1957,40,W2,Law,Arts & Social Sciences,2025,677,410,267,22,30.8,40,50,587,,9,18,,77.7,16,Mixed Urban-Rural,25260,4,,Yes,PIDE Entry Test,Medium,60% / 100 marks,12
PK-FED-015,Pakistan Institute of Development Economics,Public,Islamabad,Islamabad,1957,40,W2,Pharmacy,STEM,2022,198,76,122,8,24.8,7,7,184,32,25,70,3.27,73.2,15.1,,10964,15,28,Yes,PIDE Entry Test,Medium,60% / 100 marks,
PK-FED-015,Pakistan Institute of Development Economics,Public,Islamabad,Islamabad,1957,40,W2,Pharmacy,STEM,2023,202,106,96,6,33.7,11,29,162,37,,78,3.25,83.2,8.7,Mostly Rural,14350,19,33,Yes,PIDE Entry Test,Medium,60% / 100 marks,10
PK-FED-015,Pakistan Institute of Development Economics,Public,Islamabad,Islamabad,1957,40,W2,Pharmacy,STEM,2024,201,134,67,7,28.7,6,17,178,7,47,25,,77.2,11.7,Mostly Rural,15769,6,16,Yes,PIDE Entry Test,Medium,60% / 100 marks,12
PK-FED-015,Pakistan Institute of Development Economics,Public,Islamabad,Islamabad,1957,40,W2,Pharmacy,STEM,2025,228,145,83,6,38,1,34,193,37,1,29,3.5,82.7,4.7,Mixed Urban-Rural,26470,15,29,Yes,PIDE Entry Test,Medium,60% / 100 marks,11
PK-FED-015,Pakistan Institute of Development Economics,Public,Islamabad,Islamabad,1957,40,W2,Political Science,Arts & Social Sciences,2022,497,309,188,14,35.5,22,95,380,22,46,66,3.16,39.9,13.5,Mostly Urban,41609,11,2,Yes,PIDE Entry Test,Medium,60% / 100 marks,9
PK-FED-015,Pakistan Institute of Development Economics,Public,Islamabad,Islamabad,1957,40,W2,Political Science,Arts & Social Sciences,2023,462,322,140,14,33,,28,,85,,7,3.5,43.1,5.9,Mixed Urban-Rural,26520,17,13,Yes,PIDE Entry Test,Medium,60% / 100 marks,12
PK-FED-015,Pakistan Institute of Development Economics,Public,Islamabad,Islamabad,1957,40,W2,Political Science,Arts & Social Sciences,2024,427,172,255,14,30.5,22,84,321,83,37,56,3.56,41.3,16,Mostly Rural,40127,18,6,Yes,PIDE Entry Test,Medium,60% / 100 marks,9
PK-FED-015,Pakistan Institute of Development Economics,Public,Islamabad,Islamabad,1957,40,W2,Political Science,Arts & Social Sciences,2025,467,330,137,13,35.9,20,44,403,89,11,60,3.13,50.2,13.1,Mixed Urban-Rural,40058,10,13,Yes,PIDE Entry Test,Medium,60% / 100 marks,8
PK-FED-015,Pakistan Institute of Development Economics,Public,Islamabad,Islamabad,1957,40,W2,Psychology,Arts & Social Sciences,2022,508,326,182,19,26.7,14,5,489,38,17,59,2.78,57.1,8.3,Mixed Urban-Rural,15229,5,1,Yes,PIDE Entry Test,Medium,60% / 100 marks,9
PK-FED-015,Pakistan Institute of Development Economics,Public,Islamabad,Islamabad,1957,40,W2,Psychology,Arts & Social Sciences,2023,654,253,401,24,27.2,,50,,75,,48,3.39,64.5,15.3,Mostly Rural,18577,18,0,Yes,PIDE Entry Test,Medium,60% / 100 marks,12
PK-FED-015,Pakistan Institute of Development Economics,Public,Islamabad,Islamabad,1957,40,W2,Psychology,Arts & Social Sciences,2024,542,209,333,15,36.1,15,,,,1,65,3.04,53.6,14.9,Mostly Urban,25694,,26,Yes,PIDE Entry Test,Medium,60% / 100 marks,11
PK-FED-015,Pakistan Institute of Development Economics,Public,Islamabad,Islamabad,1957,40,W2,Psychology,Arts & Social Sciences,2025,557,352,205,19,29.3,19,54,484,55,,,2.82,66.7,1.9,Mostly Rural,38893,,35,Yes,PIDE Entry Test,Medium,60% / 100 marks,9
PK-FED-015,Pakistan Institute of Development Economics,Public,Islamabad,Islamabad,1957,40,W2,Sociology,Arts & Social Sciences,2022,433,298,135,14,30.9,6,73,354,55,48,,3.01,45.9,8.1,Mixed Urban-Rural,28356,4,13,Yes,PIDE Entry Test,Medium,60% / 100 marks,11
PK-FED-015,Pakistan Institute of Development Economics,Public,Islamabad,Islamabad,1957,40,W2,Sociology,Arts & Social Sciences,2023,492,268,224,19,25.9,16,94,382,77,3,63,3.22,44.3,4,Mostly Urban,8365,16,20,Yes,PIDE Entry Test,Medium,60% / 100 marks,9
PK-FED-015,Pakistan Institute of Development Economics,Public,Islamabad,Islamabad,1957,40,W2,Sociology,Arts & Social Sciences,2024,519,238,281,18,28.8,,,,59,24,13,3.56,49.7,3.5,Mixed Urban-Rural,35799,16,,Yes,PIDE Entry Test,Medium,60% / 100 marks,12
PK-FED-015,Pakistan Institute of Development Economics,Public,Islamabad,Islamabad,1957,40,W2,Sociology,Arts & Social Sciences,2025,526,274,252,23,22.9,9,87,430,83,36,37,3.17,43.9,11.6,Mostly Rural,38335,5,,Yes,PIDE Entry Test,Medium,60% / 100 marks,11
PK-FED-010,Pakistan Institute of Engineering & Applied Sci.,Public,Islamabad,Nilore,1967,4,W4,Computer Science,STEM,2022,1817,1168,649,69,26.3,,225,,116,,33,,87.3,15.7,Mostly Rural,15403,8,9,Yes,PIEAS Entry Test,Difficult,80% / 200 marks,28
PK-FED-010,Pakistan Institute of Engineering & Applied Sci.,Public,Islamabad,Nilore,1967,4,W4,Computer Science,STEM,2023,1785,1112,673,54,33.1,61,196,1528,,51,80,3.49,74.3,17.3,Mostly Rural,23491,,16,Yes,PIEAS Entry Test,Difficult,80% / 200 marks,26
PK-FED-010,Pakistan Institute of Engineering & Applied Sci.,Public,Islamabad,Nilore,1967,4,W4,Computer Science,STEM,2024,1816,1268,548,57,31.9,104,140,1572,328,51,23,3.12,78.8,15.1,Mostly Urban,29805,9,22,Yes,PIEAS Entry Test,Difficult,80% / 200 marks,23
PK-FED-010,Pakistan Institute of Engineering & Applied Sci.,Public,Islamabad,Nilore,1967,4,W4,Computer Science,STEM,2025,1932,1213,719,66,29.3,0,321,1611,99,50,9,,79.2,11,Mixed Urban-Rural,16525,11,8,Yes,PIEAS Entry Test,Difficult,80% / 200 marks,28
PK-FED-010,Pakistan Institute of Engineering & Applied Sci.,Public,Islamabad,Nilore,1967,4,W4,Electrical Engineering,STEM,2022,1720,1000,720,65,26.5,57,,,206,60,,3.27,72.5,,Mostly Urban,13831,6,,Yes,PIEAS Entry Test,Difficult,80% / 200 marks,28
PK-FED-010,Pakistan Institute of Engineering & Applied Sci.,Public,Islamabad,Nilore,1967,4,W4,Electrical Engineering,STEM,2023,1996,1165,831,83,24,116,253,1627,,27,75,2.81,83.3,,Mostly Rural,25445,14,13,Yes,PIEAS Entry Test,Difficult,80% / 200 marks,27
PK-FED-010,Pakistan Institute of Engineering & Applied Sci.,Public,Islamabad,Nilore,1967,4,W4,Electrical Engineering,STEM,2024,2245,1069,1176,72,31.2,63,350,1832,,15,21,3.56,74.7,2.9,Mixed Urban-Rural,34054,14,16,Yes,PIEAS Entry Test,Difficult,80% / 200 marks,24
PK-FED-010,Pakistan Institute of Engineering & Applied Sci.,Public,Islamabad,Nilore,1967,4,W4,Electrical Engineering,STEM,2025,1860,1059,801,82,22.7,11,,,348,38,48,3.34,82.9,7.8,,44671,6,21,Yes,PIEAS Entry Test,Difficult,80% / 200 marks,22
PK-FED-010,Pakistan Institute of Engineering & Applied Sci.,Public,Islamabad,Nilore,1967,4,W4,Industrial Engineering,STEM,2022,2476,1208,1268,85,29.1,71,474,1931,,,,3.51,64.3,16.4,Mostly Urban,41880,16,9,Yes,PIEAS Entry Test,Difficult,80% / 200 marks,26
PK-FED-010,Pakistan Institute of Engineering & Applied Sci.,Public,Islamabad,Nilore,1967,4,W4,Industrial Engineering,STEM,2023,2863,1986,877,94,30.5,111,506,2246,41,10,9,3.38,69,,Mixed Urban-Rural,40308,4,13,Yes,PIEAS Entry Test,Difficult,80% / 200 marks,24
PK-FED-010,Pakistan Institute of Engineering & Applied Sci.,Public,Islamabad,Nilore,1967,4,W4,Industrial Engineering,STEM,2024,3178,1402,1776,131,24.3,235,,,9,36,77,2.63,70.1,12.7,Mixed Urban-Rural,15994,4,9,Yes,PIEAS Entry Test,Difficult,80% / 200 marks,23
PK-FED-010,Pakistan Institute of Engineering & Applied Sci.,Public,Islamabad,Nilore,1967,4,W4,Industrial Engineering,STEM,2025,2674,1434,1240,85,31.5,115,132,2427,10,2,37,2.96,69.7,2.3,,,13,,Yes,PIEAS Entry Test,Difficult,80% / 200 marks,26
PK-FED-010,Pakistan Institute of Engineering & Applied Sci.,Public,Islamabad,Nilore,1967,4,W4,Mechanical Engineering,STEM,2022,1702,1205,497,51,33.4,39,251,1412,211,48,23,3.59,65.4,13.6,Mostly Rural,31530,16,24,Yes,PIEAS Entry Test,Difficult,80% / 200 marks,25
PK-FED-010,Pakistan Institute of Engineering & Applied Sci.,Public,Islamabad,Nilore,1967,4,W4,Mechanical Engineering,STEM,2023,1907,1089,818,69,27.6,118,331,1458,223,,26,3.29,76.1,4.1,Mostly Urban,27051,16,8,Yes,PIEAS Entry Test,Difficult,80% / 200 marks,23
PK-FED-010,Pakistan Institute of Engineering & Applied Sci.,Public,Islamabad,Nilore,1967,4,W4,Mechanical Engineering,STEM,2024,2071,998,1073,82,25.3,,48,,,,73,2.99,70.8,13.4,,40993,15,,Yes,PIEAS Entry Test,Difficult,80% / 200 marks,24
PK-FED-010,Pakistan Institute of Engineering & Applied Sci.,Public,Islamabad,Nilore,1967,4,W4,Mechanical Engineering,STEM,2025,1891,971,920,81,23.3,47,40,1804,348,51,78,2.72,78,11.5,Mostly Urban,8383,16,25,Yes,PIEAS Entry Test,Difficult,80% / 200 marks,
PK-FED-010,Pakistan Institute of Engineering & Applied Sci.,Public,Islamabad,Nilore,1967,4,W4,Software Engineering,STEM,2022,3884,2270,1614,137,28.4,64,195,3625,711,51,49,,85.9,,Mixed Urban-Rural,9757,,34,Yes,PIEAS Entry Test,Difficult,80% / 200 marks,26
PK-FED-010,Pakistan Institute of Engineering & Applied Sci.,Public,Islamabad,Nilore,1967,4,W4,Software Engineering,STEM,2023,3364,1622,1742,120,28,241,,,161,28,,3.51,83.6,5.5,,29879,14,31,Yes,PIEAS Entry Test,Difficult,80% / 200 marks,25
PK-FED-010,Pakistan Institute of Engineering & Applied Sci.,Public,Islamabad,Nilore,1967,4,W4,Software Engineering,STEM,2024,3969,2312,1657,135,29.4,249,62,3658,747,43,65,2.67,80.7,8.5,Mostly Urban,35337,12,27,Yes,PIEAS Entry Test,Difficult,80% / 200 marks,24
PK-FED-010,Pakistan Institute of Engineering & Applied Sci.,Public,Islamabad,Nilore,1967,4,W4,Software Engineering,STEM,2025,3432,1640,1792,140,24.5,239,300,2893,352,54,31,3.64,81.5,7.9,Mostly Urban,31609,10,5,Yes,PIEAS Entry Test,Difficult,80% / 200 marks,24
PK-FED-010,Pakistan Institute of Engineering & Applied Sci.,Public,Islamabad,Nilore,1967,4,W4,Telecommunication,STEM,2022,2529,1132,1397,84,30.1,66,81,2382,112,1,66,3.49,71.6,15.7,Mostly Urban,15469,16,21,Yes,PIEAS Entry Test,Difficult,80% / 200 marks,28
PK-FED-010,Pakistan Institute of Engineering & Applied Sci.,Public,Islamabad,Nilore,1967,4,W4,Telecommunication,STEM,2023,3085,1979,1106,96,32.1,204,113,2768,111,59,68,3.54,78.9,14.4,,44862,,13,Yes,PIEAS Entry Test,Difficult,80% / 200 marks,24
PK-FED-010,Pakistan Institute of Engineering & Applied Sci.,Public,Islamabad,Nilore,1967,4,W4,Telecommunication,STEM,2024,3279,1421,1858,127,25.8,,425,,377,8,15,3.12,77.1,1.6,,19223,14,15,Yes,PIEAS Entry Test,Difficult,80% / 200 marks,
PK-FED-010,Pakistan Institute of Engineering & Applied Sci.,Public,Islamabad,Nilore,1967,4,W4,Telecommunication,STEM,2025,2824,1796,1028,102,27.7,92,453,2279,474,33,55,3.64,73.7,1.7,Mostly Urban,28631,13,9,Yes,PIEAS Entry Test,Difficult,80% / 200 marks,28
PK-FED-001,Quaid-i-Azam University,Public,Islamabad,Islamabad,1967,5,W4,Civil Engineering,STEM,2022,2732,1430,1302,122,22.4,1,163,2568,434,37,6,3.65,63.5,7.1,Mostly Rural,14078,20,2,Yes,QAU Entry Test,Medium,60% / 100 marks,44
PK-FED-001,Quaid-i-Azam University,Public,Islamabad,Islamabad,1967,5,W4,Civil Engineering,STEM,2023,3328,1871,1457,96,34.7,148,238,2942,76,,49,3.52,66.1,7.8,Mostly Rural,31283,3,10,Yes,QAU Entry Test,Medium,60% / 100 marks,43
PK-FED-001,Quaid-i-Azam University,Public,Islamabad,Islamabad,1967,5,W4,Civil Engineering,STEM,2024,3287,1522,1765,117,28.1,,323,,337,49,74,3.22,64.3,2.6,Mostly Rural,21934,15,,Yes,QAU Entry Test,Medium,60% / 100 marks,
PK-FED-001,Quaid-i-Azam University,Public,Islamabad,Islamabad,1967,5,W4,Civil Engineering,STEM,2025,3075,1947,1128,106,29,23,112,2940,229,8,77,3.26,72,4.1,Mixed Urban-Rural,38674,1,7,Yes,QAU Entry Test,Medium,60% / 100 marks,
PK-FED-001,Quaid-i-Azam University,Public,Islamabad,Islamabad,1967,5,W4,Computer Science,STEM,2022,3179,2038,1141,120,26.5,,305,,274,48,3,3.01,78.7,9.9,Mixed Urban-Rural,42757,1,,Yes,QAU Entry Test,Medium,60% / 100 marks,39
PK-FED-001,Quaid-i-Azam University,Public,Islamabad,Islamabad,1967,5,W4,Computer Science,STEM,2023,3016,2156,860,92,32.8,,128,,92,52,75,3.2,77.8,,Mixed Urban-Rural,35730,7,25,Yes,QAU Entry Test,Medium,60% / 100 marks,42
PK-FED-001,Quaid-i-Azam University,Public,Islamabad,Islamabad,1967,5,W4,Computer Science,STEM,2024,3607,2167,1440,130,27.7,112,,,,,31,,82.3,2.5,Mixed Urban-Rural,,16,8,Yes,QAU Entry Test,Medium,60% / 100 marks,42
PK-FED-001,Quaid-i-Azam University,Public,Islamabad,Islamabad,1967,5,W4,Computer Science,STEM,2025,3507,2384,1123,118,29.7,239,55,3213,104,22,55,,77.9,17.7,Mostly Urban,30236,7,8,Yes,QAU Entry Test,Medium,60% / 100 marks,38
PK-FED-001,Quaid-i-Azam University,Public,Islamabad,Islamabad,1967,5,W4,Environmental Science,STEM,2022,2335,1254,1081,69,33.8,23,434,1878,,34,73,3.55,48.2,8.2,Mostly Rural,18789,15,35,Yes,QAU Entry Test,Medium,60% / 100 marks,39
PK-FED-001,Quaid-i-Azam University,Public,Islamabad,Islamabad,1967,5,W4,Environmental Science,STEM,2023,2731,1489,1242,111,24.6,,543,,67,3,,,50.5,17.4,Mostly Urban,12453,19,2,Yes,QAU Entry Test,Medium,60% / 100 marks,38
PK-FED-001,Quaid-i-Azam University,Public,Islamabad,Islamabad,1967,5,W4,Environmental Science,STEM,2024,2795,1460,1335,94,29.7,,468,,326,25,29,,55.4,13.9,Mostly Urban,44896,17,22,Yes,QAU Entry Test,Medium,60% / 100 marks,43
PK-FED-001,Quaid-i-Azam University,Public,Islamabad,Islamabad,1967,5,W4,Environmental Science,STEM,2025,3062,2078,984,114,26.9,76,106,2880,546,,41,,49.5,3.7,Mostly Rural,44256,11,16,Yes,QAU Entry Test,Medium,60% / 100 marks,41
PK-FED-001,Quaid-i-Azam University,Public,Islamabad,Islamabad,1967,5,W4,Mathematics,STEM,2022,2862,1968,894,86,33.3,67,452,2343,,8,38,,51.5,8.6,Mostly Urban,,12,9,Yes,QAU Entry Test,Medium,60% / 100 marks,44
PK-FED-001,Quaid-i-Azam University,Public,Islamabad,Islamabad,1967,5,W4,Mathematics,STEM,2023,2934,1156,1778,109,26.9,,416,,220,42,8,2.86,64.9,13.9,Mostly Urban,19603,11,26,Yes,QAU Entry Test,Medium,60% / 100 marks,42
PK-FED-001,Quaid-i-Azam University,Public,Islamabad,Islamabad,1967,5,W4,Mathematics,STEM,2024,3309,2229,1080,101,32.8,235,233,2841,44,14,16,2.91,54.3,12.4,Mostly Rural,,13,34,Yes,QAU Entry Test,Medium,60% / 100 marks,43
PK-FED-001,Quaid-i-Azam University,Public,Islamabad,Islamabad,1967,5,W4,Mathematics,STEM,2025,3056,1189,1867,91,33.6,80,523,2453,,22,36,2.81,54.2,,Mixed Urban-Rural,,18,12,Yes,QAU Entry Test,Medium,60% / 100 marks,39
PK-FED-001,Quaid-i-Azam University,Public,Islamabad,Islamabad,1967,5,W4,Mechanical Engineering,STEM,2022,2253,1582,671,66,34.1,103,283,1867,158,42,18,3.63,74,,Mostly Rural,19405,1,13,Yes,QAU Entry Test,Medium,60% / 100 marks,40
PK-FED-001,Quaid-i-Azam University,Public,Islamabad,Islamabad,1967,5,W4,Mechanical Engineering,STEM,2023,2342,1351,991,76,30.8,168,,,411,50,30,3.5,71.4,11.9,Mostly Urban,28343,,,Yes,QAU Entry Test,Medium,60% / 100 marks,42
PK-FED-001,Quaid-i-Azam University,Public,Islamabad,Islamabad,1967,5,W4,Mechanical Engineering,STEM,2024,2748,1615,1133,85,32.3,,109,,398,15,76,3.37,71.3,5.1,Mostly Urban,44530,15,35,Yes,QAU Entry Test,Medium,60% / 100 marks,42
PK-FED-001,Quaid-i-Azam University,Public,Islamabad,Islamabad,1967,5,W4,Mechanical Engineering,STEM,2025,2601,1828,773,77,33.8,115,253,2233,461,47,67,3.13,73.8,6.1,,36827,9,34,Yes,QAU Entry Test,Medium,60% / 100 marks,43
PK-FED-001,Quaid-i-Azam University,Public,Islamabad,Islamabad,1967,5,W4,Physics,STEM,2022,1031,472,559,33,31.2,53,197,781,143,3,,3.44,55.3,13,Mostly Rural,8386,14,34,Yes,QAU Entry Test,Medium,60% / 100 marks,42
PK-FED-001,Quaid-i-Azam University,Public,Islamabad,Islamabad,1967,5,W4,Physics,STEM,2023,1259,862,397,44,28.6,,32,,178,46,52,3.25,48.4,10.3,Mostly Urban,13501,6,,Yes,QAU Entry Test,Medium,60% / 100 marks,38
PK-FED-001,Quaid-i-Azam University,Public,Islamabad,Islamabad,1967,5,W4,Physics,STEM,2024,1179,532,647,44,26.8,44,17,1118,25,47,56,3.64,56.2,12.3,Mostly Urban,9335,,13,Yes,QAU Entry Test,Medium,60% / 100 marks,42
PK-FED-001,Quaid-i-Azam University,Public,Islamabad,Islamabad,1967,5,W4,Physics,STEM,2025,1243,580,663,46,27,39,232,972,46,6,17,2.68,53.7,8,Mostly Rural,23915,20,2,Yes,QAU Entry Test,Medium,60% / 100 marks,42
PK-FED-012,Riphah International University,Private,Islamabad,Islamabad,2002,28,W2,Biology,STEM,2022,893,406,487,26,34.3,,52,,,12,3,3.2,51.3,,Mostly Urban,81787,15,12,Yes,Riphah Entry Test,Easy,40% / 100 marks,17
PK-FED-012,Riphah International University,Private,Islamabad,Islamabad,2002,28,W2,Biology,STEM,2023,832,366,466,32,26,50,120,662,128,,28,3.44,47.6,9.8,,118176,3,19,Yes,Riphah Entry Test,Easy,40% / 100 marks,14
PK-FED-012,Riphah International University,Private,Islamabad,Islamabad,2002,28,W2,Biology,STEM,2024,937,404,533,29,32.3,60,48,829,148,4,61,3.4,47.1,,Mostly Rural,108025,12,19,Yes,Riphah Entry Test,Easy,40% / 100 marks,16
PK-FED-012,Riphah International University,Private,Islamabad,Islamabad,2002,28,W2,Biology,STEM,2025,978,567,411,35,27.9,32,192,754,46,,52,3.36,43.6,9.9,Mixed Urban-Rural,105506,16,,Yes,Riphah Entry Test,Easy,40% / 100 marks,14
PK-FED-012,Riphah International University,Private,Islamabad,Islamabad,2002,28,W2,Computer Science,STEM,2022,536,326,210,17,31.5,42,1,493,23,38,61,,84.3,,Mixed Urban-Rural,140377,3,12,Yes,Riphah Entry Test,Easy,40% / 100 marks,14
PK-FED-012,Riphah International University,Private,Islamabad,Islamabad,2002,28,W2,Computer Science,STEM,2023,589,257,332,21,28,46,13,530,53,46,71,2.76,85.1,14.3,Mostly Urban,142162,16,,Yes,Riphah Entry Test,Easy,40% / 100 marks,19
PK-FED-012,Riphah International University,Private,Islamabad,Islamabad,2002,28,W2,Computer Science,STEM,2024,501,308,193,17,29.5,32,57,412,28,12,24,3.42,84.5,5,Mostly Rural,115150,20,,Yes,Riphah Entry Test,Easy,40% / 100 marks,14
PK-FED-012,Riphah International University,Private,Islamabad,Islamabad,2002,28,W2,Computer Science,STEM,2025,596,242,354,25,23.8,6,,,,31,,3.47,76,17.3,Mostly Urban,,17,17,Yes,Riphah Entry Test,Easy,40% / 100 marks,19
PK-FED-012,Riphah International University,Private,Islamabad,Islamabad,2002,28,W2,Economics,Business,2022,642,317,325,23,27.9,3,84,555,125,25,43,3.04,62.9,1.6,,73201,,15,Yes,Riphah Entry Test,Easy,40% / 100 marks,
PK-FED-012,Riphah International University,Private,Islamabad,Islamabad,2002,28,W2,Economics,Business,2023,651,384,267,21,31,1,11,639,,60,27,2.86,64.6,13.6,Mostly Rural,65665,4,18,Yes,Riphah Entry Test,Easy,40% / 100 marks,18
PK-FED-012,Riphah International University,Private,Islamabad,Islamabad,2002,28,W2,Economics,Business,2024,713,443,270,21,34,43,119,551,,5,67,,71,8.9,Mostly Urban,86575,3,,Yes,Riphah Entry Test,Easy,40% / 100 marks,19
PK-FED-012,Riphah International University,Private,Islamabad,Islamabad,2002,28,W2,Economics,Business,2025,803,313,490,23,34.9,15,136,652,70,60,38,2.97,62.2,9.6,Mostly Rural,63476,13,35,Yes,Riphah Entry Test,Easy,40% / 100 marks,20
PK-FED-012,Riphah International University,Private,Islamabad,Islamabad,2002,28,W2,Environmental Science,STEM,2022,641,292,349,27,23.7,36,80,525,124,,,,48.4,11,Mostly Rural,,11,8,Yes,Riphah Entry Test,Easy,40% / 100 marks,19
PK-FED-012,Riphah International University,Private,Islamabad,Islamabad,2002,28,W2,Environmental Science,STEM,2023,623,364,259,25,24.9,43,76,504,109,53,61,3.51,53.3,13.8,Mixed Urban-Rural,,4,30,Yes,Riphah Entry Test,Easy,40% / 100 marks,15
PK-FED-012,Riphah International University,Private,Islamabad,Islamabad,2002,28,W2,Environmental Science,STEM,2024,661,299,362,25,26.4,51,13,597,44,13,,3.4,62.5,14.3,Mixed Urban-Rural,75865,14,22,Yes,Riphah Entry Test,Easy,40% / 100 marks,14
PK-FED-012,Riphah International University,Private,Islamabad,Islamabad,2002,28,W2,Environmental Science,STEM,2025,703,360,343,24,29.3,50,13,640,105,,27,2.78,51.5,13.2,Mostly Urban,118234,7,0,Yes,Riphah Entry Test,Easy,40% / 100 marks,
PK-FED-012,Riphah International University,Private,Islamabad,Islamabad,2002,28,W2,History,Arts & Social Sciences,2022,548,315,233,17,32.2,30,6,512,26,6,57,2.97,47.8,,Mostly Rural,74473,4,31,Yes,Riphah Entry Test,Easy,40% / 100 marks,
PK-FED-012,Riphah International University,Private,Islamabad,Islamabad,2002,28,W2,History,Arts & Social Sciences,2023,515,300,215,21,24.5,23,,,88,40,14,3.31,43.9,,,84482,19,6,Yes,Riphah Entry Test,Easy,40% / 100 marks,15
PK-FED-012,Riphah International University,Private,Islamabad,Islamabad,2002,28,W2,History,Arts & Social Sciences,2024,598,264,334,21,28.5,34,104,460,,45,76,3.46,42.3,8,Mixed Urban-Rural,63379,4,13,Yes,Riphah Entry Test,Easy,40% / 100 marks,16
PK-FED-012,Riphah International University,Private,Islamabad,Islamabad,2002,28,W2,History,Arts & Social Sciences,2025,641,439,202,26,24.7,,41,,45,,74,3.43,41.6,,Mostly Rural,71346,6,0,Yes,Riphah Entry Test,Easy,40% / 100 marks,18
PK-FED-012,Riphah International University,Private,Islamabad,Islamabad,2002,28,W2,Information Technology,STEM,2022,384,269,115,13,29.5,11,65,308,,20,59,2.86,83.5,3.1,Mostly Urban,94283,20,22,Yes,Riphah Entry Test,Easy,40% / 100 marks,20
PK-FED-012,Riphah International University,Private,Islamabad,Islamabad,2002,28,W2,Information Technology,STEM,2023,397,249,148,14,28.4,9,9,379,15,43,23,3.31,79.8,5.9,Mixed Urban-Rural,128877,14,20,Yes,Riphah Entry Test,Easy,40% / 100 marks,
PK-FED-012,Riphah International University,Private,Islamabad,Islamabad,2002,28,W2,Information Technology,STEM,2024,485,255,230,21,23.1,4,11,470,,,,3.56,80.7,7,,56292,8,6,Yes,Riphah Entry Test,Easy,40% / 100 marks,19
PK-FED-012,Riphah International University,Private,Islamabad,Islamabad,2002,28,W2,Information Technology,STEM,2025,478,201,277,16,29.9,35,12,431,,36,65,3.03,85,4.3,Mostly Rural,124688,5,32,Yes,Riphah Entry Test,Easy,40% / 100 marks,16
PK-FED-012,Riphah International University,Private,Islamabad,Islamabad,2002,28,W2,Mathematics,STEM,2022,807,341,466,29,27.8,53,46,708,99,15,,2.92,61.8,7.3,Mostly Urban,123235,3,26,Yes,Riphah Entry Test,Easy,40% / 100 marks,14
PK-FED-012,Riphah International University,Private,Islamabad,Islamabad,2002,28,W2,Mathematics,STEM,2023,974,650,324,32,30.4,63,2,909,19,,14,3.4,51.2,8.5,Mixed Urban-Rural,122503,4,12,Yes,Riphah Entry Test,Easy,40% / 100 marks,16
PK-FED-012,Riphah International University,Private,Islamabad,Islamabad,2002,28,W2,Mathematics,STEM,2024,1039,658,381,33,31.5,67,10,962,174,52,34,3.57,61.2,17.4,Mostly Rural,84500,17,3,Yes,Riphah Entry Test,Easy,40% / 100 marks,20
PK-FED-012,Riphah International University,Private,Islamabad,Islamabad,2002,28,W2,Mathematics,STEM,2025,958,487,471,35,27.4,27,,,35,30,34,3.62,51.8,8,Mostly Urban,122571,20,3,Yes,Riphah Entry Test,Easy,40% / 100 marks,17
PK-FED-012,Riphah International University,Private,Islamabad,Islamabad,2002,28,W2,Statistics,STEM,2022,453,243,210,17,26.6,5,19,429,6,,26,,56.7,16.6,Mostly Rural,87785,12,11,Yes,Riphah Entry Test,Easy,40% / 100 marks,17
PK-FED-012,Riphah International University,Private,Islamabad,Islamabad,2002,28,W2,Statistics,STEM,2023,539,254,285,15,35.9,12,36,491,60,,20,3.42,65.5,,Mostly Rural,76012,9,,Yes,Riphah Entry Test,Easy,40% / 100 marks,15
PK-FED-012,Riphah International University,Private,Islamabad,Islamabad,2002,28,W2,Statistics,STEM,2024,551,302,249,17,32.4,,101,,99,24,54,3.15,57,,,85999,14,0,Yes,Riphah Entry Test,Easy,40% / 100 marks,17
PK-FED-012,Riphah International University,Private,Islamabad,Islamabad,2002,28,W2,Statistics,STEM,2025,561,268,293,19,29.5,,89,,28,49,22,3.38,67.2,15,Mostly Urban,120841,19,9,Yes,Riphah Entry Test,Easy,40% / 100 marks,20
PK-FED-013,Virtual University of Pakistan,Public,Islamabad,Islamabad,2002,30,W2,Civil Engineering,STEM,2022,518,232,286,15,34.5,3,34,481,59,32,32,2.87,66.1,17.1,,19911,,13,No,None (Online Admission),,,6
PK-FED-013,Virtual University of Pakistan,Public,Islamabad,Islamabad,2002,30,W2,Civil Engineering,STEM,2023,578,274,304,19,30.4,43,110,425,43,,65,3.49,66.9,,Mostly Urban,42659,7,5,No,None (Online Admission),,,6
PK-FED-013,Virtual University of Pakistan,Public,Islamabad,Islamabad,2002,30,W2,Civil Engineering,STEM,2024,688,291,397,21,32.8,39,121,528,119,4,27,2.65,61.9,4.8,Mixed Urban-Rural,44077,12,7,No,None (Online Admission),,,7
PK-FED-013,Virtual University of Pakistan,Public,Islamabad,Islamabad,2002,30,W2,Civil Engineering,STEM,2025,714,287,427,26,27.5,36,,,75,8,5,3.14,74.9,4.6,Mostly Urban,41651,17,24,No,None (Online Admission),,,8
PK-FED-013,Virtual University of Pakistan,Public,Islamabad,Islamabad,2002,30,W2,Economics,Business,2022,574,258,316,26,22.1,33,109,432,106,32,4,2.79,66.2,13.2,Mostly Urban,,9,17,No,None (Online Admission),,,8
PK-FED-013,Virtual University of Pakistan,Public,Islamabad,Islamabad,2002,30,W2,Economics,Business,2023,634,252,382,18,35.2,20,,,,38,17,3.05,72.8,10.6,Mixed Urban-Rural,29275,12,17,No,None (Online Admission),,,8
PK-FED-013,Virtual University of Pakistan,Public,Islamabad,Islamabad,2002,30,W2,Economics,Business,2024,555,394,161,19,29.2,16,81,458,,24,77,2.96,72.7,4.9,Mostly Urban,33917,14,30,No,None (Online Admission),,,9
PK-FED-013,Virtual University of Pakistan,Public,Islamabad,Islamabad,2002,30,W2,Economics,Business,2025,560,247,313,22,25.5,11,87,462,28,1,65,,70.8,2.6,Mixed Urban-Rural,34378,,0,No,None (Online Admission),,,9
PK-FED-013,Virtual University of Pakistan,Public,Islamabad,Islamabad,2002,30,W2,Information Technology,STEM,2022,693,353,340,29,23.9,,3,,,17,8,3.2,71.2,1.7,Mostly Rural,13568,15,19,No,None (Online Admission),,,6
PK-FED-013,Virtual University of Pakistan,Public,Islamabad,Islamabad,2002,30,W2,Information Technology,STEM,2023,765,330,435,33,23.2,6,106,653,,,18,,82.1,16.6,Mostly Rural,17658,13,7,No,None (Online Admission),,,8
PK-FED-013,Virtual University of Pakistan,Public,Islamabad,Islamabad,2002,30,W2,Information Technology,STEM,2024,822,589,233,32,25.7,5,45,772,35,59,12,3.07,86.3,7,Mostly Rural,27763,4,31,No,None (Online Admission),,,9
PK-FED-013,Virtual University of Pakistan,Public,Islamabad,Islamabad,2002,30,W2,Information Technology,STEM,2025,884,616,268,27,32.7,18,99,767,,9,,3.5,82.4,14.6,Mostly Rural,36013,,8,No,None (Online Admission),,,6
PK-FED-013,Virtual University of Pakistan,Public,Islamabad,Islamabad,2002,30,W2,Mechanical Engineering,STEM,2022,357,178,179,12,29.8,7,70,280,47,,80,3.5,71.7,10.3,Mixed Urban-Rural,35645,8,15,No,None (Online Admission),,,9
PK-FED-013,Virtual University of Pakistan,Public,Islamabad,Islamabad,2002,30,W2,Mechanical Engineering,STEM,2023,337,151,186,10,33.7,24,37,276,8,23,20,3.62,69.8,15.3,Mostly Urban,21810,4,9,No,None (Online Admission),,,7
PK-FED-013,Virtual University of Pakistan,Public,Islamabad,Islamabad,2002,30,W2,Mechanical Engineering,STEM,2024,350,136,214,10,35,,18,,,55,77,,69.9,,Mostly Urban,35295,5,19,No,None (Online Admission),,,7
PK-FED-013,Virtual University of Pakistan,Public,Islamabad,Islamabad,2002,30,W2,Mechanical Engineering,STEM,2025,370,231,139,13,28.5,19,64,287,,,,3.64,74.3,8,Mixed Urban-Rural,24911,8,10,No,None (Online Admission),,,
PK-FED-013,Virtual University of Pakistan,Public,Islamabad,Islamabad,2002,30,W2,Physics,STEM,2022,476,265,211,13,36.6,4,59,413,28,35,10,3.02,46,12.3,Mostly Rural,,4,,No,None (Online Admission),,,6
PK-FED-013,Virtual University of Pakistan,Public,Islamabad,Islamabad,2002,30,W2,Physics,STEM,2023,430,277,153,16,26.9,12,81,337,,48,16,,47.8,5.5,Mostly Rural,10940,,19,No,None (Online Admission),,,8
PK-FED-013,Virtual University of Pakistan,Public,Islamabad,Islamabad,2002,30,W2,Physics,STEM,2024,405,203,202,15,27,32,19,354,21,6,53,3.12,50.4,,Mostly Urban,10451,3,5,No,None (Online Admission),,,
PK-FED-013,Virtual University of Pakistan,Public,Islamabad,Islamabad,2002,30,W2,Physics,STEM,2025,526,241,285,21,25,33,43,450,69,46,23,3.29,54.9,3.7,Mixed Urban-Rural,10622,7,4,No,None (Online Admission),,,7
PK-FED-013,Virtual University of Pakistan,Public,Islamabad,Islamabad,2002,30,W2,Statistics,STEM,2022,310,222,88,13,23.8,14,59,237,56,5,42,2.99,55.2,2.6,Mostly Rural,,16,28,No,None (Online Admission),,,8
PK-FED-013,Virtual University of Pakistan,Public,Islamabad,Islamabad,2002,30,W2,Statistics,STEM,2023,329,140,189,13,25.3,4,65,260,30,39,,3.35,64.1,17.2,Mixed Urban-Rural,25224,,3,No,None (Online Admission),,,6
PK-FED-013,Virtual University of Pakistan,Public,Islamabad,Islamabad,2002,30,W2,Statistics,STEM,2024,347,160,187,10,34.7,14,44,289,56,14,40,3.11,55.1,12.1,Mostly Rural,15100,7,4,No,None (Online Admission),,,10
PK-FED-013,Virtual University of Pakistan,Public,Islamabad,Islamabad,2002,30,W2,Statistics,STEM,2025,324,232,92,11,29.5,20,4,300,39,,38,,66.2,14.3,Mostly Urban,36187,,27,No,None (Online Admission),,,8
PK-FED-013,Virtual University of Pakistan,Public,Islamabad,Islamabad,2002,30,W2,Urdu,Arts & Social Sciences,2022,400,175,225,16,25,16,6,378,62,33,,2.98,38.4,,Mostly Rural,18782,18,10,No,None (Online Admission),,,7
PK-FED-013,Virtual University of Pakistan,Public,Islamabad,Islamabad,2002,30,W2,Urdu,Arts & Social Sciences,2023,492,260,232,14,35.1,37,41,414,81,,74,3.51,43.1,15.1,Mostly Rural,8929,16,7,No,None (Online Admission),,,6
PK-FED-013,Virtual University of Pakistan,Public,Islamabad,Islamabad,2002,30,W2,Urdu,Arts & Social Sciences,2024,490,298,192,19,25.8,,24,,86,6,19,3.02,45.6,10.5,Mixed Urban-Rural,20527,12,1,No,None (Online Admission),,,9
PK-FED-013,Virtual University of Pakistan,Public,Islamabad,Islamabad,2002,30,W2,Urdu,Arts & Social Sciences,2025,450,217,233,13,34.6,21,22,407,50,34,61,2.78,36,7.7,Mixed Urban-Rural,26679,10,6,No,None (Online Admission),,,10
PK-KPK-013,Abbottabad University of Science & Technology,Public,KPK,Havelian,2008,58,W1,Civil Engineering,STEM,2022,60,39,21,5,12,0,,,12,45,11,3.24,74.5,17.7,Mostly Rural,42758,18,33,Yes,AUST Entry Test,Easy,45% / 100 marks,10
PK-KPK-013,Abbottabad University of Science & Technology,Public,KPK,Havelian,2008,58,W1,Civil Engineering,STEM,2023,59,37,22,5,11.8,2,8,49,,35,33,3.22,66.3,6.8,Mostly Urban,15001,2,34,Yes,AUST Entry Test,Easy,45% / 100 marks,9
PK-KPK-013,Abbottabad University of Science & Technology,Public,KPK,Havelian,2008,58,W1,Civil Engineering,STEM,2024,58,41,17,5,11.6,4,8,46,,17,73,2.94,65.2,15.2,Mostly Rural,,2,23,Yes,AUST Entry Test,Easy,45% / 100 marks,10
PK-KPK-013,Abbottabad University of Science & Technology,Public,KPK,Havelian,2008,58,W1,Civil Engineering,STEM,2025,58,31,27,5,11.6,,0,,11,46,22,3.03,60.6,18,Mostly Urban,8688,8,3,Yes,AUST Entry Test,Easy,45% / 100 marks,11
PK-KPK-013,Abbottabad University of Science & Technology,Public,KPK,Havelian,2008,58,W1,Computer Science,STEM,2022,256,129,127,9,28.4,11,44,201,,1,49,3.23,87.4,6.9,Mostly Urban,39214,20,17,Yes,AUST Entry Test,Easy,45% / 100 marks,9
PK-KPK-013,Abbottabad University of Science & Technology,Public,KPK,Havelian,2008,58,W1,Computer Science,STEM,2023,255,110,145,8,31.9,12,1,242,10,49,44,3.6,83.5,1.9,Mostly Rural,12669,8,,Yes,AUST Entry Test,Easy,45% / 100 marks,11
PK-KPK-013,Abbottabad University of Science & Technology,Public,KPK,Havelian,2008,58,W1,Computer Science,STEM,2024,255,167,88,8,31.9,17,14,224,33,,20,,76.1,14.5,Mostly Rural,43208,6,34,Yes,AUST Entry Test,Easy,45% / 100 marks,11
PK-KPK-013,Abbottabad University of Science & Technology,Public,KPK,Havelian,2008,58,W1,Computer Science,STEM,2025,321,208,113,12,26.8,10,50,261,21,51,26,3.65,80.2,10.3,,10669,18,22,Yes,AUST Entry Test,Easy,45% / 100 marks,10
PK-KPK-013,Abbottabad University of Science & Technology,Public,KPK,Havelian,2008,58,W1,Industrial Engineering,STEM,2022,523,237,286,22,23.8,21,13,489,45,43,9,3.28,69.5,2.3,Mixed Urban-Rural,25939,10,33,Yes,AUST Entry Test,Easy,45% / 100 marks,8
PK-KPK-013,Abbottabad University of Science & Technology,Public,KPK,Havelian,2008,58,W1,Industrial Engineering,STEM,2023,566,237,329,18,31.4,42,32,492,39,5,17,,75.5,,Mostly Rural,,5,25,Yes,AUST Entry Test,Easy,45% / 100 marks,10
PK-KPK-013,Abbottabad University of Science & Technology,Public,KPK,Havelian,2008,58,W1,Industrial Engineering,STEM,2024,528,299,229,20,26.4,31,46,451,86,14,33,2.65,74.5,16.2,Mostly Urban,26057,18,,Yes,AUST Entry Test,Easy,45% / 100 marks,9
PK-KPK-013,Abbottabad University of Science & Technology,Public,KPK,Havelian,2008,58,W1,Industrial Engineering,STEM,2025,545,241,304,19,28.7,10,29,506,55,,16,2.67,66.3,13.3,Mixed Urban-Rural,21542,7,,Yes,AUST Entry Test,Easy,45% / 100 marks,9
PK-KPK-013,Abbottabad University of Science & Technology,Public,KPK,Havelian,2008,58,W1,Mechanical Engineering,STEM,2022,144,60,84,6,24,9,14,121,14,19,,3.58,71.1,4.4,Mostly Urban,39626,14,10,Yes,AUST Entry Test,Easy,45% / 100 marks,12
PK-KPK-013,Abbottabad University of Science & Technology,Public,KPK,Havelian,2008,58,W1,Mechanical Engineering,STEM,2023,150,84,66,5,30,11,15,124,8,45,37,2.9,72.4,10.2,Mostly Urban,20799,14,,Yes,AUST Entry Test,Easy,45% / 100 marks,9
PK-KPK-013,Abbottabad University of Science & Technology,Public,KPK,Havelian,2008,58,W1,Mechanical Engineering,STEM,2024,160,82,78,5,32,2,5,153,21,47,10,2.94,73.4,11.4,Mostly Rural,16260,17,15,Yes,AUST Entry Test,Easy,45% / 100 marks,9
PK-KPK-013,Abbottabad University of Science & Technology,Public,KPK,Havelian,2008,58,W1,Mechanical Engineering,STEM,2025,158,73,85,6,26.3,9,19,130,,42,60,3.36,70.8,5,,19745,13,17,Yes,AUST Entry Test,Easy,45% / 100 marks,8
PK-KPK-013,Abbottabad University of Science & Technology,Public,KPK,Havelian,2008,58,W1,Software Engineering,STEM,2022,300,125,175,9,33.3,16,46,238,19,,,,80.8,4.8,,12508,,,Yes,AUST Entry Test,Easy,45% / 100 marks,12
PK-KPK-013,Abbottabad University of Science & Technology,Public,KPK,Havelian,2008,58,W1,Software Engineering,STEM,2023,274,163,111,8,34.2,11,49,214,11,54,42,3.2,80.8,9.5,Mostly Rural,38605,3,33,Yes,AUST Entry Test,Easy,45% / 100 marks,12
PK-KPK-013,Abbottabad University of Science & Technology,Public,KPK,Havelian,2008,58,W1,Software Engineering,STEM,2024,260,121,139,7,37.1,5,41,214,24,54,,3.1,84.3,15.1,Mostly Rural,,11,,Yes,AUST Entry Test,Easy,45% / 100 marks,8
PK-KPK-013,Abbottabad University of Science & Technology,Public,KPK,Havelian,2008,58,W1,Software Engineering,STEM,2025,267,102,165,8,33.4,,14,,44,,18,3.51,80.2,2,Mostly Rural,17090,7,14,Yes,AUST Entry Test,Easy,45% / 100 marks,11
PK-KPK-013,Abbottabad University of Science & Technology,Public,KPK,Havelian,2008,58,W1,Telecommunication,STEM,2022,467,313,154,20,23.4,22,18,427,47,16,52,3,83.3,14,Mostly Rural,11435,19,12,Yes,AUST Entry Test,Easy,45% / 100 marks,11
PK-KPK-013,Abbottabad University of Science & Technology,Public,KPK,Havelian,2008,58,W1,Telecommunication,STEM,2023,526,350,176,22,23.9,3,78,445,23,40,78,2.88,80.8,13.2,Mostly Rural,,8,,Yes,AUST Entry Test,Easy,45% / 100 marks,11
PK-KPK-013,Abbottabad University of Science & Technology,Public,KPK,Havelian,2008,58,W1,Telecommunication,STEM,2024,554,265,289,17,32.6,10,36,508,58,3,28,,79.7,4.4,Mixed Urban-Rural,43390,6,,Yes,AUST Entry Test,Easy,45% / 100 marks,8
PK-KPK-013,Abbottabad University of Science & Technology,Public,KPK,Havelian,2008,58,W1,Telecommunication,STEM,2025,497,249,248,17,29.2,36,41,420,78,56,79,3.55,84.6,,Mostly Rural,25746,12,10,Yes,AUST Entry Test,Easy,45% / 100 marks,10
PK-KPK-006,Abdul Wali Khan University Mardan,Public,KPK,Mardan,2009,51,W1,Biology,STEM,2022,307,160,147,10,30.7,11,59,237,58,,78,3.42,48.8,14.7,Mostly Rural,16310,,,Yes,AWKUM Entry Test,Easy,40% / 100 marks,15
PK-KPK-006,Abdul Wali Khan University Mardan,Public,KPK,Mardan,2009,51,W1,Biology,STEM,2023,303,133,170,10,30.3,3,57,243,10,48,8,3.14,58.2,16,Mostly Urban,8940,9,5,Yes,AWKUM Entry Test,Easy,40% / 100 marks,16
PK-KPK-006,Abdul Wali Khan University Mardan,Public,KPK,Mardan,2009,51,W1,Biology,STEM,2024,395,253,142,14,28.2,12,13,370,10,52,,3.33,48.3,8.9,Mostly Urban,19623,8,25,Yes,AWKUM Entry Test,Easy,40% / 100 marks,16
PK-KPK-006,Abdul Wali Khan University Mardan,Public,KPK,Mardan,2009,51,W1,Biology,STEM,2025,325,145,180,10,32.5,11,41,273,59,25,74,3.33,46.4,16.2,Mixed Urban-Rural,40361,16,,Yes,AWKUM Entry Test,Easy,40% / 100 marks,13
PK-KPK-006,Abdul Wali Khan University Mardan,Public,KPK,Mardan,2009,51,W1,Computer Science,STEM,2022,94,50,44,5,18.8,,0,,6,7,,2.71,87.2,15.5,Mixed Urban-Rural,8631,,31,Yes,AWKUM Entry Test,Easy,40% / 100 marks,13
PK-KPK-006,Abdul Wali Khan University Mardan,Public,KPK,Mardan,2009,51,W1,Computer Science,STEM,2023,112,62,50,5,22.4,0,18,94,20,16,13,3.04,75.8,12.6,Mostly Urban,,,,Yes,AWKUM Entry Test,Easy,40% / 100 marks,12
PK-KPK-006,Abdul Wali Khan University Mardan,Public,KPK,Mardan,2009,51,W1,Computer Science,STEM,2024,109,72,37,5,21.8,2,9,98,6,,,3.24,80.9,8.3,Mostly Rural,42760,13,13,Yes,AWKUM Entry Test,Easy,40% / 100 marks,16
PK-KPK-006,Abdul Wali Khan University Mardan,Public,KPK,Mardan,2009,51,W1,Computer Science,STEM,2025,123,74,49,5,24.6,4,13,106,22,,80,2.93,78.4,,Mostly Rural,22718,13,2,Yes,AWKUM Entry Test,Easy,40% / 100 marks,13
PK-KPK-006,Abdul Wali Khan University Mardan,Public,KPK,Mardan,2009,51,W1,Environmental Science,STEM,2022,408,163,245,15,27.2,,32,,61,13,62,,52.4,10.9,Mixed Urban-Rural,18875,11,,Yes,AWKUM Entry Test,Easy,40% / 100 marks,13
PK-KPK-006,Abdul Wali Khan University Mardan,Public,KPK,Mardan,2009,51,W1,Environmental Science,STEM,2023,354,182,172,10,35.4,15,0,339,25,,,2.7,48.3,16.9,Mixed Urban-Rural,35996,15,10,Yes,AWKUM Entry Test,Easy,40% / 100 marks,16
PK-KPK-006,Abdul Wali Khan University Mardan,Public,KPK,Mardan,2009,51,W1,Environmental Science,STEM,2024,414,175,239,15,27.6,19,80,315,47,40,76,3.21,53.7,12.9,Mostly Rural,21008,13,1,Yes,AWKUM Entry Test,Easy,40% / 100 marks,12
PK-KPK-006,Abdul Wali Khan University Mardan,Public,KPK,Mardan,2009,51,W1,Environmental Science,STEM,2025,409,294,115,15,27.3,14,44,351,56,14,20,3.11,55.5,4.8,Mostly Rural,14842,16,1,Yes,AWKUM Entry Test,Easy,40% / 100 marks,16
PK-KPK-006,Abdul Wali Khan University Mardan,Public,KPK,Mardan,2009,51,W1,History,Arts & Social Sciences,2022,85,47,38,5,17,,8,,9,4,33,2.82,44.8,13.9,Mixed Urban-Rural,42136,10,,Yes,AWKUM Entry Test,Easy,40% / 100 marks,14
PK-KPK-006,Abdul Wali Khan University Mardan,Public,KPK,Mardan,2009,51,W1,History,Arts & Social Sciences,2023,88,47,41,5,17.6,,1,,14,43,8,2.97,35.6,8.6,Mostly Urban,,11,24,Yes,AWKUM Entry Test,Easy,40% / 100 marks,12
PK-KPK-006,Abdul Wali Khan University Mardan,Public,KPK,Mardan,2009,51,W1,History,Arts & Social Sciences,2024,99,59,40,5,19.8,4,,,,,52,3.41,39.2,15.2,Mixed Urban-Rural,28708,,10,Yes,AWKUM Entry Test,Easy,40% / 100 marks,13
PK-KPK-006,Abdul Wali Khan University Mardan,Public,KPK,Mardan,2009,51,W1,History,Arts & Social Sciences,2025,108,50,58,5,21.6,3,,,19,47,59,2.63,36.8,5.8,Mixed Urban-Rural,24706,1,3,Yes,AWKUM Entry Test,Easy,40% / 100 marks,16
PK-KPK-006,Abdul Wali Khan University Mardan,Public,KPK,Mardan,2009,51,W1,Information Technology,STEM,2022,87,50,37,5,17.4,,17,,15,53,45,2.6,81.8,9.4,Mostly Rural,38873,7,0,Yes,AWKUM Entry Test,Easy,40% / 100 marks,16
PK-KPK-006,Abdul Wali Khan University Mardan,Public,KPK,Mardan,2009,51,W1,Information Technology,STEM,2023,89,49,40,5,17.8,7,5,77,7,58,58,3.51,77.7,14.1,Mixed Urban-Rural,,17,15,Yes,AWKUM Entry Test,Easy,40% / 100 marks,16
PK-KPK-006,Abdul Wali Khan University Mardan,Public,KPK,Mardan,2009,51,W1,Information Technology,STEM,2024,89,44,45,5,17.8,5,8,76,5,16,24,3.38,74.8,8.1,,8732,15,10,Yes,AWKUM Entry Test,Easy,40% / 100 marks,
PK-KPK-006,Abdul Wali Khan University Mardan,Public,KPK,Mardan,2009,51,W1,Information Technology,STEM,2025,97,38,59,5,19.4,3,8,86,13,54,21,3.36,79.2,3.7,Mostly Rural,23732,6,3,Yes,AWKUM Entry Test,Easy,40% / 100 marks,12
PK-KPK-006,Abdul Wali Khan University Mardan,Public,KPK,Mardan,2009,51,W1,Pharmacy,STEM,2022,132,94,38,5,26.4,10,17,105,21,44,41,3.04,86.2,2.3,Mostly Urban,24707,10,29,Yes,AWKUM Entry Test,Easy,40% / 100 marks,16
PK-KPK-006,Abdul Wali Khan University Mardan,Public,KPK,Mardan,2009,51,W1,Pharmacy,STEM,2023,121,60,61,5,24.2,6,23,92,,7,71,2.69,75.1,7.7,Mostly Rural,40456,,13,Yes,AWKUM Entry Test,Easy,40% / 100 marks,13
PK-KPK-006,Abdul Wali Khan University Mardan,Public,KPK,Mardan,2009,51,W1,Pharmacy,STEM,2024,152,87,65,5,30.4,11,23,118,14,42,18,3.61,78.4,13.6,Mostly Urban,12980,19,11,Yes,AWKUM Entry Test,Easy,40% / 100 marks,15
PK-KPK-006,Abdul Wali Khan University Mardan,Public,KPK,Mardan,2009,51,W1,Pharmacy,STEM,2025,130,71,59,5,26,7,,,,6,59,3.27,86.2,12.5,Mostly Urban,43178,11,32,Yes,AWKUM Entry Test,Easy,40% / 100 marks,12
PK-KPK-006,Abdul Wali Khan University Mardan,Public,KPK,Mardan,2009,51,W1,Political Science,Arts & Social Sciences,2022,87,33,54,5,17.4,,3,,8,17,,3.69,42.7,7.2,Mixed Urban-Rural,12339,15,,Yes,AWKUM Entry Test,Easy,40% / 100 marks,16
PK-KPK-006,Abdul Wali Khan University Mardan,Public,KPK,Mardan,2009,51,W1,Political Science,Arts & Social Sciences,2023,83,31,52,5,16.6,1,,,14,,57,2.87,45,16.4,Mostly Urban,34230,1,23,Yes,AWKUM Entry Test,Easy,40% / 100 marks,14
PK-KPK-006,Abdul Wali Khan University Mardan,Public,KPK,Mardan,2009,51,W1,Political Science,Arts & Social Sciences,2024,78,48,30,5,15.6,5,10,63,,,14,3.25,49.6,11.3,Mostly Urban,37425,,0,Yes,AWKUM Entry Test,Easy,40% / 100 marks,15
PK-KPK-006,Abdul Wali Khan University Mardan,Public,KPK,Mardan,2009,51,W1,Political Science,Arts & Social Sciences,2025,83,46,37,5,16.6,2,6,75,,59,8,3.17,43.9,15.9,Mostly Rural,23102,10,19,Yes,AWKUM Entry Test,Easy,40% / 100 marks,12
PK-KPK-006,Abdul Wali Khan University Mardan,Public,KPK,Mardan,2009,51,W1,Statistics,STEM,2022,398,229,169,11,36.2,8,48,342,57,48,27,3.55,55.5,14.4,Mostly Urban,17622,3,11,Yes,AWKUM Entry Test,Easy,40% / 100 marks,13
PK-KPK-006,Abdul Wali Khan University Mardan,Public,KPK,Mardan,2009,51,W1,Statistics,STEM,2023,410,192,218,16,25.6,,26,,66,10,9,,67.2,3.7,Mostly Urban,9213,20,2,Yes,AWKUM Entry Test,Easy,40% / 100 marks,15
PK-KPK-006,Abdul Wali Khan University Mardan,Public,KPK,Mardan,2009,51,W1,Statistics,STEM,2024,406,276,130,12,33.8,,7,,43,27,50,3.65,70.2,17.6,Mostly Urban,,,17,Yes,AWKUM Entry Test,Easy,40% / 100 marks,14
PK-KPK-006,Abdul Wali Khan University Mardan,Public,KPK,Mardan,2009,51,W1,Statistics,STEM,2025,505,281,224,21,24,16,13,476,35,58,38,2.98,66.2,3.3,Mixed Urban-Rural,16523,4,3,Yes,AWKUM Entry Test,Easy,40% / 100 marks,14
PK-KPK-011,Bacha Khan University Charsadda,Public,KPK,Charsadda,2012,,W1,Business Administration,Business,2022,429,164,265,12,35.8,,49,,43,14,,3.08,72.8,15.8,Mixed Urban-Rural,10073,14,19,Yes,BKU Entry Test,Easy,40% / 100 marks,8
PK-KPK-011,Bacha Khan University Charsadda,Public,KPK,Charsadda,2012,,W1,Business Administration,Business,2023,485,282,203,14,34.6,20,41,424,,52,66,3.6,73.2,15.5,Mostly Urban,38265,15,,Yes,BKU Entry Test,Easy,40% / 100 marks,8
PK-KPK-011,Bacha Khan University Charsadda,Public,KPK,Charsadda,2012,,W1,Business Administration,Business,2024,429,187,242,15,28.6,11,48,370,64,9,25,3.19,72.3,6.8,Mixed Urban-Rural,40743,10,19,Yes,BKU Entry Test,Easy,40% / 100 marks,7
PK-KPK-011,Bacha Khan University Charsadda,Public,KPK,Charsadda,2012,,W1,Business Administration,Business,2025,460,217,243,20,23,24,72,364,,54,,3.69,77.3,16.3,Mostly Urban,22095,11,13,Yes,BKU Entry Test,Easy,40% / 100 marks,10
PK-KPK-011,Bacha Khan University Charsadda,Public,KPK,Charsadda,2012,,W1,Chemistry,STEM,2022,221,122,99,9,24.6,11,40,170,31,49,79,2.84,48.1,1.6,,43859,15,4,Yes,BKU Entry Test,Easy,40% / 100 marks,8
PK-KPK-011,Bacha Khan University Charsadda,Public,KPK,Charsadda,2012,,W1,Chemistry,STEM,2023,253,102,151,9,28.1,,33,,10,,15,2.77,53.3,,Mostly Rural,,3,,Yes,BKU Entry Test,Easy,40% / 100 marks,6
PK-KPK-011,Bacha Khan University Charsadda,Public,KPK,Charsadda,2012,,W1,Chemistry,STEM,2024,247,167,80,7,35.3,11,47,189,43,40,11,3.56,51.4,14.5,Mixed Urban-Rural,10521,3,,Yes,BKU Entry Test,Easy,40% / 100 marks,7
PK-KPK-011,Bacha Khan University Charsadda,Public,KPK,Charsadda,2012,,W1,Chemistry,STEM,2025,261,175,86,10,26.1,9,41,211,5,21,65,,46.2,4.6,Mostly Urban,19346,13,26,Yes,BKU Entry Test,Easy,40% / 100 marks,6
PK-KPK-011,Bacha Khan University Charsadda,Public,KPK,Charsadda,2012,,W1,Education,Arts & Social Sciences,2022,398,238,160,17,23.4,5,34,359,69,56,61,3.58,61.9,17.4,,22466,9,7,Yes,BKU Entry Test,Easy,40% / 100 marks,9
PK-KPK-011,Bacha Khan University Charsadda,Public,KPK,Charsadda,2012,,W1,Education,Arts & Social Sciences,2023,420,187,233,13,32.3,20,6,394,43,8,11,2.87,71.3,6.2,Mostly Rural,27190,,30,Yes,BKU Entry Test,Easy,40% / 100 marks,9
PK-KPK-011,Bacha Khan University Charsadda,Public,KPK,Charsadda,2012,,W1,Education,Arts & Social Sciences,2024,492,214,278,18,27.3,18,88,386,80,11,75,2.77,71.1,13.5,Mixed Urban-Rural,,13,,Yes,BKU Entry Test,Easy,40% / 100 marks,7
PK-KPK-011,Bacha Khan University Charsadda,Public,KPK,Charsadda,2012,,W1,Education,Arts & Social Sciences,2025,503,334,169,18,27.9,39,49,415,88,,29,2.79,63.1,17.6,Mostly Urban,23526,1,,Yes,BKU Entry Test,Easy,40% / 100 marks,10
PK-KPK-011,Bacha Khan University Charsadda,Public,KPK,Charsadda,2012,,W1,Mass Communication,Arts & Social Sciences,2022,405,171,234,15,27,13,62,330,28,23,45,2.99,59.6,5.1,Mostly Rural,42788,4,6,Yes,BKU Entry Test,Easy,40% / 100 marks,7
PK-KPK-011,Bacha Khan University Charsadda,Public,KPK,Charsadda,2012,,W1,Mass Communication,Arts & Social Sciences,2023,432,181,251,15,28.8,11,11,410,30,57,29,3.21,56,11.1,,39168,8,13,Yes,BKU Entry Test,Easy,40% / 100 marks,9
PK-KPK-011,Bacha Khan University Charsadda,Public,KPK,Charsadda,2012,,W1,Mass Communication,Arts & Social Sciences,2024,407,251,156,14,29.1,11,20,376,40,49,47,3.46,63.4,9.5,Mostly Rural,21244,,,Yes,BKU Entry Test,Easy,40% / 100 marks,9
PK-KPK-011,Bacha Khan University Charsadda,Public,KPK,Charsadda,2012,,W1,Mass Communication,Arts & Social Sciences,2025,451,265,186,13,34.7,6,50,395,24,30,63,,60.7,14.5,,31181,20,8,Yes,BKU Entry Test,Easy,40% / 100 marks,8
PK-KPK-011,Bacha Khan University Charsadda,Public,KPK,Charsadda,2012,,W1,Pharmacy,STEM,2022,429,303,126,13,33,6,10,413,58,36,38,3.3,80.3,,Mostly Urban,28458,5,,Yes,BKU Entry Test,Easy,40% / 100 marks,6
PK-KPK-011,Bacha Khan University Charsadda,Public,KPK,Charsadda,2012,,W1,Pharmacy,STEM,2023,393,245,148,12,32.8,,21,,34,47,55,2.99,72.2,12.4,Mixed Urban-Rural,12052,20,28,Yes,BKU Entry Test,Easy,40% / 100 marks,10
PK-KPK-011,Bacha Khan University Charsadda,Public,KPK,Charsadda,2012,,W1,Pharmacy,STEM,2024,410,249,161,14,29.3,18,57,335,30,,42,3.31,82.9,9.2,Mixed Urban-Rural,35532,12,32,Yes,BKU Entry Test,Easy,40% / 100 marks,7
PK-KPK-011,Bacha Khan University Charsadda,Public,KPK,Charsadda,2012,,W1,Pharmacy,STEM,2025,438,226,212,17,25.8,22,64,352,30,,34,,74.8,8.2,Mostly Rural,20244,,24,Yes,BKU Entry Test,Easy,40% / 100 marks,
PK-KPK-011,Bacha Khan University Charsadda,Public,KPK,Charsadda,2012,,W1,Physics,STEM,2022,263,183,80,8,32.9,,,,50,,,3.53,54.8,8.3,Mostly Rural,33263,4,16,Yes,BKU Entry Test,Easy,40% / 100 marks,8
PK-KPK-011,Bacha Khan University Charsadda,Public,KPK,Charsadda,2012,,W1,Physics,STEM,2023,249,151,98,11,22.6,12,,,23,13,75,,56,,,18183,4,13,Yes,BKU Entry Test,Easy,40% / 100 marks,9
PK-KPK-011,Bacha Khan University Charsadda,Public,KPK,Charsadda,2012,,W1,Physics,STEM,2024,290,164,126,9,32.2,7,54,229,41,,21,3.13,55.4,,Mostly Urban,14312,,4,Yes,BKU Entry Test,Easy,40% / 100 marks,6
PK-KPK-011,Bacha Khan University Charsadda,Public,KPK,Charsadda,2012,,W1,Physics,STEM,2025,295,148,147,10,29.5,4,19,272,33,20,69,3.17,44.1,2.9,Mostly Rural,41447,11,5,Yes,BKU Entry Test,Easy,40% / 100 marks,9
PK-KPK-011,Bacha Khan University Charsadda,Public,KPK,Charsadda,2012,,W1,Political Science,Arts & Social Sciences,2022,331,148,183,13,25.5,22,62,247,41,15,61,3.48,51.5,8.5,Mostly Rural,24189,3,,Yes,BKU Entry Test,Easy,40% / 100 marks,8
PK-KPK-011,Bacha Khan University Charsadda,Public,KPK,Charsadda,2012,,W1,Political Science,Arts & Social Sciences,2023,312,132,180,11,28.4,15,,,,7,46,2.79,52,10.3,Mostly Urban,20794,1,,Yes,BKU Entry Test,Easy,40% / 100 marks,9
PK-KPK-011,Bacha Khan University Charsadda,Public,KPK,Charsadda,2012,,W1,Political Science,Arts & Social Sciences,2024,304,116,188,10,30.4,22,45,237,33,47,67,3.58,53.9,3.8,Mixed Urban-Rural,22265,4,21,Yes,BKU Entry Test,Easy,40% / 100 marks,
PK-KPK-011,Bacha Khan University Charsadda,Public,KPK,Charsadda,2012,,W1,Political Science,Arts & Social Sciences,2025,364,201,163,10,36.4,10,,,49,,8,3.2,53.3,12.5,Mixed Urban-Rural,29182,14,14,Yes,BKU Entry Test,Easy,40% / 100 marks,10
PK-KPK-011,Bacha Khan University Charsadda,Public,KPK,Charsadda,2012,,W1,Psychology,Arts & Social Sciences,2022,328,154,174,11,29.8,22,31,275,52,51,14,,59.9,15.2,Mostly Urban,38063,20,26,Yes,BKU Entry Test,Easy,40% / 100 marks,10
PK-KPK-011,Bacha Khan University Charsadda,Public,KPK,Charsadda,2012,,W1,Psychology,Arts & Social Sciences,2023,369,186,183,11,33.5,6,56,307,11,57,56,3.53,67.2,9.5,Mixed Urban-Rural,,7,7,Yes,BKU Entry Test,Easy,40% / 100 marks,9
PK-KPK-011,Bacha Khan University Charsadda,Public,KPK,Charsadda,2012,,W1,Psychology,Arts & Social Sciences,2024,374,239,135,13,28.8,19,42,313,,58,,3.35,67.8,9.9,Mixed Urban-Rural,39826,2,0,Yes,BKU Entry Test,Easy,40% / 100 marks,10
PK-KPK-011,Bacha Khan University Charsadda,Public,KPK,Charsadda,2012,,W1,Psychology,Arts & Social Sciences,2025,359,184,175,10,35.9,22,59,278,39,50,,3.54,63.2,9.9,Mostly Rural,40217,19,6,Yes,BKU Entry Test,Easy,40% / 100 marks,10
PK-KPK-011,Bacha Khan University Charsadda,Public,KPK,Charsadda,2012,,W1,Sociology,Arts & Social Sciences,2022,216,88,128,6,36,5,40,171,8,37,11,,51.6,14.8,Mostly Rural,21383,13,27,Yes,BKU Entry Test,Easy,40% / 100 marks,6
PK-KPK-011,Bacha Khan University Charsadda,Public,KPK,Charsadda,2012,,W1,Sociology,Arts & Social Sciences,2023,209,126,83,6,34.8,,3,,29,21,5,2.71,50.4,16.6,Mostly Rural,10577,4,14,Yes,BKU Entry Test,Easy,40% / 100 marks,6
PK-KPK-011,Bacha Khan University Charsadda,Public,KPK,Charsadda,2012,,W1,Sociology,Arts & Social Sciences,2024,199,87,112,6,33.2,8,36,155,31,4,9,2.93,51.6,13.4,Mixed Urban-Rural,42177,3,,Yes,BKU Entry Test,Easy,40% / 100 marks,8
PK-KPK-011,Bacha Khan University Charsadda,Public,KPK,Charsadda,2012,,W1,Sociology,Arts & Social Sciences,2025,234,124,110,8,29.2,,14,,45,48,28,3.63,44.4,3.5,Mostly Rural,20528,19,23,Yes,BKU Entry Test,Easy,40% / 100 marks,8
PK-KPK-005,GHULAM ISHAQ KHAN Institute of Engineering,Private,KPK,Topi,1993,10,W3,Civil Engineering,STEM,2022,647,367,280,20,32.4,21,37,589,,40,37,2.86,74.7,11.3,Mostly Urban,72236,,,Yes,GIK Entry Test,Difficult,70% / 200 marks,15
PK-KPK-005,GHULAM ISHAQ KHAN Institute of Engineering,Private,KPK,Topi,1993,10,W3,Civil Engineering,STEM,2023,658,367,291,22,29.9,31,59,568,47,,36,3.67,68.7,14,Mostly Urban,118529,17,31,Yes,GIK Entry Test,Difficult,70% / 200 marks,17
PK-KPK-005,GHULAM ISHAQ KHAN Institute of Engineering,Private,KPK,Topi,1993,10,W3,Civil Engineering,STEM,2024,800,381,419,23,34.8,8,0,792,122,23,79,3.26,68.6,1.5,Mostly Urban,86127,7,21,Yes,GIK Entry Test,Difficult,70% / 200 marks,
PK-KPK-005,GHULAM ISHAQ KHAN Institute of Engineering,Private,KPK,Topi,1993,10,W3,Civil Engineering,STEM,2025,757,503,254,31,24.4,34,115,608,42,51,28,2.8,61.1,4.7,Mostly Rural,120857,20,,Yes,GIK Entry Test,Difficult,70% / 200 marks,19
PK-KPK-005,GHULAM ISHAQ KHAN Institute of Engineering,Private,KPK,Topi,1993,10,W3,Computer Science,STEM,2022,873,612,261,26,33.6,,7,,88,,13,,77.1,9.5,Mostly Urban,128177,4,19,Yes,GIK Entry Test,Difficult,70% / 200 marks,17
PK-KPK-005,GHULAM ISHAQ KHAN Institute of Engineering,Private,KPK,Topi,1993,10,W3,Computer Science,STEM,2023,729,354,375,21,34.7,52,56,621,104,1,35,3.31,77,5.2,Mostly Urban,,20,12,Yes,GIK Entry Test,Difficult,70% / 200 marks,15
PK-KPK-005,GHULAM ISHAQ KHAN Institute of Engineering,Private,KPK,Topi,1993,10,W3,Computer Science,STEM,2024,868,465,403,36,24.1,46,20,802,64,33,73,2.97,88.8,14.8,Mostly Rural,165930,16,22,Yes,GIK Entry Test,Difficult,70% / 200 marks,18
PK-KPK-005,GHULAM ISHAQ KHAN Institute of Engineering,Private,KPK,Topi,1993,10,W3,Computer Science,STEM,2025,775,478,297,31,25,35,17,723,53,,31,3.51,86.9,11.4,Mixed Urban-Rural,149818,12,,Yes,GIK Entry Test,Difficult,70% / 200 marks,18
PK-KPK-005,GHULAM ISHAQ KHAN Institute of Engineering,Private,KPK,Topi,1993,10,W3,Electrical Engineering,STEM,2022,1507,853,654,47,32.1,85,234,1188,,24,49,3.42,83.3,15.8,Mostly Rural,72063,9,6,Yes,GIK Entry Test,Difficult,70% / 200 marks,17
PK-KPK-005,GHULAM ISHAQ KHAN Institute of Engineering,Private,KPK,Topi,1993,10,W3,Electrical Engineering,STEM,2023,1859,1177,682,81,23,104,330,1425,160,9,55,3.51,80,14.5,Mostly Rural,96035,8,17,Yes,GIK Entry Test,Difficult,70% / 200 marks,19
PK-KPK-005,GHULAM ISHAQ KHAN Institute of Engineering,Private,KPK,Topi,1993,10,W3,Electrical Engineering,STEM,2024,1652,790,862,51,32.4,57,208,1387,,54,22,3.56,80.2,6.4,Mostly Rural,82230,,17,Yes,GIK Entry Test,Difficult,70% / 200 marks,18
PK-KPK-005,GHULAM ISHAQ KHAN Institute of Engineering,Private,KPK,Topi,1993,10,W3,Electrical Engineering,STEM,2025,1714,721,993,57,30.1,93,39,1582,338,39,55,2.78,73.4,4.6,Mostly Rural,107671,18,27,Yes,GIK Entry Test,Difficult,70% / 200 marks,20
PK-KPK-005,GHULAM ISHAQ KHAN Institute of Engineering,Private,KPK,Topi,1993,10,W3,Industrial Engineering,STEM,2022,1343,815,528,52,25.8,,20,,,47,32,,64.6,13.6,Mostly Urban,93010,20,8,Yes,GIK Entry Test,Difficult,70% / 200 marks,17
PK-KPK-005,GHULAM ISHAQ KHAN Institute of Engineering,Private,KPK,Topi,1993,10,W3,Industrial Engineering,STEM,2023,1220,770,450,43,28.4,,185,,154,,6,2.81,73.5,,Mostly Rural,,6,18,Yes,GIK Entry Test,Difficult,70% / 200 marks,16
PK-KPK-005,GHULAM ISHAQ KHAN Institute of Engineering,Private,KPK,Topi,1993,10,W3,Industrial Engineering,STEM,2024,1417,638,779,45,31.5,85,105,1227,71,,,3.01,68.6,,,,17,20,Yes,GIK Entry Test,Difficult,70% / 200 marks,14
PK-KPK-005,GHULAM ISHAQ KHAN Institute of Engineering,Private,KPK,Topi,1993,10,W3,Industrial Engineering,STEM,2025,1280,667,613,39,32.8,42,179,1059,72,22,17,3.62,69.1,,,75457,18,6,Yes,GIK Entry Test,Difficult,70% / 200 marks,19
PK-KPK-005,GHULAM ISHAQ KHAN Institute of Engineering,Private,KPK,Topi,1993,10,W3,Mechanical Engineering,STEM,2022,986,401,585,31,31.8,4,165,817,197,12,15,,66.8,17.4,Mostly Rural,120392,4,2,Yes,GIK Entry Test,Difficult,70% / 200 marks,17
PK-KPK-005,GHULAM ISHAQ KHAN Institute of Engineering,Private,KPK,Topi,1993,10,W3,Mechanical Engineering,STEM,2023,1127,619,508,49,23,22,5,1100,144,19,44,3.41,66.3,8.7,Mostly Urban,71820,14,,Yes,GIK Entry Test,Difficult,70% / 200 marks,20
PK-KPK-005,GHULAM ISHAQ KHAN Institute of Engineering,Private,KPK,Topi,1993,10,W3,Mechanical Engineering,STEM,2024,1214,842,372,41,29.6,34,6,1174,156,60,12,2.78,74.5,11.6,Mostly Urban,114201,19,,Yes,GIK Entry Test,Difficult,70% / 200 marks,20
PK-KPK-005,GHULAM ISHAQ KHAN Institute of Engineering,Private,KPK,Topi,1993,10,W3,Mechanical Engineering,STEM,2025,1262,819,443,51,24.7,79,91,1092,90,55,42,3.5,72.3,4.7,Mostly Urban,110885,18,27,Yes,GIK Entry Test,Difficult,70% / 200 marks,14
PK-KPK-005,GHULAM ISHAQ KHAN Institute of Engineering,Private,KPK,Topi,1993,10,W3,Software Engineering,STEM,2022,1718,882,836,62,27.7,34,239,1445,,60,,,80.5,6,Mixed Urban-Rural,151701,13,32,Yes,GIK Entry Test,Difficult,70% / 200 marks,16
PK-KPK-005,GHULAM ISHAQ KHAN Institute of Engineering,Private,KPK,Topi,1993,10,W3,Software Engineering,STEM,2023,1565,857,708,54,29,110,97,1358,119,5,9,3.23,90.3,3.1,Mostly Urban,,13,,Yes,GIK Entry Test,Difficult,70% / 200 marks,20
PK-KPK-005,GHULAM ISHAQ KHAN Institute of Engineering,Private,KPK,Topi,1993,10,W3,Software Engineering,STEM,2024,1897,1135,762,85,22.3,,205,,171,43,22,3.61,83.1,,Mostly Urban,166864,1,0,Yes,GIK Entry Test,Difficult,70% / 200 marks,18
PK-KPK-005,GHULAM ISHAQ KHAN Institute of Engineering,Private,KPK,Topi,1993,10,W3,Software Engineering,STEM,2025,1942,1150,792,61,31.8,,117,,252,26,64,3.26,78.9,4.9,Mixed Urban-Rural,95772,16,21,Yes,GIK Entry Test,Difficult,70% / 200 marks,
PK-KPK-007,Gomal University Dera Ismail Khan,Public,KPK,Dera Ismail Khan,1974,49,W1,Biology,STEM,2022,101,67,34,5,20.2,1,16,84,5,1,29,2.97,52.2,,Mostly Rural,22200,,13,Yes,Gomal Entry Test,Easy,40% / 100 marks,17
PK-KPK-007,Gomal University Dera Ismail Khan,Public,KPK,Dera Ismail Khan,1974,49,W1,Biology,STEM,2023,122,61,61,5,24.4,6,,,9,,80,2.82,46.1,,Mostly Urban,9898,12,11,Yes,Gomal Entry Test,Easy,40% / 100 marks,19
PK-KPK-007,Gomal University Dera Ismail Khan,Public,KPK,Dera Ismail Khan,1974,49,W1,Biology,STEM,2024,136,82,54,5,27.2,4,17,115,,38,72,3.69,51.7,7,Mostly Rural,21783,,28,Yes,Gomal Entry Test,Easy,40% / 100 marks,20
PK-KPK-007,Gomal University Dera Ismail Khan,Public,KPK,Dera Ismail Khan,1974,49,W1,Biology,STEM,2025,135,82,53,5,27,,24,,11,40,75,3.04,44.6,12.9,Mixed Urban-Rural,9740,5,,Yes,Gomal Entry Test,Easy,40% / 100 marks,15
PK-KPK-007,Gomal University Dera Ismail Khan,Public,KPK,Dera Ismail Khan,1974,49,W1,Chemistry,STEM,2022,339,167,172,11,30.8,1,65,273,17,9,8,2.96,61.6,10.3,Mostly Rural,43378,7,34,Yes,Gomal Entry Test,Easy,40% / 100 marks,
PK-KPK-007,Gomal University Dera Ismail Khan,Public,KPK,Dera Ismail Khan,1974,49,W1,Chemistry,STEM,2023,286,155,131,11,26,18,19,249,,50,22,,53.5,4.9,Mostly Urban,38064,9,22,Yes,Gomal Entry Test,Easy,40% / 100 marks,19
PK-KPK-007,Gomal University Dera Ismail Khan,Public,KPK,Dera Ismail Khan,1974,49,W1,Chemistry,STEM,2024,347,145,202,13,26.7,15,0,332,,45,73,3.5,51.1,,Mixed Urban-Rural,15153,,,Yes,Gomal Entry Test,Easy,40% / 100 marks,14
PK-KPK-007,Gomal University Dera Ismail Khan,Public,KPK,Dera Ismail Khan,1974,49,W1,Chemistry,STEM,2025,322,223,99,14,23,4,46,272,25,44,44,,57.6,6,Mostly Urban,44961,,12,Yes,Gomal Entry Test,Easy,40% / 100 marks,17
PK-KPK-007,Gomal University Dera Ismail Khan,Public,KPK,Dera Ismail Khan,1974,49,W1,Education,Arts & Social Sciences,2022,353,174,179,11,32.1,7,4,342,,19,17,2.75,59.7,13.9,Mostly Rural,13006,14,19,Yes,Gomal Entry Test,Easy,40% / 100 marks,19
PK-KPK-007,Gomal University Dera Ismail Khan,Public,KPK,Dera Ismail Khan,1974,49,W1,Education,Arts & Social Sciences,2023,405,280,125,12,33.8,,74,,31,44,,3.69,59,7.1,Mixed Urban-Rural,24104,7,19,Yes,Gomal Entry Test,Easy,40% / 100 marks,18
PK-KPK-007,Gomal University Dera Ismail Khan,Public,KPK,Dera Ismail Khan,1974,49,W1,Education,Arts & Social Sciences,2024,377,174,203,14,26.9,1,25,351,,42,67,3.46,72.3,17.9,Mostly Rural,,,17,Yes,Gomal Entry Test,Easy,40% / 100 marks,17
PK-KPK-007,Gomal University Dera Ismail Khan,Public,KPK,Dera Ismail Khan,1974,49,W1,Education,Arts & Social Sciences,2025,395,236,159,14,28.2,11,15,369,15,,60,2.69,61.7,15.2,Mixed Urban-Rural,30926,3,21,Yes,Gomal Entry Test,Easy,40% / 100 marks,19
PK-KPK-007,Gomal University Dera Ismail Khan,Public,KPK,Dera Ismail Khan,1974,49,W1,Electrical Engineering,STEM,2022,97,56,41,5,19.4,,17,,15,8,57,3.62,80.6,5.9,,43044,5,29,Yes,Gomal Entry Test,Easy,40% / 100 marks,19
PK-KPK-007,Gomal University Dera Ismail Khan,Public,KPK,Dera Ismail Khan,1974,49,W1,Electrical Engineering,STEM,2023,111,56,55,5,22.2,8,7,96,,21,36,3.44,78.5,,Mostly Urban,32436,,,Yes,Gomal Entry Test,Easy,40% / 100 marks,15
PK-KPK-007,Gomal University Dera Ismail Khan,Public,KPK,Dera Ismail Khan,1974,49,W1,Electrical Engineering,STEM,2024,111,50,61,5,22.2,7,16,88,14,,,3.01,69.8,12.7,Mostly Rural,17050,1,8,Yes,Gomal Entry Test,Easy,40% / 100 marks,19
PK-KPK-007,Gomal University Dera Ismail Khan,Public,KPK,Dera Ismail Khan,1974,49,W1,Electrical Engineering,STEM,2025,104,65,39,5,20.8,6,9,89,19,22,63,2.62,74.4,,Mixed Urban-Rural,36472,15,,Yes,Gomal Entry Test,Easy,40% / 100 marks,17
PK-KPK-007,Gomal University Dera Ismail Khan,Public,KPK,Dera Ismail Khan,1974,49,W1,English Literature,Arts & Social Sciences,2022,291,129,162,9,32.3,15,42,234,,,59,2.65,48.1,7.4,Mostly Rural,,1,9,Yes,Gomal Entry Test,Easy,40% / 100 marks,15
PK-KPK-007,Gomal University Dera Ismail Khan,Public,KPK,Dera Ismail Khan,1974,49,W1,English Literature,Arts & Social Sciences,2023,263,162,101,7,37.6,6,4,253,40,,20,3.57,51.6,8.2,Mostly Rural,28145,2,7,Yes,Gomal Entry Test,Easy,40% / 100 marks,18
PK-KPK-007,Gomal University Dera Ismail Khan,Public,KPK,Dera Ismail Khan,1974,49,W1,English Literature,Arts & Social Sciences,2024,306,171,135,9,34,4,3,299,,34,,3.01,45.3,9.7,,34257,5,11,Yes,Gomal Entry Test,Easy,40% / 100 marks,16
PK-KPK-007,Gomal University Dera Ismail Khan,Public,KPK,Dera Ismail Khan,1974,49,W1,English Literature,Arts & Social Sciences,2025,325,156,169,10,32.5,14,63,248,59,4,51,2.99,48.6,1.9,,12291,16,19,Yes,Gomal Entry Test,Easy,40% / 100 marks,20
PK-KPK-007,Gomal University Dera Ismail Khan,Public,KPK,Dera Ismail Khan,1974,49,W1,Law,Arts & Social Sciences,2022,171,74,97,6,28.5,3,27,141,14,28,35,3.04,69.2,6.2,Mixed Urban-Rural,38050,14,,Yes,Gomal Entry Test,Easy,40% / 100 marks,19
PK-KPK-007,Gomal University Dera Ismail Khan,Public,KPK,Dera Ismail Khan,1974,49,W1,Law,Arts & Social Sciences,2023,183,100,83,6,30.5,5,29,149,31,33,62,3.3,68.5,12.9,Mixed Urban-Rural,41848,,20,Yes,Gomal Entry Test,Easy,40% / 100 marks,16
PK-KPK-007,Gomal University Dera Ismail Khan,Public,KPK,Dera Ismail Khan,1974,49,W1,Law,Arts & Social Sciences,2024,223,93,130,9,24.8,14,3,206,33,40,48,,70.4,8.8,Mostly Urban,32463,,,Yes,Gomal Entry Test,Easy,40% / 100 marks,15
PK-KPK-007,Gomal University Dera Ismail Khan,Public,KPK,Dera Ismail Khan,1974,49,W1,Law,Arts & Social Sciences,2025,212,88,124,6,35.3,11,8,193,11,36,47,3.31,66.7,7.6,Mostly Urban,29398,10,22,Yes,Gomal Entry Test,Easy,40% / 100 marks,16
PK-KPK-007,Gomal University Dera Ismail Khan,Public,KPK,Dera Ismail Khan,1974,49,W1,Mathematics,STEM,2022,258,179,79,9,28.7,4,,,24,,37,2.6,64.6,,,34595,11,,Yes,Gomal Entry Test,Easy,40% / 100 marks,15
PK-KPK-007,Gomal University Dera Ismail Khan,Public,KPK,Dera Ismail Khan,1974,49,W1,Mathematics,STEM,2023,251,166,85,8,31.4,5,3,243,,60,56,3.41,61.6,17.9,Mostly Urban,20787,1,22,Yes,Gomal Entry Test,Easy,40% / 100 marks,16
PK-KPK-007,Gomal University Dera Ismail Khan,Public,KPK,Dera Ismail Khan,1974,49,W1,Mathematics,STEM,2024,258,176,82,9,28.7,6,37,215,38,42,45,2.63,60.1,2.7,Mostly Urban,,,31,Yes,Gomal Entry Test,Easy,40% / 100 marks,19
PK-KPK-007,Gomal University Dera Ismail Khan,Public,KPK,Dera Ismail Khan,1974,49,W1,Mathematics,STEM,2025,292,114,178,12,24.3,14,38,240,,44,26,3.23,62.6,11.2,Mostly Rural,,9,13,Yes,Gomal Entry Test,Easy,40% / 100 marks,19
PK-KPK-007,Gomal University Dera Ismail Khan,Public,KPK,Dera Ismail Khan,1974,49,W1,Pharmacy,STEM,2022,205,90,115,7,29.3,,29,,7,29,13,2.97,72.7,16.9,Mostly Rural,20614,6,25,Yes,Gomal Entry Test,Easy,40% / 100 marks,17
PK-KPK-007,Gomal University Dera Ismail Khan,Public,KPK,Dera Ismail Khan,1974,49,W1,Pharmacy,STEM,2023,173,94,79,6,28.8,0,4,169,11,48,70,3.36,86.2,2,Mostly Rural,21623,6,,Yes,Gomal Entry Test,Easy,40% / 100 marks,20
PK-KPK-007,Gomal University Dera Ismail Khan,Public,KPK,Dera Ismail Khan,1974,49,W1,Pharmacy,STEM,2024,200,98,102,7,28.6,12,26,162,16,35,53,3.62,84.7,,Mixed Urban-Rural,35401,11,8,Yes,Gomal Entry Test,Easy,40% / 100 marks,16
PK-KPK-007,Gomal University Dera Ismail Khan,Public,KPK,Dera Ismail Khan,1974,49,W1,Pharmacy,STEM,2025,207,96,111,6,34.5,12,2,193,,42,,,81.1,12.5,Mixed Urban-Rural,36001,12,5,Yes,Gomal Entry Test,Easy,40% / 100 marks,19
PK-KPK-007,Gomal University Dera Ismail Khan,Public,KPK,Dera Ismail Khan,1974,49,W1,Psychology,Arts & Social Sciences,2022,370,235,135,14,26.4,,,,58,56,24,2.86,59.8,14.3,Mostly Rural,20245,9,25,Yes,Gomal Entry Test,Easy,40% / 100 marks,17
PK-KPK-007,Gomal University Dera Ismail Khan,Public,KPK,Dera Ismail Khan,1974,49,W1,Psychology,Arts & Social Sciences,2023,321,180,141,9,35.7,23,23,275,7,20,,,57.7,9.5,Mostly Urban,40203,20,29,Yes,Gomal Entry Test,Easy,40% / 100 marks,20
PK-KPK-007,Gomal University Dera Ismail Khan,Public,KPK,Dera Ismail Khan,1974,49,W1,Psychology,Arts & Social Sciences,2024,347,246,101,15,23.1,7,9,331,,9,21,3.66,61.5,7,Mixed Urban-Rural,40109,6,23,Yes,Gomal Entry Test,Easy,40% / 100 marks,
PK-KPK-007,Gomal University Dera Ismail Khan,Public,KPK,Dera Ismail Khan,1974,49,W1,Psychology,Arts & Social Sciences,2025,420,287,133,14,30,18,,,,13,58,3.16,65.8,14.9,Mixed Urban-Rural,15365,13,25,Yes,Gomal Entry Test,Easy,40% / 100 marks,19
PK-KPK-007,Gomal University Dera Ismail Khan,Public,KPK,Dera Ismail Khan,1974,49,W1,Urdu,Arts & Social Sciences,2022,253,98,155,7,36.1,15,0,238,6,,45,2.62,41.7,12.9,Mixed Urban-Rural,8375,,28,Yes,Gomal Entry Test,Easy,40% / 100 marks,17
PK-KPK-007,Gomal University Dera Ismail Khan,Public,KPK,Dera Ismail Khan,1974,49,W1,Urdu,Arts & Social Sciences,2023,273,128,145,8,34.1,20,26,227,36,14,60,3.56,37.5,13.1,Mostly Rural,18341,5,15,Yes,Gomal Entry Test,Easy,40% / 100 marks,19
PK-KPK-007,Gomal University Dera Ismail Khan,Public,KPK,Dera Ismail Khan,1974,49,W1,Urdu,Arts & Social Sciences,2024,291,182,109,8,36.4,2,39,250,,51,42,,42.2,11.6,Mixed Urban-Rural,35292,19,1,Yes,Gomal Entry Test,Easy,40% / 100 marks,15
PK-KPK-007,Gomal University Dera Ismail Khan,Public,KPK,Dera Ismail Khan,1974,49,W1,Urdu,Arts & Social Sciences,2025,278,158,120,12,23.2,9,8,261,33,,53,3.03,34.3,7.4,Mixed Urban-Rural,16772,6,,Yes,Gomal Entry Test,Easy,40% / 100 marks,16
PK-KPK-003,Islamia College University Peshawar,Public,KPK,Peshawar,1913,37,W2,Business Administration,Business,2022,509,326,183,19,26.8,22,56,431,69,31,51,2.85,68.5,5.1,Mostly Urban,26958,12,,Yes,ICU Entry Test,Easy,45% / 100 marks,19
PK-KPK-003,Islamia College University Peshawar,Public,KPK,Peshawar,1913,37,W2,Business Administration,Business,2023,512,283,229,16,32,36,23,453,72,0,26,3.09,71.8,15.2,Mixed Urban-Rural,12665,12,33,Yes,ICU Entry Test,Easy,45% / 100 marks,14
PK-KPK-003,Islamia College University Peshawar,Public,KPK,Peshawar,1913,37,W2,Business Administration,Business,2024,498,317,181,16,31.1,24,0,474,58,,40,3.63,74.7,16.6,Mixed Urban-Rural,41264,11,,Yes,ICU Entry Test,Easy,45% / 100 marks,18
PK-KPK-003,Islamia College University Peshawar,Public,KPK,Peshawar,1913,37,W2,Business Administration,Business,2025,552,373,179,18,30.7,3,36,513,,57,19,2.89,63.6,1.8,Mostly Urban,39457,2,,Yes,ICU Entry Test,Easy,45% / 100 marks,14
PK-KPK-003,Islamia College University Peshawar,Public,KPK,Peshawar,1913,37,W2,Civil Engineering,STEM,2022,850,561,289,26,32.7,0,46,804,25,41,15,3.04,60.2,,Mixed Urban-Rural,12719,9,27,Yes,ICU Entry Test,Easy,45% / 100 marks,18
PK-KPK-003,Islamia College University Peshawar,Public,KPK,Peshawar,1913,37,W2,Civil Engineering,STEM,2023,743,443,300,21,35.4,14,113,616,,,64,3.38,66.6,7.6,Mostly Urban,14972,,,Yes,ICU Entry Test,Easy,45% / 100 marks,
PK-KPK-003,Islamia College University Peshawar,Public,KPK,Peshawar,1913,37,W2,Civil Engineering,STEM,2024,901,366,535,27,33.4,63,98,740,150,3,,3.64,63.5,13.2,Mostly Urban,9586,8,,Yes,ICU Entry Test,Easy,45% / 100 marks,17
PK-KPK-003,Islamia College University Peshawar,Public,KPK,Peshawar,1913,37,W2,Civil Engineering,STEM,2025,879,397,482,26,33.8,50,,,126,,35,3.1,64.8,12.1,,18782,,,Yes,ICU Entry Test,Easy,45% / 100 marks,17
PK-KPK-003,Islamia College University Peshawar,Public,KPK,Peshawar,1913,37,W2,Computer Science,STEM,2022,208,136,72,9,23.1,,25,,11,29,71,3.41,84.6,12,Mostly Rural,32272,1,14,Yes,ICU Entry Test,Easy,45% / 100 marks,20
PK-KPK-003,Islamia College University Peshawar,Public,KPK,Peshawar,1913,37,W2,Computer Science,STEM,2023,214,114,100,6,35.7,6,30,178,10,1,38,2.95,84.1,10.4,Mostly Rural,10816,7,,Yes,ICU Entry Test,Easy,45% / 100 marks,18
PK-KPK-003,Islamia College University Peshawar,Public,KPK,Peshawar,1913,37,W2,Computer Science,STEM,2024,247,95,152,8,30.9,,29,,7,,,3.49,82.7,5.8,Mixed Urban-Rural,36453,,33,Yes,ICU Entry Test,Easy,45% / 100 marks,15
PK-KPK-003,Islamia College University Peshawar,Public,KPK,Peshawar,1913,37,W2,Computer Science,STEM,2025,213,86,127,7,30.4,2,11,200,,22,28,3.55,87.1,17.3,Mixed Urban-Rural,11468,18,0,Yes,ICU Entry Test,Easy,45% / 100 marks,17
PK-KPK-003,Islamia College University Peshawar,Public,KPK,Peshawar,1913,37,W2,Economics,Business,2022,763,423,340,27,28.3,56,101,606,133,,,3.61,68.1,12.7,Mostly Urban,14548,17,,Yes,ICU Entry Test,Easy,45% / 100 marks,15
PK-KPK-003,Islamia College University Peshawar,Public,KPK,Peshawar,1913,37,W2,Economics,Business,2023,737,505,232,21,35.1,,107,,64,8,56,2.68,70.6,15.2,Mixed Urban-Rural,8430,14,19,Yes,ICU Entry Test,Easy,45% / 100 marks,16
PK-KPK-003,Islamia College University Peshawar,Public,KPK,Peshawar,1913,37,W2,Economics,Business,2024,678,366,312,27,25.1,11,81,586,90,,57,3.52,71,16.8,Mostly Urban,40198,19,24,Yes,ICU Entry Test,Easy,45% / 100 marks,
PK-KPK-003,Islamia College University Peshawar,Public,KPK,Peshawar,1913,37,W2,Economics,Business,2025,798,407,391,32,24.9,2,90,706,12,,34,3.48,59.6,17.4,Mostly Urban,31012,13,14,Yes,ICU Entry Test,Easy,45% / 100 marks,20
PK-KPK-003,Islamia College University Peshawar,Public,KPK,Peshawar,1913,37,W2,Education,Arts & Social Sciences,2022,274,164,110,9,30.4,20,45,209,49,,78,2.85,65.9,12.8,,27084,,1,Yes,ICU Entry Test,Easy,45% / 100 marks,18
PK-KPK-003,Islamia College University Peshawar,Public,KPK,Peshawar,1913,37,W2,Education,Arts & Social Sciences,2023,300,169,131,9,33.3,18,22,260,47,58,55,3.62,59.4,12,Mostly Rural,21423,2,33,Yes,ICU Entry Test,Easy,45% / 100 marks,19
PK-KPK-003,Islamia College University Peshawar,Public,KPK,Peshawar,1913,37,W2,Education,Arts & Social Sciences,2024,315,185,130,9,35,,49,,,16,65,2.92,73.5,14.7,Mostly Rural,,20,8,Yes,ICU Entry Test,Easy,45% / 100 marks,14
PK-KPK-003,Islamia College University Peshawar,Public,KPK,Peshawar,1913,37,W2,Education,Arts & Social Sciences,2025,317,145,172,12,26.4,17,5,295,26,,25,2.77,65.7,7.2,Mostly Urban,39246,,21,Yes,ICU Entry Test,Easy,45% / 100 marks,15
PK-KPK-003,Islamia College University Peshawar,Public,KPK,Peshawar,1913,37,W2,Environmental Science,STEM,2022,616,374,242,17,36.2,47,117,452,5,6,54,3.53,56,8.5,Mostly Rural,34275,11,7,Yes,ICU Entry Test,Easy,45% / 100 marks,20
PK-KPK-003,Islamia College University Peshawar,Public,KPK,Peshawar,1913,37,W2,Environmental Science,STEM,2023,695,306,389,24,29,41,83,571,41,19,,,48.2,,Mostly Rural,36811,2,26,Yes,ICU Entry Test,Easy,45% / 100 marks,14
PK-KPK-003,Islamia College University Peshawar,Public,KPK,Peshawar,1913,37,W2,Environmental Science,STEM,2024,701,375,326,27,26,15,73,613,116,,18,2.74,50.6,12,Mixed Urban-Rural,16309,13,12,Yes,ICU Entry Test,Easy,45% / 100 marks,17
PK-KPK-003,Islamia College University Peshawar,Public,KPK,Peshawar,1913,37,W2,Environmental Science,STEM,2025,827,541,286,31,26.7,,27,,32,6,48,,54.8,,Mixed Urban-Rural,38308,3,32,Yes,ICU Entry Test,Easy,45% / 100 marks,15
PK-KPK-003,Islamia College University Peshawar,Public,KPK,Peshawar,1913,37,W2,Pharmacy,STEM,2022,765,500,265,26,29.4,,125,,39,4,4,3.15,76.5,16.6,Mostly Urban,8294,10,16,Yes,ICU Entry Test,Easy,45% / 100 marks,20
PK-KPK-003,Islamia College University Peshawar,Public,KPK,Peshawar,1913,37,W2,Pharmacy,STEM,2023,750,419,331,24,31.2,55,24,671,45,,71,3.42,72.5,14.1,Mostly Urban,,9,26,Yes,ICU Entry Test,Easy,45% / 100 marks,
PK-KPK-003,Islamia College University Peshawar,Public,KPK,Peshawar,1913,37,W2,Pharmacy,STEM,2024,907,515,392,26,34.9,5,141,761,103,11,33,2.63,80.4,,Mixed Urban-Rural,42451,,0,Yes,ICU Entry Test,Easy,45% / 100 marks,18
PK-KPK-003,Islamia College University Peshawar,Public,KPK,Peshawar,1913,37,W2,Pharmacy,STEM,2025,798,554,244,28,28.5,19,,,46,41,70,2.67,74.5,4.6,Mostly Rural,12097,6,13,Yes,ICU Entry Test,Easy,45% / 100 marks,16
PK-KPK-003,Islamia College University Peshawar,Public,KPK,Peshawar,1913,37,W2,Urdu,Arts & Social Sciences,2022,892,453,439,29,30.8,,,,22,35,11,2.75,36.7,16.3,Mostly Urban,28201,14,34,Yes,ICU Entry Test,Easy,45% / 100 marks,19
PK-KPK-003,Islamia College University Peshawar,Public,KPK,Peshawar,1913,37,W2,Urdu,Arts & Social Sciences,2023,967,445,522,32,30.2,34,89,844,168,31,74,3.45,45.3,2.4,Mixed Urban-Rural,23712,15,9,Yes,ICU Entry Test,Easy,45% / 100 marks,17
PK-KPK-003,Islamia College University Peshawar,Public,KPK,Peshawar,1913,37,W2,Urdu,Arts & Social Sciences,2024,1027,617,410,40,25.7,44,142,841,,42,80,2.76,44.5,4.9,Mixed Urban-Rural,25817,2,19,Yes,ICU Entry Test,Easy,45% / 100 marks,15
PK-KPK-003,Islamia College University Peshawar,Public,KPK,Peshawar,1913,37,W2,Urdu,Arts & Social Sciences,2025,868,467,401,33,26.3,35,67,766,135,46,26,,44.5,2.8,Mostly Urban,15929,11,19,Yes,ICU Entry Test,Easy,45% / 100 marks,17
PK-KPK-004,Khyber Medical University,Public,KPK,Peshawar,2007,32,W2,Biomedical Engineering,STEM,2022,367,144,223,11,33.4,,23,,49,53,69,3.33,72.7,15.2,,9354,10,20,Yes,MDCAT (PMC),Difficult,65% / 210 marks,18
PK-KPK-004,Khyber Medical University,Public,KPK,Peshawar,2007,32,W2,Biomedical Engineering,STEM,2023,423,259,164,13,32.5,17,76,330,58,44,50,3.32,75.9,1.5,Mostly Urban,21832,6,18,Yes,MDCAT (PMC),Difficult,65% / 210 marks,13
PK-KPK-004,Khyber Medical University,Public,KPK,Peshawar,2007,32,W2,Biomedical Engineering,STEM,2024,474,289,185,21,22.6,19,54,401,55,28,76,3.49,81.6,,Mostly Rural,39758,16,24,Yes,MDCAT (PMC),Difficult,65% / 210 marks,17
PK-KPK-004,Khyber Medical University,Public,KPK,Peshawar,2007,32,W2,Biomedical Engineering,STEM,2025,430,294,136,18,23.9,6,86,338,,1,59,3.51,77,,Mixed Urban-Rural,38159,,,Yes,MDCAT (PMC),Difficult,65% / 210 marks,
PK-KPK-004,Khyber Medical University,Public,KPK,Peshawar,2007,32,W2,Nursing,STEM,2022,459,195,264,14,32.8,13,55,391,77,22,,3.62,79.5,14.3,Mostly Rural,32782,12,21,Yes,MDCAT (PMC),Difficult,65% / 210 marks,14
PK-KPK-004,Khyber Medical University,Public,KPK,Peshawar,2007,32,W2,Nursing,STEM,2023,437,248,189,12,36.4,10,39,388,39,32,57,,91,9.9,,,9,16,Yes,MDCAT (PMC),Difficult,65% / 210 marks,16
PK-KPK-004,Khyber Medical University,Public,KPK,Peshawar,2007,32,W2,Nursing,STEM,2024,434,201,233,16,27.1,0,15,419,85,18,77,,86.9,6.6,Mostly Urban,33273,14,21,Yes,MDCAT (PMC),Difficult,65% / 210 marks,13
PK-KPK-004,Khyber Medical University,Public,KPK,Peshawar,2007,32,W2,Nursing,STEM,2025,482,322,160,16,30.1,22,35,425,61,23,28,3.33,86.4,11,Mixed Urban-Rural,17945,15,29,Yes,MDCAT (PMC),Difficult,65% / 210 marks,18
PK-KPK-004,Khyber Medical University,Public,KPK,Peshawar,2007,32,W2,Pharmacy,STEM,2022,798,444,354,24,33.2,0,133,665,54,53,61,,83.4,4.1,Mostly Rural,35238,20,19,Yes,MDCAT (PMC),Difficult,65% / 210 marks,15
PK-KPK-004,Khyber Medical University,Public,KPK,Peshawar,2007,32,W2,Pharmacy,STEM,2023,982,503,479,28,35.1,67,117,798,105,5,67,3.34,80.5,17.5,,20389,11,,Yes,MDCAT (PMC),Difficult,65% / 210 marks,16
PK-KPK-004,Khyber Medical University,Public,KPK,Peshawar,2007,32,W2,Pharmacy,STEM,2024,853,525,328,25,34.1,2,125,726,54,8,6,3.48,83.8,3.8,Mixed Urban-Rural,27791,15,20,Yes,MDCAT (PMC),Difficult,65% / 210 marks,15
PK-KPK-004,Khyber Medical University,Public,KPK,Peshawar,2007,32,W2,Pharmacy,STEM,2025,953,644,309,41,23.2,13,177,763,,28,32,2.72,74.7,7.3,Mixed Urban-Rural,25148,6,33,Yes,MDCAT (PMC),Difficult,65% / 210 marks,13
PK-KPK-004,Khyber Medical University,Public,KPK,Peshawar,2007,32,W2,Physiotherapy,STEM,2022,230,101,129,8,28.8,14,13,203,,11,,2.74,83.4,16.5,Mixed Urban-Rural,21183,,29,Yes,MDCAT (PMC),Difficult,65% / 210 marks,15
PK-KPK-004,Khyber Medical University,Public,KPK,Peshawar,2007,32,W2,Physiotherapy,STEM,2023,202,138,64,9,22.4,7,17,178,5,54,,2.8,78.4,6.1,Mostly Urban,32599,12,4,Yes,MDCAT (PMC),Difficult,65% / 210 marks,
PK-KPK-004,Khyber Medical University,Public,KPK,Peshawar,2007,32,W2,Physiotherapy,STEM,2024,233,139,94,7,33.3,2,40,191,26,,7,3.56,78.8,5.3,Mixed Urban-Rural,20975,9,19,Yes,MDCAT (PMC),Difficult,65% / 210 marks,15
PK-KPK-004,Khyber Medical University,Public,KPK,Peshawar,2007,32,W2,Physiotherapy,STEM,2025,231,101,130,10,23.1,,,,46,56,34,3.49,84.1,13.5,Mostly Urban,34581,20,,Yes,MDCAT (PMC),Difficult,65% / 210 marks,18
PK-KPK-004,Khyber Medical University,Public,KPK,Peshawar,2007,32,W2,Public Health,STEM,2022,408,228,180,13,31.4,26,28,354,11,2,24,2.86,67.6,7.5,,44360,18,13,Yes,MDCAT (PMC),Difficult,65% / 210 marks,14
PK-KPK-004,Khyber Medical University,Public,KPK,Peshawar,2007,32,W2,Public Health,STEM,2023,450,290,160,17,26.5,13,25,412,,23,8,3.41,72.6,1.6,,33448,1,29,Yes,MDCAT (PMC),Difficult,65% / 210 marks,17
PK-KPK-004,Khyber Medical University,Public,KPK,Peshawar,2007,32,W2,Public Health,STEM,2024,495,250,245,21,23.6,39,95,361,55,20,,3.19,72.9,,Mixed Urban-Rural,40560,5,,Yes,MDCAT (PMC),Difficult,65% / 210 marks,14
PK-KPK-004,Khyber Medical University,Public,KPK,Peshawar,2007,32,W2,Public Health,STEM,2025,431,190,241,17,25.4,6,31,394,9,54,11,3.44,60.3,5.5,Mixed Urban-Rural,13957,,,Yes,MDCAT (PMC),Difficult,65% / 210 marks,17
PK-KPK-009,Kohat University of Science & Technology,Public,KPK,Kohat,2001,54,W1,Civil Engineering,STEM,2022,141,92,49,5,28.2,,13,,11,41,17,2.83,75.9,16.9,Mostly Rural,,,27,Yes,KUST Entry Test,Easy,45% / 100 marks,8
PK-KPK-009,Kohat University of Science & Technology,Public,KPK,Kohat,2001,54,W1,Civil Engineering,STEM,2023,155,91,64,6,25.8,11,11,133,11,23,56,3.63,74.5,17.1,Mostly Urban,12189,11,2,Yes,KUST Entry Test,Easy,45% / 100 marks,9
PK-KPK-009,Kohat University of Science & Technology,Public,KPK,Kohat,2001,54,W1,Civil Engineering,STEM,2024,151,95,56,5,30.2,12,17,122,11,27,66,3.66,64.8,17.7,Mostly Rural,41295,16,22,Yes,KUST Entry Test,Easy,45% / 100 marks,12
PK-KPK-009,Kohat University of Science & Technology,Public,KPK,Kohat,2001,54,W1,Civil Engineering,STEM,2025,167,81,86,5,33.4,9,26,132,16,3,74,,71.6,15.8,Mostly Urban,8343,11,29,Yes,KUST Entry Test,Easy,45% / 100 marks,10
PK-KPK-009,Kohat University of Science & Technology,Public,KPK,Kohat,2001,54,W1,Computer Science,STEM,2022,48,20,28,5,9.6,2,6,40,,3,48,2.84,89.3,12.9,Mostly Urban,20028,4,29,Yes,KUST Entry Test,Easy,45% / 100 marks,10
PK-KPK-009,Kohat University of Science & Technology,Public,KPK,Kohat,2001,54,W1,Computer Science,STEM,2023,50,33,17,5,10,1,2,47,6,,23,3.37,76.6,12.6,Mostly Rural,16809,4,18,Yes,KUST Entry Test,Easy,45% / 100 marks,9
PK-KPK-009,Kohat University of Science & Technology,Public,KPK,Kohat,2001,54,W1,Computer Science,STEM,2024,54,25,29,5,10.8,4,8,42,,21,15,2.85,84.1,16.3,Mixed Urban-Rural,27221,20,4,Yes,KUST Entry Test,Easy,45% / 100 marks,9
PK-KPK-009,Kohat University of Science & Technology,Public,KPK,Kohat,2001,54,W1,Computer Science,STEM,2025,55,27,28,5,11,2,,,6,,79,,88.8,10.9,Mixed Urban-Rural,40541,3,,Yes,KUST Entry Test,Easy,45% / 100 marks,11
PK-KPK-009,Kohat University of Science & Technology,Public,KPK,Kohat,2001,54,W1,Electrical Engineering,STEM,2022,215,112,103,8,26.9,10,24,181,8,0,15,3.59,81.6,3.2,,12036,20,33,Yes,KUST Entry Test,Easy,45% / 100 marks,12
PK-KPK-009,Kohat University of Science & Technology,Public,KPK,Kohat,2001,54,W1,Electrical Engineering,STEM,2023,190,131,59,5,38,,18,,,10,24,3.29,73.7,16,Mostly Urban,29006,18,20,Yes,KUST Entry Test,Easy,45% / 100 marks,12
PK-KPK-009,Kohat University of Science & Technology,Public,KPK,Kohat,2001,54,W1,Electrical Engineering,STEM,2024,203,125,78,7,29,14,28,161,,23,80,3.59,73.4,11.1,,34340,19,13,Yes,KUST Entry Test,Easy,45% / 100 marks,12
PK-KPK-009,Kohat University of Science & Technology,Public,KPK,Kohat,2001,54,W1,Electrical Engineering,STEM,2025,232,152,80,9,25.8,18,34,180,43,49,74,3.36,76.7,9.5,Mostly Rural,16611,4,24,Yes,KUST Entry Test,Easy,45% / 100 marks,9
PK-KPK-009,Kohat University of Science & Technology,Public,KPK,Kohat,2001,54,W1,Mechanical Engineering,STEM,2022,352,240,112,11,32,,28,,27,7,,3.62,71,2.8,Mixed Urban-Rural,24962,13,21,Yes,KUST Entry Test,Easy,45% / 100 marks,12
PK-KPK-009,Kohat University of Science & Technology,Public,KPK,Kohat,2001,54,W1,Mechanical Engineering,STEM,2023,389,209,180,12,32.4,17,10,362,59,30,74,3.38,73.6,10.4,Mixed Urban-Rural,8178,,5,Yes,KUST Entry Test,Easy,45% / 100 marks,8
PK-KPK-009,Kohat University of Science & Technology,Public,KPK,Kohat,2001,54,W1,Mechanical Engineering,STEM,2024,330,151,179,10,33,20,1,309,11,10,23,2.76,73.8,16,Mixed Urban-Rural,35279,20,32,Yes,KUST Entry Test,Easy,45% / 100 marks,12
PK-KPK-009,Kohat University of Science & Technology,Public,KPK,Kohat,2001,54,W1,Mechanical Engineering,STEM,2025,395,175,220,11,35.9,,37,,23,,,2.72,66.8,13.3,,44816,19,7,Yes,KUST Entry Test,Easy,45% / 100 marks,8
PK-KPK-009,Kohat University of Science & Technology,Public,KPK,Kohat,2001,54,W1,Software Engineering,STEM,2022,489,319,170,14,34.9,32,17,440,,55,78,,86.7,3.1,Mostly Urban,22624,16,13,Yes,KUST Entry Test,Easy,45% / 100 marks,8
PK-KPK-009,Kohat University of Science & Technology,Public,KPK,Kohat,2001,54,W1,Software Engineering,STEM,2023,451,205,246,13,34.7,,31,,47,40,63,3.15,76.9,10.1,,11072,5,31,Yes,KUST Entry Test,Easy,45% / 100 marks,12
PK-KPK-009,Kohat University of Science & Technology,Public,KPK,Kohat,2001,54,W1,Software Engineering,STEM,2024,509,289,220,14,36.4,,65,,62,,,,82.5,,Mixed Urban-Rural,8646,10,21,Yes,KUST Entry Test,Easy,45% / 100 marks,9
PK-KPK-009,Kohat University of Science & Technology,Public,KPK,Kohat,2001,54,W1,Software Engineering,STEM,2025,532,240,292,22,24.2,6,32,494,97,40,,3.68,85.2,7.7,,29379,,33,Yes,KUST Entry Test,Easy,45% / 100 marks,9
PK-KPK-009,Kohat University of Science & Technology,Public,KPK,Kohat,2001,54,W1,Telecommunication,STEM,2022,196,113,83,6,32.7,4,3,189,33,,77,3.69,75.7,5.6,Mostly Rural,37344,9,16,Yes,KUST Entry Test,Easy,45% / 100 marks,12
PK-KPK-009,Kohat University of Science & Technology,Public,KPK,Kohat,2001,54,W1,Telecommunication,STEM,2023,219,107,112,6,36.5,10,8,201,38,,49,3.33,74.8,9.9,Mostly Urban,32832,20,1,Yes,KUST Entry Test,Easy,45% / 100 marks,9
PK-KPK-009,Kohat University of Science & Technology,Public,KPK,Kohat,2001,54,W1,Telecommunication,STEM,2024,198,141,57,7,28.3,15,33,150,11,27,33,3.59,78.9,5,Mostly Rural,36920,5,,Yes,KUST Entry Test,Easy,45% / 100 marks,11
PK-KPK-009,Kohat University of Science & Technology,Public,KPK,Kohat,2001,54,W1,Telecommunication,STEM,2025,197,141,56,5,39.4,5,8,184,38,17,,3.61,85.8,17.6,Mostly Urban,,12,30,Yes,KUST Entry Test,Easy,45% / 100 marks,12
PK-KPK-012,University of Agriculture Peshawar,Public,KPK,Peshawar,1981,2,W3,Agriculture,STEM,2022,1557,897,660,69,22.6,32,124,1401,235,,25,2.83,48.8,13.4,Mostly Rural,17771,15,,Yes,UAP Entry Test,Medium,50% / 100 marks,16
PK-KPK-012,University of Agriculture Peshawar,Public,KPK,Peshawar,1981,2,W3,Agriculture,STEM,2023,1527,1046,481,45,33.9,93,150,1284,245,59,64,2.8,54.3,17.4,Mostly Urban,,9,8,Yes,UAP Entry Test,Medium,50% / 100 marks,20
PK-KPK-012,University of Agriculture Peshawar,Public,KPK,Peshawar,1981,2,W3,Agriculture,STEM,2024,1415,701,714,61,23.2,28,30,1357,256,26,5,3.03,55.7,13.5,Mixed Urban-Rural,35508,20,10,Yes,UAP Entry Test,Medium,50% / 100 marks,
PK-KPK-012,University of Agriculture Peshawar,Public,KPK,Peshawar,1981,2,W3,Agriculture,STEM,2025,1617,766,851,57,28.4,,109,,226,27,71,3.11,63.8,7.6,Mostly Urban,38350,19,5,Yes,UAP Entry Test,Medium,50% / 100 marks,19
PK-KPK-012,University of Agriculture Peshawar,Public,KPK,Peshawar,1981,2,W3,Agronomy,STEM,2022,1367,864,503,62,22,54,141,1172,,,4,3.53,58.8,4.5,Mostly Urban,8005,18,2,Yes,UAP Entry Test,Medium,50% / 100 marks,18
PK-KPK-012,University of Agriculture Peshawar,Public,KPK,Peshawar,1981,2,W3,Agronomy,STEM,2023,1436,928,508,55,26.1,69,155,1212,49,54,75,3.26,59.4,9.9,,19692,5,,Yes,UAP Entry Test,Medium,50% / 100 marks,19
PK-KPK-012,University of Agriculture Peshawar,Public,KPK,Peshawar,1981,2,W3,Agronomy,STEM,2024,1532,1067,465,53,28.9,41,197,1294,256,50,63,2.89,45.4,5,Mixed Urban-Rural,26865,,,Yes,UAP Entry Test,Medium,50% / 100 marks,16
PK-KPK-012,University of Agriculture Peshawar,Public,KPK,Peshawar,1981,2,W3,Agronomy,STEM,2025,1440,1026,414,53,27.2,0,161,1279,127,23,56,2.86,49.1,13.7,Mostly Rural,17875,5,16,Yes,UAP Entry Test,Medium,50% / 100 marks,20
PK-KPK-012,University of Agriculture Peshawar,Public,KPK,Peshawar,1981,2,W3,Animal Husbandry,STEM,2022,1385,527,858,39,35.5,,269,,,3,67,3.07,48.4,13.3,Mostly Urban,38135,13,15,Yes,UAP Entry Test,Medium,50% / 100 marks,19
PK-KPK-012,University of Agriculture Peshawar,Public,KPK,Peshawar,1981,2,W3,Animal Husbandry,STEM,2023,1517,966,551,47,32.3,54,107,1356,105,33,28,3.47,49.6,14.6,Mostly Rural,41601,14,6,Yes,UAP Entry Test,Medium,50% / 100 marks,16
PK-KPK-012,University of Agriculture Peshawar,Public,KPK,Peshawar,1981,2,W3,Animal Husbandry,STEM,2024,1660,844,816,68,24.4,60,251,1349,330,45,65,3.24,48.3,11.9,Mostly Rural,32700,20,12,Yes,UAP Entry Test,Medium,50% / 100 marks,16
PK-KPK-012,University of Agriculture Peshawar,Public,KPK,Peshawar,1981,2,W3,Animal Husbandry,STEM,2025,1721,1197,524,70,24.6,39,323,1359,,9,47,3.09,60.5,10.3,Mixed Urban-Rural,37116,15,14,Yes,UAP Entry Test,Medium,50% / 100 marks,16
PK-KPK-012,University of Agriculture Peshawar,Public,KPK,Peshawar,1981,2,W3,Food Science & Technology,STEM,2022,1880,762,1118,53,35.5,146,116,1618,229,27,,2.91,69.7,7.5,Mostly Urban,18343,2,15,Yes,UAP Entry Test,Medium,50% / 100 marks,
PK-KPK-012,University of Agriculture Peshawar,Public,KPK,Peshawar,1981,2,W3,Food Science & Technology,STEM,2023,1749,1249,500,56,31.2,104,41,1604,145,7,16,,62,11.1,Mostly Urban,31876,13,35,Yes,UAP Entry Test,Medium,50% / 100 marks,19
PK-KPK-012,University of Agriculture Peshawar,Public,KPK,Peshawar,1981,2,W3,Food Science & Technology,STEM,2024,1901,1217,684,58,32.8,76,260,1565,,,7,3.56,64.6,13,Mixed Urban-Rural,,14,10,Yes,UAP Entry Test,Medium,50% / 100 marks,17
PK-KPK-012,University of Agriculture Peshawar,Public,KPK,Peshawar,1981,2,W3,Food Science & Technology,STEM,2025,2176,1548,628,71,30.6,,239,,38,39,5,3.01,68,7.2,Mostly Rural,26815,13,25,Yes,UAP Entry Test,Medium,50% / 100 marks,21
PK-KPK-012,University of Agriculture Peshawar,Public,KPK,Peshawar,1981,2,W3,Soil Science,STEM,2022,636,347,289,20,31.8,19,96,521,,,61,3.63,50.2,2.9,,10237,5,23,Yes,UAP Entry Test,Medium,50% / 100 marks,19
PK-KPK-012,University of Agriculture Peshawar,Public,KPK,Peshawar,1981,2,W3,Soil Science,STEM,2023,665,446,219,23,28.9,44,,,116,15,63,3.21,47.7,5.7,Mostly Rural,8640,3,,Yes,UAP Entry Test,Medium,50% / 100 marks,19
PK-KPK-012,University of Agriculture Peshawar,Public,KPK,Peshawar,1981,2,W3,Soil Science,STEM,2024,721,283,438,27,26.7,22,56,643,25,23,,2.76,41.1,16.2,Mostly Rural,28894,7,,Yes,UAP Entry Test,Medium,50% / 100 marks,19
PK-KPK-012,University of Agriculture Peshawar,Public,KPK,Peshawar,1981,2,W3,Soil Science,STEM,2025,606,383,223,20,30.3,5,51,550,107,36,13,2.86,50.8,4.8,Mostly Rural,,2,22,Yes,UAP Entry Test,Medium,50% / 100 marks,21
PK-KPK-002,University of Engineering & Technology Peshawar,Public,KPK,Peshawar,1952,29,W2,Civil Engineering,STEM,2022,473,270,203,19,24.9,0,49,424,,,51,3.13,72.1,2.5,Mixed Urban-Rural,29814,3,6,Yes,ECAT (KPK),Difficult,60% / 100 marks,26
PK-KPK-002,University of Engineering & Technology Peshawar,Public,KPK,Peshawar,1952,29,W2,Civil Engineering,STEM,2023,513,362,151,18,28.5,1,62,450,33,32,78,3.58,66.6,11.8,Mostly Rural,8629,4,,Yes,ECAT (KPK),Difficult,60% / 100 marks,25
PK-KPK-002,University of Engineering & Technology Peshawar,Public,KPK,Peshawar,1952,29,W2,Civil Engineering,STEM,2024,493,330,163,16,30.8,13,30,450,97,13,3,2.78,69.5,,Mostly Urban,32061,2,,Yes,ECAT (KPK),Difficult,60% / 100 marks,20
PK-KPK-002,University of Engineering & Technology Peshawar,Public,KPK,Peshawar,1952,29,W2,Civil Engineering,STEM,2025,575,291,284,21,27.4,42,95,438,24,0,51,3.56,65.1,14.4,Mixed Urban-Rural,28614,10,,Yes,ECAT (KPK),Difficult,60% / 100 marks,24
PK-KPK-002,University of Engineering & Technology Peshawar,Public,KPK,Peshawar,1952,29,W2,Electrical Engineering,STEM,2022,718,462,256,22,32.6,28,5,685,22,12,55,3.01,82.8,4.2,Mostly Rural,13990,13,28,Yes,ECAT (KPK),Difficult,60% / 100 marks,21
PK-KPK-002,University of Engineering & Technology Peshawar,Public,KPK,Peshawar,1952,29,W2,Electrical Engineering,STEM,2023,732,360,372,22,33.3,23,134,575,73,11,52,3.37,72.2,14.9,Mostly Urban,34231,4,20,Yes,ECAT (KPK),Difficult,60% / 100 marks,21
PK-KPK-002,University of Engineering & Technology Peshawar,Public,KPK,Peshawar,1952,29,W2,Electrical Engineering,STEM,2024,793,311,482,33,24,,99,,139,21,31,2.87,78.2,,Mostly Urban,11704,20,1,Yes,ECAT (KPK),Difficult,60% / 100 marks,
PK-KPK-002,University of Engineering & Technology Peshawar,Public,KPK,Peshawar,1952,29,W2,Electrical Engineering,STEM,2025,835,512,323,32,26.1,42,155,638,55,54,,,83.1,2,Mixed Urban-Rural,34284,8,,Yes,ECAT (KPK),Difficult,60% / 100 marks,22
PK-KPK-002,University of Engineering & Technology Peshawar,Public,KPK,Peshawar,1952,29,W2,Industrial Engineering,STEM,2022,749,391,358,26,28.8,18,,,99,,12,3.7,70.4,9,Mixed Urban-Rural,21220,9,24,Yes,ECAT (KPK),Difficult,60% / 100 marks,25
PK-KPK-002,University of Engineering & Technology Peshawar,Public,KPK,Peshawar,1952,29,W2,Industrial Engineering,STEM,2023,834,449,385,28,29.8,39,6,789,35,1,60,3.36,69.5,10.4,Mixed Urban-Rural,21328,13,28,Yes,ECAT (KPK),Difficult,60% / 100 marks,24
PK-KPK-002,University of Engineering & Technology Peshawar,Public,KPK,Peshawar,1952,29,W2,Industrial Engineering,STEM,2024,846,401,445,35,24.2,50,2,794,138,32,37,3.22,72.8,9.4,Mostly Urban,,8,2,Yes,ECAT (KPK),Difficult,60% / 100 marks,21
PK-KPK-002,University of Engineering & Technology Peshawar,Public,KPK,Peshawar,1952,29,W2,Industrial Engineering,STEM,2025,947,649,298,36,26.3,,76,,76,,40,3.05,62.8,13.5,Mostly Rural,,6,17,Yes,ECAT (KPK),Difficult,60% / 100 marks,22
PK-KPK-002,University of Engineering & Technology Peshawar,Public,KPK,Peshawar,1952,29,W2,Mechanical Engineering,STEM,2022,203,144,59,6,33.8,,1,,5,34,35,3.27,67.9,8.3,Mixed Urban-Rural,9219,16,0,Yes,ECAT (KPK),Difficult,60% / 100 marks,21
PK-KPK-002,University of Engineering & Technology Peshawar,Public,KPK,Peshawar,1952,29,W2,Mechanical Engineering,STEM,2023,234,126,108,10,23.4,14,30,190,43,20,30,3.03,67.1,6.5,Mostly Urban,39404,6,28,Yes,ECAT (KPK),Difficult,60% / 100 marks,25
PK-KPK-002,University of Engineering & Technology Peshawar,Public,KPK,Peshawar,1952,29,W2,Mechanical Engineering,STEM,2024,233,155,78,8,29.1,,,,30,34,31,2.93,70.5,13.8,Mostly Urban,41797,13,17,Yes,ECAT (KPK),Difficult,60% / 100 marks,20
PK-KPK-002,University of Engineering & Technology Peshawar,Public,KPK,Peshawar,1952,29,W2,Mechanical Engineering,STEM,2025,232,123,109,7,33.1,,29,,41,18,34,2.63,67.6,2.3,Mixed Urban-Rural,,9,10,Yes,ECAT (KPK),Difficult,60% / 100 marks,23
PK-KPK-002,University of Engineering & Technology Peshawar,Public,KPK,Peshawar,1952,29,W2,Software Engineering,STEM,2022,613,237,376,19,32.3,25,79,509,54,18,,3.26,78.6,2.2,,20330,5,0,Yes,ECAT (KPK),Difficult,60% / 100 marks,20
PK-KPK-002,University of Engineering & Technology Peshawar,Public,KPK,Peshawar,1952,29,W2,Software Engineering,STEM,2023,800,546,254,33,24.2,11,44,745,42,33,68,3.53,81,14.9,Mostly Urban,20933,11,19,Yes,ECAT (KPK),Difficult,60% / 100 marks,20
PK-KPK-002,University of Engineering & Technology Peshawar,Public,KPK,Peshawar,1952,29,W2,Software Engineering,STEM,2024,819,316,503,28,29.2,22,93,704,26,52,53,2.67,80.1,,Mixed Urban-Rural,43037,16,11,Yes,ECAT (KPK),Difficult,60% / 100 marks,20
PK-KPK-002,University of Engineering & Technology Peshawar,Public,KPK,Peshawar,1952,29,W2,Software Engineering,STEM,2025,797,402,395,33,24.2,,15,,97,47,50,3.68,80.1,14,Mostly Rural,19372,3,32,Yes,ECAT (KPK),Difficult,60% / 100 marks,25
PK-KPK-002,University of Engineering & Technology Peshawar,Public,KPK,Peshawar,1952,29,W2,Telecommunication,STEM,2022,720,514,206,21,34.3,52,110,558,59,52,29,3.34,71.8,,Mixed Urban-Rural,8152,,32,Yes,ECAT (KPK),Difficult,60% / 100 marks,20
PK-KPK-002,University of Engineering & Technology Peshawar,Public,KPK,Peshawar,1952,29,W2,Telecommunication,STEM,2023,771,479,292,23,33.5,,81,,123,39,35,3.19,83.5,,,25067,11,26,Yes,ECAT (KPK),Difficult,60% / 100 marks,20
PK-KPK-002,University of Engineering & Technology Peshawar,Public,KPK,Peshawar,1952,29,W2,Telecommunication,STEM,2024,883,358,525,38,23.2,58,112,713,,50,58,,79.9,5.4,Mostly Rural,43071,20,17,Yes,ECAT (KPK),Difficult,60% / 100 marks,21
PK-KPK-002,University of Engineering & Technology Peshawar,Public,KPK,Peshawar,1952,29,W2,Telecommunication,STEM,2025,949,605,344,32,29.7,26,90,833,,49,5,3.15,81,2.3,Mixed Urban-Rural,,1,15,Yes,ECAT (KPK),Difficult,60% / 100 marks,26
PK-KPK-014,University of Haripur,Public,KPK,Haripur,2012,,W1,Biology,STEM,2022,256,136,120,10,25.6,16,50,190,,,,2.8,54.8,14.3,Mostly Rural,41510,11,29,Yes,UH Entry Test,Easy,40% / 100 marks,6
PK-KPK-014,University of Haripur,Public,KPK,Haripur,2012,,W1,Biology,STEM,2023,262,144,118,8,32.8,,13,,40,23,69,3.63,46.7,,Mostly Urban,30257,16,,Yes,UH Entry Test,Easy,40% / 100 marks,8
PK-KPK-014,University of Haripur,Public,KPK,Haripur,2012,,W1,Biology,STEM,2024,319,206,113,11,29,23,32,264,51,36,58,2.95,56.6,17.4,Mixed Urban-Rural,9126,2,1,Yes,UH Entry Test,Easy,40% / 100 marks,10
PK-KPK-014,University of Haripur,Public,KPK,Haripur,2012,,W1,Biology,STEM,2025,271,184,87,8,33.9,19,8,244,,,49,2.71,46.4,10.7,Mostly Urban,18765,14,8,Yes,UH Entry Test,Easy,40% / 100 marks,10
PK-KPK-014,University of Haripur,Public,KPK,Haripur,2012,,W1,Economics,Business,2022,102,49,53,5,20.4,8,1,93,17,55,37,3.3,58.7,17.3,Mostly Rural,14581,6,,Yes,UH Entry Test,Easy,40% / 100 marks,8
PK-KPK-014,University of Haripur,Public,KPK,Haripur,2012,,W1,Economics,Business,2023,103,63,40,5,20.6,1,,,17,36,8,,62.7,7.1,Mixed Urban-Rural,19533,,21,Yes,UH Entry Test,Easy,40% / 100 marks,7
PK-KPK-014,University of Haripur,Public,KPK,Haripur,2012,,W1,Economics,Business,2024,106,75,31,5,21.2,6,21,79,5,56,23,3.28,68.7,1.7,Mostly Rural,13131,,27,Yes,UH Entry Test,Easy,40% / 100 marks,10
PK-KPK-014,University of Haripur,Public,KPK,Haripur,2012,,W1,Economics,Business,2025,119,68,51,5,23.8,9,21,89,23,7,70,3.66,66.1,7.9,,8575,12,31,Yes,UH Entry Test,Easy,40% / 100 marks,8
PK-KPK-014,University of Haripur,Public,KPK,Haripur,2012,,W1,Education,Arts & Social Sciences,2022,531,295,236,19,27.9,8,104,419,31,56,60,3.15,61.5,8.1,Mixed Urban-Rural,42933,9,5,Yes,UH Entry Test,Easy,40% / 100 marks,10
PK-KPK-014,University of Haripur,Public,KPK,Haripur,2012,,W1,Education,Arts & Social Sciences,2023,489,337,152,21,23.3,39,93,357,83,29,13,2.69,68.7,14.5,Mixed Urban-Rural,36766,,3,Yes,UH Entry Test,Easy,40% / 100 marks,7
PK-KPK-014,University of Haripur,Public,KPK,Haripur,2012,,W1,Education,Arts & Social Sciences,2024,582,374,208,20,29.1,24,77,481,74,48,,2.82,67.2,7,,20343,11,,Yes,UH Entry Test,Easy,40% / 100 marks,9
PK-KPK-014,University of Haripur,Public,KPK,Haripur,2012,,W1,Education,Arts & Social Sciences,2025,485,241,244,14,34.6,32,5,448,,0,57,3.56,72.9,2.3,Mostly Rural,15565,10,,Yes,UH Entry Test,Easy,40% / 100 marks,6
PK-KPK-014,University of Haripur,Public,KPK,Haripur,2012,,W1,History,Arts & Social Sciences,2022,405,201,204,13,31.2,14,32,359,25,44,64,3.48,43.3,,Mostly Rural,16890,19,11,Yes,UH Entry Test,Easy,40% / 100 marks,9
PK-KPK-014,University of Haripur,Public,KPK,Haripur,2012,,W1,History,Arts & Social Sciences,2023,446,201,245,13,34.3,17,86,343,73,29,19,3.41,38.4,10.9,Mixed Urban-Rural,42597,14,11,Yes,UH Entry Test,Easy,40% / 100 marks,8
PK-KPK-014,University of Haripur,Public,KPK,Haripur,2012,,W1,History,Arts & Social Sciences,2024,430,177,253,14,30.7,2,62,366,38,49,52,,33.6,,Mostly Urban,38673,8,6,Yes,UH Entry Test,Easy,40% / 100 marks,9
PK-KPK-014,University of Haripur,Public,KPK,Haripur,2012,,W1,History,Arts & Social Sciences,2025,542,332,210,18,30.1,22,30,490,61,,30,2.66,33.2,9.3,Mostly Rural,23444,18,23,Yes,UH Entry Test,Easy,40% / 100 marks,9
PK-KPK-014,University of Haripur,Public,KPK,Haripur,2012,,W1,Mass Communication,Arts & Social Sciences,2022,149,81,68,6,24.8,5,18,126,,,32,2.88,55.8,8.4,Mostly Urban,20507,,,Yes,UH Entry Test,Easy,40% / 100 marks,10
PK-KPK-014,University of Haripur,Public,KPK,Haripur,2012,,W1,Mass Communication,Arts & Social Sciences,2023,141,73,68,5,28.2,,6,,18,12,41,3.28,58.7,,Mostly Urban,28393,12,21,Yes,UH Entry Test,Easy,40% / 100 marks,7
PK-KPK-014,University of Haripur,Public,KPK,Haripur,2012,,W1,Mass Communication,Arts & Social Sciences,2024,150,98,52,5,30,,10,,27,,42,2.83,61.9,10,Mixed Urban-Rural,22177,6,28,Yes,UH Entry Test,Easy,40% / 100 marks,7
PK-KPK-014,University of Haripur,Public,KPK,Haripur,2012,,W1,Mass Communication,Arts & Social Sciences,2025,178,102,76,5,35.6,2,31,145,22,41,59,2.92,63.5,,,26902,3,2,Yes,UH Entry Test,Easy,40% / 100 marks,6
PK-KPK-014,University of Haripur,Public,KPK,Haripur,2012,,W1,Mathematics,STEM,2022,123,87,36,5,24.6,0,20,103,,9,45,,50.1,3.4,Mostly Rural,,13,26,Yes,UH Entry Test,Easy,40% / 100 marks,9
PK-KPK-014,University of Haripur,Public,KPK,Haripur,2012,,W1,Mathematics,STEM,2023,148,64,84,5,29.6,6,16,126,13,60,54,3.08,61.7,14.2,Mostly Urban,33550,17,12,Yes,UH Entry Test,Easy,40% / 100 marks,7
PK-KPK-014,University of Haripur,Public,KPK,Haripur,2012,,W1,Mathematics,STEM,2024,122,79,43,5,24.4,,5,,22,51,74,2.73,53.3,8.4,Mixed Urban-Rural,12621,4,22,Yes,UH Entry Test,Easy,40% / 100 marks,8
PK-KPK-014,University of Haripur,Public,KPK,Haripur,2012,,W1,Mathematics,STEM,2025,130,81,49,5,26,2,26,102,22,60,8,3.67,65.2,16,Mostly Urban,28538,3,24,Yes,UH Entry Test,Easy,40% / 100 marks,6
PK-KPK-014,University of Haripur,Public,KPK,Haripur,2012,,W1,Pharmacy,STEM,2022,219,152,67,7,31.3,16,2,201,33,2,46,,81.9,1.7,Mixed Urban-Rural,22586,3,,Yes,UH Entry Test,Easy,40% / 100 marks,8
PK-KPK-014,University of Haripur,Public,KPK,Haripur,2012,,W1,Pharmacy,STEM,2023,227,122,105,10,22.7,10,6,211,45,23,32,3.68,85.5,3.8,Mostly Urban,,,23,Yes,UH Entry Test,Easy,40% / 100 marks,
PK-KPK-014,University of Haripur,Public,KPK,Haripur,2012,,W1,Pharmacy,STEM,2024,278,119,159,11,25.3,19,48,211,,,11,3.51,80.7,16.7,Mostly Rural,18311,15,10,Yes,UH Entry Test,Easy,40% / 100 marks,9
PK-KPK-014,University of Haripur,Public,KPK,Haripur,2012,,W1,Pharmacy,STEM,2025,255,97,158,8,31.9,8,24,223,31,19,52,,76.7,6,Mostly Urban,9521,18,7,Yes,UH Entry Test,Easy,40% / 100 marks,
PK-KPK-014,University of Haripur,Public,KPK,Haripur,2012,,W1,Political Science,Arts & Social Sciences,2022,350,185,165,15,23.3,6,37,307,5,15,11,3.43,51.5,11.1,Mostly Rural,,8,1,Yes,UH Entry Test,Easy,40% / 100 marks,6
PK-KPK-014,University of Haripur,Public,KPK,Haripur,2012,,W1,Political Science,Arts & Social Sciences,2023,374,268,106,10,37.4,5,21,348,,15,46,2.76,50,16.1,Mostly Urban,25281,14,,Yes,UH Entry Test,Easy,40% / 100 marks,10
PK-KPK-014,University of Haripur,Public,KPK,Haripur,2012,,W1,Political Science,Arts & Social Sciences,2024,365,165,200,11,33.2,,54,,72,55,10,,44.5,5.5,Mixed Urban-Rural,28980,2,26,Yes,UH Entry Test,Easy,40% / 100 marks,10
PK-KPK-014,University of Haripur,Public,KPK,Haripur,2012,,W1,Political Science,Arts & Social Sciences,2025,428,188,240,12,35.7,33,55,340,,50,44,,43.4,9.6,Mostly Rural,34959,14,17,Yes,UH Entry Test,Easy,40% / 100 marks,7
PK-KPK-014,University of Haripur,Public,KPK,Haripur,2012,,W1,Psychology,Arts & Social Sciences,2022,459,302,157,18,25.5,6,66,387,12,53,,2.98,66.6,16.7,Mixed Urban-Rural,14451,,,Yes,UH Entry Test,Easy,40% / 100 marks,8
PK-KPK-014,University of Haripur,Public,KPK,Haripur,2012,,W1,Psychology,Arts & Social Sciences,2023,531,218,313,19,27.9,32,75,424,48,37,50,3.66,54.1,,Mostly Rural,17213,3,24,Yes,UH Entry Test,Easy,40% / 100 marks,6
PK-KPK-014,University of Haripur,Public,KPK,Haripur,2012,,W1,Psychology,Arts & Social Sciences,2024,484,207,277,20,24.2,29,69,386,76,55,70,3.53,61,,Mostly Rural,28130,12,0,Yes,UH Entry Test,Easy,40% / 100 marks,7
PK-KPK-014,University of Haripur,Public,KPK,Haripur,2012,,W1,Psychology,Arts & Social Sciences,2025,531,339,192,16,33.2,13,10,508,,10,74,3.29,59.6,15.3,Mostly Urban,27719,10,29,Yes,UH Entry Test,Easy,40% / 100 marks,6
PK-KPK-014,University of Haripur,Public,KPK,Haripur,2012,,W1,Statistics,STEM,2022,331,159,172,10,33.1,,,,53,,77,2.85,64,10.2,,8473,,5,Yes,UH Entry Test,Easy,40% / 100 marks,9
PK-KPK-014,University of Haripur,Public,KPK,Haripur,2012,,W1,Statistics,STEM,2023,310,122,188,13,23.8,23,46,241,29,6,12,3.19,67.4,8.3,Mixed Urban-Rural,10028,17,33,Yes,UH Entry Test,Easy,40% / 100 marks,10
PK-KPK-014,University of Haripur,Public,KPK,Haripur,2012,,W1,Statistics,STEM,2024,380,258,122,13,29.2,1,56,323,,16,80,3.11,63.6,16.7,Mostly Rural,22577,13,,Yes,UH Entry Test,Easy,40% / 100 marks,9
PK-KPK-014,University of Haripur,Public,KPK,Haripur,2012,,W1,Statistics,STEM,2025,375,216,159,13,28.8,5,8,362,42,30,77,3.37,70.2,2,Mostly Urban,42539,5,,Yes,UH Entry Test,Easy,40% / 100 marks,10
PK-KPK-008,University of Malakand,Public,KPK,Chakdara,2001,57,W1,Biology,STEM,2022,403,237,166,13,31,21,8,374,17,,59,3.66,55.4,10.5,Mostly Urban,29298,14,0,Yes,UOM Entry Test,Easy,40% / 100 marks,10
PK-KPK-008,University of Malakand,Public,KPK,Chakdara,2001,57,W1,Biology,STEM,2023,515,362,153,15,34.3,,65,,100,30,76,2.75,48.2,,Mixed Urban-Rural,,19,34,Yes,UOM Entry Test,Easy,40% / 100 marks,12
PK-KPK-008,University of Malakand,Public,KPK,Chakdara,2001,57,W1,Biology,STEM,2024,453,233,220,13,34.8,4,58,391,90,21,30,3,56.8,15.9,Mixed Urban-Rural,12930,14,25,Yes,UOM Entry Test,Easy,40% / 100 marks,10
PK-KPK-008,University of Malakand,Public,KPK,Chakdara,2001,57,W1,Biology,STEM,2025,443,196,247,18,24.6,28,34,381,49,54,76,2.93,47.4,12.7,Mostly Urban,35400,,17,Yes,UOM Entry Test,Easy,40% / 100 marks,12
PK-KPK-008,University of Malakand,Public,KPK,Chakdara,2001,57,W1,Civil Engineering,STEM,2022,451,194,257,18,25.1,30,65,356,18,50,19,3.48,73.7,,Mostly Urban,23242,,2,Yes,UOM Entry Test,Easy,40% / 100 marks,11
PK-KPK-008,University of Malakand,Public,KPK,Chakdara,2001,57,W1,Civil Engineering,STEM,2023,445,258,187,16,27.8,,26,,31,30,4,2.95,63.8,6.8,Mixed Urban-Rural,21222,8,,Yes,UOM Entry Test,Easy,40% / 100 marks,13
PK-KPK-008,University of Malakand,Public,KPK,Chakdara,2001,57,W1,Civil Engineering,STEM,2024,436,177,259,14,31.1,16,10,410,34,12,,2.83,70.1,15.9,Mostly Urban,41155,4,26,Yes,UOM Entry Test,Easy,40% / 100 marks,14
PK-KPK-008,University of Malakand,Public,KPK,Chakdara,2001,57,W1,Civil Engineering,STEM,2025,462,326,136,14,33,16,70,376,,37,72,2.93,62.4,4.4,Mixed Urban-Rural,44481,19,32,Yes,UOM Entry Test,Easy,40% / 100 marks,9
PK-KPK-008,University of Malakand,Public,KPK,Chakdara,2001,57,W1,English Literature,Arts & Social Sciences,2022,91,40,51,5,18.2,6,7,78,16,6,41,2.69,49.6,12.9,Mostly Urban,8710,1,15,Yes,UOM Entry Test,Easy,40% / 100 marks,
PK-KPK-008,University of Malakand,Public,KPK,Chakdara,2001,57,W1,English Literature,Arts & Social Sciences,2023,93,37,56,5,18.6,2,16,75,18,15,,3.33,44.2,11.3,Mixed Urban-Rural,37560,5,17,Yes,UOM Entry Test,Easy,40% / 100 marks,14
PK-KPK-008,University of Malakand,Public,KPK,Chakdara,2001,57,W1,English Literature,Arts & Social Sciences,2024,90,47,43,5,18,5,17,68,12,56,16,2.62,41,5.8,Mostly Urban,15669,12,7,Yes,UOM Entry Test,Easy,40% / 100 marks,
PK-KPK-008,University of Malakand,Public,KPK,Chakdara,2001,57,W1,English Literature,Arts & Social Sciences,2025,102,50,52,5,20.4,4,,,,34,58,3.12,44.2,9.2,Mixed Urban-Rural,36836,19,16,Yes,UOM Entry Test,Easy,40% / 100 marks,12
PK-KPK-008,University of Malakand,Public,KPK,Chakdara,2001,57,W1,Information Technology,STEM,2022,111,67,44,5,22.2,8,3,100,15,10,10,3.07,76.6,4,Mostly Rural,28229,12,6,Yes,UOM Entry Test,Easy,40% / 100 marks,12
PK-KPK-008,University of Malakand,Public,KPK,Chakdara,2001,57,W1,Information Technology,STEM,2023,131,70,61,5,26.2,10,8,113,26,9,68,3.05,77.5,12.9,,14353,14,13,Yes,UOM Entry Test,Easy,40% / 100 marks,10
PK-KPK-008,University of Malakand,Public,KPK,Chakdara,2001,57,W1,Information Technology,STEM,2024,138,68,70,5,27.6,5,21,112,6,36,37,3.05,76.6,,Mixed Urban-Rural,12006,5,20,Yes,UOM Entry Test,Easy,40% / 100 marks,10
PK-KPK-008,University of Malakand,Public,KPK,Chakdara,2001,57,W1,Information Technology,STEM,2025,134,63,71,5,26.8,4,2,128,7,36,41,3.56,74.3,6.6,Mostly Urban,38317,5,23,Yes,UOM Entry Test,Easy,40% / 100 marks,12
PK-KPK-008,University of Malakand,Public,KPK,Chakdara,2001,57,W1,Mathematics,STEM,2022,285,138,147,8,35.6,,29,,34,50,65,2.85,55.9,16.9,Mixed Urban-Rural,36938,3,0,Yes,UOM Entry Test,Easy,40% / 100 marks,11
PK-KPK-008,University of Malakand,Public,KPK,Chakdara,2001,57,W1,Mathematics,STEM,2023,321,165,156,10,32.1,,29,,23,,15,,62.3,14.8,Mixed Urban-Rural,25822,,,Yes,UOM Entry Test,Easy,40% / 100 marks,13
PK-KPK-008,University of Malakand,Public,KPK,Chakdara,2001,57,W1,Mathematics,STEM,2024,298,128,170,13,22.9,1,,,5,,29,3.34,52.3,6.5,Mostly Urban,19566,12,15,Yes,UOM Entry Test,Easy,40% / 100 marks,14
PK-KPK-008,University of Malakand,Public,KPK,Chakdara,2001,57,W1,Mathematics,STEM,2025,334,148,186,11,30.4,17,17,300,49,20,66,3.64,54,5.3,Mostly Rural,44575,14,2,Yes,UOM Entry Test,Easy,40% / 100 marks,13
PK-KPK-008,University of Malakand,Public,KPK,Chakdara,2001,57,W1,Mechanical Engineering,STEM,2022,163,93,70,5,32.6,12,16,135,,3,29,3.42,72.9,2.2,Mostly Urban,27048,16,12,Yes,UOM Entry Test,Easy,40% / 100 marks,11
PK-KPK-008,University of Malakand,Public,KPK,Chakdara,2001,57,W1,Mechanical Engineering,STEM,2023,150,93,57,5,30,8,4,138,27,58,8,2.78,79,3.1,Mixed Urban-Rural,9105,6,4,Yes,UOM Entry Test,Easy,40% / 100 marks,13
PK-KPK-008,University of Malakand,Public,KPK,Chakdara,2001,57,W1,Mechanical Engineering,STEM,2024,168,85,83,5,33.6,0,15,153,,1,,3.7,74.7,10.7,Mostly Urban,8410,12,20,Yes,UOM Entry Test,Easy,40% / 100 marks,9
PK-KPK-008,University of Malakand,Public,KPK,Chakdara,2001,57,W1,Mechanical Engineering,STEM,2025,162,81,81,6,27,11,25,126,11,58,80,2.78,74.5,17.7,Mixed Urban-Rural,18276,20,,Yes,UOM Entry Test,Easy,40% / 100 marks,12
PK-KPK-008,University of Malakand,Public,KPK,Chakdara,2001,57,W1,Statistics,STEM,2022,147,87,60,5,29.4,10,15,122,,41,,3.28,59.2,,Mixed Urban-Rural,23437,3,,Yes,UOM Entry Test,Easy,40% / 100 marks,12
PK-KPK-008,University of Malakand,Public,KPK,Chakdara,2001,57,W1,Statistics,STEM,2023,186,101,85,7,26.6,8,11,167,25,60,52,3.28,69.7,11,Mostly Rural,23431,11,1,Yes,UOM Entry Test,Easy,40% / 100 marks,8
PK-KPK-008,University of Malakand,Public,KPK,Chakdara,2001,57,W1,Statistics,STEM,2024,159,97,62,6,26.5,7,0,152,14,35,49,,65.2,2.4,Mostly Rural,44003,,,Yes,UOM Entry Test,Easy,40% / 100 marks,14
PK-KPK-008,University of Malakand,Public,KPK,Chakdara,2001,57,W1,Statistics,STEM,2025,167,69,98,5,33.4,9,33,125,,47,9,2.83,62.3,2.7,Mixed Urban-Rural,,,8,Yes,UOM Entry Test,Easy,40% / 100 marks,14
PK-KPK-001,University of Peshawar,Public,KPK,Peshawar,1950,24,W2,Biology,STEM,2022,315,123,192,10,31.5,21,0,294,15,34,,3.44,52.8,17.1,Mixed Urban-Rural,33139,,0,Yes,UoP Entry Test,Medium,50% / 100 marks,26
PK-KPK-001,University of Peshawar,Public,KPK,Peshawar,1950,24,W2,Biology,STEM,2023,339,161,178,10,33.9,16,64,259,,26,54,3.48,57.6,14.4,Mostly Urban,15400,16,26,Yes,UoP Entry Test,Medium,50% / 100 marks,29
PK-KPK-001,University of Peshawar,Public,KPK,Peshawar,1950,24,W2,Biology,STEM,2024,330,188,142,9,36.7,7,38,285,48,3,,3.12,55.4,2.3,Mostly Rural,29590,9,,Yes,UoP Entry Test,Medium,50% / 100 marks,
PK-KPK-001,University of Peshawar,Public,KPK,Peshawar,1950,24,W2,Biology,STEM,2025,371,211,160,10,37.1,28,15,328,26,45,63,3.08,44.1,7.9,,22234,4,,Yes,UoP Entry Test,Medium,50% / 100 marks,34
PK-KPK-001,University of Peshawar,Public,KPK,Peshawar,1950,24,W2,Computer Science,STEM,2022,655,348,307,20,32.8,,,,45,35,20,,78.9,14.9,Mostly Rural,25151,,25,Yes,UoP Entry Test,Medium,50% / 100 marks,26
PK-KPK-001,University of Peshawar,Public,KPK,Peshawar,1950,24,W2,Computer Science,STEM,2023,610,416,194,26,23.5,42,96,472,,4,8,2.79,83.2,5.2,,9179,2,,Yes,UoP Entry Test,Medium,50% / 100 marks,33
PK-KPK-001,University of Peshawar,Public,KPK,Peshawar,1950,24,W2,Computer Science,STEM,2024,758,456,302,25,30.3,39,60,659,,48,42,2.76,87.6,2.1,Mostly Rural,10380,19,0,Yes,UoP Entry Test,Medium,50% / 100 marks,
PK-KPK-001,University of Peshawar,Public,KPK,Peshawar,1950,24,W2,Computer Science,STEM,2025,711,473,238,28,25.4,45,33,633,57,7,32,3.52,85,2.6,Mostly Urban,15832,12,21,Yes,UoP Entry Test,Medium,50% / 100 marks,34
PK-KPK-001,University of Peshawar,Public,KPK,Peshawar,1950,24,W2,Economics,Business,2022,234,141,93,10,23.4,2,12,220,14,0,78,2.97,63.3,11.9,Mostly Rural,11269,17,23,Yes,UoP Entry Test,Medium,50% / 100 marks,26
PK-KPK-001,University of Peshawar,Public,KPK,Peshawar,1950,24,W2,Economics,Business,2023,260,116,144,8,32.5,,24,,6,19,5,3.07,66.4,2.2,Mostly Rural,15948,,1,Yes,UoP Entry Test,Medium,50% / 100 marks,30
PK-KPK-001,University of Peshawar,Public,KPK,Peshawar,1950,24,W2,Economics,Business,2024,253,118,135,8,31.6,9,3,241,48,60,49,,72.8,,Mostly Urban,9393,,22,Yes,UoP Entry Test,Medium,50% / 100 marks,
PK-KPK-001,University of Peshawar,Public,KPK,Peshawar,1950,24,W2,Economics,Business,2025,253,141,112,7,36.1,,7,,,22,79,3.03,57.1,13.8,Mostly Urban,39009,4,10,Yes,UoP Entry Test,Medium,50% / 100 marks,32
PK-KPK-001,University of Peshawar,Public,KPK,Peshawar,1950,24,W2,English Literature,Arts & Social Sciences,2022,756,451,305,26,29.1,40,127,589,93,56,80,2.6,55.1,4.2,Mostly Urban,44418,8,21,Yes,UoP Entry Test,Medium,50% / 100 marks,28
PK-KPK-001,University of Peshawar,Public,KPK,Peshawar,1950,24,W2,English Literature,Arts & Social Sciences,2023,803,438,365,25,32.1,56,86,661,125,,21,3.01,41.4,15.7,Mostly Urban,,,1,Yes,UoP Entry Test,Medium,50% / 100 marks,27
PK-KPK-001,University of Peshawar,Public,KPK,Peshawar,1950,24,W2,English Literature,Arts & Social Sciences,2024,991,618,373,37,26.8,17,52,922,70,,57,3.27,47.5,3,Mostly Urban,18452,4,27,Yes,UoP Entry Test,Medium,50% / 100 marks,29
PK-KPK-001,University of Peshawar,Public,KPK,Peshawar,1950,24,W2,English Literature,Arts & Social Sciences,2025,954,505,449,39,24.5,21,43,890,130,,,3.32,43.2,16.5,Mostly Urban,14114,18,,Yes,UoP Entry Test,Medium,50% / 100 marks,34
PK-KPK-001,University of Peshawar,Public,KPK,Peshawar,1950,24,W2,Environmental Science,STEM,2022,711,494,217,25,28.4,17,141,553,119,22,,2.82,51.3,,Mostly Urban,34614,,34,Yes,UoP Entry Test,Medium,50% / 100 marks,31
PK-KPK-001,University of Peshawar,Public,KPK,Peshawar,1950,24,W2,Environmental Science,STEM,2023,706,408,298,23,30.7,24,71,611,,,16,3.01,62.6,15.3,Mostly Rural,31304,18,22,Yes,UoP Entry Test,Medium,50% / 100 marks,32
PK-KPK-001,University of Peshawar,Public,KPK,Peshawar,1950,24,W2,Environmental Science,STEM,2024,710,434,276,23,30.9,,43,,44,56,34,2.98,63,3.5,Mixed Urban-Rural,15016,5,21,Yes,UoP Entry Test,Medium,50% / 100 marks,32
PK-KPK-001,University of Peshawar,Public,KPK,Peshawar,1950,24,W2,Environmental Science,STEM,2025,749,347,402,21,35.7,7,144,598,149,,55,2.8,57.8,10.2,Mostly Rural,10798,14,0,Yes,UoP Entry Test,Medium,50% / 100 marks,29
PK-KPK-001,University of Peshawar,Public,KPK,Peshawar,1950,24,W2,Pharmacy,STEM,2022,844,553,291,33,25.6,18,16,810,168,50,16,2.96,86.4,12.2,Mostly Urban,14655,16,19,Yes,UoP Entry Test,Medium,50% / 100 marks,29
PK-KPK-001,University of Peshawar,Public,KPK,Peshawar,1950,24,W2,Pharmacy,STEM,2023,837,519,318,37,22.6,26,78,733,68,51,17,2.95,79,14.2,Mixed Urban-Rural,35076,15,24,Yes,UoP Entry Test,Medium,50% / 100 marks,27
PK-KPK-001,University of Peshawar,Public,KPK,Peshawar,1950,24,W2,Pharmacy,STEM,2024,829,430,399,34,24.4,10,10,809,130,12,36,3.49,79.6,8.2,,25403,7,,Yes,UoP Entry Test,Medium,50% / 100 marks,26
PK-KPK-001,University of Peshawar,Public,KPK,Peshawar,1950,24,W2,Pharmacy,STEM,2025,916,509,407,27,33.9,55,,,182,41,67,,74.4,13.4,Mostly Rural,8487,8,15,Yes,UoP Entry Test,Medium,50% / 100 marks,32
PK-KPK-001,University of Peshawar,Public,KPK,Peshawar,1950,24,W2,Psychology,Arts & Social Sciences,2022,565,341,224,20,28.2,12,86,467,72,12,,3.22,60.5,3.5,Mostly Rural,12284,6,,Yes,UoP Entry Test,Medium,50% / 100 marks,
PK-KPK-001,University of Peshawar,Public,KPK,Peshawar,1950,24,W2,Psychology,Arts & Social Sciences,2023,581,311,270,20,29.1,26,57,498,40,20,47,,64.7,17.8,Mostly Rural,33980,13,30,Yes,UoP Entry Test,Medium,50% / 100 marks,26
PK-KPK-001,University of Peshawar,Public,KPK,Peshawar,1950,24,W2,Psychology,Arts & Social Sciences,2024,668,258,410,22,30.4,42,129,497,54,,37,3.59,62.4,16.2,Mostly Urban,,9,32,Yes,UoP Entry Test,Medium,50% / 100 marks,27
PK-KPK-001,University of Peshawar,Public,KPK,Peshawar,1950,24,W2,Psychology,Arts & Social Sciences,2025,697,273,424,20,34.9,,,,52,50,54,,54.1,12.9,Mostly Rural,43724,3,12,Yes,UoP Entry Test,Medium,50% / 100 marks,32
PK-KPK-001,University of Peshawar,Public,KPK,Peshawar,1950,24,W2,Sociology,Arts & Social Sciences,2022,772,315,457,27,28.6,0,134,638,6,0,28,3.32,44.1,5.3,Mixed Urban-Rural,40118,16,,Yes,UoP Entry Test,Medium,50% / 100 marks,31
PK-KPK-001,University of Peshawar,Public,KPK,Peshawar,1950,24,W2,Sociology,Arts & Social Sciences,2023,930,482,448,28,33.2,71,19,840,183,,63,2.8,45.3,16.3,Mostly Urban,43057,,4,Yes,UoP Entry Test,Medium,50% / 100 marks,27
PK-KPK-001,University of Peshawar,Public,KPK,Peshawar,1950,24,W2,Sociology,Arts & Social Sciences,2024,899,540,359,35,25.7,39,3,857,121,9,63,2.88,47,8.3,Mostly Urban,8249,3,34,Yes,UoP Entry Test,Medium,50% / 100 marks,26
PK-KPK-001,University of Peshawar,Public,KPK,Peshawar,1950,24,W2,Sociology,Arts & Social Sciences,2025,853,478,375,27,31.6,7,39,807,89,36,80,3.31,49.1,14.6,Mostly Rural,25949,11,26,Yes,UoP Entry Test,Medium,50% / 100 marks,33
PK-KPK-001,University of Peshawar,Public,KPK,Peshawar,1950,24,W2,Urdu,Arts & Social Sciences,2022,757,325,432,22,34.4,,87,,81,26,,3.46,46.4,16.2,Mostly Rural,11406,1,,Yes,UoP Entry Test,Medium,50% / 100 marks,27
PK-KPK-001,University of Peshawar,Public,KPK,Peshawar,1950,24,W2,Urdu,Arts & Social Sciences,2023,798,407,391,35,22.8,56,40,702,148,0,12,3.43,35.4,,Mixed Urban-Rural,43946,6,28,Yes,UoP Entry Test,Medium,50% / 100 marks,30
PK-KPK-001,University of Peshawar,Public,KPK,Peshawar,1950,24,W2,Urdu,Arts & Social Sciences,2024,819,582,237,29,28.2,24,84,711,122,1,19,3.23,35.1,13.1,Mostly Rural,35960,14,16,Yes,UoP Entry Test,Medium,50% / 100 marks,26
PK-KPK-001,University of Peshawar,Public,KPK,Peshawar,1950,24,W2,Urdu,Arts & Social Sciences,2025,865,610,255,31,27.9,64,56,745,100,5,34,3.58,48.9,9,Mostly Rural,17050,17,4,Yes,UoP Entry Test,Medium,50% / 100 marks,
PK-KPK-010,University of Swat,Public,KPK,Swat,2010,,W1,Business Administration,Business,2022,390,228,162,12,32.5,21,24,345,52,,61,3.62,71.9,9.1,Mostly Urban,19745,3,17,Yes,UoSwat Entry Test,Easy,40% / 100 marks,7
PK-KPK-010,University of Swat,Public,KPK,Swat,2010,,W1,Business Administration,Business,2023,395,253,142,14,28.2,5,12,378,69,44,,3.22,64.6,11.4,Mostly Urban,44718,1,12,Yes,UoSwat Entry Test,Easy,40% / 100 marks,9
PK-KPK-010,University of Swat,Public,KPK,Swat,2010,,W1,Business Administration,Business,2024,354,245,109,11,32.2,14,56,284,30,,27,,77.3,,Mixed Urban-Rural,,7,,Yes,UoSwat Entry Test,Easy,40% / 100 marks,8
PK-KPK-010,University of Swat,Public,KPK,Swat,2010,,W1,Business Administration,Business,2025,360,231,129,10,36,3,28,329,15,48,7,2.6,78.5,,Mostly Urban,40633,16,1,Yes,UoSwat Entry Test,Easy,40% / 100 marks,7
PK-KPK-010,University of Swat,Public,KPK,Swat,2010,,W1,Education,Arts & Social Sciences,2022,270,115,155,7,38.6,,7,,32,4,72,2.8,60.7,9.8,Mixed Urban-Rural,26414,2,4,Yes,UoSwat Entry Test,Easy,40% / 100 marks,9
PK-KPK-010,University of Swat,Public,KPK,Swat,2010,,W1,Education,Arts & Social Sciences,2023,299,196,103,10,29.9,11,3,285,37,6,75,,59.4,16,Mostly Urban,27448,13,,Yes,UoSwat Entry Test,Easy,40% / 100 marks,10
PK-KPK-010,University of Swat,Public,KPK,Swat,2010,,W1,Education,Arts & Social Sciences,2024,333,140,193,14,23.8,13,44,276,,1,50,3.62,60.2,6.7,Mostly Rural,23517,3,34,Yes,UoSwat Entry Test,Easy,40% / 100 marks,7
PK-KPK-010,University of Swat,Public,KPK,Swat,2010,,W1,Education,Arts & Social Sciences,2025,312,215,97,10,31.2,17,26,269,11,,9,2.96,71.9,15.6,Mixed Urban-Rural,17132,7,5,Yes,UoSwat Entry Test,Easy,40% / 100 marks,6
PK-KPK-010,University of Swat,Public,KPK,Swat,2010,,W1,Information Technology,STEM,2022,69,29,40,5,13.8,1,2,66,13,11,61,3.48,76.8,6.9,Mostly Urban,26256,14,19,Yes,UoSwat Entry Test,Easy,40% / 100 marks,
PK-KPK-010,University of Swat,Public,KPK,Swat,2010,,W1,Information Technology,STEM,2023,76,52,24,5,15.2,3,8,65,9,,31,3.53,71.9,9,Mostly Rural,39577,15,17,Yes,UoSwat Entry Test,Easy,40% / 100 marks,9
PK-KPK-010,University of Swat,Public,KPK,Swat,2010,,W1,Information Technology,STEM,2024,87,62,25,5,17.4,1,14,72,10,27,24,2.69,73.7,7.7,,34093,10,32,Yes,UoSwat Entry Test,Easy,40% / 100 marks,6
PK-KPK-010,University of Swat,Public,KPK,Swat,2010,,W1,Information Technology,STEM,2025,86,59,27,5,17.2,2,2,82,10,56,,3.4,72.7,,Mostly Rural,26347,,16,Yes,UoSwat Entry Test,Easy,40% / 100 marks,10
PK-KPK-010,University of Swat,Public,KPK,Swat,2010,,W1,Mathematics,STEM,2022,171,92,79,5,34.2,11,22,138,,15,73,3.07,51,12.1,Mixed Urban-Rural,44820,19,30,Yes,UoSwat Entry Test,Easy,40% / 100 marks,9
PK-KPK-010,University of Swat,Public,KPK,Swat,2010,,W1,Mathematics,STEM,2023,155,77,78,6,25.8,,25,,14,33,10,3.34,52.6,11.2,Mixed Urban-Rural,37695,16,20,Yes,UoSwat Entry Test,Easy,40% / 100 marks,
PK-KPK-010,University of Swat,Public,KPK,Swat,2010,,W1,Mathematics,STEM,2024,159,101,58,6,26.5,4,6,149,21,59,54,3.35,58.5,16.3,Mostly Urban,26573,19,9,Yes,UoSwat Entry Test,Easy,40% / 100 marks,8
PK-KPK-010,University of Swat,Public,KPK,Swat,2010,,W1,Mathematics,STEM,2025,174,76,98,6,29,10,20,144,24,23,21,3.53,51.7,,Mostly Urban,11643,,24,Yes,UoSwat Entry Test,Easy,40% / 100 marks,9
PK-KPK-010,University of Swat,Public,KPK,Swat,2010,,W1,Psychology,Arts & Social Sciences,2022,83,49,34,5,16.6,5,1,77,12,,16,2.62,57,9.6,Mixed Urban-Rural,22557,17,17,Yes,UoSwat Entry Test,Easy,40% / 100 marks,8
PK-KPK-010,University of Swat,Public,KPK,Swat,2010,,W1,Psychology,Arts & Social Sciences,2023,82,57,25,5,16.4,4,14,64,12,,34,3.37,65.3,10.6,Mixed Urban-Rural,14919,15,10,Yes,UoSwat Entry Test,Easy,40% / 100 marks,9
PK-KPK-010,University of Swat,Public,KPK,Swat,2010,,W1,Psychology,Arts & Social Sciences,2024,95,49,46,5,19,,14,,18,18,80,2.75,52.7,,Mostly Urban,34098,13,,Yes,UoSwat Entry Test,Easy,40% / 100 marks,10
PK-KPK-010,University of Swat,Public,KPK,Swat,2010,,W1,Psychology,Arts & Social Sciences,2025,99,49,50,5,19.8,,4,,,,,,59.3,,Mixed Urban-Rural,44674,,,Yes,UoSwat Entry Test,Easy,40% / 100 marks,6
PK-KPK-010,University of Swat,Public,KPK,Swat,2010,,W1,Statistics,STEM,2022,382,265,117,11,34.7,0,59,323,30,46,11,2.67,67.2,10,Mostly Rural,15201,,27,Yes,UoSwat Entry Test,Easy,40% / 100 marks,8
PK-KPK-010,University of Swat,Public,KPK,Swat,2010,,W1,Statistics,STEM,2023,419,184,235,17,24.6,21,49,349,22,58,,2.72,57.4,,,39764,11,19,Yes,UoSwat Entry Test,Easy,40% / 100 marks,6
PK-KPK-010,University of Swat,Public,KPK,Swat,2010,,W1,Statistics,STEM,2024,495,288,207,18,27.5,9,33,453,25,5,38,3.64,55.6,2.3,,29540,10,,Yes,UoSwat Entry Test,Easy,40% / 100 marks,7
PK-KPK-010,University of Swat,Public,KPK,Swat,2010,,W1,Statistics,STEM,2025,449,287,162,16,28.1,28,15,406,,20,32,2.77,58.9,17.4,Mixed Urban-Rural,21523,,33,Yes,UoSwat Entry Test,Easy,40% / 100 marks,7
PK-PUN-022,Bahauddin Zakariya University Multan,Public,Punjab,Multan,1975,8,W3,Accounting & Finance,Business,2022,1413,658,755,56,25.2,103,106,1204,203,43,55,3.14,78.3,,Mostly Urban,34716,5,34,Yes,BZU Entry Test,Medium,50% / 100 marks,33
PK-PUN-022,Bahauddin Zakariya University Multan,Public,Punjab,Multan,1975,8,W3,Accounting & Finance,Business,2023,1564,1050,514,52,30.1,86,10,1468,25,44,19,,66.7,12.5,Mostly Rural,32706,,,Yes,BZU Entry Test,Medium,50% / 100 marks,
PK-PUN-022,Bahauddin Zakariya University Multan,Public,Punjab,Multan,1975,8,W3,Accounting & Finance,Business,2024,1791,850,941,54,33.2,50,163,1578,108,56,,3.02,71.9,15.4,Mostly Urban,21157,2,3,Yes,BZU Entry Test,Medium,50% / 100 marks,32
PK-PUN-022,Bahauddin Zakariya University Multan,Public,Punjab,Multan,1975,8,W3,Accounting & Finance,Business,2025,1750,1019,731,69,25.4,44,118,1588,163,34,3,,72.8,17.2,Mostly Urban,19777,8,,Yes,BZU Entry Test,Medium,50% / 100 marks,32
PK-PUN-022,Bahauddin Zakariya University Multan,Public,Punjab,Multan,1975,8,W3,Business Administration,Business,2022,983,585,398,35,28.1,10,35,938,169,,53,,64.4,8.6,Mixed Urban-Rural,27863,15,22,Yes,BZU Entry Test,Medium,50% / 100 marks,29
PK-PUN-022,Bahauddin Zakariya University Multan,Public,Punjab,Multan,1975,8,W3,Business Administration,Business,2023,1070,486,584,30,35.7,31,,,179,13,,3.09,76.8,9.7,,17142,4,8,Yes,BZU Entry Test,Medium,50% / 100 marks,35
PK-PUN-022,Bahauddin Zakariya University Multan,Public,Punjab,Multan,1975,8,W3,Business Administration,Business,2024,1047,613,434,37,28.3,12,122,913,31,31,6,3.2,69.5,16.3,Mostly Rural,34815,12,,Yes,BZU Entry Test,Medium,50% / 100 marks,36
PK-PUN-022,Bahauddin Zakariya University Multan,Public,Punjab,Multan,1975,8,W3,Business Administration,Business,2025,1097,564,533,34,32.3,56,176,865,45,,54,3.09,73.2,10.9,Mostly Rural,33898,18,34,Yes,BZU Entry Test,Medium,50% / 100 marks,28
PK-PUN-022,Bahauddin Zakariya University Multan,Public,Punjab,Multan,1975,8,W3,Human Resource Management,Business,2022,1449,694,755,48,30.2,19,253,1177,,30,16,3.6,69.9,1.9,,42878,,,Yes,BZU Entry Test,Medium,50% / 100 marks,36
PK-PUN-022,Bahauddin Zakariya University Multan,Public,Punjab,Multan,1975,8,W3,Human Resource Management,Business,2023,1799,1255,544,76,23.7,,302,,287,36,52,2.99,64.1,15.7,Mixed Urban-Rural,42922,,33,Yes,BZU Entry Test,Medium,50% / 100 marks,33
PK-PUN-022,Bahauddin Zakariya University Multan,Public,Punjab,Multan,1975,8,W3,Human Resource Management,Business,2024,1740,694,1046,57,30.5,133,287,1320,139,45,,3.69,69.4,9.6,Mixed Urban-Rural,9091,4,,Yes,BZU Entry Test,Medium,50% / 100 marks,28
PK-PUN-022,Bahauddin Zakariya University Multan,Public,Punjab,Multan,1975,8,W3,Human Resource Management,Business,2025,1993,987,1006,89,22.4,153,92,1748,92,1,7,2.83,67.3,15.5,,44752,2,,Yes,BZU Entry Test,Medium,50% / 100 marks,34
PK-PUN-022,Bahauddin Zakariya University Multan,Public,Punjab,Multan,1975,8,W3,Information Technology,STEM,2022,1467,567,900,61,24,73,122,1272,221,,52,3.69,75.2,14.6,Mixed Urban-Rural,29406,,17,Yes,BZU Entry Test,Medium,50% / 100 marks,36
PK-PUN-022,Bahauddin Zakariya University Multan,Public,Punjab,Multan,1975,8,W3,Information Technology,STEM,2023,1407,987,420,40,35.2,46,129,1232,199,31,66,2.67,76.9,5.1,Mixed Urban-Rural,36123,14,32,Yes,BZU Entry Test,Medium,50% / 100 marks,31
PK-PUN-022,Bahauddin Zakariya University Multan,Public,Punjab,Multan,1975,8,W3,Information Technology,STEM,2024,1416,897,519,55,25.7,20,253,1143,185,60,32,3.17,74.2,17.6,Mostly Rural,9920,17,32,Yes,BZU Entry Test,Medium,50% / 100 marks,30
PK-PUN-022,Bahauddin Zakariya University Multan,Public,Punjab,Multan,1975,8,W3,Information Technology,STEM,2025,1727,826,901,71,24.3,110,172,1445,337,15,74,,85.1,2,Mostly Urban,28027,2,34,Yes,BZU Entry Test,Medium,50% / 100 marks,30
PK-PUN-022,Bahauddin Zakariya University Multan,Public,Punjab,Multan,1975,8,W3,Marketing,Business,2022,928,404,524,28,33.1,,58,,159,36,25,3.67,60.8,9.6,Mixed Urban-Rural,30633,,1,Yes,BZU Entry Test,Medium,50% / 100 marks,32
PK-PUN-022,Bahauddin Zakariya University Multan,Public,Punjab,Multan,1975,8,W3,Marketing,Business,2023,885,377,508,30,29.5,2,143,740,167,,19,2.85,65.6,,Mixed Urban-Rural,,8,31,Yes,BZU Entry Test,Medium,50% / 100 marks,30
PK-PUN-022,Bahauddin Zakariya University Multan,Public,Punjab,Multan,1975,8,W3,Marketing,Business,2024,1051,696,355,39,26.9,35,42,974,,22,15,2.89,61.3,4.5,Mixed Urban-Rural,32923,2,31,Yes,BZU Entry Test,Medium,50% / 100 marks,34
PK-PUN-022,Bahauddin Zakariya University Multan,Public,Punjab,Multan,1975,8,W3,Marketing,Business,2025,985,438,547,31,31.8,10,82,893,115,51,13,3.59,65.6,,Mixed Urban-Rural,31427,15,26,Yes,BZU Entry Test,Medium,50% / 100 marks,32
PK-PUN-022,Bahauddin Zakariya University Multan,Public,Punjab,Multan,1975,8,W3,Supply Chain Management,Business,2022,672,379,293,28,24,30,108,534,40,42,35,3.44,69.3,14.1,Mostly Rural,14652,,7,Yes,BZU Entry Test,Medium,50% / 100 marks,29
PK-PUN-022,Bahauddin Zakariya University Multan,Public,Punjab,Multan,1975,8,W3,Supply Chain Management,Business,2023,705,455,250,25,28.2,15,,,64,,10,3.64,64.6,16.7,Mostly Rural,40379,11,34,Yes,BZU Entry Test,Medium,50% / 100 marks,31
PK-PUN-022,Bahauddin Zakariya University Multan,Public,Punjab,Multan,1975,8,W3,Supply Chain Management,Business,2024,665,438,227,19,35,17,9,639,30,60,32,3.32,73.3,7.2,Mixed Urban-Rural,11747,13,2,Yes,BZU Entry Test,Medium,50% / 100 marks,35
PK-PUN-022,Bahauddin Zakariya University Multan,Public,Punjab,Multan,1975,8,W3,Supply Chain Management,Business,2025,816,350,466,33,24.7,59,156,601,125,23,,2.92,73.6,,Mostly Rural,,3,12,Yes,BZU Entry Test,Medium,50% / 100 marks,31
PK-PUN-028,Fatima Jinnah Women University Rawalpindi,Public,Punjab,Rawalpindi,1998,39,W2,Civil Engineering,STEM,2022,776,511,265,30,25.9,35,,,116,9,29,2.84,75.9,15.9,Mixed Urban-Rural,35936,10,,Yes,FJWU Entry Test,Easy,45% / 100 marks,11
PK-PUN-028,Fatima Jinnah Women University Rawalpindi,Public,Punjab,Rawalpindi,1998,39,W2,Civil Engineering,STEM,2023,820,312,508,30,27.3,59,,,,,,2.96,74.6,6.2,Mixed Urban-Rural,,,9,Yes,FJWU Entry Test,Easy,45% / 100 marks,13
PK-PUN-028,Fatima Jinnah Women University Rawalpindi,Public,Punjab,Rawalpindi,1998,39,W2,Civil Engineering,STEM,2024,930,483,447,29,32.1,52,180,698,,20,40,2.73,68.3,13.6,Mixed Urban-Rural,29719,6,,Yes,FJWU Entry Test,Easy,45% / 100 marks,14
PK-PUN-028,Fatima Jinnah Women University Rawalpindi,Public,Punjab,Rawalpindi,1998,39,W2,Civil Engineering,STEM,2025,1008,572,436,44,22.9,7,182,819,167,22,61,2.97,68.1,17.9,Mostly Urban,21007,3,,Yes,FJWU Entry Test,Easy,45% / 100 marks,12
PK-PUN-028,Fatima Jinnah Women University Rawalpindi,Public,Punjab,Rawalpindi,1998,39,W2,Computer Science,STEM,2022,519,341,178,19,27.3,14,,,74,11,62,,85,10.3,Mostly Rural,24693,18,32,Yes,FJWU Entry Test,Easy,45% / 100 marks,13
PK-PUN-028,Fatima Jinnah Women University Rawalpindi,Public,Punjab,Rawalpindi,1998,39,W2,Computer Science,STEM,2023,446,284,162,15,29.7,14,89,343,21,,42,3.4,87.4,12.9,,19865,12,28,Yes,FJWU Entry Test,Easy,45% / 100 marks,14
PK-PUN-028,Fatima Jinnah Women University Rawalpindi,Public,Punjab,Rawalpindi,1998,39,W2,Computer Science,STEM,2024,501,274,227,16,31.3,1,97,403,62,51,,3.56,87.6,8.3,,14820,18,22,Yes,FJWU Entry Test,Easy,45% / 100 marks,12
PK-PUN-028,Fatima Jinnah Women University Rawalpindi,Public,Punjab,Rawalpindi,1998,39,W2,Computer Science,STEM,2025,601,344,257,17,35.4,12,66,523,26,,47,,74.6,7.7,Mixed Urban-Rural,25845,5,33,Yes,FJWU Entry Test,Easy,45% / 100 marks,11
PK-PUN-028,Fatima Jinnah Women University Rawalpindi,Public,Punjab,Rawalpindi,1998,39,W2,Economics,Business,2022,771,352,419,24,32.1,40,152,579,68,36,16,,71.7,,Mostly Urban,29519,8,31,Yes,FJWU Entry Test,Easy,45% / 100 marks,11
PK-PUN-028,Fatima Jinnah Women University Rawalpindi,Public,Punjab,Rawalpindi,1998,39,W2,Economics,Business,2023,826,561,265,26,31.8,13,66,747,148,32,49,3.37,71.1,17.5,Mixed Urban-Rural,,,,Yes,FJWU Entry Test,Easy,45% / 100 marks,12
PK-PUN-028,Fatima Jinnah Women University Rawalpindi,Public,Punjab,Rawalpindi,1998,39,W2,Economics,Business,2024,755,437,318,25,30.2,16,79,660,85,57,41,,72.7,15.5,Mostly Urban,19164,11,14,Yes,FJWU Entry Test,Easy,45% / 100 marks,13
PK-PUN-028,Fatima Jinnah Women University Rawalpindi,Public,Punjab,Rawalpindi,1998,39,W2,Economics,Business,2025,792,422,370,29,27.3,26,132,634,71,37,6,3.22,66.1,11.8,Mixed Urban-Rural,,14,20,Yes,FJWU Entry Test,Easy,45% / 100 marks,11
PK-PUN-028,Fatima Jinnah Women University Rawalpindi,Public,Punjab,Rawalpindi,1998,39,W2,Environmental Science,STEM,2022,612,278,334,19,32.2,13,86,513,,19,73,3.36,52.3,,Mixed Urban-Rural,,,29,Yes,FJWU Entry Test,Easy,45% / 100 marks,12
PK-PUN-028,Fatima Jinnah Women University Rawalpindi,Public,Punjab,Rawalpindi,1998,39,W2,Environmental Science,STEM,2023,630,322,308,18,35,13,20,597,87,31,43,2.95,58,4.8,Mostly Rural,,20,35,Yes,FJWU Entry Test,Easy,45% / 100 marks,13
PK-PUN-028,Fatima Jinnah Women University Rawalpindi,Public,Punjab,Rawalpindi,1998,39,W2,Environmental Science,STEM,2024,630,403,227,20,31.5,29,88,513,92,20,20,,50.6,7,Mixed Urban-Rural,18215,,,Yes,FJWU Entry Test,Easy,45% / 100 marks,14
PK-PUN-028,Fatima Jinnah Women University Rawalpindi,Public,Punjab,Rawalpindi,1998,39,W2,Environmental Science,STEM,2025,617,290,327,21,29.4,22,5,590,79,22,45,,51.7,4,,24480,10,23,Yes,FJWU Entry Test,Easy,45% / 100 marks,14
PK-PUN-028,Fatima Jinnah Women University Rawalpindi,Public,Punjab,Rawalpindi,1998,39,W2,Information Technology,STEM,2022,687,370,317,25,27.5,46,3,638,28,9,,3.05,83.3,6.9,Mixed Urban-Rural,19066,1,18,Yes,FJWU Entry Test,Easy,45% / 100 marks,
PK-PUN-028,Fatima Jinnah Women University Rawalpindi,Public,Punjab,Rawalpindi,1998,39,W2,Information Technology,STEM,2023,716,407,309,26,27.5,,85,,92,3,50,3.19,81.7,9.7,Mostly Urban,28421,5,12,Yes,FJWU Entry Test,Easy,45% / 100 marks,13
PK-PUN-028,Fatima Jinnah Women University Rawalpindi,Public,Punjab,Rawalpindi,1998,39,W2,Information Technology,STEM,2024,795,464,331,31,25.6,18,108,669,67,24,,3.35,84.2,10.8,Mostly Rural,44977,13,,Yes,FJWU Entry Test,Easy,45% / 100 marks,11
PK-PUN-028,Fatima Jinnah Women University Rawalpindi,Public,Punjab,Rawalpindi,1998,39,W2,Information Technology,STEM,2025,859,337,522,28,30.7,,53,,92,11,,3.26,85.7,11.6,Mixed Urban-Rural,15504,,15,Yes,FJWU Entry Test,Easy,45% / 100 marks,12
PK-PUN-028,Fatima Jinnah Women University Rawalpindi,Public,Punjab,Rawalpindi,1998,39,W2,Mathematics,STEM,2022,917,531,386,30,30.6,,,,101,39,23,,63.4,1.9,,35387,,9,Yes,FJWU Entry Test,Easy,45% / 100 marks,10
PK-PUN-028,Fatima Jinnah Women University Rawalpindi,Public,Punjab,Rawalpindi,1998,39,W2,Mathematics,STEM,2023,888,534,354,31,28.6,68,42,778,163,31,9,,54.5,16.9,Mixed Urban-Rural,18405,1,10,Yes,FJWU Entry Test,Easy,45% / 100 marks,13
PK-PUN-028,Fatima Jinnah Women University Rawalpindi,Public,Punjab,Rawalpindi,1998,39,W2,Mathematics,STEM,2024,898,517,381,39,23,62,145,691,153,47,56,,54.7,12.9,Mixed Urban-Rural,25384,11,,Yes,FJWU Entry Test,Easy,45% / 100 marks,11
PK-PUN-028,Fatima Jinnah Women University Rawalpindi,Public,Punjab,Rawalpindi,1998,39,W2,Mathematics,STEM,2025,936,499,437,33,28.4,34,122,780,118,,71,,54,14.3,Mixed Urban-Rural,17324,15,9,Yes,FJWU Entry Test,Easy,45% / 100 marks,11
PK-PUN-028,Fatima Jinnah Women University Rawalpindi,Public,Punjab,Rawalpindi,1998,39,W2,Physics,STEM,2022,675,348,327,29,23.3,7,0,668,23,48,21,,53.6,15.8,,35803,13,0,Yes,FJWU Entry Test,Easy,45% / 100 marks,11
PK-PUN-028,Fatima Jinnah Women University Rawalpindi,Public,Punjab,Rawalpindi,1998,39,W2,Physics,STEM,2023,788,319,469,23,34.3,,134,,152,40,63,3.44,54.3,3.5,Mostly Urban,44480,9,,Yes,FJWU Entry Test,Easy,45% / 100 marks,13
PK-PUN-028,Fatima Jinnah Women University Rawalpindi,Public,Punjab,Rawalpindi,1998,39,W2,Physics,STEM,2024,742,286,456,25,29.7,30,,,138,59,36,3.56,45.4,13.4,,19177,4,3,Yes,FJWU Entry Test,Easy,45% / 100 marks,14
PK-PUN-028,Fatima Jinnah Women University Rawalpindi,Public,Punjab,Rawalpindi,1998,39,W2,Physics,STEM,2025,780,372,408,30,26,41,105,634,118,28,77,,47.6,,,14002,1,,Yes,FJWU Entry Test,Easy,45% / 100 marks,13
PK-PUN-028,Fatima Jinnah Women University Rawalpindi,Public,Punjab,Rawalpindi,1998,39,W2,Political Science,Arts & Social Sciences,2022,562,233,329,19,29.6,10,80,472,24,18,4,2.69,43.8,12.8,Mostly Rural,19281,20,30,Yes,FJWU Entry Test,Easy,45% / 100 marks,13
PK-PUN-028,Fatima Jinnah Women University Rawalpindi,Public,Punjab,Rawalpindi,1998,39,W2,Political Science,Arts & Social Sciences,2023,618,331,287,19,32.5,28,32,558,59,55,32,3.33,48.6,4.3,Mostly Urban,24902,,,Yes,FJWU Entry Test,Easy,45% / 100 marks,12
PK-PUN-028,Fatima Jinnah Women University Rawalpindi,Public,Punjab,Rawalpindi,1998,39,W2,Political Science,Arts & Social Sciences,2024,642,320,322,20,32.1,12,58,572,92,5,,3.04,45.1,14.5,Mostly Urban,37313,13,0,Yes,FJWU Entry Test,Easy,45% / 100 marks,14
PK-PUN-028,Fatima Jinnah Women University Rawalpindi,Public,Punjab,Rawalpindi,1998,39,W2,Political Science,Arts & Social Sciences,2025,755,369,386,26,29,46,130,579,16,33,41,3.27,39.4,,Mostly Rural,21856,6,2,Yes,FJWU Entry Test,Easy,45% / 100 marks,10
PK-PUN-017,Forman Christian College University,Private,Punjab,Lahore,1864,21,W2,Economics,Business,2022,172,103,69,5,34.4,6,30,136,9,,18,3.28,57.4,12.1,Mixed Urban-Rural,114260,7,21,Yes,FC College Entry Test,Medium,50% / 100 marks,15
PK-PUN-017,Forman Christian College University,Private,Punjab,Lahore,1864,21,W2,Economics,Business,2023,191,125,66,8,23.9,15,1,175,15,44,56,2.95,64.5,6.7,Mostly Rural,,5,29,Yes,FC College Entry Test,Medium,50% / 100 marks,16
PK-PUN-017,Forman Christian College University,Private,Punjab,Lahore,1864,21,W2,Economics,Business,2024,170,102,68,5,34,3,3,164,26,1,72,3.62,69.2,8.1,Mixed Urban-Rural,56943,17,5,Yes,FC College Entry Test,Medium,50% / 100 marks,
PK-PUN-017,Forman Christian College University,Private,Punjab,Lahore,1864,21,W2,Economics,Business,2025,204,116,88,7,29.1,7,29,168,25,49,,3.5,59.6,16.7,Mixed Urban-Rural,89395,1,34,Yes,FC College Entry Test,Medium,50% / 100 marks,17
PK-PUN-017,Forman Christian College University,Private,Punjab,Lahore,1864,21,W2,History,Arts & Social Sciences,2022,945,434,511,28,33.8,,144,,168,1,44,,42.8,8.4,,78544,18,0,Yes,FC College Entry Test,Medium,50% / 100 marks,16
PK-PUN-017,Forman Christian College University,Private,Punjab,Lahore,1864,21,W2,History,Arts & Social Sciences,2023,858,616,242,29,29.6,18,19,821,76,15,74,3.15,47.3,10.4,Mixed Urban-Rural,105641,8,21,Yes,FC College Entry Test,Medium,50% / 100 marks,17
PK-PUN-017,Forman Christian College University,Private,Punjab,Lahore,1864,21,W2,History,Arts & Social Sciences,2024,1001,559,442,30,33.4,18,167,816,69,37,16,3.09,44.1,6.9,Mixed Urban-Rural,,14,2,Yes,FC College Entry Test,Medium,50% / 100 marks,14
PK-PUN-017,Forman Christian College University,Private,Punjab,Lahore,1864,21,W2,History,Arts & Social Sciences,2025,934,370,564,41,22.8,,106,,21,25,,3.52,42.1,12.2,Mostly Urban,97762,1,33,Yes,FC College Entry Test,Medium,50% / 100 marks,18
PK-PUN-017,Forman Christian College University,Private,Punjab,Lahore,1864,21,W2,Mathematics,STEM,2022,694,491,203,20,34.7,37,98,559,,0,38,3.03,52.9,4.3,,,,,Yes,FC College Entry Test,Medium,50% / 100 marks,18
PK-PUN-017,Forman Christian College University,Private,Punjab,Lahore,1864,21,W2,Mathematics,STEM,2023,716,383,333,23,31.1,38,47,631,72,13,56,3.5,62.9,7,,55769,,9,Yes,FC College Entry Test,Medium,50% / 100 marks,18
PK-PUN-017,Forman Christian College University,Private,Punjab,Lahore,1864,21,W2,Mathematics,STEM,2024,684,412,272,25,27.4,15,,,,14,,3.51,56.5,5.9,Mostly Rural,62706,15,,Yes,FC College Entry Test,Medium,50% / 100 marks,16
PK-PUN-017,Forman Christian College University,Private,Punjab,Lahore,1864,21,W2,Mathematics,STEM,2025,817,392,425,30,27.2,32,20,765,,44,42,3.46,52.1,15,Mostly Rural,57132,9,32,Yes,FC College Entry Test,Medium,50% / 100 marks,18
PK-PUN-017,Forman Christian College University,Private,Punjab,Lahore,1864,21,W2,Physics,STEM,2022,648,323,325,20,32.4,,32,,125,26,69,3.11,51.2,2.1,Mixed Urban-Rural,124329,,19,Yes,FC College Entry Test,Medium,50% / 100 marks,15
PK-PUN-017,Forman Christian College University,Private,Punjab,Lahore,1864,21,W2,Physics,STEM,2023,749,408,341,22,34,11,105,633,70,,20,3.04,58.2,3.6,Mostly Urban,129605,12,9,Yes,FC College Entry Test,Medium,50% / 100 marks,14
PK-PUN-017,Forman Christian College University,Private,Punjab,Lahore,1864,21,W2,Physics,STEM,2024,778,490,288,24,32.4,29,115,634,127,25,44,2.61,55.7,7.6,Mostly Urban,88398,9,15,Yes,FC College Entry Test,Medium,50% / 100 marks,16
PK-PUN-017,Forman Christian College University,Private,Punjab,Lahore,1864,21,W2,Physics,STEM,2025,710,318,392,24,29.6,,,,37,1,13,3.11,47,12.3,Mostly Rural,63826,8,18,Yes,FC College Entry Test,Medium,50% / 100 marks,14
PK-PUN-017,Forman Christian College University,Private,Punjab,Lahore,1864,21,W2,Political Science,Arts & Social Sciences,2022,991,400,591,38,26.1,16,,,43,53,76,3.34,38.3,8.7,Mostly Urban,72751,5,,Yes,FC College Entry Test,Medium,50% / 100 marks,15
PK-PUN-017,Forman Christian College University,Private,Punjab,Lahore,1864,21,W2,Political Science,Arts & Social Sciences,2023,862,426,436,34,25.4,51,145,666,31,16,57,3.67,47.1,15.2,Mostly Urban,103499,3,23,Yes,FC College Entry Test,Medium,50% / 100 marks,16
PK-PUN-017,Forman Christian College University,Private,Punjab,Lahore,1864,21,W2,Political Science,Arts & Social Sciences,2024,906,632,274,32,28.3,,164,,151,30,,2.94,44.5,6.3,Mostly Urban,95285,11,4,Yes,FC College Entry Test,Medium,50% / 100 marks,15
PK-PUN-017,Forman Christian College University,Private,Punjab,Lahore,1864,21,W2,Political Science,Arts & Social Sciences,2025,1034,562,472,34,30.4,9,89,936,,12,,3.43,51.6,,Mostly Urban,78506,20,4,Yes,FC College Entry Test,Medium,50% / 100 marks,16
PK-PUN-017,Forman Christian College University,Private,Punjab,Lahore,1864,21,W2,Psychology,Arts & Social Sciences,2022,699,380,319,28,25,38,,,84,28,26,3.65,52.6,8.6,Mostly Rural,71865,1,30,Yes,FC College Entry Test,Medium,50% / 100 marks,17
PK-PUN-017,Forman Christian College University,Private,Punjab,Lahore,1864,21,W2,Psychology,Arts & Social Sciences,2023,767,311,456,24,32,,42,,147,22,7,,53.1,11.3,Mostly Urban,80242,3,22,Yes,FC College Entry Test,Medium,50% / 100 marks,17
PK-PUN-017,Forman Christian College University,Private,Punjab,Lahore,1864,21,W2,Psychology,Arts & Social Sciences,2024,812,403,409,27,30.1,50,63,699,120,45,15,3.31,53.3,3.4,,55352,,0,Yes,FC College Entry Test,Medium,50% / 100 marks,
PK-PUN-017,Forman Christian College University,Private,Punjab,Lahore,1864,21,W2,Psychology,Arts & Social Sciences,2025,880,429,451,33,26.7,,174,,144,,34,3.44,60.6,7.8,Mostly Rural,60230,18,17,Yes,FC College Entry Test,Medium,50% / 100 marks,
PK-PUN-017,Forman Christian College University,Private,Punjab,Lahore,1864,21,W2,Sociology,Arts & Social Sciences,2022,882,558,324,28,31.5,,72,,45,21,,2.82,50.5,13.2,Mostly Urban,109725,20,19,Yes,FC College Entry Test,Medium,50% / 100 marks,16
PK-PUN-017,Forman Christian College University,Private,Punjab,Lahore,1864,21,W2,Sociology,Arts & Social Sciences,2023,777,300,477,22,35.3,62,,,134,38,58,3.26,56.4,17.7,Mixed Urban-Rural,125890,10,5,Yes,FC College Entry Test,Medium,50% / 100 marks,15
PK-PUN-017,Forman Christian College University,Private,Punjab,Lahore,1864,21,W2,Sociology,Arts & Social Sciences,2024,768,469,299,22,34.9,,102,,75,35,15,,55,12.4,Mostly Rural,59239,6,,Yes,FC College Entry Test,Medium,50% / 100 marks,15
PK-PUN-017,Forman Christian College University,Private,Punjab,Lahore,1864,21,W2,Sociology,Arts & Social Sciences,2025,840,490,350,29,29,7,35,798,76,46,37,,42.1,16.3,Mostly Urban,92915,19,15,Yes,FC College Entry Test,Medium,50% / 100 marks,18
PK-PUN-020,Government College University Faisalabad,Public,Punjab,Faisalabad,2002,48,W1,Biology,STEM,2022,253,160,93,8,31.6,14,47,192,,26,26,2.69,53.3,8.4,Mostly Urban,28542,2,,Yes,GCUF Entry Test,Easy,45% / 100 marks,18
PK-PUN-020,Government College University Faisalabad,Public,Punjab,Faisalabad,2002,48,W1,Biology,STEM,2023,256,108,148,8,32,13,26,217,9,13,78,,58.7,11.7,Mostly Rural,37644,,25,Yes,GCUF Entry Test,Easy,45% / 100 marks,17
PK-PUN-020,Government College University Faisalabad,Public,Punjab,Faisalabad,2002,48,W1,Biology,STEM,2024,222,106,116,7,31.7,13,8,201,,25,47,,46.4,7.7,Mostly Urban,24143,3,22,Yes,GCUF Entry Test,Easy,45% / 100 marks,17
PK-PUN-020,Government College University Faisalabad,Public,Punjab,Faisalabad,2002,48,W1,Biology,STEM,2025,267,159,108,7,38.1,8,19,240,36,24,23,3.67,53.1,1.9,Mostly Urban,43885,11,13,Yes,GCUF Entry Test,Easy,45% / 100 marks,15
PK-PUN-020,Government College University Faisalabad,Public,Punjab,Faisalabad,2002,48,W1,Chemistry,STEM,2022,524,371,153,16,32.8,14,38,472,23,,73,2.88,60.8,5.5,Mixed Urban-Rural,32770,,18,Yes,GCUF Entry Test,Easy,45% / 100 marks,17
PK-PUN-020,Government College University Faisalabad,Public,Punjab,Faisalabad,2002,48,W1,Chemistry,STEM,2023,503,224,279,18,27.9,4,88,411,71,52,78,,47.8,,Mixed Urban-Rural,23981,4,3,Yes,GCUF Entry Test,Easy,45% / 100 marks,19
PK-PUN-020,Government College University Faisalabad,Public,Punjab,Faisalabad,2002,48,W1,Chemistry,STEM,2024,534,348,186,18,29.7,5,8,521,36,,71,2.79,47,8.6,Mixed Urban-Rural,8968,,2,Yes,GCUF Entry Test,Easy,45% / 100 marks,15
PK-PUN-020,Government College University Faisalabad,Public,Punjab,Faisalabad,2002,48,W1,Chemistry,STEM,2025,541,280,261,18,30.1,9,105,427,57,41,61,3.39,52.8,4.8,Mixed Urban-Rural,25254,13,,Yes,GCUF Entry Test,Easy,45% / 100 marks,17
PK-PUN-020,Government College University Faisalabad,Public,Punjab,Faisalabad,2002,48,W1,Civil Engineering,STEM,2022,133,58,75,5,26.6,2,3,128,5,58,45,2.63,74,,Mostly Urban,10403,19,1,Yes,GCUF Entry Test,Easy,45% / 100 marks,19
PK-PUN-020,Government College University Faisalabad,Public,Punjab,Faisalabad,2002,48,W1,Civil Engineering,STEM,2023,135,90,45,5,27,,,,,,69,2.74,64,5.3,Mostly Urban,11092,4,2,Yes,GCUF Entry Test,Easy,45% / 100 marks,16
PK-PUN-020,Government College University Faisalabad,Public,Punjab,Faisalabad,2002,48,W1,Civil Engineering,STEM,2024,167,69,98,6,27.8,8,7,152,,11,76,2.88,68.5,4.1,Mostly Rural,34982,,32,Yes,GCUF Entry Test,Easy,45% / 100 marks,20
PK-PUN-020,Government College University Faisalabad,Public,Punjab,Faisalabad,2002,48,W1,Civil Engineering,STEM,2025,155,99,56,5,31,11,,,21,12,25,3.43,67.1,17.2,Mostly Urban,39034,19,23,Yes,GCUF Entry Test,Easy,45% / 100 marks,18
PK-PUN-020,Government College University Faisalabad,Public,Punjab,Faisalabad,2002,48,W1,Computer Science,STEM,2022,144,95,49,5,28.8,5,2,137,17,25,,2.77,87.4,14.1,,41482,14,17,Yes,GCUF Entry Test,Easy,45% / 100 marks,20
PK-PUN-020,Government College University Faisalabad,Public,Punjab,Faisalabad,2002,48,W1,Computer Science,STEM,2023,144,103,41,5,28.8,6,10,128,19,60,50,3.37,80.5,7.1,Mixed Urban-Rural,34720,19,21,Yes,GCUF Entry Test,Easy,45% / 100 marks,16
PK-PUN-020,Government College University Faisalabad,Public,Punjab,Faisalabad,2002,48,W1,Computer Science,STEM,2024,159,68,91,6,26.5,,10,,23,,52,3.06,88.6,15.7,Mostly Rural,43851,10,21,Yes,GCUF Entry Test,Easy,45% / 100 marks,17
PK-PUN-020,Government College University Faisalabad,Public,Punjab,Faisalabad,2002,48,W1,Computer Science,STEM,2025,155,81,74,5,31,3,4,148,9,30,53,3.64,74.4,7.3,Mixed Urban-Rural,33798,15,,Yes,GCUF Entry Test,Easy,45% / 100 marks,19
PK-PUN-020,Government College University Faisalabad,Public,Punjab,Faisalabad,2002,48,W1,Economics,Business,2022,154,100,54,5,30.8,,13,,29,,24,2.62,63.1,17.3,Mixed Urban-Rural,33336,5,18,Yes,GCUF Entry Test,Easy,45% / 100 marks,18
PK-PUN-020,Government College University Faisalabad,Public,Punjab,Faisalabad,2002,48,W1,Economics,Business,2023,177,79,98,5,35.4,13,24,140,13,47,26,2.83,69.5,6.4,Mixed Urban-Rural,15135,19,19,Yes,GCUF Entry Test,Easy,45% / 100 marks,16
PK-PUN-020,Government College University Faisalabad,Public,Punjab,Faisalabad,2002,48,W1,Economics,Business,2024,166,85,81,5,33.2,9,26,131,18,24,17,3.58,65.1,12.6,Mostly Urban,29537,,6,Yes,GCUF Entry Test,Easy,45% / 100 marks,18
PK-PUN-020,Government College University Faisalabad,Public,Punjab,Faisalabad,2002,48,W1,Economics,Business,2025,178,115,63,6,29.7,1,14,163,13,2,34,3.33,58.8,6,Mostly Rural,21442,4,34,Yes,GCUF Entry Test,Easy,45% / 100 marks,14
PK-PUN-020,Government College University Faisalabad,Public,Punjab,Faisalabad,2002,48,W1,Environmental Science,STEM,2022,479,196,283,21,22.8,6,36,437,14,58,79,2.69,48.1,13.2,Mixed Urban-Rural,,6,2,Yes,GCUF Entry Test,Easy,45% / 100 marks,20
PK-PUN-020,Government College University Faisalabad,Public,Punjab,Faisalabad,2002,48,W1,Environmental Science,STEM,2023,436,248,188,13,33.5,2,18,416,9,4,54,2.82,60.7,,Mostly Rural,29569,2,12,Yes,GCUF Entry Test,Easy,45% / 100 marks,15
PK-PUN-020,Government College University Faisalabad,Public,Punjab,Faisalabad,2002,48,W1,Environmental Science,STEM,2024,442,177,265,15,29.5,24,,,80,,,3.57,62.7,9.4,Mostly Urban,15602,4,19,Yes,GCUF Entry Test,Easy,45% / 100 marks,19
PK-PUN-020,Government College University Faisalabad,Public,Punjab,Faisalabad,2002,48,W1,Environmental Science,STEM,2025,560,368,192,16,35,,,,71,41,3,3.54,51.9,,Mixed Urban-Rural,16959,,13,Yes,GCUF Entry Test,Easy,45% / 100 marks,18
PK-PUN-020,Government College University Faisalabad,Public,Punjab,Faisalabad,2002,48,W1,Law,Arts & Social Sciences,2022,271,149,122,9,30.1,,19,,,5,80,2.73,69.7,3.3,Mixed Urban-Rural,26760,12,3,Yes,GCUF Entry Test,Easy,45% / 100 marks,19
PK-PUN-020,Government College University Faisalabad,Public,Punjab,Faisalabad,2002,48,W1,Law,Arts & Social Sciences,2023,255,117,138,7,36.4,13,22,220,32,11,,3.32,68.5,18,,12918,10,4,Yes,GCUF Entry Test,Easy,45% / 100 marks,14
PK-PUN-020,Government College University Faisalabad,Public,Punjab,Faisalabad,2002,48,W1,Law,Arts & Social Sciences,2024,324,174,150,11,29.5,18,28,278,27,38,70,,76.3,2,Mostly Rural,30330,13,23,Yes,GCUF Entry Test,Easy,45% / 100 marks,14
PK-PUN-020,Government College University Faisalabad,Public,Punjab,Faisalabad,2002,48,W1,Law,Arts & Social Sciences,2025,323,155,168,13,24.8,12,33,278,29,48,14,,80.8,1.6,Mixed Urban-Rural,,4,0,Yes,GCUF Entry Test,Easy,45% / 100 marks,19
PK-PUN-020,Government College University Faisalabad,Public,Punjab,Faisalabad,2002,48,W1,Mathematics,STEM,2022,455,273,182,13,35,26,76,353,18,0,68,3.67,63.8,,Mostly Urban,39841,,12,Yes,GCUF Entry Test,Easy,45% / 100 marks,17
PK-PUN-020,Government College University Faisalabad,Public,Punjab,Faisalabad,2002,48,W1,Mathematics,STEM,2023,487,203,284,18,27.1,,1,,,,32,3.18,62.7,9.3,,27474,2,35,Yes,GCUF Entry Test,Easy,45% / 100 marks,15
PK-PUN-020,Government College University Faisalabad,Public,Punjab,Faisalabad,2002,48,W1,Mathematics,STEM,2024,476,278,198,20,23.8,20,56,400,49,52,17,3.25,56,4.2,Mostly Rural,8501,12,35,Yes,GCUF Entry Test,Easy,45% / 100 marks,17
PK-PUN-020,Government College University Faisalabad,Public,Punjab,Faisalabad,2002,48,W1,Mathematics,STEM,2025,580,338,242,20,29,6,116,458,,,72,2.68,53.8,17.1,Mixed Urban-Rural,16273,4,16,Yes,GCUF Entry Test,Easy,45% / 100 marks,19
PK-PUN-020,Government College University Faisalabad,Public,Punjab,Faisalabad,2002,48,W1,Psychology,Arts & Social Sciences,2022,195,101,94,6,32.5,7,,,,,73,3.22,63.7,7.2,Mostly Urban,9634,19,9,Yes,GCUF Entry Test,Easy,45% / 100 marks,19
PK-PUN-020,Government College University Faisalabad,Public,Punjab,Faisalabad,2002,48,W1,Psychology,Arts & Social Sciences,2023,185,122,63,6,30.8,5,22,158,30,0,33,2.94,66.5,14.4,Mostly Urban,43699,1,27,Yes,GCUF Entry Test,Easy,45% / 100 marks,15
PK-PUN-020,Government College University Faisalabad,Public,Punjab,Faisalabad,2002,48,W1,Psychology,Arts & Social Sciences,2024,215,85,130,8,26.9,,29,,29,,72,3.09,66.3,9,Mostly Urban,,3,26,Yes,GCUF Entry Test,Easy,45% / 100 marks,17
PK-PUN-020,Government College University Faisalabad,Public,Punjab,Faisalabad,2002,48,W1,Psychology,Arts & Social Sciences,2025,227,91,136,7,32.4,5,25,197,37,30,31,3.15,60.8,6.5,Mostly Urban,29175,6,9,Yes,GCUF Entry Test,Easy,45% / 100 marks,15
PK-PUN-020,Government College University Faisalabad,Public,Punjab,Faisalabad,2002,48,W1,Urdu,Arts & Social Sciences,2022,164,79,85,7,23.4,3,25,136,14,,,3.1,34.5,6.9,Mostly Rural,9887,13,,Yes,GCUF Entry Test,Easy,45% / 100 marks,17
PK-PUN-020,Government College University Faisalabad,Public,Punjab,Faisalabad,2002,48,W1,Urdu,Arts & Social Sciences,2023,175,88,87,7,25,14,5,156,15,18,21,3.18,49.9,10.4,,26319,20,11,Yes,GCUF Entry Test,Easy,45% / 100 marks,20
PK-PUN-020,Government College University Faisalabad,Public,Punjab,Faisalabad,2002,48,W1,Urdu,Arts & Social Sciences,2024,209,128,81,7,29.9,,26,,15,53,,2.73,41.1,16.8,Mostly Rural,19540,16,0,Yes,GCUF Entry Test,Easy,45% / 100 marks,14
PK-PUN-020,Government College University Faisalabad,Public,Punjab,Faisalabad,2002,48,W1,Urdu,Arts & Social Sciences,2025,192,137,55,5,38.4,11,,,15,19,18,2.65,46,8.4,Mixed Urban-Rural,23959,20,3,Yes,GCUF Entry Test,Easy,45% / 100 marks,15
PK-PUN-004,Government College University Lahore,Public,Punjab,Lahore,1864,6,W3,Business Administration,Business,2022,1243,553,690,48,25.9,39,110,1094,47,,65,3.32,71.3,6,Mostly Urban,29818,20,,Yes,GCU Entry Test,Medium,50% / 100 marks,26
PK-PUN-004,Government College University Lahore,Public,Punjab,Lahore,1864,6,W3,Business Administration,Business,2023,1213,585,628,49,24.8,54,87,1072,90,32,37,2.89,70.5,,Mostly Rural,26457,3,20,Yes,GCU Entry Test,Medium,50% / 100 marks,25
PK-PUN-004,Government College University Lahore,Public,Punjab,Lahore,1864,6,W3,Business Administration,Business,2024,1339,916,423,60,22.3,30,38,1271,,9,34,,65.1,,Mixed Urban-Rural,12612,15,21,Yes,GCU Entry Test,Medium,50% / 100 marks,25
PK-PUN-004,Government College University Lahore,Public,Punjab,Lahore,1864,6,W3,Business Administration,Business,2025,1360,565,795,57,23.9,29,40,1291,51,,13,3.5,74.3,11.8,Mostly Urban,40460,19,3,Yes,GCU Entry Test,Medium,50% / 100 marks,28
PK-PUN-004,Government College University Lahore,Public,Punjab,Lahore,1864,6,W3,Chemistry,STEM,2022,1207,461,746,49,24.6,24,82,1101,53,44,72,3.52,49.2,5.3,Mostly Rural,35019,9,15,Yes,GCU Entry Test,Medium,50% / 100 marks,23
PK-PUN-004,Government College University Lahore,Public,Punjab,Lahore,1864,6,W3,Chemistry,STEM,2023,1368,824,544,39,35.1,79,220,1069,,57,11,3.39,50,,Mostly Urban,,12,4,Yes,GCU Entry Test,Medium,50% / 100 marks,22
PK-PUN-004,Government College University Lahore,Public,Punjab,Lahore,1864,6,W3,Chemistry,STEM,2024,1427,895,532,54,26.4,75,180,1172,255,47,50,3.48,51.7,16,Mostly Rural,34426,5,24,Yes,GCU Entry Test,Medium,50% / 100 marks,23
PK-PUN-004,Government College University Lahore,Public,Punjab,Lahore,1864,6,W3,Chemistry,STEM,2025,1421,551,870,59,24.1,22,94,1305,12,52,22,2.9,51.1,1.8,Mostly Rural,40592,18,12,Yes,GCU Entry Test,Medium,50% / 100 marks,24
PK-PUN-004,Government College University Lahore,Public,Punjab,Lahore,1864,6,W3,Computer Science,STEM,2022,1431,786,645,51,28.1,61,72,1298,59,,10,3.06,87.6,17.1,Mostly Urban,,10,27,Yes,GCU Entry Test,Medium,50% / 100 marks,24
PK-PUN-004,Government College University Lahore,Public,Punjab,Lahore,1864,6,W3,Computer Science,STEM,2023,1490,869,621,51,29.2,53,167,1270,247,,19,3.3,79.5,16.5,Mixed Urban-Rural,39207,11,8,Yes,GCU Entry Test,Medium,50% / 100 marks,25
PK-PUN-004,Government College University Lahore,Public,Punjab,Lahore,1864,6,W3,Computer Science,STEM,2024,1668,1077,591,56,29.8,80,48,1540,132,30,33,3.18,88.6,3.9,,25433,7,17,Yes,GCU Entry Test,Medium,50% / 100 marks,28
PK-PUN-004,Government College University Lahore,Public,Punjab,Lahore,1864,6,W3,Computer Science,STEM,2025,1628,820,808,50,32.6,81,160,1387,322,9,3,3.31,81.6,10.3,Mostly Urban,15888,7,32,Yes,GCU Entry Test,Medium,50% / 100 marks,26
PK-PUN-004,Government College University Lahore,Public,Punjab,Lahore,1864,6,W3,Education,Arts & Social Sciences,2022,918,466,452,29,31.7,53,,,,,29,3.29,71.6,16.5,Mostly Urban,37107,15,29,Yes,GCU Entry Test,Medium,50% / 100 marks,26
PK-PUN-004,Government College University Lahore,Public,Punjab,Lahore,1864,6,W3,Education,Arts & Social Sciences,2023,964,558,406,36,26.8,48,160,756,127,20,,3.27,58.3,6.8,Mixed Urban-Rural,26540,,8,Yes,GCU Entry Test,Medium,50% / 100 marks,28
PK-PUN-004,Government College University Lahore,Public,Punjab,Lahore,1864,6,W3,Education,Arts & Social Sciences,2024,1050,729,321,44,23.9,52,17,981,,22,33,3.31,59.6,10.5,Mostly Urban,18157,15,,Yes,GCU Entry Test,Medium,50% / 100 marks,24
PK-PUN-004,Government College University Lahore,Public,Punjab,Lahore,1864,6,W3,Education,Arts & Social Sciences,2025,1154,779,375,46,25.1,5,59,1090,,14,6,2.95,58.9,17.2,,33939,16,,Yes,GCU Entry Test,Medium,50% / 100 marks,
PK-PUN-004,Government College University Lahore,Public,Punjab,Lahore,1864,6,W3,Electrical Engineering,STEM,2022,1951,1106,845,86,22.7,130,84,1737,183,37,77,,77.4,4,Mostly Rural,26442,6,16,Yes,GCU Entry Test,Medium,50% / 100 marks,27
PK-PUN-004,Government College University Lahore,Public,Punjab,Lahore,1864,6,W3,Electrical Engineering,STEM,2023,1860,913,947,73,25.5,47,198,1615,338,49,6,2.82,69.9,13.8,Mixed Urban-Rural,27569,19,23,Yes,GCU Entry Test,Medium,50% / 100 marks,23
PK-PUN-004,Government College University Lahore,Public,Punjab,Lahore,1864,6,W3,Electrical Engineering,STEM,2024,1985,1191,794,79,25.1,85,368,1532,163,,30,3.26,82.2,6.9,Mixed Urban-Rural,40222,8,,Yes,GCU Entry Test,Medium,50% / 100 marks,22
PK-PUN-004,Government College University Lahore,Public,Punjab,Lahore,1864,6,W3,Electrical Engineering,STEM,2025,1873,711,1162,83,22.6,40,,,5,24,,3.42,68.8,12.2,Mostly Urban,26348,2,19,Yes,GCU Entry Test,Medium,50% / 100 marks,27
PK-PUN-004,Government College University Lahore,Public,Punjab,Lahore,1864,6,W3,English Literature,Arts & Social Sciences,2022,650,452,198,19,34.2,,116,,124,0,6,2.9,52.8,11.1,,39439,7,,Yes,GCU Entry Test,Medium,50% / 100 marks,24
PK-PUN-004,Government College University Lahore,Public,Punjab,Lahore,1864,6,W3,English Literature,Arts & Social Sciences,2023,748,291,457,26,28.8,45,122,581,16,49,4,3.66,53.3,5.9,Mixed Urban-Rural,37359,,27,Yes,GCU Entry Test,Medium,50% / 100 marks,22
PK-PUN-004,Government College University Lahore,Public,Punjab,Lahore,1864,6,W3,English Literature,Arts & Social Sciences,2024,752,465,287,23,32.7,23,95,634,99,30,39,3.3,51.4,10.4,Mostly Rural,34331,5,31,Yes,GCU Entry Test,Medium,50% / 100 marks,24
PK-PUN-004,Government College University Lahore,Public,Punjab,Lahore,1864,6,W3,English Literature,Arts & Social Sciences,2025,798,413,385,23,34.7,21,87,690,96,28,20,3.26,41.4,15.7,Mixed Urban-Rural,18448,,13,Yes,GCU Entry Test,Medium,50% / 100 marks,22
PK-PUN-004,Government College University Lahore,Public,Punjab,Lahore,1864,6,W3,Law,Arts & Social Sciences,2022,1773,1170,603,53,33.5,42,350,1381,,,69,,80.8,7,Mostly Rural,32466,13,22,Yes,GCU Entry Test,Medium,50% / 100 marks,22
PK-PUN-004,Government College University Lahore,Public,Punjab,Lahore,1864,6,W3,Law,Arts & Social Sciences,2023,2005,1230,775,57,35.2,,258,,390,,22,3.36,68.6,9.7,Mostly Urban,34615,4,12,Yes,GCU Entry Test,Medium,50% / 100 marks,23
PK-PUN-004,Government College University Lahore,Public,Punjab,Lahore,1864,6,W3,Law,Arts & Social Sciences,2024,1731,676,1055,73,23.7,91,5,1635,,7,12,2.83,68,6.5,Mixed Urban-Rural,39355,,2,Yes,GCU Entry Test,Medium,50% / 100 marks,27
PK-PUN-004,Government College University Lahore,Public,Punjab,Lahore,1864,6,W3,Law,Arts & Social Sciences,2025,2019,1008,1011,79,25.6,125,194,1700,221,39,71,3.6,72.6,,,43634,4,21,Yes,GCU Entry Test,Medium,50% / 100 marks,24
PK-PUN-004,Government College University Lahore,Public,Punjab,Lahore,1864,6,W3,Psychology,Arts & Social Sciences,2022,916,494,422,34,26.9,3,113,800,110,,60,2.9,60.8,,Mostly Urban,43105,4,31,Yes,GCU Entry Test,Medium,50% / 100 marks,26
PK-PUN-004,Government College University Lahore,Public,Punjab,Lahore,1864,6,W3,Psychology,Arts & Social Sciences,2023,856,456,400,25,34.2,25,63,768,,,57,3.49,52.6,,,32688,11,31,Yes,GCU Entry Test,Medium,50% / 100 marks,23
PK-PUN-004,Government College University Lahore,Public,Punjab,Lahore,1864,6,W3,Psychology,Arts & Social Sciences,2024,898,477,421,28,32.1,3,93,802,,60,,3.59,66.6,8.6,Mostly Rural,43617,,27,Yes,GCU Entry Test,Medium,50% / 100 marks,28
PK-PUN-004,Government College University Lahore,Public,Punjab,Lahore,1864,6,W3,Psychology,Arts & Social Sciences,2025,889,364,525,26,34.2,,170,,40,,67,3.21,62.6,12.4,Mostly Urban,20157,8,19,Yes,GCU Entry Test,Medium,50% / 100 marks,23
PK-PUN-029,Hazara University Mansehra,Public,Punjab,Mansehra,2002,55,W1,Biology,STEM,2022,134,85,49,5,26.8,0,16,118,,,16,,58.6,12.9,Mixed Urban-Rural,34893,11,10,Yes,HU Entry Test,Easy,40% / 100 marks,14
PK-PUN-029,Hazara University Mansehra,Public,Punjab,Mansehra,2002,55,W1,Biology,STEM,2023,133,66,67,5,26.6,8,,,19,12,9,3.54,44.9,16.1,Mostly Rural,30686,5,,Yes,HU Entry Test,Easy,40% / 100 marks,12
PK-PUN-029,Hazara University Mansehra,Public,Punjab,Mansehra,2002,55,W1,Biology,STEM,2024,166,79,87,5,33.2,1,18,147,22,45,64,3.19,56.2,12.8,,33335,8,6,Yes,HU Entry Test,Easy,40% / 100 marks,11
PK-PUN-029,Hazara University Mansehra,Public,Punjab,Mansehra,2002,55,W1,Biology,STEM,2025,158,89,69,6,26.3,5,17,136,,29,26,2.8,50.6,3.9,Mixed Urban-Rural,36040,20,34,Yes,HU Entry Test,Easy,40% / 100 marks,12
PK-PUN-029,Hazara University Mansehra,Public,Punjab,Mansehra,2002,55,W1,Computer Science,STEM,2022,315,170,145,12,26.2,,17,,9,0,60,2.83,79.3,11.1,Mixed Urban-Rural,8213,15,4,Yes,HU Entry Test,Easy,40% / 100 marks,12
PK-PUN-029,Hazara University Mansehra,Public,Punjab,Mansehra,2002,55,W1,Computer Science,STEM,2023,369,213,156,14,26.4,9,61,299,,53,6,2.98,88.3,8.5,Mostly Rural,12581,13,,Yes,HU Entry Test,Easy,40% / 100 marks,14
PK-PUN-029,Hazara University Mansehra,Public,Punjab,Mansehra,2002,55,W1,Computer Science,STEM,2024,311,215,96,9,34.6,0,61,250,,39,62,2.74,75,7.7,Mostly Urban,27628,15,11,Yes,HU Entry Test,Easy,40% / 100 marks,10
PK-PUN-029,Hazara University Mansehra,Public,Punjab,Mansehra,2002,55,W1,Computer Science,STEM,2025,379,261,118,12,31.6,11,8,360,25,29,,2.83,88.5,3.2,Mostly Urban,40213,16,3,Yes,HU Entry Test,Easy,40% / 100 marks,13
PK-PUN-029,Hazara University Mansehra,Public,Punjab,Mansehra,2002,55,W1,Economics,Business,2022,246,120,126,7,35.1,9,,,29,27,45,3.35,62.5,4.2,,17142,17,24,Yes,HU Entry Test,Easy,40% / 100 marks,12
PK-PUN-029,Hazara University Mansehra,Public,Punjab,Mansehra,2002,55,W1,Economics,Business,2023,257,101,156,7,36.7,17,10,230,50,48,52,3.09,70.3,15.4,Mostly Urban,,,10,Yes,HU Entry Test,Easy,40% / 100 marks,11
PK-PUN-029,Hazara University Mansehra,Public,Punjab,Mansehra,2002,55,W1,Economics,Business,2024,291,164,127,8,36.4,12,18,261,15,13,24,3.56,64.4,,Mixed Urban-Rural,33506,11,,Yes,HU Entry Test,Easy,40% / 100 marks,11
PK-PUN-029,Hazara University Mansehra,Public,Punjab,Mansehra,2002,55,W1,Economics,Business,2025,255,137,118,9,28.3,14,47,194,35,14,3,3.19,57.5,,Mostly Rural,25429,12,21,Yes,HU Entry Test,Easy,40% / 100 marks,12
PK-PUN-029,Hazara University Mansehra,Public,Punjab,Mansehra,2002,55,W1,Mass Communication,Arts & Social Sciences,2022,246,173,73,10,24.6,10,45,191,7,,66,3.45,66.9,5.1,Mostly Rural,16294,15,1,Yes,HU Entry Test,Easy,40% / 100 marks,13
PK-PUN-029,Hazara University Mansehra,Public,Punjab,Mansehra,2002,55,W1,Mass Communication,Arts & Social Sciences,2023,265,115,150,10,26.5,21,37,207,23,33,45,3.31,66.2,16.2,Mixed Urban-Rural,14815,3,26,Yes,HU Entry Test,Easy,40% / 100 marks,14
PK-PUN-029,Hazara University Mansehra,Public,Punjab,Mansehra,2002,55,W1,Mass Communication,Arts & Social Sciences,2024,296,199,97,10,29.6,8,59,229,26,0,53,3.42,64.3,13.8,Mostly Urban,19686,6,21,Yes,HU Entry Test,Easy,40% / 100 marks,13
PK-PUN-029,Hazara University Mansehra,Public,Punjab,Mansehra,2002,55,W1,Mass Communication,Arts & Social Sciences,2025,285,153,132,9,31.7,18,43,224,20,16,57,2.63,54.5,17.3,Mostly Urban,44382,,,Yes,HU Entry Test,Easy,40% / 100 marks,10
PK-PUN-029,Hazara University Mansehra,Public,Punjab,Mansehra,2002,55,W1,Physics,STEM,2022,371,249,122,14,26.5,4,31,336,69,55,33,,52.2,10.6,Mostly Urban,43921,,7,Yes,HU Entry Test,Easy,40% / 100 marks,10
PK-PUN-029,Hazara University Mansehra,Public,Punjab,Mansehra,2002,55,W1,Physics,STEM,2023,419,190,229,14,29.9,32,9,378,21,28,54,3.07,57.4,16.8,Mixed Urban-Rural,38322,10,31,Yes,HU Entry Test,Easy,40% / 100 marks,12
PK-PUN-029,Hazara University Mansehra,Public,Punjab,Mansehra,2002,55,W1,Physics,STEM,2024,431,214,217,14,30.8,,10,,35,24,,3.58,59.6,6.5,Mixed Urban-Rural,12869,6,8,Yes,HU Entry Test,Easy,40% / 100 marks,12
PK-PUN-029,Hazara University Mansehra,Public,Punjab,Mansehra,2002,55,W1,Physics,STEM,2025,489,296,193,18,27.2,10,9,470,90,41,,3.27,56.9,6.7,Mostly Rural,14064,10,3,Yes,HU Entry Test,Easy,40% / 100 marks,13
PK-PUN-029,Hazara University Mansehra,Public,Punjab,Mansehra,2002,55,W1,Psychology,Arts & Social Sciences,2022,428,277,151,13,32.9,19,24,385,8,49,36,2.79,59.6,7.5,Mostly Rural,19044,10,,Yes,HU Entry Test,Easy,40% / 100 marks,10
PK-PUN-029,Hazara University Mansehra,Public,Punjab,Mansehra,2002,55,W1,Psychology,Arts & Social Sciences,2023,502,290,212,14,35.9,35,46,421,16,,5,3.23,59,12.4,Mostly Rural,12006,16,16,Yes,HU Entry Test,Easy,40% / 100 marks,10
PK-PUN-029,Hazara University Mansehra,Public,Punjab,Mansehra,2002,55,W1,Psychology,Arts & Social Sciences,2024,446,290,156,14,31.9,,14,,,38,55,3.68,66.5,6.5,Mostly Rural,40921,,27,Yes,HU Entry Test,Easy,40% / 100 marks,13
PK-PUN-029,Hazara University Mansehra,Public,Punjab,Mansehra,2002,55,W1,Psychology,Arts & Social Sciences,2025,535,365,170,19,28.2,,,,21,,33,2.82,58.7,2.9,,22666,10,10,Yes,HU Entry Test,Easy,40% / 100 marks,12
PK-PUN-029,Hazara University Mansehra,Public,Punjab,Mansehra,2002,55,W1,Sociology,Arts & Social Sciences,2022,368,215,153,12,30.7,,73,,57,23,77,3.25,52.3,,Mostly Urban,12594,18,13,Yes,HU Entry Test,Easy,40% / 100 marks,14
PK-PUN-029,Hazara University Mansehra,Public,Punjab,Mansehra,2002,55,W1,Sociology,Arts & Social Sciences,2023,343,242,101,13,26.4,2,10,331,43,45,54,3.36,48.9,,Mixed Urban-Rural,14045,16,20,Yes,HU Entry Test,Easy,40% / 100 marks,13
PK-PUN-029,Hazara University Mansehra,Public,Punjab,Mansehra,2002,55,W1,Sociology,Arts & Social Sciences,2024,423,165,258,16,26.4,,32,,38,27,34,2.66,45.3,9.3,Mixed Urban-Rural,37739,15,,Yes,HU Entry Test,Easy,40% / 100 marks,13
PK-PUN-029,Hazara University Mansehra,Public,Punjab,Mansehra,2002,55,W1,Sociology,Arts & Social Sciences,2025,364,185,179,11,33.1,2,7,355,68,32,,3.67,43.9,16.2,Mixed Urban-Rural,20318,7,,Yes,HU Entry Test,Easy,40% / 100 marks,12
PK-PUN-029,Hazara University Mansehra,Public,Punjab,Mansehra,2002,55,W1,Statistics,STEM,2022,276,107,169,10,27.6,22,49,205,30,38,79,,64.7,12.9,Mostly Urban,28858,19,4,Yes,HU Entry Test,Easy,40% / 100 marks,14
PK-PUN-029,Hazara University Mansehra,Public,Punjab,Mansehra,2002,55,W1,Statistics,STEM,2023,249,98,151,9,27.7,9,44,196,30,34,30,3.56,59,10.2,Mixed Urban-Rural,38678,,11,Yes,HU Entry Test,Easy,40% / 100 marks,13
PK-PUN-029,Hazara University Mansehra,Public,Punjab,Mansehra,2002,55,W1,Statistics,STEM,2024,249,166,83,9,27.7,3,49,197,26,22,50,3.06,63.7,,Mostly Rural,,6,15,Yes,HU Entry Test,Easy,40% / 100 marks,
PK-PUN-029,Hazara University Mansehra,Public,Punjab,Mansehra,2002,55,W1,Statistics,STEM,2025,277,156,121,8,34.6,17,,,45,,53,3,63.8,5.4,Mostly Rural,35596,16,17,Yes,HU Entry Test,Easy,40% / 100 marks,
PK-PUN-013,Information Technology University Punjab,Public,Punjab,Lahore,2012,27,W2,Civil Engineering,STEM,2022,433,190,243,14,30.9,13,52,368,54,56,67,2.73,74.2,2.9,Mostly Rural,43542,15,,Yes,ITU Entry Test,Medium,50% / 100 marks,9
PK-PUN-013,Information Technology University Punjab,Public,Punjab,Lahore,2012,27,W2,Civil Engineering,STEM,2023,408,197,211,12,34,9,,,69,12,,2.98,60,9.9,Mostly Rural,12148,1,30,Yes,ITU Entry Test,Medium,50% / 100 marks,8
PK-PUN-013,Information Technology University Punjab,Public,Punjab,Lahore,2012,27,W2,Civil Engineering,STEM,2024,428,176,252,18,23.8,17,9,402,73,54,77,3.05,72.1,9.2,Mostly Rural,40975,14,34,Yes,ITU Entry Test,Medium,50% / 100 marks,11
PK-PUN-013,Information Technology University Punjab,Public,Punjab,Lahore,2012,27,W2,Civil Engineering,STEM,2025,458,258,200,17,26.9,25,21,412,24,24,5,2.75,70.6,7.3,Mixed Urban-Rural,28188,6,14,Yes,ITU Entry Test,Medium,50% / 100 marks,9
PK-PUN-013,Information Technology University Punjab,Public,Punjab,Lahore,2012,27,W2,Electrical Engineering,STEM,2022,724,382,342,23,31.5,48,108,568,10,40,20,,80.2,18,Mixed Urban-Rural,33975,,29,Yes,ITU Entry Test,Medium,50% / 100 marks,10
PK-PUN-013,Information Technology University Punjab,Public,Punjab,Lahore,2012,27,W2,Electrical Engineering,STEM,2023,759,463,296,29,26.2,51,129,579,75,,76,2.92,73.6,3.4,Mixed Urban-Rural,30502,18,,Yes,ITU Entry Test,Medium,50% / 100 marks,10
PK-PUN-013,Information Technology University Punjab,Public,Punjab,Lahore,2012,27,W2,Electrical Engineering,STEM,2024,799,514,285,27,29.6,,30,,136,56,80,2.75,72.2,17.8,Mixed Urban-Rural,33998,2,,Yes,ITU Entry Test,Medium,50% / 100 marks,10
PK-PUN-013,Information Technology University Punjab,Public,Punjab,Lahore,2012,27,W2,Electrical Engineering,STEM,2025,859,405,454,26,33,5,78,776,147,36,,3.25,73.7,10.4,Mostly Rural,14945,8,,Yes,ITU Entry Test,Medium,50% / 100 marks,10
PK-PUN-013,Information Technology University Punjab,Public,Punjab,Lahore,2012,27,W2,Industrial Engineering,STEM,2022,648,447,201,28,23.1,49,52,547,56,,52,2.99,65.4,,Mixed Urban-Rural,44566,15,18,Yes,ITU Entry Test,Medium,50% / 100 marks,
PK-PUN-013,Information Technology University Punjab,Public,Punjab,Lahore,2012,27,W2,Industrial Engineering,STEM,2023,620,355,265,21,29.5,2,,,72,26,5,3.36,69.7,4.9,Mostly Rural,,9,,Yes,ITU Entry Test,Medium,50% / 100 marks,10
PK-PUN-013,Information Technology University Punjab,Public,Punjab,Lahore,2012,27,W2,Industrial Engineering,STEM,2024,667,263,404,23,29,,96,,107,23,74,,72.6,14.3,Mostly Urban,36586,14,11,Yes,ITU Entry Test,Medium,50% / 100 marks,9
PK-PUN-013,Information Technology University Punjab,Public,Punjab,Lahore,2012,27,W2,Industrial Engineering,STEM,2025,744,328,416,24,31,24,73,647,12,19,40,3.26,67.3,6.9,Mostly Urban,14316,11,,Yes,ITU Entry Test,Medium,50% / 100 marks,8
PK-PUN-013,Information Technology University Punjab,Public,Punjab,Lahore,2012,27,W2,Mechanical Engineering,STEM,2022,259,123,136,8,32.4,,5,,,25,79,3.12,67.5,2.6,Mostly Rural,17383,14,34,Yes,ITU Entry Test,Medium,50% / 100 marks,8
PK-PUN-013,Information Technology University Punjab,Public,Punjab,Lahore,2012,27,W2,Mechanical Engineering,STEM,2023,250,157,93,8,31.2,5,22,223,15,,44,2.71,72.9,,Mostly Rural,40922,15,,Yes,ITU Entry Test,Medium,50% / 100 marks,8
PK-PUN-013,Information Technology University Punjab,Public,Punjab,Lahore,2012,27,W2,Mechanical Engineering,STEM,2024,240,95,145,7,34.3,11,22,207,34,30,14,3.4,64.8,6.4,Mostly Rural,27385,,29,Yes,ITU Entry Test,Medium,50% / 100 marks,9
PK-PUN-013,Information Technology University Punjab,Public,Punjab,Lahore,2012,27,W2,Mechanical Engineering,STEM,2025,239,114,125,7,34.1,13,,,6,7,65,3.31,67.3,12.9,Mostly Urban,19941,17,11,Yes,ITU Entry Test,Medium,50% / 100 marks,
PK-PUN-013,Information Technology University Punjab,Public,Punjab,Lahore,2012,27,W2,Software Engineering,STEM,2022,645,419,226,22,29.3,20,113,512,60,,,2.83,83.6,8.2,Mixed Urban-Rural,22839,,6,Yes,ITU Entry Test,Medium,50% / 100 marks,10
PK-PUN-013,Information Technology University Punjab,Public,Punjab,Lahore,2012,27,W2,Software Engineering,STEM,2023,722,442,280,29,24.9,,16,,118,59,14,2.75,80.5,5.2,Mixed Urban-Rural,24839,9,21,Yes,ITU Entry Test,Medium,50% / 100 marks,11
PK-PUN-013,Information Technology University Punjab,Public,Punjab,Lahore,2012,27,W2,Software Engineering,STEM,2024,690,400,290,23,30,36,,,,21,,2.97,76.5,15.2,Mostly Rural,13569,10,10,Yes,ITU Entry Test,Medium,50% / 100 marks,11
PK-PUN-013,Information Technology University Punjab,Public,Punjab,Lahore,2012,27,W2,Software Engineering,STEM,2025,828,424,404,26,31.8,47,125,656,117,,61,3.17,84.2,13.2,Mostly Urban,15285,3,29,Yes,ITU Entry Test,Medium,50% / 100 marks,11
PK-PUN-013,Information Technology University Punjab,Public,Punjab,Lahore,2012,27,W2,Telecommunication,STEM,2022,906,547,359,29,31.2,57,118,731,,12,,3.24,80.1,,Mostly Urban,25215,7,10,Yes,ITU Entry Test,Medium,50% / 100 marks,8
PK-PUN-013,Information Technology University Punjab,Public,Punjab,Lahore,2012,27,W2,Telecommunication,STEM,2023,939,481,458,32,29.3,14,147,778,133,27,6,3.19,71.3,17.8,Mostly Urban,30056,20,10,Yes,ITU Entry Test,Medium,50% / 100 marks,10
PK-PUN-013,Information Technology University Punjab,Public,Punjab,Lahore,2012,27,W2,Telecommunication,STEM,2024,1042,553,489,35,29.8,11,168,863,154,52,57,3.43,75.9,9.8,Mixed Urban-Rural,8779,5,1,Yes,ITU Entry Test,Medium,50% / 100 marks,9
PK-PUN-013,Information Technology University Punjab,Public,Punjab,Lahore,2012,27,W2,Telecommunication,STEM,2025,1055,444,611,35,30.1,60,165,830,141,,,3.07,82.6,7.3,Mixed Urban-Rural,42807,17,2,Yes,ITU Entry Test,Medium,50% / 100 marks,9
PK-PUN-024,Islamia University of Bahawalpur,Public,Punjab,Bahawalpur,1975,23,W2,Business Administration,Business,2022,207,142,65,8,25.9,9,18,180,,41,4,2.77,66.8,10.6,Mostly Rural,10019,12,,Yes,IUB Entry Test,Easy,45% / 100 marks,28
PK-PUN-024,Islamia University of Bahawalpur,Public,Punjab,Bahawalpur,1975,23,W2,Business Administration,Business,2023,225,119,106,8,28.1,13,0,212,37,4,,,77.3,11,Mixed Urban-Rural,20609,7,20,Yes,IUB Entry Test,Easy,45% / 100 marks,26
PK-PUN-024,Islamia University of Bahawalpur,Public,Punjab,Bahawalpur,1975,23,W2,Business Administration,Business,2024,217,129,88,8,27.1,,42,,8,52,,,68.2,14.4,Mostly Rural,33121,19,11,Yes,IUB Entry Test,Easy,45% / 100 marks,28
PK-PUN-024,Islamia University of Bahawalpur,Public,Punjab,Bahawalpur,1975,23,W2,Business Administration,Business,2025,209,147,62,8,26.1,,14,,32,49,77,3.52,69.1,3,Mostly Urban,43505,1,14,Yes,IUB Entry Test,Easy,45% / 100 marks,29
PK-PUN-024,Islamia University of Bahawalpur,Public,Punjab,Bahawalpur,1975,23,W2,Civil Engineering,STEM,2022,420,252,168,12,35,19,68,333,29,12,25,3.12,64.7,17.2,Mixed Urban-Rural,42525,2,23,Yes,IUB Entry Test,Easy,45% / 100 marks,28
PK-PUN-024,Islamia University of Bahawalpur,Public,Punjab,Bahawalpur,1975,23,W2,Civil Engineering,STEM,2023,516,226,290,20,25.8,21,2,493,48,,20,3.54,69,7.2,Mostly Rural,42279,16,0,Yes,IUB Entry Test,Easy,45% / 100 marks,33
PK-PUN-024,Islamia University of Bahawalpur,Public,Punjab,Bahawalpur,1975,23,W2,Civil Engineering,STEM,2024,466,244,222,13,35.8,25,33,408,81,,44,2.6,74,14.7,Mixed Urban-Rural,30296,15,17,Yes,IUB Entry Test,Easy,45% / 100 marks,27
PK-PUN-024,Islamia University of Bahawalpur,Public,Punjab,Bahawalpur,1975,23,W2,Civil Engineering,STEM,2025,572,361,211,19,30.1,1,13,558,80,37,58,3.56,66.4,15.6,Mostly Urban,36392,20,5,Yes,IUB Entry Test,Easy,45% / 100 marks,28
PK-PUN-024,Islamia University of Bahawalpur,Public,Punjab,Bahawalpur,1975,23,W2,Environmental Science,STEM,2022,205,130,75,6,34.2,13,0,192,,53,60,3.06,51.2,2.8,,,10,11,Yes,IUB Entry Test,Easy,45% / 100 marks,32
PK-PUN-024,Islamia University of Bahawalpur,Public,Punjab,Bahawalpur,1975,23,W2,Environmental Science,STEM,2023,224,137,87,6,37.3,8,1,215,25,,58,3.38,52.9,14.4,Mostly Rural,23029,,16,Yes,IUB Entry Test,Easy,45% / 100 marks,32
PK-PUN-024,Islamia University of Bahawalpur,Public,Punjab,Bahawalpur,1975,23,W2,Environmental Science,STEM,2024,273,177,96,9,30.3,1,21,251,26,7,78,3.55,54.5,,Mostly Urban,40145,10,4,Yes,IUB Entry Test,Easy,45% / 100 marks,28
PK-PUN-024,Islamia University of Bahawalpur,Public,Punjab,Bahawalpur,1975,23,W2,Environmental Science,STEM,2025,265,169,96,10,26.5,11,46,208,8,12,55,,57.3,1.9,Mostly Rural,36788,3,13,Yes,IUB Entry Test,Easy,45% / 100 marks,27
PK-PUN-024,Islamia University of Bahawalpur,Public,Punjab,Bahawalpur,1975,23,W2,Mathematics,STEM,2022,160,95,65,5,32,,20,,21,30,65,3.06,55.9,2.4,Mixed Urban-Rural,26432,17,24,Yes,IUB Entry Test,Easy,45% / 100 marks,30
PK-PUN-024,Islamia University of Bahawalpur,Public,Punjab,Bahawalpur,1975,23,W2,Mathematics,STEM,2023,166,103,63,6,27.7,,3,,16,26,22,3.09,58.6,5.1,Mostly Rural,31417,14,24,Yes,IUB Entry Test,Easy,45% / 100 marks,26
PK-PUN-024,Islamia University of Bahawalpur,Public,Punjab,Bahawalpur,1975,23,W2,Mathematics,STEM,2024,152,78,74,5,30.4,7,27,118,24,31,73,2.86,61.1,6,Mostly Urban,40927,7,29,Yes,IUB Entry Test,Easy,45% / 100 marks,30
PK-PUN-024,Islamia University of Bahawalpur,Public,Punjab,Bahawalpur,1975,23,W2,Mathematics,STEM,2025,179,121,58,5,35.8,,1,,18,18,63,2.69,65.4,9.4,Mostly Urban,30985,,13,Yes,IUB Entry Test,Easy,45% / 100 marks,34
PK-PUN-024,Islamia University of Bahawalpur,Public,Punjab,Bahawalpur,1975,23,W2,Mechanical Engineering,STEM,2022,871,348,523,29,30,50,129,692,76,50,8,2.98,76.6,13.8,Mostly Rural,29858,11,12,Yes,IUB Entry Test,Easy,45% / 100 marks,32
PK-PUN-024,Islamia University of Bahawalpur,Public,Punjab,Bahawalpur,1975,23,W2,Mechanical Engineering,STEM,2023,924,392,532,33,28,73,17,834,14,1,4,2.94,79.7,,Mostly Urban,31702,,32,Yes,IUB Entry Test,Easy,45% / 100 marks,26
PK-PUN-024,Islamia University of Bahawalpur,Public,Punjab,Bahawalpur,1975,23,W2,Mechanical Engineering,STEM,2024,892,562,330,27,33,57,70,765,,32,,3.12,79.9,2.8,Mixed Urban-Rural,14095,16,17,Yes,IUB Entry Test,Easy,45% / 100 marks,29
PK-PUN-024,Islamia University of Bahawalpur,Public,Punjab,Bahawalpur,1975,23,W2,Mechanical Engineering,STEM,2025,954,600,354,34,28.1,17,87,850,42,1,52,,74.7,11.2,Mostly Urban,12443,8,,Yes,IUB Entry Test,Easy,45% / 100 marks,27
PK-PUN-024,Islamia University of Bahawalpur,Public,Punjab,Bahawalpur,1975,23,W2,Physics,STEM,2022,339,150,189,12,28.2,5,8,326,35,39,,2.7,48.6,7.4,Mostly Rural,10112,8,5,Yes,IUB Entry Test,Easy,45% / 100 marks,27
PK-PUN-024,Islamia University of Bahawalpur,Public,Punjab,Bahawalpur,1975,23,W2,Physics,STEM,2023,326,205,121,11,29.6,9,21,296,5,,41,3.31,46.7,5.2,Mixed Urban-Rural,13379,14,31,Yes,IUB Entry Test,Easy,45% / 100 marks,26
PK-PUN-024,Islamia University of Bahawalpur,Public,Punjab,Bahawalpur,1975,23,W2,Physics,STEM,2024,357,147,210,15,23.8,6,53,298,6,,67,,47.3,10.3,Mostly Rural,42552,4,20,Yes,IUB Entry Test,Easy,45% / 100 marks,31
PK-PUN-024,Islamia University of Bahawalpur,Public,Punjab,Bahawalpur,1975,23,W2,Physics,STEM,2025,356,210,146,11,32.4,28,14,314,53,51,12,2.84,56.9,7.2,Mostly Rural,14363,19,,Yes,IUB Entry Test,Easy,45% / 100 marks,32
PK-PUN-024,Islamia University of Bahawalpur,Public,Punjab,Bahawalpur,1975,23,W2,Political Science,Arts & Social Sciences,2022,939,590,349,26,36.1,,44,,103,,,3.56,53.4,4.1,Mostly Urban,23870,4,,Yes,IUB Entry Test,Easy,45% / 100 marks,28
PK-PUN-024,Islamia University of Bahawalpur,Public,Punjab,Bahawalpur,1975,23,W2,Political Science,Arts & Social Sciences,2023,921,398,523,27,34.1,,91,,27,,40,2.95,42.7,15.5,,,1,34,Yes,IUB Entry Test,Easy,45% / 100 marks,
PK-PUN-024,Islamia University of Bahawalpur,Public,Punjab,Bahawalpur,1975,23,W2,Political Science,Arts & Social Sciences,2024,855,531,324,25,34.2,58,110,687,145,49,55,3.57,47.9,14.7,Mostly Urban,44592,4,,Yes,IUB Entry Test,Easy,45% / 100 marks,
PK-PUN-024,Islamia University of Bahawalpur,Public,Punjab,Bahawalpur,1975,23,W2,Political Science,Arts & Social Sciences,2025,1083,727,356,36,30.1,13,,,26,58,,3.68,43.5,16.6,,14113,17,10,Yes,IUB Entry Test,Easy,45% / 100 marks,
PK-PUN-024,Islamia University of Bahawalpur,Public,Punjab,Bahawalpur,1975,23,W2,Statistics,STEM,2022,780,508,272,33,23.6,22,102,656,43,40,67,3.23,63.6,14.4,,17568,9,5,Yes,IUB Entry Test,Easy,45% / 100 marks,26
PK-PUN-024,Islamia University of Bahawalpur,Public,Punjab,Bahawalpur,1975,23,W2,Statistics,STEM,2023,914,350,564,31,29.5,,37,,38,29,48,3.33,57.2,,Mixed Urban-Rural,25519,5,12,Yes,IUB Entry Test,Easy,45% / 100 marks,32
PK-PUN-024,Islamia University of Bahawalpur,Public,Punjab,Bahawalpur,1975,23,W2,Statistics,STEM,2024,904,632,272,37,24.4,2,37,865,16,32,26,3.49,60.6,17.1,Mostly Urban,,6,26,Yes,IUB Entry Test,Easy,45% / 100 marks,34
PK-PUN-024,Islamia University of Bahawalpur,Public,Punjab,Bahawalpur,1975,23,W2,Statistics,STEM,2025,983,656,327,29,33.9,2,21,960,160,2,54,2.96,59.2,17.5,Mostly Urban,25012,11,22,Yes,IUB Entry Test,Easy,45% / 100 marks,32
PK-PUN-008,King Edward Medical University,Public,Punjab,Lahore,1860,9,W3,BDS,STEM,2022,1561,868,693,45,34.7,29,276,1256,229,27,65,3.2,82.7,3.4,,56766,15,1,Yes,MDCAT (PMC),Difficult,65% / 210 marks,18
PK-PUN-008,King Edward Medical University,Public,Punjab,Lahore,1860,9,W3,BDS,STEM,2023,1750,1083,667,60,29.2,103,75,1572,36,60,18,3.01,90.2,1.8,Mostly Urban,73182,12,10,Yes,MDCAT (PMC),Difficult,65% / 210 marks,22
PK-PUN-008,King Edward Medical University,Public,Punjab,Lahore,1860,9,W3,BDS,STEM,2024,1632,838,794,48,34,18,89,1525,58,25,72,2.96,85.9,,Mostly Urban,59931,18,17,Yes,MDCAT (PMC),Difficult,65% / 210 marks,20
PK-PUN-008,King Edward Medical University,Public,Punjab,Lahore,1860,9,W3,BDS,STEM,2025,1752,1037,715,60,29.2,8,117,1627,,54,23,3.26,92.5,10.4,Mixed Urban-Rural,63250,,21,Yes,MDCAT (PMC),Difficult,65% / 210 marks,18
PK-PUN-008,King Edward Medical University,Public,Punjab,Lahore,1860,9,W3,MBBS,STEM,2022,1956,1111,845,85,23,23,91,1842,389,44,72,3.13,85.3,10.5,Mixed Urban-Rural,73039,13,4,Yes,MDCAT (PMC),Difficult,65% / 210 marks,19
PK-PUN-008,King Edward Medical University,Public,Punjab,Lahore,1860,9,W3,MBBS,STEM,2023,2086,1263,823,74,28.2,127,78,1881,,58,72,2.82,93.8,3.6,Mixed Urban-Rural,32502,17,,Yes,MDCAT (PMC),Difficult,65% / 210 marks,19
PK-PUN-008,King Edward Medical University,Public,Punjab,Lahore,1860,9,W3,MBBS,STEM,2024,2119,1296,823,65,32.6,158,233,1728,189,24,6,2.91,89.9,2,Mostly Rural,81011,6,25,Yes,MDCAT (PMC),Difficult,65% / 210 marks,21
PK-PUN-008,King Edward Medical University,Public,Punjab,Lahore,1860,9,W3,MBBS,STEM,2025,2095,1076,1019,87,24.1,147,404,1544,329,43,26,2.81,97,15.8,Mostly Rural,67525,9,,Yes,MDCAT (PMC),Difficult,65% / 210 marks,24
PK-PUN-008,King Edward Medical University,Public,Punjab,Lahore,1860,9,W3,Pharmacy,STEM,2022,1972,874,1098,61,32.3,,113,,180,36,25,3.46,83.6,5.2,Mixed Urban-Rural,22650,,23,Yes,MDCAT (PMC),Difficult,65% / 210 marks,23
PK-PUN-008,King Edward Medical University,Public,Punjab,Lahore,1860,9,W3,Pharmacy,STEM,2023,1804,1269,535,63,28.6,73,114,1617,317,31,74,3.29,76.2,,Mostly Urban,41574,4,30,Yes,MDCAT (PMC),Difficult,65% / 210 marks,20
PK-PUN-008,King Edward Medical University,Public,Punjab,Lahore,1860,9,W3,Pharmacy,STEM,2024,1772,793,979,53,33.4,83,55,1634,,25,7,,77.3,6.9,Mostly Urban,31993,16,33,Yes,MDCAT (PMC),Difficult,65% / 210 marks,23
PK-PUN-008,King Edward Medical University,Public,Punjab,Lahore,1860,9,W3,Pharmacy,STEM,2025,1797,1170,627,64,28.1,72,44,1681,81,41,,3.1,77.1,,Mixed Urban-Rural,15996,2,8,Yes,MDCAT (PMC),Difficult,65% / 210 marks,
PK-PUN-008,King Edward Medical University,Public,Punjab,Lahore,1860,9,W3,Physiotherapy,STEM,2022,1940,916,1024,81,24,109,166,1665,75,35,47,3.43,83.5,11.1,Mostly Urban,26319,,32,Yes,MDCAT (PMC),Difficult,65% / 210 marks,18
PK-PUN-008,King Edward Medical University,Public,Punjab,Lahore,1860,9,W3,Physiotherapy,STEM,2023,1949,1231,718,63,30.9,73,65,1811,191,20,78,,78.7,11.6,Mostly Urban,36056,,2,Yes,MDCAT (PMC),Difficult,65% / 210 marks,18
PK-PUN-008,King Edward Medical University,Public,Punjab,Lahore,1860,9,W3,Physiotherapy,STEM,2024,1867,1218,649,69,27.1,29,162,1676,,41,32,,73.7,,Mixed Urban-Rural,10214,18,6,Yes,MDCAT (PMC),Difficult,65% / 210 marks,
PK-PUN-008,King Edward Medical University,Public,Punjab,Lahore,1860,9,W3,Physiotherapy,STEM,2025,2053,978,1075,71,28.9,56,326,1671,,44,65,3.05,79.9,13.4,Mixed Urban-Rural,16502,6,18,Yes,MDCAT (PMC),Difficult,65% / 210 marks,23
PK-PUN-008,King Edward Medical University,Public,Punjab,Lahore,1860,9,W3,Public Health,STEM,2022,917,370,547,36,25.5,18,165,734,53,8,16,2.7,73,,Mixed Urban-Rural,8531,9,13,Yes,MDCAT (PMC),Difficult,65% / 210 marks,23
PK-PUN-008,King Edward Medical University,Public,Punjab,Lahore,1860,9,W3,Public Health,STEM,2023,906,486,420,40,22.6,44,82,780,175,50,69,2.89,62.6,17.6,Mostly Urban,18142,20,,Yes,MDCAT (PMC),Difficult,65% / 210 marks,18
PK-PUN-008,King Edward Medical University,Public,Punjab,Lahore,1860,9,W3,Public Health,STEM,2024,957,641,316,30,31.9,56,165,736,105,,33,2.82,66.1,2.5,Mixed Urban-Rural,22239,6,1,Yes,MDCAT (PMC),Difficult,65% / 210 marks,
PK-PUN-008,King Edward Medical University,Public,Punjab,Lahore,1860,9,W3,Public Health,STEM,2025,880,386,494,29,30.3,9,60,811,30,51,55,2.96,69.1,3.9,Mixed Urban-Rural,24024,18,17,Yes,MDCAT (PMC),Difficult,65% / 210 marks,21
PK-PUN-007,Lahore College for Women University,Public,Punjab,Lahore,1922,36,W2,Chemistry,STEM,2022,783,311,472,24,32.6,,137,,153,52,74,2.66,54.5,14.7,Mostly Urban,43629,3,34,Yes,LCWU Entry Test,Medium,50% / 100 marks,20
PK-PUN-007,Lahore College for Women University,Public,Punjab,Lahore,1922,36,W2,Chemistry,STEM,2023,808,378,430,27,29.9,11,159,638,57,,,2.69,59.2,8.5,Mostly Rural,38205,11,,Yes,LCWU Entry Test,Medium,50% / 100 marks,22
PK-PUN-007,Lahore College for Women University,Public,Punjab,Lahore,1922,36,W2,Chemistry,STEM,2024,984,634,350,30,32.8,74,,,,,6,3.08,57.1,9.4,,32349,20,,Yes,LCWU Entry Test,Medium,50% / 100 marks,17
PK-PUN-007,Lahore College for Women University,Public,Punjab,Lahore,1922,36,W2,Chemistry,STEM,2025,875,437,438,32,27.3,18,147,710,71,,40,3.44,47.8,6.2,Mostly Urban,26938,16,,Yes,LCWU Entry Test,Medium,50% / 100 marks,21
PK-PUN-007,Lahore College for Women University,Public,Punjab,Lahore,1922,36,W2,Electrical Engineering,STEM,2022,590,233,357,26,22.7,17,51,522,48,,51,3.48,78.6,3.5,Mostly Urban,29079,6,24,Yes,LCWU Entry Test,Medium,50% / 100 marks,18
PK-PUN-007,Lahore College for Women University,Public,Punjab,Lahore,1922,36,W2,Electrical Engineering,STEM,2023,652,370,282,28,23.3,50,47,555,114,29,33,,75.5,,Mostly Rural,16022,4,33,Yes,LCWU Entry Test,Medium,50% / 100 marks,16
PK-PUN-007,Lahore College for Women University,Public,Punjab,Lahore,1922,36,W2,Electrical Engineering,STEM,2024,676,317,359,21,32.2,24,48,604,132,15,73,2.77,83.4,2.6,Mixed Urban-Rural,,6,19,Yes,LCWU Entry Test,Medium,50% / 100 marks,16
PK-PUN-007,Lahore College for Women University,Public,Punjab,Lahore,1922,36,W2,Electrical Engineering,STEM,2025,645,279,366,25,25.8,,64,,113,13,50,3.5,74.7,,Mostly Rural,33551,2,,Yes,LCWU Entry Test,Medium,50% / 100 marks,19
PK-PUN-007,Lahore College for Women University,Public,Punjab,Lahore,1922,36,W2,Mass Communication,Arts & Social Sciences,2022,404,204,200,13,31.1,18,67,319,65,26,5,3.4,57,16.6,Mixed Urban-Rural,44443,9,8,Yes,LCWU Entry Test,Medium,50% / 100 marks,16
PK-PUN-007,Lahore College for Women University,Public,Punjab,Lahore,1922,36,W2,Mass Communication,Arts & Social Sciences,2023,396,262,134,17,23.3,13,45,338,12,18,,3.57,65,10.2,Mostly Urban,22541,,29,Yes,LCWU Entry Test,Medium,50% / 100 marks,20
PK-PUN-007,Lahore College for Women University,Public,Punjab,Lahore,1922,36,W2,Mass Communication,Arts & Social Sciences,2024,415,259,156,12,34.6,8,41,366,16,12,28,2.64,62.7,2.1,,,17,20,Yes,LCWU Entry Test,Medium,50% / 100 marks,19
PK-PUN-007,Lahore College for Women University,Public,Punjab,Lahore,1922,36,W2,Mass Communication,Arts & Social Sciences,2025,476,196,280,13,36.6,1,42,433,6,13,70,3.26,67.7,3.3,Mostly Rural,24016,16,18,Yes,LCWU Entry Test,Medium,50% / 100 marks,
PK-PUN-007,Lahore College for Women University,Public,Punjab,Lahore,1922,36,W2,Mechanical Engineering,STEM,2022,690,432,258,25,27.6,,18,,93,,30,3.23,64,15.9,Mostly Rural,27152,11,8,Yes,LCWU Entry Test,Medium,50% / 100 marks,22
PK-PUN-007,Lahore College for Women University,Public,Punjab,Lahore,1922,36,W2,Mechanical Engineering,STEM,2023,839,435,404,34,24.7,42,19,778,42,,80,3.36,75.6,,Mixed Urban-Rural,27264,2,1,Yes,LCWU Entry Test,Medium,50% / 100 marks,18
PK-PUN-007,Lahore College for Women University,Public,Punjab,Lahore,1922,36,W2,Mechanical Engineering,STEM,2024,871,430,441,30,29,,4,,29,,8,2.66,70.3,17.1,Mixed Urban-Rural,31679,,1,Yes,LCWU Entry Test,Medium,50% / 100 marks,22
PK-PUN-007,Lahore College for Women University,Public,Punjab,Lahore,1922,36,W2,Mechanical Engineering,STEM,2025,820,502,318,35,23.4,,140,,70,22,25,3.53,79,10.9,Mostly Urban,44790,17,18,Yes,LCWU Entry Test,Medium,50% / 100 marks,20
PK-PUN-007,Lahore College for Women University,Public,Punjab,Lahore,1922,36,W2,Pharmacy,STEM,2022,173,83,90,5,34.6,11,8,154,12,42,27,3.28,84.7,5,Mostly Rural,14715,1,3,Yes,LCWU Entry Test,Medium,50% / 100 marks,16
PK-PUN-007,Lahore College for Women University,Public,Punjab,Lahore,1922,36,W2,Pharmacy,STEM,2023,198,142,56,6,33,5,38,155,6,28,76,3.44,73,11.8,Mixed Urban-Rural,32632,18,29,Yes,LCWU Entry Test,Medium,50% / 100 marks,
PK-PUN-007,Lahore College for Women University,Public,Punjab,Lahore,1922,36,W2,Pharmacy,STEM,2024,185,103,82,7,26.4,,19,,26,18,75,3.65,84.5,14.6,Mostly Urban,15101,5,27,Yes,LCWU Entry Test,Medium,50% / 100 marks,22
PK-PUN-007,Lahore College for Women University,Public,Punjab,Lahore,1922,36,W2,Pharmacy,STEM,2025,207,118,89,6,34.5,0,11,196,30,29,74,3.4,78.5,6.6,Mixed Urban-Rural,22443,12,33,Yes,LCWU Entry Test,Medium,50% / 100 marks,
PK-PUN-007,Lahore College for Women University,Public,Punjab,Lahore,1922,36,W2,Sociology,Arts & Social Sciences,2022,301,171,130,13,23.2,22,27,252,31,7,3,2.76,55.1,10.6,Mostly Urban,31509,9,,Yes,LCWU Entry Test,Medium,50% / 100 marks,18
PK-PUN-007,Lahore College for Women University,Public,Punjab,Lahore,1922,36,W2,Sociology,Arts & Social Sciences,2023,306,175,131,11,27.8,,56,,,27,30,3.23,52.1,4.6,Mostly Urban,15876,13,15,Yes,LCWU Entry Test,Medium,50% / 100 marks,17
PK-PUN-007,Lahore College for Women University,Public,Punjab,Lahore,1922,36,W2,Sociology,Arts & Social Sciences,2024,319,205,114,9,35.4,,55,,15,14,6,3.7,46.4,16.5,Mostly Urban,33374,,,Yes,LCWU Entry Test,Medium,50% / 100 marks,
PK-PUN-007,Lahore College for Women University,Public,Punjab,Lahore,1922,36,W2,Sociology,Arts & Social Sciences,2025,331,218,113,10,33.1,19,,,44,5,51,2.79,42.4,2.4,Mostly Rural,20838,5,,Yes,LCWU Entry Test,Medium,50% / 100 marks,22
PK-PUN-007,Lahore College for Women University,Public,Punjab,Lahore,1922,36,W2,Urdu,Arts & Social Sciences,2022,491,233,258,22,22.3,25,52,414,12,28,39,3.21,41.9,11.3,Mostly Rural,40249,2,4,Yes,LCWU Entry Test,Medium,50% / 100 marks,21
PK-PUN-007,Lahore College for Women University,Public,Punjab,Lahore,1922,36,W2,Urdu,Arts & Social Sciences,2023,583,273,310,21,27.8,,40,,30,14,11,3.61,42.4,16.9,Mostly Urban,38617,7,10,Yes,LCWU Entry Test,Medium,50% / 100 marks,17
PK-PUN-007,Lahore College for Women University,Public,Punjab,Lahore,1922,36,W2,Urdu,Arts & Social Sciences,2024,590,239,351,24,24.6,,73,,70,20,57,3.09,40.1,7.7,Mostly Rural,43729,6,20,Yes,LCWU Entry Test,Medium,50% / 100 marks,19
PK-PUN-007,Lahore College for Women University,Public,Punjab,Lahore,1922,36,W2,Urdu,Arts & Social Sciences,2025,521,351,170,20,26.1,6,68,447,11,13,58,3.11,34.7,,Mostly Urban,41645,,5,Yes,LCWU Entry Test,Medium,50% / 100 marks,18
PK-PUN-014,Lahore School of Economics,Private,Punjab,Lahore,1997,33,W2,Biology,STEM,2022,242,168,74,7,34.6,16,25,201,,13,54,3.28,51.5,4.9,Mostly Rural,98760,,18,Yes,LSE Entry Test,Medium,55% / 100 marks,8
PK-PUN-014,Lahore School of Economics,Private,Punjab,Lahore,1997,33,W2,Biology,STEM,2023,227,105,122,7,32.4,3,18,206,41,,33,3.33,56.8,17.3,Mostly Urban,86455,6,26,Yes,LSE Entry Test,Medium,55% / 100 marks,8
PK-PUN-014,Lahore School of Economics,Private,Punjab,Lahore,1997,33,W2,Biology,STEM,2024,265,159,106,9,29.4,,26,,29,16,25,3.29,48.5,,Mostly Urban,97379,10,16,Yes,LSE Entry Test,Medium,55% / 100 marks,8
PK-PUN-014,Lahore School of Economics,Private,Punjab,Lahore,1997,33,W2,Biology,STEM,2025,218,110,108,9,24.2,15,27,176,,0,3,3.56,46,,Mostly Rural,88969,,14,Yes,LSE Entry Test,Medium,55% / 100 marks,12
PK-PUN-014,Lahore School of Economics,Private,Punjab,Lahore,1997,33,W2,Chemistry,STEM,2022,722,326,396,32,22.6,55,0,667,71,55,56,3.54,52.6,4.4,Mostly Rural,121734,12,,Yes,LSE Entry Test,Medium,55% / 100 marks,11
PK-PUN-014,Lahore School of Economics,Private,Punjab,Lahore,1997,33,W2,Chemistry,STEM,2023,825,546,279,25,33,54,143,628,36,56,20,3.52,54.6,14.5,Mostly Urban,59602,17,32,Yes,LSE Entry Test,Medium,55% / 100 marks,11
PK-PUN-014,Lahore School of Economics,Private,Punjab,Lahore,1997,33,W2,Chemistry,STEM,2024,811,459,352,29,28,1,24,786,59,48,31,,58,1.6,Mixed Urban-Rural,100758,1,,Yes,LSE Entry Test,Medium,55% / 100 marks,10
PK-PUN-014,Lahore School of Economics,Private,Punjab,Lahore,1997,33,W2,Chemistry,STEM,2025,764,324,440,30,25.5,39,,,48,14,,2.9,48.7,8.9,,57579,19,17,Yes,LSE Entry Test,Medium,55% / 100 marks,12
PK-PUN-014,Lahore School of Economics,Private,Punjab,Lahore,1997,33,W2,Civil Engineering,STEM,2022,255,110,145,9,28.3,20,9,226,,39,12,3.25,72.5,10.5,Mostly Rural,117215,19,11,Yes,LSE Entry Test,Medium,55% / 100 marks,10
PK-PUN-014,Lahore School of Economics,Private,Punjab,Lahore,1997,33,W2,Civil Engineering,STEM,2023,241,97,144,8,30.1,6,6,229,,44,40,2.66,64.8,,Mostly Urban,105144,7,,Yes,LSE Entry Test,Medium,55% / 100 marks,12
PK-PUN-014,Lahore School of Economics,Private,Punjab,Lahore,1997,33,W2,Civil Engineering,STEM,2024,239,135,104,8,29.9,7,26,206,7,,,3.05,70.4,2.7,,59086,20,3,Yes,LSE Entry Test,Medium,55% / 100 marks,12
PK-PUN-014,Lahore School of Economics,Private,Punjab,Lahore,1997,33,W2,Civil Engineering,STEM,2025,252,116,136,9,28,1,10,241,18,5,6,3.02,72.8,3.3,Mostly Urban,,16,,Yes,LSE Entry Test,Medium,55% / 100 marks,10
PK-PUN-014,Lahore School of Economics,Private,Punjab,Lahore,1997,33,W2,Economics,Business,2022,240,158,82,9,26.7,,4,,36,,55,2.87,71.8,1.6,Mostly Urban,,10,8,Yes,LSE Entry Test,Medium,55% / 100 marks,11
PK-PUN-014,Lahore School of Economics,Private,Punjab,Lahore,1997,33,W2,Economics,Business,2023,261,111,150,8,32.6,0,19,242,22,9,30,3.57,57.2,8.9,Mostly Urban,57962,12,14,Yes,LSE Entry Test,Medium,55% / 100 marks,9
PK-PUN-014,Lahore School of Economics,Private,Punjab,Lahore,1997,33,W2,Economics,Business,2024,322,173,149,13,24.8,11,45,266,,8,74,2.74,64.4,7.3,Mixed Urban-Rural,69475,3,,Yes,LSE Entry Test,Medium,55% / 100 marks,12
PK-PUN-014,Lahore School of Economics,Private,Punjab,Lahore,1997,33,W2,Economics,Business,2025,296,201,95,8,37,16,8,272,21,27,71,,68.2,7.8,Mostly Rural,,1,14,Yes,LSE Entry Test,Medium,55% / 100 marks,9
PK-PUN-014,Lahore School of Economics,Private,Punjab,Lahore,1997,33,W2,History,Arts & Social Sciences,2022,644,366,278,27,23.9,2,,,113,5,65,3.51,41,13.5,Mixed Urban-Rural,81424,7,14,Yes,LSE Entry Test,Medium,55% / 100 marks,
PK-PUN-014,Lahore School of Economics,Private,Punjab,Lahore,1997,33,W2,History,Arts & Social Sciences,2023,588,277,311,21,28,17,18,553,33,33,67,,39.2,1.7,Mixed Urban-Rural,119443,,,Yes,LSE Entry Test,Medium,55% / 100 marks,12
PK-PUN-014,Lahore School of Economics,Private,Punjab,Lahore,1997,33,W2,History,Arts & Social Sciences,2024,704,267,437,28,25.1,47,103,554,,15,,2.6,35.5,11.3,Mostly Urban,129465,13,1,Yes,LSE Entry Test,Medium,55% / 100 marks,8
PK-PUN-014,Lahore School of Economics,Private,Punjab,Lahore,1997,33,W2,History,Arts & Social Sciences,2025,676,453,223,29,23.3,47,117,512,40,12,22,3.2,41.1,11.7,Mostly Urban,94348,18,16,Yes,LSE Entry Test,Medium,55% / 100 marks,8
PK-PUN-014,Lahore School of Economics,Private,Punjab,Lahore,1997,33,W2,Information Technology,STEM,2022,513,203,310,15,34.2,15,10,488,33,7,68,,84.1,10.1,Mixed Urban-Rural,127783,17,,Yes,LSE Entry Test,Medium,55% / 100 marks,11
PK-PUN-014,Lahore School of Economics,Private,Punjab,Lahore,1997,33,W2,Information Technology,STEM,2023,578,377,201,24,24.1,26,57,495,,48,4,2.88,71.3,17.1,Mostly Rural,90826,2,,Yes,LSE Entry Test,Medium,55% / 100 marks,10
PK-PUN-014,Lahore School of Economics,Private,Punjab,Lahore,1997,33,W2,Information Technology,STEM,2024,595,280,315,19,31.3,,57,,93,58,72,2.76,71.3,14.2,,73446,3,20,Yes,LSE Entry Test,Medium,55% / 100 marks,12
PK-PUN-014,Lahore School of Economics,Private,Punjab,Lahore,1997,33,W2,Information Technology,STEM,2025,666,358,308,20,33.3,,40,,61,29,55,2.75,76.7,17.9,Mixed Urban-Rural,69048,3,20,Yes,LSE Entry Test,Medium,55% / 100 marks,11
PK-PUN-014,Lahore School of Economics,Private,Punjab,Lahore,1997,33,W2,Sociology,Arts & Social Sciences,2022,511,244,267,15,34.1,1,,,27,16,10,2.76,48.4,,Mixed Urban-Rural,66761,7,8,Yes,LSE Entry Test,Medium,55% / 100 marks,8
PK-PUN-014,Lahore School of Economics,Private,Punjab,Lahore,1997,33,W2,Sociology,Arts & Social Sciences,2023,532,381,151,17,31.3,23,,,,60,,3.65,43.1,8.7,Mixed Urban-Rural,88888,,11,Yes,LSE Entry Test,Medium,55% / 100 marks,9
PK-PUN-014,Lahore School of Economics,Private,Punjab,Lahore,1997,33,W2,Sociology,Arts & Social Sciences,2024,593,422,171,21,28.2,,46,,8,,52,2.83,45.5,13.8,Mostly Rural,119463,18,5,Yes,LSE Entry Test,Medium,55% / 100 marks,
PK-PUN-014,Lahore School of Economics,Private,Punjab,Lahore,1997,33,W2,Sociology,Arts & Social Sciences,2025,558,289,269,23,24.3,0,108,450,90,25,19,3.63,57,14.9,Mostly Rural,75007,20,26,Yes,LSE Entry Test,Medium,55% / 100 marks,9
PK-PUN-014,Lahore School of Economics,Private,Punjab,Lahore,1997,33,W2,Urdu,Arts & Social Sciences,2022,698,468,230,27,25.9,,27,,20,23,13,3.69,44,6.5,Mostly Rural,71456,10,,Yes,LSE Entry Test,Medium,55% / 100 marks,12
PK-PUN-014,Lahore School of Economics,Private,Punjab,Lahore,1997,33,W2,Urdu,Arts & Social Sciences,2023,776,526,250,24,32.3,38,91,647,,27,22,2.62,42.8,5.7,Mixed Urban-Rural,91229,4,,Yes,LSE Entry Test,Medium,55% / 100 marks,10
PK-PUN-014,Lahore School of Economics,Private,Punjab,Lahore,1997,33,W2,Urdu,Arts & Social Sciences,2024,799,437,362,32,25,36,128,635,114,14,62,2.9,42.8,13.4,,125364,9,1,Yes,LSE Entry Test,Medium,55% / 100 marks,8
PK-PUN-014,Lahore School of Economics,Private,Punjab,Lahore,1997,33,W2,Urdu,Arts & Social Sciences,2025,757,312,445,32,23.7,5,47,705,99,42,,2.66,34.7,2,Mostly Urban,124191,4,32,Yes,LSE Entry Test,Medium,55% / 100 marks,12
PK-PUN-002,Lahore University of Management Sciences,Private,Punjab,Lahore,1984,5,W4,Business Administration,Business,2022,2387,1560,827,68,35.1,95,,,111,16,,3.41,75.3,7.8,Mostly Rural,170944,,20,Yes,LUMS SAT / LCAT,Difficult,85% / 200 marks,24
PK-PUN-002,Lahore University of Management Sciences,Private,Punjab,Lahore,1984,5,W4,Business Administration,Business,2023,2710,1897,813,91,29.8,15,350,2345,503,38,52,2.72,78.2,7.6,Mixed Urban-Rural,99697,5,19,Yes,LUMS SAT / LCAT,Difficult,85% / 200 marks,22
PK-PUN-002,Lahore University of Management Sciences,Private,Punjab,Lahore,1984,5,W4,Business Administration,Business,2024,2706,1545,1161,97,27.9,17,321,2368,303,8,36,3.42,68.2,7.5,Mostly Rural,132109,7,16,Yes,LUMS SAT / LCAT,Difficult,85% / 200 marks,21
PK-PUN-002,Lahore University of Management Sciences,Private,Punjab,Lahore,1984,5,W4,Business Administration,Business,2025,2584,1638,946,115,22.5,131,447,2006,54,3,53,2.96,64.9,17.3,Mixed Urban-Rural,127047,,,Yes,LUMS SAT / LCAT,Difficult,85% / 200 marks,19
PK-PUN-002,Lahore University of Management Sciences,Private,Punjab,Lahore,1984,5,W4,Computer Science,STEM,2022,1310,845,465,45,29.1,98,141,1071,244,12,14,2.77,86.8,16.2,Mostly Rural,113812,14,25,Yes,LUMS SAT / LCAT,Difficult,85% / 200 marks,20
PK-PUN-002,Lahore University of Management Sciences,Private,Punjab,Lahore,1984,5,W4,Computer Science,STEM,2023,1246,476,770,38,32.8,68,170,1008,224,43,57,3.58,74.3,15.1,Mostly Urban,165609,6,,Yes,LUMS SAT / LCAT,Difficult,85% / 200 marks,24
PK-PUN-002,Lahore University of Management Sciences,Private,Punjab,Lahore,1984,5,W4,Computer Science,STEM,2024,1275,893,382,56,22.8,38,138,1099,85,42,11,2.63,76,16.7,Mostly Rural,147624,,13,Yes,LUMS SAT / LCAT,Difficult,85% / 200 marks,24
PK-PUN-002,Lahore University of Management Sciences,Private,Punjab,Lahore,1984,5,W4,Computer Science,STEM,2025,1268,674,594,46,27.6,92,41,1135,,,18,3.27,77.3,3.5,Mostly Urban,131534,17,16,Yes,LUMS SAT / LCAT,Difficult,85% / 200 marks,20
PK-PUN-002,Lahore University of Management Sciences,Private,Punjab,Lahore,1984,5,W4,Economics,Business,2022,2614,1399,1215,118,22.2,166,86,2362,322,27,15,2.62,69.9,14.9,,97371,6,8,Yes,LUMS SAT / LCAT,Difficult,85% / 200 marks,19
PK-PUN-002,Lahore University of Management Sciences,Private,Punjab,Lahore,1984,5,W4,Economics,Business,2023,3011,1287,1724,107,28.1,107,531,2373,305,26,29,2.8,57.6,13.7,Mostly Urban,69338,10,23,Yes,LUMS SAT / LCAT,Difficult,85% / 200 marks,19
PK-PUN-002,Lahore University of Management Sciences,Private,Punjab,Lahore,1984,5,W4,Economics,Business,2024,3403,1599,1804,130,26.2,193,537,2673,,58,63,2.84,69.5,3.2,Mostly Rural,63693,14,34,Yes,LUMS SAT / LCAT,Difficult,85% / 200 marks,24
PK-PUN-002,Lahore University of Management Sciences,Private,Punjab,Lahore,1984,5,W4,Economics,Business,2025,3154,2117,1037,96,32.9,171,489,2494,,23,35,2.74,57,15.2,Mostly Urban,73690,13,6,Yes,LUMS SAT / LCAT,Difficult,85% / 200 marks,19
PK-PUN-002,Lahore University of Management Sciences,Private,Punjab,Lahore,1984,5,W4,Human Resource Management,Business,2022,1703,754,949,55,31,33,191,1479,300,17,78,2.64,62.3,11.1,Mostly Urban,105466,1,,Yes,LUMS SAT / LCAT,Difficult,85% / 200 marks,21
PK-PUN-002,Lahore University of Management Sciences,Private,Punjab,Lahore,1984,5,W4,Human Resource Management,Business,2023,1683,1094,589,69,24.4,103,109,1471,101,52,64,3.42,62.2,5.8,Mostly Rural,122435,6,31,Yes,LUMS SAT / LCAT,Difficult,85% / 200 marks,21
PK-PUN-002,Lahore University of Management Sciences,Private,Punjab,Lahore,1984,5,W4,Human Resource Management,Business,2024,2087,1116,971,89,23.4,,48,,,41,36,,70.7,9,Mostly Rural,93759,14,5,Yes,LUMS SAT / LCAT,Difficult,85% / 200 marks,20
PK-PUN-002,Lahore University of Management Sciences,Private,Punjab,Lahore,1984,5,W4,Human Resource Management,Business,2025,2249,1597,652,92,24.4,,181,,435,49,68,3.18,70.1,14.4,Mixed Urban-Rural,,17,,Yes,LUMS SAT / LCAT,Difficult,85% / 200 marks,19
PK-PUN-002,Lahore University of Management Sciences,Private,Punjab,Lahore,1984,5,W4,Information Technology,STEM,2022,1310,571,739,43,30.5,,205,,222,17,22,3.58,80.9,16.4,Mostly Rural,72841,,35,Yes,LUMS SAT / LCAT,Difficult,85% / 200 marks,21
PK-PUN-002,Lahore University of Management Sciences,Private,Punjab,Lahore,1984,5,W4,Information Technology,STEM,2023,1568,707,861,49,32,97,124,1347,76,,,3.25,80.5,4.1,,100928,9,,Yes,LUMS SAT / LCAT,Difficult,85% / 200 marks,18
PK-PUN-002,Lahore University of Management Sciences,Private,Punjab,Lahore,1984,5,W4,Information Technology,STEM,2024,1521,953,568,51,29.8,,52,,172,,21,3.08,81.8,11.4,Mostly Rural,125943,11,2,Yes,LUMS SAT / LCAT,Difficult,85% / 200 marks,24
PK-PUN-002,Lahore University of Management Sciences,Private,Punjab,Lahore,1984,5,W4,Information Technology,STEM,2025,1563,1067,496,66,23.7,77,185,1301,120,5,65,3.37,78.5,15.5,Mostly Rural,62425,9,32,Yes,LUMS SAT / LCAT,Difficult,85% / 200 marks,24
PK-PUN-002,Lahore University of Management Sciences,Private,Punjab,Lahore,1984,5,W4,Supply Chain Management,Business,2022,2104,1397,707,60,35.1,68,399,1637,129,14,,3.22,63.3,9.5,,105146,,6,Yes,LUMS SAT / LCAT,Difficult,85% / 200 marks,
PK-PUN-002,Lahore University of Management Sciences,Private,Punjab,Lahore,1984,5,W4,Supply Chain Management,Business,2023,2272,954,1318,71,32,112,293,1867,206,2,80,3.49,67.8,2.1,Mostly Urban,111596,6,,Yes,LUMS SAT / LCAT,Difficult,85% / 200 marks,24
PK-PUN-002,Lahore University of Management Sciences,Private,Punjab,Lahore,1984,5,W4,Supply Chain Management,Business,2024,2553,1055,1498,75,34,200,,,354,15,35,3.47,74.8,17.9,Mixed Urban-Rural,126732,12,11,Yes,LUMS SAT / LCAT,Difficult,85% / 200 marks,19
PK-PUN-002,Lahore University of Management Sciences,Private,Punjab,Lahore,1984,5,W4,Supply Chain Management,Business,2025,2579,1731,848,97,26.6,163,509,1907,161,,32,3.54,71.9,14,Mostly Rural,99171,6,7,Yes,LUMS SAT / LCAT,Difficult,85% / 200 marks,19
PK-PUN-023,MNS University of Agriculture Multan,Public,Punjab,Multan,2004,50,W1,Agronomy,STEM,2022,181,73,108,8,22.6,6,7,168,12,6,77,3.03,55.5,16.9,Mostly Rural,30264,6,27,Yes,MNS Entry Test,Easy,40% / 100 marks,13
PK-PUN-023,MNS University of Agriculture Multan,Public,Punjab,Multan,2004,50,W1,Agronomy,STEM,2023,156,91,65,5,31.2,1,28,127,23,25,22,2.73,56.7,9.1,Mixed Urban-Rural,,16,,Yes,MNS Entry Test,Easy,40% / 100 marks,15
PK-PUN-023,MNS University of Agriculture Multan,Public,Punjab,Multan,2004,50,W1,Agronomy,STEM,2024,183,91,92,6,30.5,,11,,8,20,50,3.02,54.9,,Mixed Urban-Rural,23993,7,19,Yes,MNS Entry Test,Easy,40% / 100 marks,16
PK-PUN-023,MNS University of Agriculture Multan,Public,Punjab,Multan,2004,50,W1,Agronomy,STEM,2025,189,128,61,7,27,6,29,154,,3,53,,50.1,6.4,Mostly Rural,17581,4,,Yes,MNS Entry Test,Easy,40% / 100 marks,10
PK-PUN-023,MNS University of Agriculture Multan,Public,Punjab,Multan,2004,50,W1,Animal Husbandry,STEM,2022,187,113,74,6,31.2,,10,,,24,43,3.2,47.1,3.1,Mixed Urban-Rural,23469,3,24,Yes,MNS Entry Test,Easy,40% / 100 marks,16
PK-PUN-023,MNS University of Agriculture Multan,Public,Punjab,Multan,2004,50,W1,Animal Husbandry,STEM,2023,181,113,68,5,36.2,3,0,178,10,44,33,3.31,49.6,9.9,,20070,,,Yes,MNS Entry Test,Easy,40% / 100 marks,15
PK-PUN-023,MNS University of Agriculture Multan,Public,Punjab,Multan,2004,50,W1,Animal Husbandry,STEM,2024,176,109,67,5,35.2,12,,,,35,61,2.71,61.5,10.3,Mostly Urban,8420,19,16,Yes,MNS Entry Test,Easy,40% / 100 marks,10
PK-PUN-023,MNS University of Agriculture Multan,Public,Punjab,Multan,2004,50,W1,Animal Husbandry,STEM,2025,206,99,107,8,25.8,,27,,27,52,21,3.35,51.8,5.4,Mostly Urban,40835,8,25,Yes,MNS Entry Test,Easy,40% / 100 marks,16
PK-PUN-023,MNS University of Agriculture Multan,Public,Punjab,Multan,2004,50,W1,Fisheries,STEM,2022,94,48,46,5,18.8,3,16,75,10,13,31,2.78,54.8,6.2,Mostly Urban,26919,13,11,Yes,MNS Entry Test,Easy,40% / 100 marks,
PK-PUN-023,MNS University of Agriculture Multan,Public,Punjab,Multan,2004,50,W1,Fisheries,STEM,2023,108,48,60,5,21.6,1,9,98,18,43,12,3.19,44.7,3.4,Mostly Urban,35240,13,34,Yes,MNS Entry Test,Easy,40% / 100 marks,16
PK-PUN-023,MNS University of Agriculture Multan,Public,Punjab,Multan,2004,50,W1,Fisheries,STEM,2024,124,63,61,5,24.8,,7,,22,14,,3.04,47.7,11.5,Mixed Urban-Rural,13161,5,7,Yes,MNS Entry Test,Easy,40% / 100 marks,11
PK-PUN-023,MNS University of Agriculture Multan,Public,Punjab,Multan,2004,50,W1,Fisheries,STEM,2025,119,52,67,5,23.8,2,2,115,,3,38,2.91,46.1,4.3,,20620,15,25,Yes,MNS Entry Test,Easy,40% / 100 marks,16
PK-PUN-023,MNS University of Agriculture Multan,Public,Punjab,Multan,2004,50,W1,Horticulture,STEM,2022,341,225,116,12,28.4,19,40,282,66,37,69,,49.2,15.8,Mostly Rural,26294,14,6,Yes,MNS Entry Test,Easy,40% / 100 marks,15
PK-PUN-023,MNS University of Agriculture Multan,Public,Punjab,Multan,2004,50,W1,Horticulture,STEM,2023,403,226,177,17,23.7,20,31,352,,51,58,3.51,57,,Mostly Rural,38211,15,26,Yes,MNS Entry Test,Easy,40% / 100 marks,15
PK-PUN-023,MNS University of Agriculture Multan,Public,Punjab,Multan,2004,50,W1,Horticulture,STEM,2024,372,216,156,12,31,27,74,271,,57,67,3.64,45.5,2.4,Mixed Urban-Rural,15459,16,,Yes,MNS Entry Test,Easy,40% / 100 marks,14
PK-PUN-023,MNS University of Agriculture Multan,Public,Punjab,Multan,2004,50,W1,Horticulture,STEM,2025,475,236,239,14,33.9,15,,,93,,,2.64,53.1,10.2,Mostly Urban,28347,6,18,Yes,MNS Entry Test,Easy,40% / 100 marks,16
PK-PUN-023,MNS University of Agriculture Multan,Public,Punjab,Multan,2004,50,W1,Soil Science,STEM,2022,240,118,122,9,26.7,,17,,42,53,33,2.76,52.1,5.1,Mostly Rural,30414,,11,Yes,MNS Entry Test,Easy,40% / 100 marks,10
PK-PUN-023,MNS University of Agriculture Multan,Public,Punjab,Multan,2004,50,W1,Soil Science,STEM,2023,238,161,77,10,23.8,5,25,208,31,57,35,2.86,52.8,3.5,Mostly Urban,31462,18,14,Yes,MNS Entry Test,Easy,40% / 100 marks,15
PK-PUN-023,MNS University of Agriculture Multan,Public,Punjab,Multan,2004,50,W1,Soil Science,STEM,2024,232,118,114,7,33.1,10,39,183,35,33,,3.37,50.6,,Mixed Urban-Rural,43283,2,11,Yes,MNS Entry Test,Easy,40% / 100 marks,11
PK-PUN-023,MNS University of Agriculture Multan,Public,Punjab,Multan,2004,50,W1,Soil Science,STEM,2025,279,149,130,9,31,6,30,243,37,,14,,55.3,8.6,Mostly Urban,15931,1,11,Yes,MNS Entry Test,Easy,40% / 100 marks,16
PK-PUN-011,Minhaj University Lahore,Private,Punjab,Lahore,1986,9,W3,Chemistry,STEM,2022,932,651,281,27,34.5,12,167,753,,40,39,3.66,52.9,11.7,Mixed Urban-Rural,86933,5,,Yes,Minhaj Entry Test,Easy,40% / 100 marks,12
PK-PUN-011,Minhaj University Lahore,Private,Punjab,Lahore,1986,9,W3,Chemistry,STEM,2023,979,383,596,35,28,70,,,106,60,4,2.65,53.8,13.3,Mixed Urban-Rural,86671,5,13,Yes,Minhaj Entry Test,Easy,40% / 100 marks,
PK-PUN-011,Minhaj University Lahore,Private,Punjab,Lahore,1986,9,W3,Chemistry,STEM,2024,1081,620,461,41,26.4,48,216,817,10,,50,3.3,55.3,6.9,Mostly Rural,64552,5,11,Yes,Minhaj Entry Test,Easy,40% / 100 marks,14
PK-PUN-011,Minhaj University Lahore,Private,Punjab,Lahore,1986,9,W3,Chemistry,STEM,2025,1019,546,473,40,25.5,12,,,43,14,76,,55.3,2,Mostly Urban,110280,1,34,Yes,Minhaj Entry Test,Easy,40% / 100 marks,13
PK-PUN-011,Minhaj University Lahore,Private,Punjab,Lahore,1986,9,W3,Computer Science,STEM,2022,1690,935,755,67,25.2,1,171,1518,232,8,14,3.43,76.4,16.7,Mixed Urban-Rural,162939,19,5,Yes,Minhaj Entry Test,Easy,40% / 100 marks,13
PK-PUN-011,Minhaj University Lahore,Private,Punjab,Lahore,1986,9,W3,Computer Science,STEM,2023,1473,928,545,45,32.7,102,,,128,51,32,2.81,79,9,Mixed Urban-Rural,150734,1,7,Yes,Minhaj Entry Test,Easy,40% / 100 marks,11
PK-PUN-011,Minhaj University Lahore,Private,Punjab,Lahore,1986,9,W3,Computer Science,STEM,2024,1490,740,750,61,24.4,92,34,1364,91,,26,3.17,85.4,16.5,Mixed Urban-Rural,90560,,,Yes,Minhaj Entry Test,Easy,40% / 100 marks,11
PK-PUN-011,Minhaj University Lahore,Private,Punjab,Lahore,1986,9,W3,Computer Science,STEM,2025,1548,817,731,53,29.2,21,48,1479,296,44,78,3.43,79.3,10,Mixed Urban-Rural,120976,7,,Yes,Minhaj Entry Test,Easy,40% / 100 marks,13
PK-PUN-011,Minhaj University Lahore,Private,Punjab,Lahore,1986,9,W3,Economics,Business,2022,1198,518,680,35,34.2,65,184,949,230,3,68,,64.7,4.2,Mixed Urban-Rural,93606,8,,Yes,Minhaj Entry Test,Easy,40% / 100 marks,10
PK-PUN-011,Minhaj University Lahore,Private,Punjab,Lahore,1986,9,W3,Economics,Business,2023,1344,537,807,58,23.2,46,100,1198,61,,30,3.41,61.5,12.6,Mostly Rural,82244,5,8,Yes,Minhaj Entry Test,Easy,40% / 100 marks,14
PK-PUN-011,Minhaj University Lahore,Private,Punjab,Lahore,1986,9,W3,Economics,Business,2024,1144,605,539,42,27.2,16,106,1022,188,,16,2.82,71.9,2.3,Mixed Urban-Rural,62528,15,22,Yes,Minhaj Entry Test,Easy,40% / 100 marks,12
PK-PUN-011,Minhaj University Lahore,Private,Punjab,Lahore,1986,9,W3,Economics,Business,2025,1264,731,533,42,30.1,87,18,1159,158,,5,3.55,60.6,7.7,Mostly Urban,124584,18,4,Yes,Minhaj Entry Test,Easy,40% / 100 marks,14
PK-PUN-011,Minhaj University Lahore,Private,Punjab,Lahore,1986,9,W3,Education,Arts & Social Sciences,2022,1623,706,917,55,29.5,94,213,1316,12,23,18,3.43,70.8,16.5,Mostly Rural,105222,3,25,Yes,Minhaj Entry Test,Easy,40% / 100 marks,10
PK-PUN-011,Minhaj University Lahore,Private,Punjab,Lahore,1986,9,W3,Education,Arts & Social Sciences,2023,1678,672,1006,56,30,78,96,1504,230,25,41,2.93,70.5,10.9,Mostly Urban,76925,13,,Yes,Minhaj Entry Test,Easy,40% / 100 marks,11
PK-PUN-011,Minhaj University Lahore,Private,Punjab,Lahore,1986,9,W3,Education,Arts & Social Sciences,2024,1958,822,1136,75,26.1,82,77,1799,383,41,55,3.16,60.3,,Mostly Rural,60149,20,6,Yes,Minhaj Entry Test,Easy,40% / 100 marks,14
PK-PUN-011,Minhaj University Lahore,Private,Punjab,Lahore,1986,9,W3,Education,Arts & Social Sciences,2025,1959,1364,595,81,24.2,143,122,1694,297,16,13,2.91,61.8,13.4,Mixed Urban-Rural,79465,,14,Yes,Minhaj Entry Test,Easy,40% / 100 marks,14
PK-PUN-011,Minhaj University Lahore,Private,Punjab,Lahore,1986,9,W3,Environmental Science,STEM,2022,850,381,469,26,32.7,3,68,779,98,33,13,3.61,59.9,9.2,Mostly Rural,90201,9,21,Yes,Minhaj Entry Test,Easy,40% / 100 marks,13
PK-PUN-011,Minhaj University Lahore,Private,Punjab,Lahore,1986,9,W3,Environmental Science,STEM,2023,1038,521,517,41,25.3,8,71,959,191,32,37,2.91,52.9,,Mostly Urban,,20,19,Yes,Minhaj Entry Test,Easy,40% / 100 marks,12
PK-PUN-011,Minhaj University Lahore,Private,Punjab,Lahore,1986,9,W3,Environmental Science,STEM,2024,971,637,334,39,24.9,30,,,106,28,50,3.45,53.4,6.1,Mostly Rural,70553,,3,Yes,Minhaj Entry Test,Easy,40% / 100 marks,13
PK-PUN-011,Minhaj University Lahore,Private,Punjab,Lahore,1986,9,W3,Environmental Science,STEM,2025,1120,788,332,36,31.1,39,207,874,214,,23,2.84,56.3,,Mixed Urban-Rural,84622,1,7,Yes,Minhaj Entry Test,Easy,40% / 100 marks,14
PK-PUN-011,Minhaj University Lahore,Private,Punjab,Lahore,1986,9,W3,Mass Communication,Arts & Social Sciences,2022,1564,1031,533,46,34,35,107,1422,233,,50,3.59,56.3,17.5,Mostly Rural,121255,16,,Yes,Minhaj Entry Test,Easy,40% / 100 marks,13
PK-PUN-011,Minhaj University Lahore,Private,Punjab,Lahore,1986,9,W3,Mass Communication,Arts & Social Sciences,2023,1470,879,591,60,24.5,18,227,1225,215,56,6,3.35,64.4,3.7,Mostly Urban,80556,2,2,Yes,Minhaj Entry Test,Easy,40% / 100 marks,10
PK-PUN-011,Minhaj University Lahore,Private,Punjab,Lahore,1986,9,W3,Mass Communication,Arts & Social Sciences,2024,1676,995,681,62,27,132,23,1521,,23,71,3.13,56.4,,,71780,15,12,Yes,Minhaj Entry Test,Easy,40% / 100 marks,
PK-PUN-011,Minhaj University Lahore,Private,Punjab,Lahore,1986,9,W3,Mass Communication,Arts & Social Sciences,2025,1427,555,872,55,25.9,88,,,116,33,18,2.82,69.5,16.5,Mixed Urban-Rural,101014,6,1,Yes,Minhaj Entry Test,Easy,40% / 100 marks,
PK-PUN-011,Minhaj University Lahore,Private,Punjab,Lahore,1986,9,W3,Mechanical Engineering,STEM,2022,1686,970,716,55,30.7,54,75,1557,320,57,19,3.09,71.8,12.1,Mixed Urban-Rural,79917,1,30,Yes,Minhaj Entry Test,Easy,40% / 100 marks,13
PK-PUN-011,Minhaj University Lahore,Private,Punjab,Lahore,1986,9,W3,Mechanical Engineering,STEM,2023,1772,1172,600,55,32.2,8,46,1718,223,,19,3.16,67.6,10.6,Mostly Urban,120252,6,12,Yes,Minhaj Entry Test,Easy,40% / 100 marks,14
PK-PUN-011,Minhaj University Lahore,Private,Punjab,Lahore,1986,9,W3,Mechanical Engineering,STEM,2024,1702,703,999,59,28.8,46,252,1404,288,35,,3.38,66.5,15.4,Mostly Rural,88852,15,8,Yes,Minhaj Entry Test,Easy,40% / 100 marks,11
PK-PUN-011,Minhaj University Lahore,Private,Punjab,Lahore,1986,9,W3,Mechanical Engineering,STEM,2025,1655,1180,475,47,35.2,,129,,265,,21,3.54,79.7,7.2,Mostly Rural,79134,13,,Yes,Minhaj Entry Test,Easy,40% / 100 marks,11
PK-PUN-011,Minhaj University Lahore,Private,Punjab,Lahore,1986,9,W3,Pharmacy,STEM,2022,1861,920,941,69,27,136,,,130,,64,3.51,72.8,14.6,Mostly Urban,,10,35,Yes,Minhaj Entry Test,Easy,40% / 100 marks,10
PK-PUN-011,Minhaj University Lahore,Private,Punjab,Lahore,1986,9,W3,Pharmacy,STEM,2023,1658,637,1021,54,30.7,121,197,1340,265,42,54,3.47,75.5,,Mixed Urban-Rural,,,,Yes,Minhaj Entry Test,Easy,40% / 100 marks,11
PK-PUN-011,Minhaj University Lahore,Private,Punjab,Lahore,1986,9,W3,Pharmacy,STEM,2024,1844,742,1102,79,23.3,145,46,1653,349,27,12,3.25,87.6,7.7,Mostly Urban,120097,,8,Yes,Minhaj Entry Test,Easy,40% / 100 marks,13
PK-PUN-011,Minhaj University Lahore,Private,Punjab,Lahore,1986,9,W3,Pharmacy,STEM,2025,1634,714,920,47,34.8,22,37,1575,259,,,3.07,82.7,10.9,Mixed Urban-Rural,107891,13,,Yes,Minhaj Entry Test,Easy,40% / 100 marks,11
PK-PUN-011,Minhaj University Lahore,Private,Punjab,Lahore,1986,9,W3,Statistics,STEM,2022,1462,592,870,53,27.6,86,235,1141,99,,80,3.19,69.3,13,Mostly Urban,126394,7,19,Yes,Minhaj Entry Test,Easy,40% / 100 marks,14
PK-PUN-011,Minhaj University Lahore,Private,Punjab,Lahore,1986,9,W3,Statistics,STEM,2023,1420,830,590,47,30.2,,,,176,,6,,61.1,,Mostly Rural,100757,10,29,Yes,Minhaj Entry Test,Easy,40% / 100 marks,12
PK-PUN-011,Minhaj University Lahore,Private,Punjab,Lahore,1986,9,W3,Statistics,STEM,2024,1695,807,888,76,22.3,127,293,1275,161,42,74,3.64,55.8,8.9,Mostly Rural,81385,2,21,Yes,Minhaj Entry Test,Easy,40% / 100 marks,10
PK-PUN-011,Minhaj University Lahore,Private,Punjab,Lahore,1986,9,W3,Statistics,STEM,2025,1449,750,699,54,26.8,23,225,1201,202,36,7,3.22,66.2,,Mostly Urban,129620,2,29,Yes,Minhaj Entry Test,Easy,40% / 100 marks,12
PK-PUN-015,National College of Arts Lahore,Public,Punjab,Lahore,1875,1,W4,Architecture,Arts & Social Sciences,2022,2121,848,1273,87,24.4,20,,,308,58,79,3.61,80,17,Mixed Urban-Rural,15653,4,29,Yes,NCA Portfolio + Test,Difficult,Portfolio + 60% written,14
PK-PUN-015,National College of Arts Lahore,Public,Punjab,Lahore,1875,1,W4,Architecture,Arts & Social Sciences,2023,2627,1493,1134,116,22.6,183,52,2392,164,60,52,2.91,76,5.8,Mostly Rural,38582,1,4,Yes,NCA Portfolio + Test,Difficult,Portfolio + 60% written,11
PK-PUN-015,National College of Arts Lahore,Public,Punjab,Lahore,1875,1,W4,Architecture,Arts & Social Sciences,2024,2374,1255,1119,95,25,113,1,2260,90,43,5,2.66,72.5,14.4,Mostly Urban,15336,18,7,Yes,NCA Portfolio + Test,Difficult,Portfolio + 60% written,13
PK-PUN-015,National College of Arts Lahore,Public,Punjab,Lahore,1875,1,W4,Architecture,Arts & Social Sciences,2025,2815,1519,1296,85,33.1,137,346,2332,398,31,79,3.22,66.1,2.2,Mostly Rural,8457,18,22,Yes,NCA Portfolio + Test,Difficult,Portfolio + 60% written,11
PK-PUN-015,National College of Arts Lahore,Public,Punjab,Lahore,1875,1,W4,Design,Arts & Social Sciences,2022,2944,1619,1325,132,22.3,41,124,2779,143,25,40,3.26,62.4,2.1,Mostly Rural,44142,16,,Yes,NCA Portfolio + Test,Difficult,Portfolio + 60% written,
PK-PUN-015,National College of Arts Lahore,Public,Punjab,Lahore,1875,1,W4,Design,Arts & Social Sciences,2023,3017,1846,1171,113,26.7,36,,,378,60,34,,59,,Mostly Rural,27542,,0,Yes,NCA Portfolio + Test,Difficult,Portfolio + 60% written,14
PK-PUN-015,National College of Arts Lahore,Public,Punjab,Lahore,1875,1,W4,Design,Arts & Social Sciences,2024,2711,1365,1346,78,34.8,177,227,2307,165,13,36,3.15,67.3,6.3,Mostly Urban,8669,20,4,Yes,NCA Portfolio + Test,Difficult,Portfolio + 60% written,14
PK-PUN-015,National College of Arts Lahore,Public,Punjab,Lahore,1875,1,W4,Design,Arts & Social Sciences,2025,3230,1574,1656,129,25,198,413,2619,378,45,12,3.63,54.4,5.5,Mostly Urban,23248,,7,Yes,NCA Portfolio + Test,Difficult,Portfolio + 60% written,12
PK-PUN-015,National College of Arts Lahore,Public,Punjab,Lahore,1875,1,W4,Fine Arts,Arts & Social Sciences,2022,2121,1109,1012,66,32.1,82,56,1983,67,15,77,3.6,38.5,,Mostly Urban,29595,12,31,Yes,NCA Portfolio + Test,Difficult,Portfolio + 60% written,11
PK-PUN-015,National College of Arts Lahore,Public,Punjab,Lahore,1875,1,W4,Fine Arts,Arts & Social Sciences,2023,2011,997,1014,79,25.5,4,402,1605,311,14,8,3.01,42,14,Mostly Urban,38315,15,,Yes,NCA Portfolio + Test,Difficult,Portfolio + 60% written,12
PK-PUN-015,National College of Arts Lahore,Public,Punjab,Lahore,1875,1,W4,Fine Arts,Arts & Social Sciences,2024,2056,824,1232,72,28.6,123,31,1902,251,41,36,2.85,38,9.5,Mostly Rural,,3,32,Yes,NCA Portfolio + Test,Difficult,Portfolio + 60% written,
PK-PUN-015,National College of Arts Lahore,Public,Punjab,Lahore,1875,1,W4,Fine Arts,Arts & Social Sciences,2025,2321,1438,883,75,30.9,37,95,2189,399,43,25,3.09,42.1,15.3,,16919,13,9,Yes,NCA Portfolio + Test,Difficult,Portfolio + 60% written,11
PK-PUN-015,National College of Arts Lahore,Public,Punjab,Lahore,1875,1,W4,Textile Design,Arts & Social Sciences,2022,3052,2051,1001,97,31.5,,223,,415,44,73,3.12,65.1,8.6,Mixed Urban-Rural,,,33,Yes,NCA Portfolio + Test,Difficult,Portfolio + 60% written,11
PK-PUN-015,National College of Arts Lahore,Public,Punjab,Lahore,1875,1,W4,Textile Design,Arts & Social Sciences,2023,3208,1864,1344,128,25.1,74,591,2543,270,,50,3.26,50.9,2.9,Mostly Rural,24867,11,3,Yes,NCA Portfolio + Test,Difficult,Portfolio + 60% written,14
PK-PUN-015,National College of Arts Lahore,Public,Punjab,Lahore,1875,1,W4,Textile Design,Arts & Social Sciences,2024,3133,1723,1410,93,33.7,,539,,83,55,35,3.55,58,15.4,Mostly Urban,16535,6,,Yes,NCA Portfolio + Test,Difficult,Portfolio + 60% written,10
PK-PUN-015,National College of Arts Lahore,Public,Punjab,Lahore,1875,1,W4,Textile Design,Arts & Social Sciences,2025,3166,1722,1444,135,23.5,27,58,3081,506,7,50,3.01,51.2,4.1,Mixed Urban-Rural,44207,12,,Yes,NCA Portfolio + Test,Difficult,Portfolio + 60% written,13
PK-PUN-021,National Textile University Faisalabad,Public,Punjab,Faisalabad,2002,37,W2,Biology,STEM,2022,533,229,304,16,33.3,38,93,402,13,23,38,2.76,49,18,Mostly Rural,,7,,Yes,NTU Entry Test,Medium,50% / 100 marks,12
PK-PUN-021,National Textile University Faisalabad,Public,Punjab,Faisalabad,2002,37,W2,Biology,STEM,2023,574,405,169,18,31.9,18,56,500,41,18,71,3.28,50.5,,Mixed Urban-Rural,31117,4,28,Yes,NTU Entry Test,Medium,50% / 100 marks,11
PK-PUN-021,National Textile University Faisalabad,Public,Punjab,Faisalabad,2002,37,W2,Biology,STEM,2024,706,370,336,25,28.2,8,,,125,48,,3.31,49.8,10.6,Mostly Urban,11600,20,,Yes,NTU Entry Test,Medium,50% / 100 marks,15
PK-PUN-021,National Textile University Faisalabad,Public,Punjab,Faisalabad,2002,37,W2,Biology,STEM,2025,597,240,357,25,23.9,13,17,567,,30,59,2.99,50.7,12.8,Mixed Urban-Rural,17047,10,23,Yes,NTU Entry Test,Medium,50% / 100 marks,16
PK-PUN-021,National Textile University Faisalabad,Public,Punjab,Faisalabad,2002,37,W2,Business Administration,Business,2022,535,293,242,23,23.3,29,98,408,,,27,3.6,76.5,10.9,Mostly Urban,23944,9,32,Yes,NTU Entry Test,Medium,50% / 100 marks,13
PK-PUN-021,National Textile University Faisalabad,Public,Punjab,Faisalabad,2002,37,W2,Business Administration,Business,2023,647,329,318,26,24.9,43,87,517,18,35,71,2.83,78.5,16.1,,10702,1,22,Yes,NTU Entry Test,Medium,50% / 100 marks,11
PK-PUN-021,National Textile University Faisalabad,Public,Punjab,Faisalabad,2002,37,W2,Business Administration,Business,2024,567,297,270,21,27,,35,,52,,31,3.6,69.9,7.2,Mostly Rural,31948,13,26,Yes,NTU Entry Test,Medium,50% / 100 marks,14
PK-PUN-021,National Textile University Faisalabad,Public,Punjab,Faisalabad,2002,37,W2,Business Administration,Business,2025,600,318,282,23,26.1,40,0,560,52,1,76,3.06,69.8,11,Mostly Urban,29876,2,8,Yes,NTU Entry Test,Medium,50% / 100 marks,14
PK-PUN-021,National Textile University Faisalabad,Public,Punjab,Faisalabad,2002,37,W2,Computer Science,STEM,2022,662,411,251,27,24.5,8,,,60,56,5,3.32,89.1,6.5,Mostly Urban,20192,16,0,Yes,NTU Entry Test,Medium,50% / 100 marks,11
PK-PUN-021,National Textile University Faisalabad,Public,Punjab,Faisalabad,2002,37,W2,Computer Science,STEM,2023,599,297,302,21,28.5,29,,,115,44,20,2.92,83.1,11.6,Mostly Urban,17438,5,17,Yes,NTU Entry Test,Medium,50% / 100 marks,16
PK-PUN-021,National Textile University Faisalabad,Public,Punjab,Faisalabad,2002,37,W2,Computer Science,STEM,2024,624,389,235,22,28.4,,103,,57,42,4,,80.4,4.8,,17931,2,33,Yes,NTU Entry Test,Medium,50% / 100 marks,12
PK-PUN-021,National Textile University Faisalabad,Public,Punjab,Faisalabad,2002,37,W2,Computer Science,STEM,2025,641,443,198,27,23.7,36,42,563,101,54,72,3.15,87.1,12.9,Mostly Rural,13622,,16,Yes,NTU Entry Test,Medium,50% / 100 marks,12
PK-PUN-021,National Textile University Faisalabad,Public,Punjab,Faisalabad,2002,37,W2,Environmental Science,STEM,2022,848,579,269,25,33.9,14,37,797,112,45,,3.6,56.6,7.6,,32523,1,,Yes,NTU Entry Test,Medium,50% / 100 marks,
PK-PUN-021,National Textile University Faisalabad,Public,Punjab,Faisalabad,2002,37,W2,Environmental Science,STEM,2023,878,420,458,37,23.7,4,163,711,17,33,10,2.9,52.5,,Mixed Urban-Rural,,7,12,Yes,NTU Entry Test,Medium,50% / 100 marks,15
PK-PUN-021,National Textile University Faisalabad,Public,Punjab,Faisalabad,2002,37,W2,Environmental Science,STEM,2024,833,501,332,32,26,,26,,134,,61,2.91,57.3,10,Mostly Urban,37543,,2,Yes,NTU Entry Test,Medium,50% / 100 marks,13
PK-PUN-021,National Textile University Faisalabad,Public,Punjab,Faisalabad,2002,37,W2,Environmental Science,STEM,2025,784,421,363,23,34.1,6,99,679,57,6,70,2.72,48.6,14.7,Mostly Rural,38803,19,33,Yes,NTU Entry Test,Medium,50% / 100 marks,16
PK-PUN-021,National Textile University Faisalabad,Public,Punjab,Faisalabad,2002,37,W2,History,Arts & Social Sciences,2022,370,160,210,16,23.1,20,44,306,73,12,6,3.01,45.9,8.8,Mixed Urban-Rural,23690,17,,Yes,NTU Entry Test,Medium,50% / 100 marks,10
PK-PUN-021,National Textile University Faisalabad,Public,Punjab,Faisalabad,2002,37,W2,History,Arts & Social Sciences,2023,339,174,165,14,24.2,26,54,259,7,,64,2.6,39.5,9.5,,21264,11,29,Yes,NTU Entry Test,Medium,50% / 100 marks,12
PK-PUN-021,National Textile University Faisalabad,Public,Punjab,Faisalabad,2002,37,W2,History,Arts & Social Sciences,2024,353,224,129,12,29.4,,66,,52,45,35,,41,6.4,Mostly Urban,43675,1,30,Yes,NTU Entry Test,Medium,50% / 100 marks,14
PK-PUN-021,National Textile University Faisalabad,Public,Punjab,Faisalabad,2002,37,W2,History,Arts & Social Sciences,2025,359,224,135,16,22.4,14,14,331,26,50,74,2.92,39.3,,Mostly Rural,39505,20,,Yes,NTU Entry Test,Medium,50% / 100 marks,14
PK-PUN-021,National Textile University Faisalabad,Public,Punjab,Faisalabad,2002,37,W2,Information Technology,STEM,2022,661,284,377,29,22.8,3,123,535,79,56,21,3.12,73.3,12.9,Mixed Urban-Rural,35996,16,,Yes,NTU Entry Test,Medium,50% / 100 marks,13
PK-PUN-021,National Textile University Faisalabad,Public,Punjab,Faisalabad,2002,37,W2,Information Technology,STEM,2023,606,355,251,22,27.5,15,99,492,82,43,55,2.77,77.4,1.8,Mixed Urban-Rural,26451,12,,Yes,NTU Entry Test,Medium,50% / 100 marks,15
PK-PUN-021,National Textile University Faisalabad,Public,Punjab,Faisalabad,2002,37,W2,Information Technology,STEM,2024,641,287,354,20,32,29,,,,39,,2.66,73,9.4,Mixed Urban-Rural,40298,,21,Yes,NTU Entry Test,Medium,50% / 100 marks,12
PK-PUN-021,National Textile University Faisalabad,Public,Punjab,Faisalabad,2002,37,W2,Information Technology,STEM,2025,594,367,227,26,22.8,35,26,533,8,8,22,3.26,77.4,15.4,Mostly Rural,21323,7,5,Yes,NTU Entry Test,Medium,50% / 100 marks,11
PK-PUN-027,PMAS Arid Agriculture University Rawalpindi,Public,Punjab,Rawalpindi,1970,29,W2,Agricultural Engineering,STEM,2022,155,81,74,5,31,1,2,152,,60,74,3.26,57.6,,Mostly Urban,27354,8,24,Yes,UAAR Entry Test,Easy,45% / 100 marks,18
PK-PUN-027,PMAS Arid Agriculture University Rawalpindi,Public,Punjab,Rawalpindi,1970,29,W2,Agricultural Engineering,STEM,2023,191,73,118,7,27.3,8,33,150,29,40,62,,56.6,,Mostly Urban,34560,15,0,Yes,UAAR Entry Test,Easy,45% / 100 marks,23
PK-PUN-027,PMAS Arid Agriculture University Rawalpindi,Public,Punjab,Rawalpindi,1970,29,W2,Agricultural Engineering,STEM,2024,190,100,90,5,38,1,6,183,24,51,64,3.09,64.2,,Mostly Urban,35729,1,,Yes,UAAR Entry Test,Easy,45% / 100 marks,20
PK-PUN-027,PMAS Arid Agriculture University Rawalpindi,Public,Punjab,Rawalpindi,1970,29,W2,Agricultural Engineering,STEM,2025,167,79,88,7,23.9,8,26,133,13,14,78,2.78,67.5,16.8,Mixed Urban-Rural,15136,,14,Yes,UAAR Entry Test,Easy,45% / 100 marks,20
PK-PUN-027,PMAS Arid Agriculture University Rawalpindi,Public,Punjab,Rawalpindi,1970,29,W2,Agriculture,STEM,2022,486,184,302,14,34.7,24,94,368,54,22,77,2.71,48.9,12.2,Mixed Urban-Rural,27886,9,9,Yes,UAAR Entry Test,Easy,45% / 100 marks,23
PK-PUN-027,PMAS Arid Agriculture University Rawalpindi,Public,Punjab,Rawalpindi,1970,29,W2,Agriculture,STEM,2023,594,265,329,18,33,9,84,501,47,15,70,2.89,57,10.6,Mostly Urban,,7,30,Yes,UAAR Entry Test,Easy,45% / 100 marks,20
PK-PUN-027,PMAS Arid Agriculture University Rawalpindi,Public,Punjab,Rawalpindi,1970,29,W2,Agriculture,STEM,2024,612,313,299,17,36,38,112,462,66,52,74,3.03,54.9,7.9,Mostly Rural,44522,13,13,Yes,UAAR Entry Test,Easy,45% / 100 marks,
PK-PUN-027,PMAS Arid Agriculture University Rawalpindi,Public,Punjab,Rawalpindi,1970,29,W2,Agriculture,STEM,2025,619,347,272,20,30.9,15,16,588,5,14,44,,48.2,15.4,Mixed Urban-Rural,33894,5,8,Yes,UAAR Entry Test,Easy,45% / 100 marks,21
PK-PUN-027,PMAS Arid Agriculture University Rawalpindi,Public,Punjab,Rawalpindi,1970,29,W2,Food Science & Technology,STEM,2022,829,497,332,31,26.7,14,14,801,,50,9,2.68,63.9,,Mostly Urban,,9,32,Yes,UAAR Entry Test,Easy,45% / 100 marks,21
PK-PUN-027,PMAS Arid Agriculture University Rawalpindi,Public,Punjab,Rawalpindi,1970,29,W2,Food Science & Technology,STEM,2023,718,504,214,21,34.2,24,13,681,54,19,74,3.38,54,12.8,Mostly Urban,34534,7,,Yes,UAAR Entry Test,Easy,45% / 100 marks,21
PK-PUN-027,PMAS Arid Agriculture University Rawalpindi,Public,Punjab,Rawalpindi,1970,29,W2,Food Science & Technology,STEM,2024,778,365,413,32,24.3,60,81,637,67,26,62,3.69,64.8,2.7,Mostly Urban,42754,,5,Yes,UAAR Entry Test,Easy,45% / 100 marks,21
PK-PUN-027,PMAS Arid Agriculture University Rawalpindi,Public,Punjab,Rawalpindi,1970,29,W2,Food Science & Technology,STEM,2025,857,612,245,26,33,14,111,732,44,,31,3.6,55.9,8.5,Mostly Rural,12333,1,9,Yes,UAAR Entry Test,Easy,45% / 100 marks,21
PK-PUN-027,PMAS Arid Agriculture University Rawalpindi,Public,Punjab,Rawalpindi,1970,29,W2,Horticulture,STEM,2022,405,245,160,12,33.8,25,13,367,,9,46,3.24,53.7,16.2,Mostly Urban,29029,11,,Yes,UAAR Entry Test,Easy,45% / 100 marks,21
PK-PUN-027,PMAS Arid Agriculture University Rawalpindi,Public,Punjab,Rawalpindi,1970,29,W2,Horticulture,STEM,2023,406,259,147,16,25.4,32,14,360,59,46,34,2.84,52.9,,Mixed Urban-Rural,,1,31,Yes,UAAR Entry Test,Easy,45% / 100 marks,22
PK-PUN-027,PMAS Arid Agriculture University Rawalpindi,Public,Punjab,Rawalpindi,1970,29,W2,Horticulture,STEM,2024,406,270,136,15,27.1,30,6,370,54,10,10,,47.6,7.4,Mostly Urban,25461,4,25,Yes,UAAR Entry Test,Easy,45% / 100 marks,23
PK-PUN-027,PMAS Arid Agriculture University Rawalpindi,Public,Punjab,Rawalpindi,1970,29,W2,Horticulture,STEM,2025,411,159,252,17,24.2,31,29,351,27,22,71,2.82,47.2,17.5,Mostly Rural,40038,3,9,Yes,UAAR Entry Test,Easy,45% / 100 marks,21
PK-PUN-027,PMAS Arid Agriculture University Rawalpindi,Public,Punjab,Rawalpindi,1970,29,W2,Soil Science,STEM,2022,431,203,228,18,23.9,27,45,359,63,,53,2.71,42,12.3,Mostly Urban,44412,1,34,Yes,UAAR Entry Test,Easy,45% / 100 marks,
PK-PUN-027,PMAS Arid Agriculture University Rawalpindi,Public,Punjab,Rawalpindi,1970,29,W2,Soil Science,STEM,2023,379,195,184,15,25.3,16,21,342,26,40,21,3.39,52.9,2.1,Mostly Rural,13454,14,18,Yes,UAAR Entry Test,Easy,45% / 100 marks,18
PK-PUN-027,PMAS Arid Agriculture University Rawalpindi,Public,Punjab,Rawalpindi,1970,29,W2,Soil Science,STEM,2024,445,191,254,20,22.2,16,8,421,7,8,,3.37,43.1,13.3,Mostly Rural,21719,,20,Yes,UAAR Entry Test,Easy,45% / 100 marks,18
PK-PUN-027,PMAS Arid Agriculture University Rawalpindi,Public,Punjab,Rawalpindi,1970,29,W2,Soil Science,STEM,2025,439,180,259,14,31.4,34,16,389,,,13,2.83,41.3,,Mostly Urban,,5,,Yes,UAAR Entry Test,Easy,45% / 100 marks,19
PK-PUN-012,Superior University Lahore,Private,Punjab,Lahore,2000,45,W1,Accounting & Finance,Business,2022,293,152,141,11,26.6,10,22,261,38,35,43,2.93,68.8,8.3,Mostly Rural,89304,10,4,Yes,Superior Entry Test,Easy,40% / 100 marks,11
PK-PUN-012,Superior University Lahore,Private,Punjab,Lahore,2000,45,W1,Accounting & Finance,Business,2023,356,172,184,15,23.7,8,36,312,36,60,34,2.89,73.1,16,Mostly Urban,128578,,26,Yes,Superior Entry Test,Easy,40% / 100 marks,14
PK-PUN-012,Superior University Lahore,Private,Punjab,Lahore,2000,45,W1,Accounting & Finance,Business,2024,313,195,118,9,34.8,3,6,304,61,54,71,3.09,67.5,18,Mostly Rural,,16,33,Yes,Superior Entry Test,Easy,40% / 100 marks,10
PK-PUN-012,Superior University Lahore,Private,Punjab,Lahore,2000,45,W1,Accounting & Finance,Business,2025,342,163,179,10,34.2,1,55,286,,2,77,,70.6,7.8,Mostly Urban,84287,,22,Yes,Superior Entry Test,Easy,40% / 100 marks,14
PK-PUN-012,Superior University Lahore,Private,Punjab,Lahore,2000,45,W1,Business Administration,Business,2022,94,39,55,5,18.8,7,17,70,14,21,48,,70.4,17.5,Mostly Rural,118626,18,16,Yes,Superior Entry Test,Easy,40% / 100 marks,10
PK-PUN-012,Superior University Lahore,Private,Punjab,Lahore,2000,45,W1,Business Administration,Business,2023,113,58,55,5,22.6,6,21,86,11,11,73,2.94,64.2,2.1,Mixed Urban-Rural,124750,,28,Yes,Superior Entry Test,Easy,40% / 100 marks,11
PK-PUN-012,Superior University Lahore,Private,Punjab,Lahore,2000,45,W1,Business Administration,Business,2024,117,60,57,5,23.4,5,4,108,6,57,72,3.66,73.8,6.1,,175697,16,18,Yes,Superior Entry Test,Easy,40% / 100 marks,13
PK-PUN-012,Superior University Lahore,Private,Punjab,Lahore,2000,45,W1,Business Administration,Business,2025,103,48,55,5,20.6,,8,,16,10,10,2.97,67.8,7.1,Mostly Urban,110903,5,14,Yes,Superior Entry Test,Easy,40% / 100 marks,10
PK-PUN-012,Superior University Lahore,Private,Punjab,Lahore,2000,45,W1,Economics,Business,2022,49,20,29,5,9.8,3,,,6,,4,3.1,72.9,12.6,Mostly Rural,56403,,22,Yes,Superior Entry Test,Easy,40% / 100 marks,11
PK-PUN-012,Superior University Lahore,Private,Punjab,Lahore,2000,45,W1,Economics,Business,2023,59,28,31,5,11.8,4,4,51,5,11,50,,57.9,4.3,,72276,15,,Yes,Superior Entry Test,Easy,40% / 100 marks,14
PK-PUN-012,Superior University Lahore,Private,Punjab,Lahore,2000,45,W1,Economics,Business,2024,64,36,28,5,12.8,2,,,7,42,14,3.05,73,8.7,Mostly Urban,126626,16,31,Yes,Superior Entry Test,Easy,40% / 100 marks,14
PK-PUN-012,Superior University Lahore,Private,Punjab,Lahore,2000,45,W1,Economics,Business,2025,57,26,31,5,11.4,4,7,46,5,40,26,2.97,69.6,12.7,Mostly Rural,63400,19,21,Yes,Superior Entry Test,Easy,40% / 100 marks,12
PK-PUN-012,Superior University Lahore,Private,Punjab,Lahore,2000,45,W1,Human Resource Management,Business,2022,240,134,106,7,34.3,2,6,232,36,12,21,,71.6,,Mixed Urban-Rural,,,35,Yes,Superior Entry Test,Easy,40% / 100 marks,
PK-PUN-012,Superior University Lahore,Private,Punjab,Lahore,2000,45,W1,Human Resource Management,Business,2023,251,173,78,8,31.4,1,14,236,8,31,12,3.28,67.7,7.3,Mostly Rural,101525,4,11,Yes,Superior Entry Test,Easy,40% / 100 marks,14
PK-PUN-012,Superior University Lahore,Private,Punjab,Lahore,2000,45,W1,Human Resource Management,Business,2024,244,167,77,7,34.9,4,24,216,15,,74,2.89,69,12.7,Mostly Urban,105135,1,12,Yes,Superior Entry Test,Easy,40% / 100 marks,13
PK-PUN-012,Superior University Lahore,Private,Punjab,Lahore,2000,45,W1,Human Resource Management,Business,2025,254,121,133,9,28.2,10,,,38,38,42,,71,14.8,Mixed Urban-Rural,104482,20,20,Yes,Superior Entry Test,Easy,40% / 100 marks,
PK-PUN-012,Superior University Lahore,Private,Punjab,Lahore,2000,45,W1,Information Technology,STEM,2022,157,83,74,6,26.2,11,14,132,11,,57,2.95,82.2,9,Mostly Urban,102014,13,5,Yes,Superior Entry Test,Easy,40% / 100 marks,10
PK-PUN-012,Superior University Lahore,Private,Punjab,Lahore,2000,45,W1,Information Technology,STEM,2023,139,81,58,6,23.2,6,4,129,14,,23,3.24,76.9,6.7,Mixed Urban-Rural,87029,14,,Yes,Superior Entry Test,Easy,40% / 100 marks,14
PK-PUN-012,Superior University Lahore,Private,Punjab,Lahore,2000,45,W1,Information Technology,STEM,2024,162,77,85,5,32.4,8,12,142,13,1,12,3.44,73.9,3.3,Mixed Urban-Rural,,8,10,Yes,Superior Entry Test,Easy,40% / 100 marks,
PK-PUN-012,Superior University Lahore,Private,Punjab,Lahore,2000,45,W1,Information Technology,STEM,2025,146,87,59,6,24.3,1,17,128,16,32,25,3.15,73.4,8.7,Mixed Urban-Rural,56105,,35,Yes,Superior Entry Test,Easy,40% / 100 marks,11
PK-PUN-012,Superior University Lahore,Private,Punjab,Lahore,2000,45,W1,Marketing,Business,2022,290,140,150,11,26.4,15,33,242,,36,3,3.45,62.1,15.2,Mostly Rural,107655,4,8,Yes,Superior Entry Test,Easy,40% / 100 marks,10
PK-PUN-012,Superior University Lahore,Private,Punjab,Lahore,2000,45,W1,Marketing,Business,2023,315,190,125,13,24.2,2,,,17,,21,3.67,62.3,5.7,Mixed Urban-Rural,118648,4,,Yes,Superior Entry Test,Easy,40% / 100 marks,10
PK-PUN-012,Superior University Lahore,Private,Punjab,Lahore,2000,45,W1,Marketing,Business,2024,379,201,178,11,34.5,,14,,72,,38,3.08,66.5,1.8,Mostly Urban,77032,,10,Yes,Superior Entry Test,Easy,40% / 100 marks,13
PK-PUN-012,Superior University Lahore,Private,Punjab,Lahore,2000,45,W1,Marketing,Business,2025,364,162,202,13,28,16,70,278,46,17,,2.78,74,16.9,Mixed Urban-Rural,77402,2,,Yes,Superior Entry Test,Easy,40% / 100 marks,12
PK-PUN-019,University of Agriculture Faisalabad,Public,Punjab,Faisalabad,1961,15,W3,Agriculture,STEM,2022,1340,511,829,59,22.7,53,130,1157,72,3,56,3.55,56.4,4,Mostly Rural,41573,1,,Yes,UAF Entry Test / ECAT,Medium,50% / 100 marks,43
PK-PUN-019,University of Agriculture Faisalabad,Public,Punjab,Faisalabad,1961,15,W3,Agriculture,STEM,2023,1535,688,847,53,29,5,231,1299,124,52,5,2.81,62.6,,Mostly Rural,27549,7,26,Yes,UAF Entry Test / ECAT,Medium,50% / 100 marks,40
PK-PUN-019,University of Agriculture Faisalabad,Public,Punjab,Faisalabad,1961,15,W3,Agriculture,STEM,2024,1310,517,793,42,31.2,74,,,147,13,71,3.12,59.7,12,Mostly Rural,39914,5,7,Yes,UAF Entry Test / ECAT,Medium,50% / 100 marks,40
PK-PUN-019,University of Agriculture Faisalabad,Public,Punjab,Faisalabad,1961,15,W3,Agriculture,STEM,2025,1407,720,687,55,25.6,62,260,1085,186,24,8,3.3,48.2,1.7,Mostly Rural,24463,18,,Yes,UAF Entry Test / ECAT,Medium,50% / 100 marks,35
PK-PUN-019,University of Agriculture Faisalabad,Public,Punjab,Faisalabad,1961,15,W3,Agronomy,STEM,2022,1949,741,1208,62,31.4,35,143,1771,51,33,8,3.53,49,15.9,,22900,15,34,Yes,UAF Entry Test / ECAT,Medium,50% / 100 marks,42
PK-PUN-019,University of Agriculture Faisalabad,Public,Punjab,Faisalabad,1961,15,W3,Agronomy,STEM,2023,1789,900,889,66,27.1,40,256,1493,222,58,11,2.95,60.2,13.4,Mostly Rural,33980,,15,Yes,UAF Entry Test / ECAT,Medium,50% / 100 marks,39
PK-PUN-019,University of Agriculture Faisalabad,Public,Punjab,Faisalabad,1961,15,W3,Agronomy,STEM,2024,1944,883,1061,56,34.7,117,246,1581,197,48,49,,51.9,10,Mostly Rural,20613,19,5,Yes,UAF Entry Test / ECAT,Medium,50% / 100 marks,37
PK-PUN-019,University of Agriculture Faisalabad,Public,Punjab,Faisalabad,1961,15,W3,Agronomy,STEM,2025,1879,1341,538,65,28.9,92,288,1499,81,9,62,2.63,59.3,11.8,Mostly Rural,18011,8,7,Yes,UAF Entry Test / ECAT,Medium,50% / 100 marks,45
PK-PUN-019,University of Agriculture Faisalabad,Public,Punjab,Faisalabad,1961,15,W3,Fisheries,STEM,2022,1361,954,407,60,22.7,97,161,1103,33,,63,3.29,42.4,15.9,Mostly Rural,44188,19,16,Yes,UAF Entry Test / ECAT,Medium,50% / 100 marks,45
PK-PUN-019,University of Agriculture Faisalabad,Public,Punjab,Faisalabad,1961,15,W3,Fisheries,STEM,2023,1233,800,433,44,28,79,215,939,,55,70,2.99,45,5,Mostly Urban,,10,24,Yes,UAF Entry Test / ECAT,Medium,50% / 100 marks,43
PK-PUN-019,University of Agriculture Faisalabad,Public,Punjab,Faisalabad,1961,15,W3,Fisheries,STEM,2024,1307,864,443,52,25.1,51,,,16,1,55,,44.2,8.1,Mostly Rural,9825,18,34,Yes,UAF Entry Test / ECAT,Medium,50% / 100 marks,44
PK-PUN-019,University of Agriculture Faisalabad,Public,Punjab,Faisalabad,1961,15,W3,Fisheries,STEM,2025,1326,922,404,43,30.8,62,,,73,1,15,3.26,48.6,13.3,Mostly Urban,11085,5,9,Yes,UAF Entry Test / ECAT,Medium,50% / 100 marks,35
PK-PUN-019,University of Agriculture Faisalabad,Public,Punjab,Faisalabad,1961,15,W3,Food Science & Technology,STEM,2022,1208,826,382,48,25.2,,11,,160,58,58,3.06,68.5,6.9,Mostly Urban,22764,15,,Yes,UAF Entry Test / ECAT,Medium,50% / 100 marks,43
PK-PUN-019,University of Agriculture Faisalabad,Public,Punjab,Faisalabad,1961,15,W3,Food Science & Technology,STEM,2023,1236,568,668,53,23.3,,81,,,40,30,3.31,56.7,16.4,Mixed Urban-Rural,22591,9,,Yes,UAF Entry Test / ECAT,Medium,50% / 100 marks,43
PK-PUN-019,University of Agriculture Faisalabad,Public,Punjab,Faisalabad,1961,15,W3,Food Science & Technology,STEM,2024,1241,686,555,50,24.8,13,239,989,248,,42,2.65,69.5,12.2,Mixed Urban-Rural,37095,18,2,Yes,UAF Entry Test / ECAT,Medium,50% / 100 marks,42
PK-PUN-019,University of Agriculture Faisalabad,Public,Punjab,Faisalabad,1961,15,W3,Food Science & Technology,STEM,2025,1350,714,636,40,33.8,54,134,1162,159,40,21,2.63,63.9,9.3,Mostly Rural,23197,14,1,Yes,UAF Entry Test / ECAT,Medium,50% / 100 marks,38
PK-PUN-019,University of Agriculture Faisalabad,Public,Punjab,Faisalabad,1961,15,W3,Horticulture,STEM,2022,526,367,159,17,30.9,28,20,478,20,60,67,3.08,49.7,13.1,Mixed Urban-Rural,33788,2,,Yes,UAF Entry Test / ECAT,Medium,50% / 100 marks,36
PK-PUN-019,University of Agriculture Faisalabad,Public,Punjab,Faisalabad,1961,15,W3,Horticulture,STEM,2023,600,295,305,22,27.3,,94,,34,19,23,2.88,53.3,10.6,Mostly Urban,36367,7,24,Yes,UAF Entry Test / ECAT,Medium,50% / 100 marks,35
PK-PUN-019,University of Agriculture Faisalabad,Public,Punjab,Faisalabad,1961,15,W3,Horticulture,STEM,2024,622,386,236,22,28.3,17,118,487,41,58,76,,53.6,3.4,,,6,,Yes,UAF Entry Test / ECAT,Medium,50% / 100 marks,43
PK-PUN-019,University of Agriculture Faisalabad,Public,Punjab,Faisalabad,1961,15,W3,Horticulture,STEM,2025,617,319,298,21,29.4,24,7,586,102,17,15,3.36,52.3,5.7,,26861,19,8,Yes,UAF Entry Test / ECAT,Medium,50% / 100 marks,45
PK-PUN-005,University of Central Punjab,Private,Punjab,Lahore,1999,25,W2,Computer Science,STEM,2022,266,125,141,9,29.6,15,6,245,35,12,43,3.54,78.9,10.6,Mixed Urban-Rural,,,30,Yes,UCP Entry Test,Easy,40% / 100 marks,11
PK-PUN-005,University of Central Punjab,Private,Punjab,Lahore,1999,25,W2,Computer Science,STEM,2023,276,197,79,9,30.7,10,1,265,21,48,49,3.09,78,13.5,Mostly Urban,119454,17,10,Yes,UCP Entry Test,Easy,40% / 100 marks,16
PK-PUN-005,University of Central Punjab,Private,Punjab,Lahore,1999,25,W2,Computer Science,STEM,2024,267,148,119,9,29.7,4,2,261,,,56,3.49,75.2,8,Mixed Urban-Rural,129779,10,30,Yes,UCP Entry Test,Easy,40% / 100 marks,11
PK-PUN-005,University of Central Punjab,Private,Punjab,Lahore,1999,25,W2,Computer Science,STEM,2025,294,150,144,8,36.8,22,21,251,55,30,80,,85,11.7,Mixed Urban-Rural,125553,11,20,Yes,UCP Entry Test,Easy,40% / 100 marks,16
PK-PUN-005,University of Central Punjab,Private,Punjab,Lahore,1999,25,W2,English Literature,Arts & Social Sciences,2022,401,199,202,15,26.7,8,37,356,59,12,55,3.21,53.2,12.8,Mostly Urban,115645,,18,Yes,UCP Entry Test,Easy,40% / 100 marks,10
PK-PUN-005,University of Central Punjab,Private,Punjab,Lahore,1999,25,W2,English Literature,Arts & Social Sciences,2023,424,190,234,13,32.6,29,18,377,55,17,66,3.01,53.3,2.7,,106521,9,29,Yes,UCP Entry Test,Easy,40% / 100 marks,15
PK-PUN-005,University of Central Punjab,Private,Punjab,Lahore,1999,25,W2,English Literature,Arts & Social Sciences,2024,468,265,203,14,33.4,30,40,398,,31,37,3,48.2,,,62143,,,Yes,UCP Entry Test,Easy,40% / 100 marks,16
PK-PUN-005,University of Central Punjab,Private,Punjab,Lahore,1999,25,W2,English Literature,Arts & Social Sciences,2025,442,187,255,19,23.3,,35,,77,,8,3.26,51.9,5.5,Mostly Urban,127432,18,14,Yes,UCP Entry Test,Easy,40% / 100 marks,16
PK-PUN-005,University of Central Punjab,Private,Punjab,Lahore,1999,25,W2,Environmental Science,STEM,2022,348,229,119,14,24.9,,28,,39,7,14,3.61,56.9,11.6,Mostly Rural,55415,20,28,Yes,UCP Entry Test,Easy,40% / 100 marks,12
PK-PUN-005,University of Central Punjab,Private,Punjab,Lahore,1999,25,W2,Environmental Science,STEM,2023,314,130,184,13,24.2,6,31,277,53,34,52,2.62,58.4,15.9,Mixed Urban-Rural,105842,5,24,Yes,UCP Entry Test,Easy,40% / 100 marks,16
PK-PUN-005,University of Central Punjab,Private,Punjab,Lahore,1999,25,W2,Environmental Science,STEM,2024,321,166,155,12,26.8,21,31,269,29,30,40,2.62,52.7,2.6,Mostly Rural,102123,15,5,Yes,UCP Entry Test,Easy,40% / 100 marks,13
PK-PUN-005,University of Central Punjab,Private,Punjab,Lahore,1999,25,W2,Environmental Science,STEM,2025,355,176,179,13,27.3,1,46,308,71,51,23,3.38,61.6,,,127459,,28,Yes,UCP Entry Test,Easy,40% / 100 marks,14
PK-PUN-005,University of Central Punjab,Private,Punjab,Lahore,1999,25,W2,Information Technology,STEM,2022,287,192,95,11,26.1,18,50,219,9,5,42,2.92,85.7,15.8,Mostly Urban,110478,,4,Yes,UCP Entry Test,Easy,40% / 100 marks,12
PK-PUN-005,University of Central Punjab,Private,Punjab,Lahore,1999,25,W2,Information Technology,STEM,2023,281,116,165,8,35.1,5,0,276,28,9,62,3.49,73.9,4.3,Mostly Urban,62451,,,Yes,UCP Entry Test,Easy,40% / 100 marks,
PK-PUN-005,University of Central Punjab,Private,Punjab,Lahore,1999,25,W2,Information Technology,STEM,2024,295,198,97,8,36.9,20,2,273,50,,34,2.6,80.2,,Mostly Rural,119219,13,29,Yes,UCP Entry Test,Easy,40% / 100 marks,15
PK-PUN-005,University of Central Punjab,Private,Punjab,Lahore,1999,25,W2,Information Technology,STEM,2025,372,260,112,13,28.6,15,4,353,72,10,54,2.93,80.7,11.4,Mostly Rural,109055,11,1,Yes,UCP Entry Test,Easy,40% / 100 marks,14
PK-PUN-005,University of Central Punjab,Private,Punjab,Lahore,1999,25,W2,Pharmacy,STEM,2022,364,217,147,15,24.3,,56,,43,9,20,3.01,85.8,8.1,Mostly Urban,72093,5,6,Yes,UCP Entry Test,Easy,40% / 100 marks,10
PK-PUN-005,University of Central Punjab,Private,Punjab,Lahore,1999,25,W2,Pharmacy,STEM,2023,365,145,220,13,28.1,15,,,,52,58,,78.2,15.5,Mostly Urban,95677,,,Yes,UCP Entry Test,Easy,40% / 100 marks,11
PK-PUN-005,University of Central Punjab,Private,Punjab,Lahore,1999,25,W2,Pharmacy,STEM,2024,421,240,181,18,23.4,22,36,363,,51,50,3.57,80.2,14.7,Mostly Urban,111807,18,32,Yes,UCP Entry Test,Easy,40% / 100 marks,14
PK-PUN-005,University of Central Punjab,Private,Punjab,Lahore,1999,25,W2,Pharmacy,STEM,2025,368,260,108,10,36.8,6,,,39,,59,,78,8,Mixed Urban-Rural,72424,5,16,Yes,UCP Entry Test,Easy,40% / 100 marks,10
PK-PUN-005,University of Central Punjab,Private,Punjab,Lahore,1999,25,W2,Political Science,Arts & Social Sciences,2022,321,129,192,9,35.7,3,,,63,59,11,3.68,42.2,16.3,Mixed Urban-Rural,88827,11,20,Yes,UCP Entry Test,Easy,40% / 100 marks,14
PK-PUN-005,University of Central Punjab,Private,Punjab,Lahore,1999,25,W2,Political Science,Arts & Social Sciences,2023,382,231,151,11,34.7,8,65,309,36,1,79,2.66,47.4,17.6,Mostly Urban,88769,8,15,Yes,UCP Entry Test,Easy,40% / 100 marks,16
PK-PUN-005,University of Central Punjab,Private,Punjab,Lahore,1999,25,W2,Political Science,Arts & Social Sciences,2024,389,168,221,16,24.3,,8,,47,15,54,,46.7,16.8,Mostly Rural,111645,11,7,Yes,UCP Entry Test,Easy,40% / 100 marks,14
PK-PUN-005,University of Central Punjab,Private,Punjab,Lahore,1999,25,W2,Political Science,Arts & Social Sciences,2025,386,210,176,11,35.1,10,41,335,35,39,30,,52.8,15.6,Mostly Rural,56112,3,9,Yes,UCP Entry Test,Easy,40% / 100 marks,13
PK-PUN-005,University of Central Punjab,Private,Punjab,Lahore,1999,25,W2,Urdu,Arts & Social Sciences,2022,177,77,100,7,25.3,5,,,7,,48,,49.7,2.9,Mostly Urban,,16,,Yes,UCP Entry Test,Easy,40% / 100 marks,15
PK-PUN-005,University of Central Punjab,Private,Punjab,Lahore,1999,25,W2,Urdu,Arts & Social Sciences,2023,214,126,88,7,30.6,16,,,21,,11,,47.3,12.9,Mostly Rural,76339,17,25,Yes,UCP Entry Test,Easy,40% / 100 marks,14
PK-PUN-005,University of Central Punjab,Private,Punjab,Lahore,1999,25,W2,Urdu,Arts & Social Sciences,2024,212,147,65,6,35.3,,7,,14,2,29,3.4,47.6,18,Mixed Urban-Rural,98611,16,7,Yes,UCP Entry Test,Easy,40% / 100 marks,11
PK-PUN-005,University of Central Punjab,Private,Punjab,Lahore,1999,25,W2,Urdu,Arts & Social Sciences,2025,247,149,98,8,30.9,,4,,46,,29,3.48,45.7,,Mostly Rural,120223,11,20,Yes,UCP Entry Test,Easy,40% / 100 marks,11
PK-PUN-016,University of Education Lahore,Public,Punjab,Lahore,2002,42,W1,Business Administration,Business,2022,128,56,72,5,25.6,10,15,103,,56,73,3.56,78.4,2.5,Mostly Urban,9266,7,2,Yes,UE Entry Test,Easy,40% / 100 marks,21
PK-PUN-016,University of Education Lahore,Public,Punjab,Lahore,2002,42,W1,Business Administration,Business,2023,164,100,64,5,32.8,6,7,151,19,,26,3.46,67.7,8.8,Mostly Urban,23837,19,,Yes,UE Entry Test,Easy,40% / 100 marks,16
PK-PUN-016,University of Education Lahore,Public,Punjab,Lahore,2002,42,W1,Business Administration,Business,2024,152,105,47,5,30.4,2,5,145,27,47,73,2.7,65.5,9.6,Mostly Urban,15724,2,27,Yes,UE Entry Test,Easy,40% / 100 marks,18
PK-PUN-016,University of Education Lahore,Public,Punjab,Lahore,2002,42,W1,Business Administration,Business,2025,143,94,49,5,28.6,3,8,132,10,19,24,3.1,70.2,11.8,Mostly Rural,,1,31,Yes,UE Entry Test,Easy,40% / 100 marks,16
PK-PUN-016,University of Education Lahore,Public,Punjab,Lahore,2002,42,W1,Computer Science,STEM,2022,250,166,84,11,22.7,19,,,11,53,,3.51,74.7,2.8,Mostly Rural,23610,19,14,Yes,UE Entry Test,Easy,40% / 100 marks,18
PK-PUN-016,University of Education Lahore,Public,Punjab,Lahore,2002,42,W1,Computer Science,STEM,2023,226,97,129,6,37.7,10,3,213,9,,24,2.85,78,,Mixed Urban-Rural,29532,8,32,Yes,UE Entry Test,Easy,40% / 100 marks,16
PK-PUN-016,University of Education Lahore,Public,Punjab,Lahore,2002,42,W1,Computer Science,STEM,2024,272,178,94,10,27.2,5,8,259,15,15,34,2.98,86.5,,Mostly Urban,43282,,17,Yes,UE Entry Test,Easy,40% / 100 marks,22
PK-PUN-016,University of Education Lahore,Public,Punjab,Lahore,2002,42,W1,Computer Science,STEM,2025,277,113,164,8,34.6,3,31,243,44,8,79,3.25,74.9,2.7,Mostly Rural,12296,9,13,Yes,UE Entry Test,Easy,40% / 100 marks,18
PK-PUN-016,University of Education Lahore,Public,Punjab,Lahore,2002,42,W1,Economics,Business,2022,268,191,77,11,24.4,4,17,247,11,14,12,3.29,59.1,4,Mostly Urban,33106,20,28,Yes,UE Entry Test,Easy,40% / 100 marks,22
PK-PUN-016,University of Education Lahore,Public,Punjab,Lahore,2002,42,W1,Economics,Business,2023,311,142,169,14,22.2,,6,,25,17,71,3.55,66.5,,,28827,5,,Yes,UE Entry Test,Easy,40% / 100 marks,16
PK-PUN-016,University of Education Lahore,Public,Punjab,Lahore,2002,42,W1,Economics,Business,2024,309,148,161,10,30.9,4,47,258,34,16,65,3.15,57.8,3.7,Mixed Urban-Rural,24670,18,11,Yes,UE Entry Test,Easy,40% / 100 marks,17
PK-PUN-016,University of Education Lahore,Public,Punjab,Lahore,2002,42,W1,Economics,Business,2025,327,232,95,12,27.2,7,55,265,29,12,58,2.66,65.7,7.4,Mostly Rural,43579,17,32,Yes,UE Entry Test,Easy,40% / 100 marks,21
PK-PUN-016,University of Education Lahore,Public,Punjab,Lahore,2002,42,W1,History,Arts & Social Sciences,2022,482,303,179,16,30.1,11,,,95,8,44,3.24,45.3,8.1,Mixed Urban-Rural,27997,12,,Yes,UE Entry Test,Easy,40% / 100 marks,22
PK-PUN-016,University of Education Lahore,Public,Punjab,Lahore,2002,42,W1,History,Arts & Social Sciences,2023,479,209,270,19,25.2,25,38,416,50,42,16,3.44,34.9,10.6,,8833,6,17,Yes,UE Entry Test,Easy,40% / 100 marks,21
PK-PUN-016,University of Education Lahore,Public,Punjab,Lahore,2002,42,W1,History,Arts & Social Sciences,2024,437,250,187,18,24.3,2,51,384,58,53,,3.58,32.2,,Mostly Rural,11448,6,,Yes,UE Entry Test,Easy,40% / 100 marks,21
PK-PUN-016,University of Education Lahore,Public,Punjab,Lahore,2002,42,W1,History,Arts & Social Sciences,2025,542,325,217,24,22.6,12,22,508,15,15,,3.11,35.7,,Mostly Urban,22561,14,33,Yes,UE Entry Test,Easy,40% / 100 marks,19
PK-PUN-016,University of Education Lahore,Public,Punjab,Lahore,2002,42,W1,Psychology,Arts & Social Sciences,2022,121,73,48,5,24.2,6,12,103,18,3,,2.99,56.5,13.2,Mostly Rural,,9,28,Yes,UE Entry Test,Easy,40% / 100 marks,22
PK-PUN-016,University of Education Lahore,Public,Punjab,Lahore,2002,42,W1,Psychology,Arts & Social Sciences,2023,137,82,55,5,27.4,9,22,106,8,,28,2.75,62.8,,Mostly Rural,14497,10,,Yes,UE Entry Test,Easy,40% / 100 marks,19
PK-PUN-016,University of Education Lahore,Public,Punjab,Lahore,2002,42,W1,Psychology,Arts & Social Sciences,2024,140,75,65,5,28,,6,,18,48,49,3.67,62.5,11.5,Mostly Rural,36086,11,,Yes,UE Entry Test,Easy,40% / 100 marks,22
PK-PUN-016,University of Education Lahore,Public,Punjab,Lahore,2002,42,W1,Psychology,Arts & Social Sciences,2025,138,53,85,5,27.6,4,14,120,14,2,75,,65.5,14.2,Mostly Rural,22353,7,24,Yes,UE Entry Test,Easy,40% / 100 marks,16
PK-PUN-016,University of Education Lahore,Public,Punjab,Lahore,2002,42,W1,Statistics,STEM,2022,322,184,138,9,35.8,,5,,19,48,71,3.08,57.6,9.2,Mostly Urban,12143,8,21,Yes,UE Entry Test,Easy,40% / 100 marks,17
PK-PUN-016,University of Education Lahore,Public,Punjab,Lahore,2002,42,W1,Statistics,STEM,2023,367,178,189,11,33.4,26,28,313,35,37,,2.65,59.3,2.8,Mostly Rural,34906,17,33,Yes,UE Entry Test,Easy,40% / 100 marks,21
PK-PUN-016,University of Education Lahore,Public,Punjab,Lahore,2002,42,W1,Statistics,STEM,2024,347,156,191,15,23.1,27,49,271,49,16,,3.59,66.6,8.2,Mixed Urban-Rural,32100,,33,Yes,UE Entry Test,Easy,40% / 100 marks,17
PK-PUN-016,University of Education Lahore,Public,Punjab,Lahore,2002,42,W1,Statistics,STEM,2025,403,231,172,11,36.6,21,,,19,,24,2.62,57.4,15.4,Mostly Rural,31811,,14,Yes,UE Entry Test,Easy,40% / 100 marks,20
PK-PUN-003,University of Engineering & Technology Lahore,Public,Punjab,Lahore,1921,11,W3,Civil Engineering,STEM,2022,1249,506,743,53,23.6,17,26,1206,42,34,54,3.48,71.4,13.6,Mostly Urban,13387,2,9,Yes,ECAT (Punjab),Difficult,60% / 100 marks,38
PK-PUN-003,University of Engineering & Technology Lahore,Public,Punjab,Lahore,1921,11,W3,Civil Engineering,STEM,2023,1314,621,693,46,28.6,,10,,230,13,34,3.21,73.3,9.5,Mixed Urban-Rural,20598,19,24,Yes,ECAT (Punjab),Difficult,60% / 100 marks,41
PK-PUN-003,University of Engineering & Technology Lahore,Public,Punjab,Lahore,1921,11,W3,Civil Engineering,STEM,2024,1383,857,526,39,35.5,,164,,125,22,50,3.19,72.9,17.8,Mixed Urban-Rural,41256,20,22,Yes,ECAT (Punjab),Difficult,60% / 100 marks,
PK-PUN-003,University of Engineering & Technology Lahore,Public,Punjab,Lahore,1921,11,W3,Civil Engineering,STEM,2025,1419,850,569,48,29.6,8,87,1324,240,31,76,3.32,75.8,,Mostly Urban,39236,,17,Yes,ECAT (Punjab),Difficult,60% / 100 marks,38
PK-PUN-003,University of Engineering & Technology Lahore,Public,Punjab,Lahore,1921,11,W3,Computer Science,STEM,2022,1472,1008,464,65,22.6,86,119,1267,115,19,20,2.76,83.6,16,Mixed Urban-Rural,28608,,7,Yes,ECAT (Punjab),Difficult,60% / 100 marks,41
PK-PUN-003,University of Engineering & Technology Lahore,Public,Punjab,Lahore,1921,11,W3,Computer Science,STEM,2023,1735,701,1034,76,22.8,7,253,1475,312,11,27,,80.6,7,Mostly Rural,33391,5,11,Yes,ECAT (Punjab),Difficult,60% / 100 marks,45
PK-PUN-003,University of Engineering & Technology Lahore,Public,Punjab,Lahore,1921,11,W3,Computer Science,STEM,2024,1520,761,759,48,31.7,43,48,1429,107,41,26,3.68,88.1,1.8,Mostly Urban,,,0,Yes,ECAT (Punjab),Difficult,60% / 100 marks,39
PK-PUN-003,University of Engineering & Technology Lahore,Public,Punjab,Lahore,1921,11,W3,Computer Science,STEM,2025,1531,782,749,68,22.5,27,49,1455,101,31,11,3.23,88.5,16.6,Mostly Rural,19632,,,Yes,ECAT (Punjab),Difficult,60% / 100 marks,41
PK-PUN-003,University of Engineering & Technology Lahore,Public,Punjab,Lahore,1921,11,W3,Electrical Engineering,STEM,2022,1639,1065,574,69,23.8,127,79,1433,97,10,16,3.62,82.9,16.7,Mostly Urban,33483,3,23,Yes,ECAT (Punjab),Difficult,60% / 100 marks,45
PK-PUN-003,University of Engineering & Technology Lahore,Public,Punjab,Lahore,1921,11,W3,Electrical Engineering,STEM,2023,1425,1006,419,50,28.5,84,50,1291,,30,,3.6,80.7,3,Mixed Urban-Rural,42860,10,28,Yes,ECAT (Punjab),Difficult,60% / 100 marks,45
PK-PUN-003,University of Engineering & Technology Lahore,Public,Punjab,Lahore,1921,11,W3,Electrical Engineering,STEM,2024,1714,822,892,56,30.6,99,147,1468,,,65,2.65,74.5,13,Mixed Urban-Rural,28127,18,,Yes,ECAT (Punjab),Difficult,60% / 100 marks,43
PK-PUN-003,University of Engineering & Technology Lahore,Public,Punjab,Lahore,1921,11,W3,Electrical Engineering,STEM,2025,1590,630,960,71,22.4,45,22,1523,31,43,48,3.58,83.5,3.1,Mostly Rural,12781,20,,Yes,ECAT (Punjab),Difficult,60% / 100 marks,42
PK-PUN-003,University of Engineering & Technology Lahore,Public,Punjab,Lahore,1921,11,W3,Mechanical Engineering,STEM,2022,1097,673,424,32,34.3,51,,,104,23,45,3.57,64.1,5.6,Mixed Urban-Rural,28299,9,0,Yes,ECAT (Punjab),Difficult,60% / 100 marks,39
PK-PUN-003,University of Engineering & Technology Lahore,Public,Punjab,Lahore,1921,11,W3,Mechanical Engineering,STEM,2023,1203,626,577,46,26.2,,32,,7,25,65,2.73,78.4,5.2,,40016,6,16,Yes,ECAT (Punjab),Difficult,60% / 100 marks,
PK-PUN-003,University of Engineering & Technology Lahore,Public,Punjab,Lahore,1921,11,W3,Mechanical Engineering,STEM,2024,1408,877,531,45,31.3,11,254,1143,66,56,75,,68.6,10.1,Mostly Rural,15301,3,23,Yes,ECAT (Punjab),Difficult,60% / 100 marks,41
PK-PUN-003,University of Engineering & Technology Lahore,Public,Punjab,Lahore,1921,11,W3,Mechanical Engineering,STEM,2025,1291,553,738,43,30,,128,,190,36,27,3.31,64.7,7.3,Mixed Urban-Rural,18033,,,Yes,ECAT (Punjab),Difficult,60% / 100 marks,41
PK-PUN-003,University of Engineering & Technology Lahore,Public,Punjab,Lahore,1921,11,W3,Software Engineering,STEM,2022,766,478,288,34,22.5,20,,,147,,80,3.28,83,8.3,Mostly Urban,29080,8,,Yes,ECAT (Punjab),Difficult,60% / 100 marks,42
PK-PUN-003,University of Engineering & Technology Lahore,Public,Punjab,Lahore,1921,11,W3,Software Engineering,STEM,2023,731,292,439,27,27.1,30,98,603,23,,7,3.42,85.1,11.7,Mixed Urban-Rural,24386,5,23,Yes,ECAT (Punjab),Difficult,60% / 100 marks,
PK-PUN-003,University of Engineering & Technology Lahore,Public,Punjab,Lahore,1921,11,W3,Software Engineering,STEM,2024,800,382,418,25,32,18,,,99,27,35,3.69,91.4,16,Mostly Rural,31130,14,28,Yes,ECAT (Punjab),Difficult,60% / 100 marks,38
PK-PUN-003,University of Engineering & Technology Lahore,Public,Punjab,Lahore,1921,11,W3,Software Engineering,STEM,2025,873,447,426,32,27.3,46,140,687,60,36,70,2.94,81.2,14.6,Mixed Urban-Rural,38817,20,12,Yes,ECAT (Punjab),Difficult,60% / 100 marks,40
PK-PUN-003,University of Engineering & Technology Lahore,Public,Punjab,Lahore,1921,11,W3,Telecommunication,STEM,2022,811,553,258,26,31.2,34,144,633,,36,59,3.48,85,12.1,Mixed Urban-Rural,28741,,20,Yes,ECAT (Punjab),Difficult,60% / 100 marks,38
PK-PUN-003,University of Engineering & Technology Lahore,Public,Punjab,Lahore,1921,11,W3,Telecommunication,STEM,2023,901,576,325,31,29.1,,13,,,,,2.99,80,3,Mostly Urban,21959,11,28,Yes,ECAT (Punjab),Difficult,60% / 100 marks,42
PK-PUN-003,University of Engineering & Technology Lahore,Public,Punjab,Lahore,1921,11,W3,Telecommunication,STEM,2024,901,557,344,34,26.5,71,120,710,35,39,22,2.87,71.6,6.1,Mostly Urban,17610,5,30,Yes,ECAT (Punjab),Difficult,60% / 100 marks,42
PK-PUN-003,University of Engineering & Technology Lahore,Public,Punjab,Lahore,1921,11,W3,Telecommunication,STEM,2025,909,398,511,40,22.7,72,86,751,51,1,59,,81,16.1,Mostly Urban,27667,,12,Yes,ECAT (Punjab),Difficult,60% / 100 marks,44
PK-PUN-025,University of Gujrat,Public,Punjab,Gujrat,2004,46,W1,Civil Engineering,STEM,2022,485,254,231,13,37.3,8,17,460,,3,33,,75.6,1.9,Mostly Urban,20683,16,17,Yes,UOG Entry Test,Easy,40% / 100 marks,15
PK-PUN-025,University of Gujrat,Public,Punjab,Gujrat,2004,46,W1,Civil Engineering,STEM,2023,540,287,253,16,33.8,16,66,458,31,48,30,2.87,72.1,17.8,Mixed Urban-Rural,26995,4,3,Yes,UOG Entry Test,Easy,40% / 100 marks,15
PK-PUN-025,University of Gujrat,Public,Punjab,Gujrat,2004,46,W1,Civil Engineering,STEM,2024,596,273,323,21,28.4,,93,,57,40,14,2.61,69,12.3,Mostly Rural,41458,17,26,Yes,UOG Entry Test,Easy,40% / 100 marks,16
PK-PUN-025,University of Gujrat,Public,Punjab,Gujrat,2004,46,W1,Civil Engineering,STEM,2025,599,295,304,19,31.5,10,21,568,89,11,50,2.72,62.4,16.4,Mostly Urban,24087,17,27,Yes,UOG Entry Test,Easy,40% / 100 marks,15
PK-PUN-025,University of Gujrat,Public,Punjab,Gujrat,2004,46,W1,Education,Arts & Social Sciences,2022,341,208,133,10,34.1,15,35,291,56,51,66,2.76,65.8,15.2,,21150,12,21,Yes,UOG Entry Test,Easy,40% / 100 marks,12
PK-PUN-025,University of Gujrat,Public,Punjab,Gujrat,2004,46,W1,Education,Arts & Social Sciences,2023,345,149,196,12,28.8,9,49,287,16,4,61,3.09,68,17.7,Mixed Urban-Rural,15721,9,17,Yes,UOG Entry Test,Easy,40% / 100 marks,17
PK-PUN-025,University of Gujrat,Public,Punjab,Gujrat,2004,46,W1,Education,Arts & Social Sciences,2024,357,178,179,13,27.5,13,1,343,19,28,58,2.99,70.3,2.3,,20038,,2,Yes,UOG Entry Test,Easy,40% / 100 marks,18
PK-PUN-025,University of Gujrat,Public,Punjab,Gujrat,2004,46,W1,Education,Arts & Social Sciences,2025,323,203,120,10,32.3,23,21,279,,48,38,,68.4,8.3,Mixed Urban-Rural,24648,,,Yes,UOG Entry Test,Easy,40% / 100 marks,17
PK-PUN-025,University of Gujrat,Public,Punjab,Gujrat,2004,46,W1,English Literature,Arts & Social Sciences,2022,407,289,118,15,27.1,28,47,332,14,21,41,3.42,52.7,10.2,Mostly Rural,30670,1,9,Yes,UOG Entry Test,Easy,40% / 100 marks,14
PK-PUN-025,University of Gujrat,Public,Punjab,Gujrat,2004,46,W1,English Literature,Arts & Social Sciences,2023,425,167,258,12,35.4,13,38,374,22,3,54,2.77,47.8,2.5,Mixed Urban-Rural,30873,5,23,Yes,UOG Entry Test,Easy,40% / 100 marks,12
PK-PUN-025,University of Gujrat,Public,Punjab,Gujrat,2004,46,W1,English Literature,Arts & Social Sciences,2024,425,186,239,18,23.6,,43,,32,55,44,,54.1,10.6,Mostly Urban,19953,12,32,Yes,UOG Entry Test,Easy,40% / 100 marks,14
PK-PUN-025,University of Gujrat,Public,Punjab,Gujrat,2004,46,W1,English Literature,Arts & Social Sciences,2025,391,248,143,17,23,6,8,377,48,,5,,49,7.7,Mostly Rural,26175,6,6,Yes,UOG Entry Test,Easy,40% / 100 marks,17
PK-PUN-025,University of Gujrat,Public,Punjab,Gujrat,2004,46,W1,Environmental Science,STEM,2022,295,174,121,12,24.6,14,24,257,26,30,69,,59.1,11.1,Mixed Urban-Rural,,7,19,Yes,UOG Entry Test,Easy,40% / 100 marks,14
PK-PUN-025,University of Gujrat,Public,Punjab,Gujrat,2004,46,W1,Environmental Science,STEM,2023,261,167,94,9,29,,,,41,,,2.66,57.5,14.2,Mostly Urban,23793,12,29,Yes,UOG Entry Test,Easy,40% / 100 marks,17
PK-PUN-025,University of Gujrat,Public,Punjab,Gujrat,2004,46,W1,Environmental Science,STEM,2024,263,104,159,11,23.9,7,52,204,19,39,35,2.75,49,5.8,Mixed Urban-Rural,31939,9,,Yes,UOG Entry Test,Easy,40% / 100 marks,17
PK-PUN-025,University of Gujrat,Public,Punjab,Gujrat,2004,46,W1,Environmental Science,STEM,2025,287,172,115,9,31.9,10,55,222,46,13,,3.21,54.8,7.6,Mixed Urban-Rural,30545,16,32,Yes,UOG Entry Test,Easy,40% / 100 marks,13
PK-PUN-025,University of Gujrat,Public,Punjab,Gujrat,2004,46,W1,Law,Arts & Social Sciences,2022,103,53,50,5,20.6,,20,,8,26,36,2.93,79.4,12,Mixed Urban-Rural,24490,15,6,Yes,UOG Entry Test,Easy,40% / 100 marks,13
PK-PUN-025,University of Gujrat,Public,Punjab,Gujrat,2004,46,W1,Law,Arts & Social Sciences,2023,97,69,28,5,19.4,5,16,76,6,45,34,3.39,72.8,9.7,Mostly Urban,16038,13,,Yes,UOG Entry Test,Easy,40% / 100 marks,18
PK-PUN-025,University of Gujrat,Public,Punjab,Gujrat,2004,46,W1,Law,Arts & Social Sciences,2024,96,47,49,5,19.2,4,15,77,,60,,3.18,75.5,13.1,Mixed Urban-Rural,14413,12,15,Yes,UOG Entry Test,Easy,40% / 100 marks,18
PK-PUN-025,University of Gujrat,Public,Punjab,Gujrat,2004,46,W1,Law,Arts & Social Sciences,2025,115,73,42,5,23,5,11,99,11,31,34,,71.8,11.3,Mixed Urban-Rural,,9,13,Yes,UOG Entry Test,Easy,40% / 100 marks,17
PK-PUN-025,University of Gujrat,Public,Punjab,Gujrat,2004,46,W1,Mass Communication,Arts & Social Sciences,2022,180,118,62,5,36,,14,,34,19,,2.95,63.8,15.5,Mostly Urban,35134,9,1,Yes,UOG Entry Test,Easy,40% / 100 marks,13
PK-PUN-025,University of Gujrat,Public,Punjab,Gujrat,2004,46,W1,Mass Communication,Arts & Social Sciences,2023,161,103,58,5,32.2,5,9,147,12,49,61,3.53,64.7,1.9,Mixed Urban-Rural,35202,19,4,Yes,UOG Entry Test,Easy,40% / 100 marks,17
PK-PUN-025,University of Gujrat,Public,Punjab,Gujrat,2004,46,W1,Mass Communication,Arts & Social Sciences,2024,165,91,74,5,33,,10,,,,16,2.78,60.2,,,32747,,34,Yes,UOG Entry Test,Easy,40% / 100 marks,14
PK-PUN-025,University of Gujrat,Public,Punjab,Gujrat,2004,46,W1,Mass Communication,Arts & Social Sciences,2025,189,134,55,5,37.8,8,23,158,25,16,53,2.95,67,4.5,Mostly Urban,13007,18,21,Yes,UOG Entry Test,Easy,40% / 100 marks,15
PK-PUN-025,University of Gujrat,Public,Punjab,Gujrat,2004,46,W1,Mathematics,STEM,2022,86,59,27,5,17.2,0,6,80,,41,21,2.93,65.5,17.2,Mostly Urban,26314,5,,Yes,UOG Entry Test,Easy,40% / 100 marks,
PK-PUN-025,University of Gujrat,Public,Punjab,Gujrat,2004,46,W1,Mathematics,STEM,2023,107,50,57,5,21.4,,12,,8,,10,,53.2,,Mostly Rural,33879,2,0,Yes,UOG Entry Test,Easy,40% / 100 marks,17
PK-PUN-025,University of Gujrat,Public,Punjab,Gujrat,2004,46,W1,Mathematics,STEM,2024,111,67,44,5,22.2,7,2,102,16,,62,,51.7,4.6,Mixed Urban-Rural,26477,2,6,Yes,UOG Entry Test,Easy,40% / 100 marks,18
PK-PUN-025,University of Gujrat,Public,Punjab,Gujrat,2004,46,W1,Mathematics,STEM,2025,103,67,36,5,20.6,6,3,94,14,50,23,,53.6,2.9,Mostly Urban,23118,9,2,Yes,UOG Entry Test,Easy,40% / 100 marks,17
PK-PUN-025,University of Gujrat,Public,Punjab,Gujrat,2004,46,W1,Political Science,Arts & Social Sciences,2022,356,226,130,11,32.4,23,71,262,62,7,17,2.76,41.7,4.6,Mostly Urban,8706,,15,Yes,UOG Entry Test,Easy,40% / 100 marks,17
PK-PUN-025,University of Gujrat,Public,Punjab,Gujrat,2004,46,W1,Political Science,Arts & Social Sciences,2023,315,146,169,9,35,,3,,30,8,46,2.9,49.7,9.9,Mixed Urban-Rural,,12,32,Yes,UOG Entry Test,Easy,40% / 100 marks,18
PK-PUN-025,University of Gujrat,Public,Punjab,Gujrat,2004,46,W1,Political Science,Arts & Social Sciences,2024,393,175,218,11,35.7,30,32,331,35,20,,2.98,48.2,5.1,Mostly Urban,,3,,Yes,UOG Entry Test,Easy,40% / 100 marks,17
PK-PUN-025,University of Gujrat,Public,Punjab,Gujrat,2004,46,W1,Political Science,Arts & Social Sciences,2025,380,168,212,12,31.7,27,12,341,6,21,77,3.37,43.9,9.6,Mostly Rural,30636,19,8,Yes,UOG Entry Test,Easy,40% / 100 marks,14
PK-PUN-025,University of Gujrat,Public,Punjab,Gujrat,2004,46,W1,Sociology,Arts & Social Sciences,2022,196,121,75,8,24.5,8,35,153,25,28,72,3.55,43.5,15.2,,11974,10,29,Yes,UOG Entry Test,Easy,40% / 100 marks,18
PK-PUN-025,University of Gujrat,Public,Punjab,Gujrat,2004,46,W1,Sociology,Arts & Social Sciences,2023,194,117,77,7,27.7,13,28,153,,16,33,3.68,43.3,14,Mostly Urban,30300,9,2,Yes,UOG Entry Test,Easy,40% / 100 marks,16
PK-PUN-025,University of Gujrat,Public,Punjab,Gujrat,2004,46,W1,Sociology,Arts & Social Sciences,2024,196,121,75,5,39.2,9,3,184,27,54,17,3.63,53.6,14.4,Mostly Rural,27588,4,,Yes,UOG Entry Test,Easy,40% / 100 marks,12
PK-PUN-025,University of Gujrat,Public,Punjab,Gujrat,2004,46,W1,Sociology,Arts & Social Sciences,2025,197,141,56,6,32.8,,29,,27,29,40,2.93,46.9,7.9,Mixed Urban-Rural,9620,,24,Yes,UOG Entry Test,Easy,40% / 100 marks,17
PK-PUN-009,University of Health Sciences Lahore,Public,Punjab,Lahore,2002,20,W2,Biomedical Engineering,STEM,2022,609,398,211,23,26.5,45,23,541,78,49,36,3.24,81.1,11.5,Mostly Rural,,,,Yes,MDCAT (PMC),Difficult,65% / 210 marks,18
PK-PUN-009,University of Health Sciences Lahore,Public,Punjab,Lahore,2002,20,W2,Biomedical Engineering,STEM,2023,638,437,201,22,29,,62,,95,20,17,,74.4,,Mostly Rural,14458,2,11,Yes,MDCAT (PMC),Difficult,65% / 210 marks,13
PK-PUN-009,University of Health Sciences Lahore,Public,Punjab,Lahore,2002,20,W2,Biomedical Engineering,STEM,2024,625,246,379,19,32.9,13,92,520,69,28,62,2.8,73.8,7.6,Mostly Urban,33843,9,15,Yes,MDCAT (PMC),Difficult,65% / 210 marks,14
PK-PUN-009,University of Health Sciences Lahore,Public,Punjab,Lahore,2002,20,W2,Biomedical Engineering,STEM,2025,799,478,321,24,33.3,11,,,93,10,17,3.4,79.7,11,Mostly Urban,30822,16,32,Yes,MDCAT (PMC),Difficult,65% / 210 marks,13
PK-PUN-009,University of Health Sciences Lahore,Public,Punjab,Lahore,2002,20,W2,MBBS,STEM,2022,310,204,106,9,34.4,4,40,266,42,38,13,2.73,93.2,4,Mostly Rural,75901,5,,Yes,MDCAT (PMC),Difficult,65% / 210 marks,17
PK-PUN-009,University of Health Sciences Lahore,Public,Punjab,Lahore,2002,20,W2,MBBS,STEM,2023,370,234,136,15,24.7,14,43,313,10,,19,3.63,85.8,16.8,Mostly Urban,70827,,27,Yes,MDCAT (PMC),Difficult,65% / 210 marks,15
PK-PUN-009,University of Health Sciences Lahore,Public,Punjab,Lahore,2002,20,W2,MBBS,STEM,2024,362,163,199,16,22.6,5,36,321,18,,41,3.03,86.9,,Mixed Urban-Rural,52095,5,,Yes,MDCAT (PMC),Difficult,65% / 210 marks,14
PK-PUN-009,University of Health Sciences Lahore,Public,Punjab,Lahore,2002,20,W2,MBBS,STEM,2025,365,154,211,11,33.2,25,0,340,49,53,49,3.26,93.5,5,Mostly Urban,75518,8,7,Yes,MDCAT (PMC),Difficult,65% / 210 marks,16
PK-PUN-009,University of Health Sciences Lahore,Public,Punjab,Lahore,2002,20,W2,Nursing,STEM,2022,279,146,133,10,27.9,2,49,228,13,1,42,2.66,82.2,3.8,Mixed Urban-Rural,18613,2,,Yes,MDCAT (PMC),Difficult,65% / 210 marks,18
PK-PUN-009,University of Health Sciences Lahore,Public,Punjab,Lahore,2002,20,W2,Nursing,STEM,2023,315,167,148,10,31.5,16,13,286,,8,78,3.51,78.4,5.8,Mixed Urban-Rural,8496,2,7,Yes,MDCAT (PMC),Difficult,65% / 210 marks,12
PK-PUN-009,University of Health Sciences Lahore,Public,Punjab,Lahore,2002,20,W2,Nursing,STEM,2024,280,140,140,8,35,18,22,240,55,4,60,2.87,92.3,8.5,Mostly Rural,14974,1,,Yes,MDCAT (PMC),Difficult,65% / 210 marks,16
PK-PUN-009,University of Health Sciences Lahore,Public,Punjab,Lahore,2002,20,W2,Nursing,STEM,2025,331,212,119,10,33.1,7,51,273,,50,,3.07,85.2,17.1,,,,23,Yes,MDCAT (PMC),Difficult,65% / 210 marks,16
PK-PUN-009,University of Health Sciences Lahore,Public,Punjab,Lahore,2002,20,W2,Pharmacy,STEM,2022,550,319,231,16,34.4,15,,,30,26,10,3.49,73.7,7,Mostly Rural,42779,13,,Yes,MDCAT (PMC),Difficult,65% / 210 marks,13
PK-PUN-009,University of Health Sciences Lahore,Public,Punjab,Lahore,2002,20,W2,Pharmacy,STEM,2023,663,257,406,22,30.1,31,,,119,27,70,,74.9,,Mostly Urban,21131,15,27,Yes,MDCAT (PMC),Difficult,65% / 210 marks,18
PK-PUN-009,University of Health Sciences Lahore,Public,Punjab,Lahore,2002,20,W2,Pharmacy,STEM,2024,714,377,337,29,24.6,,,,40,30,,,77.7,8.3,Mostly Urban,9634,,29,Yes,MDCAT (PMC),Difficult,65% / 210 marks,16
PK-PUN-009,University of Health Sciences Lahore,Public,Punjab,Lahore,2002,20,W2,Pharmacy,STEM,2025,614,285,329,27,22.7,48,90,476,75,,72,,82.5,5.9,Mostly Urban,12310,,32,Yes,MDCAT (PMC),Difficult,65% / 210 marks,12
PK-PUN-009,University of Health Sciences Lahore,Public,Punjab,Lahore,2002,20,W2,Physiotherapy,STEM,2022,201,96,105,6,33.5,2,37,162,38,40,53,3.26,83.1,3.5,Mostly Rural,14688,5,18,Yes,MDCAT (PMC),Difficult,65% / 210 marks,13
PK-PUN-009,University of Health Sciences Lahore,Public,Punjab,Lahore,2002,20,W2,Physiotherapy,STEM,2023,216,117,99,7,30.9,9,7,200,18,32,44,,74,8.9,Mostly Rural,25308,5,,Yes,MDCAT (PMC),Difficult,65% / 210 marks,13
PK-PUN-009,University of Health Sciences Lahore,Public,Punjab,Lahore,2002,20,W2,Physiotherapy,STEM,2024,200,111,89,6,33.3,,40,,15,42,14,3.2,78.6,15.5,Mixed Urban-Rural,13484,20,32,Yes,MDCAT (PMC),Difficult,65% / 210 marks,16
PK-PUN-009,University of Health Sciences Lahore,Public,Punjab,Lahore,2002,20,W2,Physiotherapy,STEM,2025,227,146,81,8,28.4,18,42,167,6,34,,3.67,72.3,15,Mostly Urban,25041,4,22,Yes,MDCAT (PMC),Difficult,65% / 210 marks,15
PK-PUN-010,University of Lahore,Private,Punjab,Lahore,1999,38,W2,Computer Science,STEM,2022,228,106,122,10,22.8,9,5,214,16,24,14,3.16,81.6,12.5,Mostly Urban,167388,14,32,Yes,UOL Entry Test,Easy,40% / 100 marks,26
PK-PUN-010,University of Lahore,Private,Punjab,Lahore,1999,38,W2,Computer Science,STEM,2023,202,126,76,7,28.9,3,5,194,8,37,64,2.65,89.1,8.5,Mostly Rural,174191,18,21,Yes,UOL Entry Test,Easy,40% / 100 marks,26
PK-PUN-010,University of Lahore,Private,Punjab,Lahore,1999,38,W2,Computer Science,STEM,2024,241,120,121,7,34.4,13,18,210,45,,53,3.39,81.4,7.7,,146270,10,,Yes,UOL Entry Test,Easy,40% / 100 marks,22
PK-PUN-010,University of Lahore,Private,Punjab,Lahore,1999,38,W2,Computer Science,STEM,2025,233,100,133,8,29.1,17,32,184,20,26,48,2.89,80.2,17.3,Mostly Urban,155773,5,25,Yes,UOL Entry Test,Easy,40% / 100 marks,21
PK-PUN-010,University of Lahore,Private,Punjab,Lahore,1999,38,W2,Education,Arts & Social Sciences,2022,587,420,167,20,29.4,13,14,560,,5,,2.99,67.6,14,Mostly Urban,76396,4,30,Yes,UOL Entry Test,Easy,40% / 100 marks,
PK-PUN-010,University of Lahore,Private,Punjab,Lahore,1999,38,W2,Education,Arts & Social Sciences,2023,701,479,222,26,27,53,42,606,135,,,3.15,73.7,17.3,Mixed Urban-Rural,67761,,,Yes,UOL Entry Test,Easy,40% / 100 marks,22
PK-PUN-010,University of Lahore,Private,Punjab,Lahore,1999,38,W2,Education,Arts & Social Sciences,2024,654,254,400,22,29.7,49,66,539,66,59,,2.65,64.4,11,Mostly Rural,55373,5,,Yes,UOL Entry Test,Easy,40% / 100 marks,26
PK-PUN-010,University of Lahore,Private,Punjab,Lahore,1999,38,W2,Education,Arts & Social Sciences,2025,639,301,338,22,29,34,63,542,122,24,44,3.2,73.9,11.1,Mostly Rural,121417,3,16,Yes,UOL Entry Test,Easy,40% / 100 marks,26
PK-PUN-010,University of Lahore,Private,Punjab,Lahore,1999,38,W2,Electrical Engineering,STEM,2022,505,200,305,21,24,15,48,442,,30,26,,70.2,2.2,Mostly Urban,110375,20,35,Yes,UOL Entry Test,Easy,40% / 100 marks,26
PK-PUN-010,University of Lahore,Private,Punjab,Lahore,1999,38,W2,Electrical Engineering,STEM,2023,525,236,289,20,26.2,3,0,522,,20,19,3.32,74.6,,Mixed Urban-Rural,72810,2,24,Yes,UOL Entry Test,Easy,40% / 100 marks,20
PK-PUN-010,University of Lahore,Private,Punjab,Lahore,1999,38,W2,Electrical Engineering,STEM,2024,566,346,220,22,25.7,16,104,446,57,,58,3,82.4,6.6,Mostly Urban,99553,10,14,Yes,UOL Entry Test,Easy,40% / 100 marks,23
PK-PUN-010,University of Lahore,Private,Punjab,Lahore,1999,38,W2,Electrical Engineering,STEM,2025,484,267,217,16,30.2,,53,,56,50,50,,74.8,6.3,Mostly Urban,100485,,27,Yes,UOL Entry Test,Easy,40% / 100 marks,23
PK-PUN-010,University of Lahore,Private,Punjab,Lahore,1999,38,W2,English Literature,Arts & Social Sciences,2022,340,142,198,14,24.3,4,8,328,66,30,60,3.38,42.9,3.2,Mixed Urban-Rural,103825,9,33,Yes,UOL Entry Test,Easy,40% / 100 marks,23
PK-PUN-010,University of Lahore,Private,Punjab,Lahore,1999,38,W2,English Literature,Arts & Social Sciences,2023,337,241,96,15,22.5,17,10,310,38,30,16,3.09,54.5,11.3,Mostly Rural,56785,14,10,Yes,UOL Entry Test,Easy,40% / 100 marks,20
PK-PUN-010,University of Lahore,Private,Punjab,Lahore,1999,38,W2,English Literature,Arts & Social Sciences,2024,348,182,166,14,24.9,7,49,292,34,56,29,2.99,41.8,10.3,Mostly Rural,77125,6,7,Yes,UOL Entry Test,Easy,40% / 100 marks,25
PK-PUN-010,University of Lahore,Private,Punjab,Lahore,1999,38,W2,English Literature,Arts & Social Sciences,2025,362,223,139,14,25.9,20,59,283,,27,37,3.57,45.2,3.9,Mixed Urban-Rural,80368,10,31,Yes,UOL Entry Test,Easy,40% / 100 marks,20
PK-PUN-010,University of Lahore,Private,Punjab,Lahore,1999,38,W2,History,Arts & Social Sciences,2022,937,589,348,26,36,21,7,909,67,41,53,3.35,39.2,15.2,Mostly Urban,117224,2,4,Yes,UOL Entry Test,Easy,40% / 100 marks,26
PK-PUN-010,University of Lahore,Private,Punjab,Lahore,1999,38,W2,History,Arts & Social Sciences,2023,904,462,442,35,25.8,41,128,735,,50,27,2.96,32.7,5.9,,95053,4,25,Yes,UOL Entry Test,Easy,40% / 100 marks,
PK-PUN-010,University of Lahore,Private,Punjab,Lahore,1999,38,W2,History,Arts & Social Sciences,2024,898,495,403,31,29,54,,,70,23,25,3.36,33.1,15,Mixed Urban-Rural,83500,,20,Yes,UOL Entry Test,Easy,40% / 100 marks,20
PK-PUN-010,University of Lahore,Private,Punjab,Lahore,1999,38,W2,History,Arts & Social Sciences,2025,882,513,369,36,24.5,67,39,776,103,36,35,2.94,39.3,14.1,Mostly Urban,118077,4,28,Yes,UOL Entry Test,Easy,40% / 100 marks,21
PK-PUN-010,University of Lahore,Private,Punjab,Lahore,1999,38,W2,Mathematics,STEM,2022,773,392,381,34,22.7,57,142,574,102,11,79,2.86,51.4,11.3,Mostly Urban,68527,18,25,Yes,UOL Entry Test,Easy,40% / 100 marks,22
PK-PUN-010,University of Lahore,Private,Punjab,Lahore,1999,38,W2,Mathematics,STEM,2023,969,419,550,28,34.6,18,29,922,187,59,68,3.58,53.4,,Mostly Rural,,13,,Yes,UOL Entry Test,Easy,40% / 100 marks,20
PK-PUN-010,University of Lahore,Private,Punjab,Lahore,1999,38,W2,Mathematics,STEM,2024,1000,552,448,33,30.3,,95,,36,,64,,60.7,3,Mostly Rural,127487,3,3,Yes,UOL Entry Test,Easy,40% / 100 marks,24
PK-PUN-010,University of Lahore,Private,Punjab,Lahore,1999,38,W2,Mathematics,STEM,2025,1004,475,529,31,32.4,12,,,84,37,20,,62.3,14.3,Mostly Urban,107989,9,24,Yes,UOL Entry Test,Easy,40% / 100 marks,20
PK-PUN-010,University of Lahore,Private,Punjab,Lahore,1999,38,W2,Pharmacy,STEM,2022,645,317,328,19,33.9,25,76,544,16,,52,3.58,72.7,13.2,,91987,11,,Yes,UOL Entry Test,Easy,40% / 100 marks,22
PK-PUN-010,University of Lahore,Private,Punjab,Lahore,1999,38,W2,Pharmacy,STEM,2023,638,442,196,21,30.4,26,75,537,52,48,69,3.22,84.4,7.7,Mostly Urban,105910,18,35,Yes,UOL Entry Test,Easy,40% / 100 marks,23
PK-PUN-010,University of Lahore,Private,Punjab,Lahore,1999,38,W2,Pharmacy,STEM,2024,645,384,261,27,23.9,27,116,502,14,23,65,2.63,80.5,10.9,,71581,,22,Yes,UOL Entry Test,Easy,40% / 100 marks,24
PK-PUN-010,University of Lahore,Private,Punjab,Lahore,1999,38,W2,Pharmacy,STEM,2025,656,464,192,22,29.8,48,94,514,,35,51,3,80.9,17,Mostly Rural,70437,3,8,Yes,UOL Entry Test,Easy,40% / 100 marks,23
PK-PUN-010,University of Lahore,Private,Punjab,Lahore,1999,38,W2,Physics,STEM,2022,617,360,257,19,32.5,25,55,537,,,73,3.13,45.5,4.2,Mixed Urban-Rural,64758,9,23,Yes,UOL Entry Test,Easy,40% / 100 marks,21
PK-PUN-010,University of Lahore,Private,Punjab,Lahore,1999,38,W2,Physics,STEM,2023,637,270,367,19,33.5,0,36,601,10,49,65,3.15,49.5,,Mixed Urban-Rural,,,14,Yes,UOL Entry Test,Easy,40% / 100 marks,23
PK-PUN-010,University of Lahore,Private,Punjab,Lahore,1999,38,W2,Physics,STEM,2024,768,526,242,28,27.4,32,143,593,76,30,30,2.91,59.2,16.1,Mixed Urban-Rural,,17,,Yes,UOL Entry Test,Easy,40% / 100 marks,21
PK-PUN-010,University of Lahore,Private,Punjab,Lahore,1999,38,W2,Physics,STEM,2025,753,469,284,29,26,0,15,738,143,50,52,3.43,46.2,17.1,Mostly Rural,,20,,Yes,UOL Entry Test,Easy,40% / 100 marks,26
PK-PUN-010,University of Lahore,Private,Punjab,Lahore,1999,38,W2,Political Science,Arts & Social Sciences,2022,681,284,397,20,34,50,34,597,16,14,13,,39.4,2,Mostly Urban,96144,9,5,Yes,UOL Entry Test,Easy,40% / 100 marks,21
PK-PUN-010,University of Lahore,Private,Punjab,Lahore,1999,38,W2,Political Science,Arts & Social Sciences,2023,707,406,301,27,26.2,37,54,616,41,33,32,2.88,49.4,8.3,Mixed Urban-Rural,70147,,32,Yes,UOL Entry Test,Easy,40% / 100 marks,21
PK-PUN-010,University of Lahore,Private,Punjab,Lahore,1999,38,W2,Political Science,Arts & Social Sciences,2024,739,526,213,30,24.6,9,143,587,23,,30,2.68,43,8.2,Mixed Urban-Rural,82962,9,15,Yes,UOL Entry Test,Easy,40% / 100 marks,20
PK-PUN-010,University of Lahore,Private,Punjab,Lahore,1999,38,W2,Political Science,Arts & Social Sciences,2025,665,460,205,24,27.7,45,76,544,114,37,72,3.66,39,9.8,Mixed Urban-Rural,84864,10,8,Yes,UOL Entry Test,Easy,40% / 100 marks,21
PK-PUN-010,University of Lahore,Private,Punjab,Lahore,1999,38,W2,Sociology,Arts & Social Sciences,2022,626,308,318,22,28.5,,20,,62,22,9,3.25,49.1,4.5,Mostly Rural,98687,,19,Yes,UOL Entry Test,Easy,40% / 100 marks,25
PK-PUN-010,University of Lahore,Private,Punjab,Lahore,1999,38,W2,Sociology,Arts & Social Sciences,2023,771,467,304,25,30.8,60,153,558,,,,2.92,56.2,1.8,,105995,6,25,Yes,UOL Entry Test,Easy,40% / 100 marks,20
PK-PUN-010,University of Lahore,Private,Punjab,Lahore,1999,38,W2,Sociology,Arts & Social Sciences,2024,795,402,393,31,25.6,,80,,5,42,13,3.66,55.1,16.4,Mixed Urban-Rural,,3,21,Yes,UOL Entry Test,Easy,40% / 100 marks,25
PK-PUN-010,University of Lahore,Private,Punjab,Lahore,1999,38,W2,Sociology,Arts & Social Sciences,2025,726,453,273,29,25,53,113,560,91,,78,3.21,56.1,15.4,Mostly Urban,102992,3,,Yes,UOL Entry Test,Easy,40% / 100 marks,24
PK-PUN-006,University of Management & Technology,Private,Punjab,Lahore,1990,32,W2,Civil Engineering,STEM,2022,170,74,96,6,28.3,7,12,151,,15,45,3.29,61.5,8.4,Mostly Urban,103892,17,9,Yes,UMT Entry Test,Easy,45% / 100 marks,18
PK-PUN-006,University of Management & Technology,Private,Punjab,Lahore,1990,32,W2,Civil Engineering,STEM,2023,156,94,62,5,31.2,11,29,116,24,12,70,3.7,68.1,11.3,Mostly Rural,92288,3,26,Yes,UMT Entry Test,Easy,45% / 100 marks,19
PK-PUN-006,University of Management & Technology,Private,Punjab,Lahore,1990,32,W2,Civil Engineering,STEM,2024,186,128,58,6,31,13,37,136,21,41,78,2.64,63.7,5.9,Mostly Urban,113884,3,17,Yes,UMT Entry Test,Easy,45% / 100 marks,
PK-PUN-006,University of Management & Technology,Private,Punjab,Lahore,1990,32,W2,Civil Engineering,STEM,2025,175,120,55,5,35,3,35,137,26,,42,3.69,60.3,3.4,Mixed Urban-Rural,98068,14,,Yes,UMT Entry Test,Easy,45% / 100 marks,19
PK-PUN-006,University of Management & Technology,Private,Punjab,Lahore,1990,32,W2,Computer Science,STEM,2022,762,413,349,32,23.8,46,24,692,70,57,24,3.36,88.9,6.3,Mostly Urban,99991,1,4,Yes,UMT Entry Test,Easy,45% / 100 marks,17
PK-PUN-006,University of Management & Technology,Private,Punjab,Lahore,1990,32,W2,Computer Science,STEM,2023,900,585,315,26,34.6,59,123,718,36,53,,,89.4,6.1,Mostly Urban,136299,9,5,Yes,UMT Entry Test,Easy,45% / 100 marks,18
PK-PUN-006,University of Management & Technology,Private,Punjab,Lahore,1990,32,W2,Computer Science,STEM,2024,975,424,551,36,27.1,55,131,789,166,21,27,3.28,82.4,8.1,Mostly Urban,166854,8,31,Yes,UMT Entry Test,Easy,45% / 100 marks,19
PK-PUN-006,University of Management & Technology,Private,Punjab,Lahore,1990,32,W2,Computer Science,STEM,2025,913,489,424,34,26.9,47,106,760,5,1,7,3.11,79.9,1.6,Mixed Urban-Rural,102579,19,,Yes,UMT Entry Test,Easy,45% / 100 marks,19
PK-PUN-006,University of Management & Technology,Private,Punjab,Lahore,1990,32,W2,Industrial Engineering,STEM,2022,664,376,288,20,33.2,,35,,113,54,43,2.91,63.9,15,Mostly Rural,64751,,19,Yes,UMT Entry Test,Easy,45% / 100 marks,14
PK-PUN-006,University of Management & Technology,Private,Punjab,Lahore,1990,32,W2,Industrial Engineering,STEM,2023,666,259,407,25,26.6,23,67,576,,38,,3.23,65,6.8,Mostly Rural,65333,18,5,Yes,UMT Entry Test,Easy,45% / 100 marks,19
PK-PUN-006,University of Management & Technology,Private,Punjab,Lahore,1990,32,W2,Industrial Engineering,STEM,2024,757,428,329,25,30.3,19,107,631,30,48,73,3.42,73,,Mixed Urban-Rural,67362,,2,Yes,UMT Entry Test,Easy,45% / 100 marks,18
PK-PUN-006,University of Management & Technology,Private,Punjab,Lahore,1990,32,W2,Industrial Engineering,STEM,2025,722,363,359,24,30.1,,26,,68,,74,3.38,66.2,1.8,Mostly Rural,121805,,17,Yes,UMT Entry Test,Easy,45% / 100 marks,18
PK-PUN-006,University of Management & Technology,Private,Punjab,Lahore,1990,32,W2,Mechanical Engineering,STEM,2022,792,509,283,32,24.8,44,151,597,104,,,3.28,72.8,11,Mixed Urban-Rural,110079,4,12,Yes,UMT Entry Test,Easy,45% / 100 marks,17
PK-PUN-006,University of Management & Technology,Private,Punjab,Lahore,1990,32,W2,Mechanical Engineering,STEM,2023,815,501,314,27,30.2,5,101,709,,,34,3.66,77,,Mixed Urban-Rural,82551,,,Yes,UMT Entry Test,Easy,45% / 100 marks,14
PK-PUN-006,University of Management & Technology,Private,Punjab,Lahore,1990,32,W2,Mechanical Engineering,STEM,2024,739,317,422,23,32.1,42,37,660,101,43,44,3.54,76.6,7.3,Mostly Rural,119213,9,,Yes,UMT Entry Test,Easy,45% / 100 marks,18
PK-PUN-006,University of Management & Technology,Private,Punjab,Lahore,1990,32,W2,Mechanical Engineering,STEM,2025,814,326,488,24,33.9,22,3,789,33,9,40,,65,14.1,Mostly Rural,94740,9,24,Yes,UMT Entry Test,Easy,45% / 100 marks,14
PK-PUN-006,University of Management & Technology,Private,Punjab,Lahore,1990,32,W2,Software Engineering,STEM,2022,391,177,214,11,35.5,,47,,75,59,65,3.32,76.3,12.9,,142915,4,18,Yes,UMT Entry Test,Easy,45% / 100 marks,17
PK-PUN-006,University of Management & Technology,Private,Punjab,Lahore,1990,32,W2,Software Engineering,STEM,2023,416,192,224,12,34.7,33,,,72,40,76,3.21,90.9,6.9,Mostly Urban,90191,,27,Yes,UMT Entry Test,Easy,45% / 100 marks,15
PK-PUN-006,University of Management & Technology,Private,Punjab,Lahore,1990,32,W2,Software Engineering,STEM,2024,430,281,149,14,30.7,12,41,377,50,,80,3.12,86.1,,Mostly Rural,133703,1,6,Yes,UMT Entry Test,Easy,45% / 100 marks,20
PK-PUN-006,University of Management & Technology,Private,Punjab,Lahore,1990,32,W2,Software Engineering,STEM,2025,480,204,276,17,28.2,35,17,428,14,,71,2.64,76.7,5,Mostly Urban,,19,13,Yes,UMT Entry Test,Easy,45% / 100 marks,15
PK-PUN-006,University of Management & Technology,Private,Punjab,Lahore,1990,32,W2,Telecommunication,STEM,2022,235,108,127,9,26.1,17,44,174,20,,71,3.69,82.9,16.8,Mixed Urban-Rural,98351,19,27,Yes,UMT Entry Test,Easy,45% / 100 marks,17
PK-PUN-006,University of Management & Technology,Private,Punjab,Lahore,1990,32,W2,Telecommunication,STEM,2023,266,185,81,8,33.2,5,14,247,41,,15,2.83,78.9,13.6,,115405,20,,Yes,UMT Entry Test,Easy,45% / 100 marks,14
PK-PUN-006,University of Management & Technology,Private,Punjab,Lahore,1990,32,W2,Telecommunication,STEM,2024,239,164,75,9,26.6,,30,,32,,41,,80,4.3,Mostly Urban,110096,5,27,Yes,UMT Entry Test,Easy,45% / 100 marks,15
PK-PUN-006,University of Management & Technology,Private,Punjab,Lahore,1990,32,W2,Telecommunication,STEM,2025,254,166,88,9,28.2,10,10,234,42,58,70,2.84,78.3,11.3,Mostly Rural,77562,9,1,Yes,UMT Entry Test,Easy,45% / 100 marks,17
PK-PUN-030,University of Okara,Public,Punjab,Okara,2012,,W1,Civil Engineering,STEM,2022,237,126,111,8,29.6,16,47,174,,32,54,,62.7,5.7,Mostly Rural,43654,13,4,Yes,UO Entry Test,Easy,40% / 100 marks,
PK-PUN-030,University of Okara,Public,Punjab,Okara,2012,,W1,Civil Engineering,STEM,2023,258,131,127,11,23.5,5,47,206,29,,,2.97,66.2,,Mostly Rural,32843,13,15,Yes,UO Entry Test,Easy,40% / 100 marks,6
PK-PUN-030,University of Okara,Public,Punjab,Okara,2012,,W1,Civil Engineering,STEM,2024,265,168,97,7,37.9,,51,,10,51,32,3.69,75.1,11.9,Mostly Rural,31211,,0,Yes,UO Entry Test,Easy,40% / 100 marks,10
PK-PUN-030,University of Okara,Public,Punjab,Okara,2012,,W1,Civil Engineering,STEM,2025,305,125,180,8,38.1,15,43,247,19,24,66,,70.3,,Mostly Urban,37164,17,23,Yes,UO Entry Test,Easy,40% / 100 marks,7
PK-PUN-030,University of Okara,Public,Punjab,Okara,2012,,W1,Electrical Engineering,STEM,2022,412,164,248,13,31.7,,73,,79,,5,3.6,81.4,,Mostly Urban,,9,1,Yes,UO Entry Test,Easy,40% / 100 marks,10
PK-PUN-030,University of Okara,Public,Punjab,Okara,2012,,W1,Electrical Engineering,STEM,2023,376,247,129,12,31.3,25,73,278,9,,63,3.38,77,12.4,Mostly Rural,19877,20,27,Yes,UO Entry Test,Easy,40% / 100 marks,6
PK-PUN-030,University of Okara,Public,Punjab,Okara,2012,,W1,Electrical Engineering,STEM,2024,422,202,220,12,35.2,10,1,411,50,8,63,3.42,83.7,,Mostly Rural,12380,10,18,Yes,UO Entry Test,Easy,40% / 100 marks,7
PK-PUN-030,University of Okara,Public,Punjab,Okara,2012,,W1,Electrical Engineering,STEM,2025,448,218,230,18,24.9,,65,,32,52,,3.35,73,13.4,,,,6,Yes,UO Entry Test,Easy,40% / 100 marks,8
PK-PUN-030,University of Okara,Public,Punjab,Okara,2012,,W1,Information Technology,STEM,2022,119,70,49,5,23.8,9,9,101,12,,12,2.92,76.4,,Mostly Rural,24070,18,13,Yes,UO Entry Test,Easy,40% / 100 marks,6
PK-PUN-030,University of Okara,Public,Punjab,Okara,2012,,W1,Information Technology,STEM,2023,118,71,47,5,23.6,2,10,106,22,,65,3.12,82.4,12,Mostly Urban,30390,3,29,Yes,UO Entry Test,Easy,40% / 100 marks,7
PK-PUN-030,University of Okara,Public,Punjab,Okara,2012,,W1,Information Technology,STEM,2024,136,82,54,5,27.2,,3,,5,36,,2.88,80.5,,Mixed Urban-Rural,13355,8,,Yes,UO Entry Test,Easy,40% / 100 marks,8
PK-PUN-030,University of Okara,Public,Punjab,Okara,2012,,W1,Information Technology,STEM,2025,128,64,64,5,25.6,5,5,118,21,54,65,3.67,82.7,18,Mostly Urban,40478,18,9,Yes,UO Entry Test,Easy,40% / 100 marks,8
PK-PUN-030,University of Okara,Public,Punjab,Okara,2012,,W1,Law,Arts & Social Sciences,2022,210,103,107,9,23.3,,37,,40,48,74,3.05,66.4,,Mostly Rural,17725,7,13,Yes,UO Entry Test,Easy,40% / 100 marks,6
PK-PUN-030,University of Okara,Public,Punjab,Okara,2012,,W1,Law,Arts & Social Sciences,2023,251,150,101,9,27.9,0,47,204,,,70,3.53,66,15.2,,,17,33,Yes,UO Entry Test,Easy,40% / 100 marks,
PK-PUN-030,University of Okara,Public,Punjab,Okara,2012,,W1,Law,Arts & Social Sciences,2024,248,157,91,9,27.6,1,32,215,7,53,77,3.34,76.4,9.8,Mixed Urban-Rural,40224,14,11,Yes,UO Entry Test,Easy,40% / 100 marks,7
PK-PUN-030,University of Okara,Public,Punjab,Okara,2012,,W1,Law,Arts & Social Sciences,2025,255,127,128,7,36.4,12,17,226,30,8,37,2.78,77.8,,Mixed Urban-Rural,25789,2,,Yes,UO Entry Test,Easy,40% / 100 marks,7
PK-PUN-030,University of Okara,Public,Punjab,Okara,2012,,W1,Mathematics,STEM,2022,233,148,85,10,23.3,8,23,202,,,31,,57,5.2,Mostly Rural,10163,9,2,Yes,UO Entry Test,Easy,40% / 100 marks,9
PK-PUN-030,University of Okara,Public,Punjab,Okara,2012,,W1,Mathematics,STEM,2023,241,110,131,10,24.1,,35,,30,23,22,3.68,58.2,14,Mostly Urban,,14,13,Yes,UO Entry Test,Easy,40% / 100 marks,8
PK-PUN-030,University of Okara,Public,Punjab,Okara,2012,,W1,Mathematics,STEM,2024,219,119,100,8,27.4,16,8,195,30,,71,3.15,65.9,15.2,Mostly Urban,30086,,14,Yes,UO Entry Test,Easy,40% / 100 marks,6
PK-PUN-030,University of Okara,Public,Punjab,Okara,2012,,W1,Mathematics,STEM,2025,256,169,87,8,32,1,28,227,42,41,,2.86,61.4,,Mixed Urban-Rural,16112,17,17,Yes,UO Entry Test,Easy,40% / 100 marks,8
PK-PUN-030,University of Okara,Public,Punjab,Okara,2012,,W1,Urdu,Arts & Social Sciences,2022,231,147,84,10,23.1,18,45,168,5,14,73,3.35,39.8,7.6,Mostly Rural,35588,13,22,Yes,UO Entry Test,Easy,40% / 100 marks,9
PK-PUN-030,University of Okara,Public,Punjab,Okara,2012,,W1,Urdu,Arts & Social Sciences,2023,235,147,88,7,33.6,0,45,190,34,10,72,3.67,35.5,15.1,Mostly Rural,36093,9,8,Yes,UO Entry Test,Easy,40% / 100 marks,9
PK-PUN-030,University of Okara,Public,Punjab,Okara,2012,,W1,Urdu,Arts & Social Sciences,2024,256,145,111,8,32,16,43,197,43,58,61,,43.2,12.9,Mixed Urban-Rural,41410,14,23,Yes,UO Entry Test,Easy,40% / 100 marks,9
PK-PUN-030,University of Okara,Public,Punjab,Okara,2012,,W1,Urdu,Arts & Social Sciences,2025,280,171,109,8,35,1,29,250,52,25,,2.7,36,6.4,Mostly Urban,42858,12,5,Yes,UO Entry Test,Easy,40% / 100 marks,9
PK-PUN-026,University of Sargodha,Public,Punjab,Sargodha,2002,44,W1,Business Administration,Business,2022,129,83,46,5,25.8,,18,,19,29,59,2.85,73,15.1,Mostly Rural,20041,,3,Yes,UOS Entry Test,Easy,45% / 100 marks,21
PK-PUN-026,University of Sargodha,Public,Punjab,Sargodha,2002,44,W1,Business Administration,Business,2023,134,85,49,5,26.8,10,9,115,26,26,56,3.45,65,5.3,Mixed Urban-Rural,,8,24,Yes,UOS Entry Test,Easy,45% / 100 marks,17
PK-PUN-026,University of Sargodha,Public,Punjab,Sargodha,2002,44,W1,Business Administration,Business,2024,111,57,54,5,22.2,6,20,85,13,43,51,3.19,63.4,,Mostly Urban,17212,,30,Yes,UOS Entry Test,Easy,45% / 100 marks,21
PK-PUN-026,University of Sargodha,Public,Punjab,Sargodha,2002,44,W1,Business Administration,Business,2025,136,53,83,5,27.2,5,3,128,22,34,70,3.17,76.8,11.9,Mostly Rural,,5,0,Yes,UOS Entry Test,Easy,45% / 100 marks,22
PK-PUN-026,University of Sargodha,Public,Punjab,Sargodha,2002,44,W1,Computer Science,STEM,2022,201,106,95,6,33.5,16,28,157,35,60,45,2.85,78.8,2,Mostly Urban,16523,16,,Yes,UOS Entry Test,Easy,45% / 100 marks,19
PK-PUN-026,University of Sargodha,Public,Punjab,Sargodha,2002,44,W1,Computer Science,STEM,2023,245,144,101,7,35,,36,,42,42,56,3.17,79.2,9.5,Mostly Urban,12999,19,26,Yes,UOS Entry Test,Easy,45% / 100 marks,19
PK-PUN-026,University of Sargodha,Public,Punjab,Sargodha,2002,44,W1,Computer Science,STEM,2024,213,140,73,7,30.4,5,32,176,,,41,,84.7,,Mostly Rural,10708,3,,Yes,UOS Entry Test,Easy,45% / 100 marks,21
PK-PUN-026,University of Sargodha,Public,Punjab,Sargodha,2002,44,W1,Computer Science,STEM,2025,211,129,82,6,35.2,2,33,176,36,23,,2.67,84.5,3.8,Mostly Urban,25633,11,1,Yes,UOS Entry Test,Easy,45% / 100 marks,20
PK-PUN-026,University of Sargodha,Public,Punjab,Sargodha,2002,44,W1,Education,Arts & Social Sciences,2022,405,177,228,13,31.2,,43,,34,25,24,2.81,67.1,10.5,Mixed Urban-Rural,,5,35,Yes,UOS Entry Test,Easy,45% / 100 marks,18
PK-PUN-026,University of Sargodha,Public,Punjab,Sargodha,2002,44,W1,Education,Arts & Social Sciences,2023,435,244,191,14,31.1,,34,,81,,36,2.71,64.8,10.3,,8456,,,Yes,UOS Entry Test,Easy,45% / 100 marks,22
PK-PUN-026,University of Sargodha,Public,Punjab,Sargodha,2002,44,W1,Education,Arts & Social Sciences,2024,474,278,196,14,33.9,,70,,78,,19,3.38,65.7,7.3,Mostly Rural,37488,7,21,Yes,UOS Entry Test,Easy,45% / 100 marks,22
PK-PUN-026,University of Sargodha,Public,Punjab,Sargodha,2002,44,W1,Education,Arts & Social Sciences,2025,499,290,209,21,23.8,38,10,451,20,,50,,66.6,4.2,Mostly Rural,29905,4,19,Yes,UOS Entry Test,Easy,45% / 100 marks,17
PK-PUN-026,University of Sargodha,Public,Punjab,Sargodha,2002,44,W1,Electrical Engineering,STEM,2022,136,89,47,5,27.2,1,20,115,7,34,19,3.12,77.3,17.6,Mostly Rural,36458,9,19,Yes,UOS Entry Test,Easy,45% / 100 marks,19
PK-PUN-026,University of Sargodha,Public,Punjab,Sargodha,2002,44,W1,Electrical Engineering,STEM,2023,137,93,44,5,27.4,6,27,104,17,7,66,3.31,78,16.3,Mostly Urban,11072,18,18,Yes,UOS Entry Test,Easy,45% / 100 marks,19
PK-PUN-026,University of Sargodha,Public,Punjab,Sargodha,2002,44,W1,Electrical Engineering,STEM,2024,139,75,64,5,27.8,7,13,119,5,26,9,3.05,83.4,,Mostly Rural,17071,2,14,Yes,UOS Entry Test,Easy,45% / 100 marks,16
PK-PUN-026,University of Sargodha,Public,Punjab,Sargodha,2002,44,W1,Electrical Engineering,STEM,2025,141,90,51,5,28.2,11,14,116,26,29,10,2.67,72.3,4.5,Mostly Urban,29512,3,8,Yes,UOS Entry Test,Easy,45% / 100 marks,
PK-PUN-026,University of Sargodha,Public,Punjab,Sargodha,2002,44,W1,English Literature,Arts & Social Sciences,2022,387,175,212,14,27.6,7,41,339,25,,60,3.13,48.4,12.8,Mostly Urban,13401,1,10,Yes,UOS Entry Test,Easy,45% / 100 marks,22
PK-PUN-026,University of Sargodha,Public,Punjab,Sargodha,2002,44,W1,English Literature,Arts & Social Sciences,2023,370,255,115,11,33.6,0,7,363,10,9,54,3.55,47.4,15.4,Mixed Urban-Rural,27733,11,3,Yes,UOS Entry Test,Easy,45% / 100 marks,22
PK-PUN-026,University of Sargodha,Public,Punjab,Sargodha,2002,44,W1,English Literature,Arts & Social Sciences,2024,409,194,215,13,31.5,28,34,347,,3,79,3.65,42,5.2,Mostly Rural,34230,7,11,Yes,UOS Entry Test,Easy,45% / 100 marks,21
PK-PUN-026,University of Sargodha,Public,Punjab,Sargodha,2002,44,W1,English Literature,Arts & Social Sciences,2025,429,263,166,17,25.2,14,61,354,36,52,45,3.52,47.5,7.1,Mostly Rural,19848,6,,Yes,UOS Entry Test,Easy,45% / 100 marks,21
PK-PUN-026,University of Sargodha,Public,Punjab,Sargodha,2002,44,W1,Mechanical Engineering,STEM,2022,435,202,233,14,31.1,4,16,415,35,2,61,,72.6,3.7,Mostly Rural,,11,31,Yes,UOS Entry Test,Easy,45% / 100 marks,20
PK-PUN-026,University of Sargodha,Public,Punjab,Sargodha,2002,44,W1,Mechanical Engineering,STEM,2023,406,235,171,11,36.9,5,20,381,43,25,37,,74.1,7.6,Mostly Urban,41468,17,,Yes,UOS Entry Test,Easy,45% / 100 marks,21
PK-PUN-026,University of Sargodha,Public,Punjab,Sargodha,2002,44,W1,Mechanical Engineering,STEM,2024,424,197,227,12,35.3,16,8,400,33,19,5,,79.6,15.9,Mostly Urban,28582,13,14,Yes,UOS Entry Test,Easy,45% / 100 marks,19
PK-PUN-026,University of Sargodha,Public,Punjab,Sargodha,2002,44,W1,Mechanical Engineering,STEM,2025,448,248,200,14,32,4,68,376,60,,5,2.86,79.7,16.2,Mostly Urban,8050,10,,Yes,UOS Entry Test,Easy,45% / 100 marks,17
PK-PUN-026,University of Sargodha,Public,Punjab,Sargodha,2002,44,W1,Physics,STEM,2022,215,129,86,7,30.7,13,,,9,43,79,2.64,49.7,2.2,Mostly Rural,,2,9,Yes,UOS Entry Test,Easy,45% / 100 marks,21
PK-PUN-026,University of Sargodha,Public,Punjab,Sargodha,2002,44,W1,Physics,STEM,2023,217,120,97,7,31,17,26,174,30,24,7,2.99,45.6,9.3,Mixed Urban-Rural,31148,,2,Yes,UOS Entry Test,Easy,45% / 100 marks,19
PK-PUN-026,University of Sargodha,Public,Punjab,Sargodha,2002,44,W1,Physics,STEM,2024,234,119,115,6,39,4,10,220,16,0,23,2.72,56.1,13.4,Mixed Urban-Rural,27030,7,18,Yes,UOS Entry Test,Easy,45% / 100 marks,22
PK-PUN-026,University of Sargodha,Public,Punjab,Sargodha,2002,44,W1,Physics,STEM,2025,206,114,92,6,34.3,16,37,153,8,38,,,55.4,10.9,Mostly Urban,26615,3,30,Yes,UOS Entry Test,Easy,45% / 100 marks,
PK-PUN-026,University of Sargodha,Public,Punjab,Sargodha,2002,44,W1,Psychology,Arts & Social Sciences,2022,186,130,56,6,31,1,,,,48,50,3.27,60.2,8.6,Mostly Rural,34356,3,28,Yes,UOS Entry Test,Easy,45% / 100 marks,21
PK-PUN-026,University of Sargodha,Public,Punjab,Sargodha,2002,44,W1,Psychology,Arts & Social Sciences,2023,178,124,54,8,22.2,11,15,152,29,15,47,3.02,52.5,,Mostly Urban,39524,4,35,Yes,UOS Entry Test,Easy,45% / 100 marks,20
PK-PUN-026,University of Sargodha,Public,Punjab,Sargodha,2002,44,W1,Psychology,Arts & Social Sciences,2024,196,84,112,5,39.2,10,2,184,23,1,20,,54.3,13.8,Mixed Urban-Rural,44081,13,15,Yes,UOS Entry Test,Easy,45% / 100 marks,22
PK-PUN-026,University of Sargodha,Public,Punjab,Sargodha,2002,44,W1,Psychology,Arts & Social Sciences,2025,205,111,94,7,29.3,1,,,23,14,28,3.28,53.6,6.3,Mostly Rural,22812,9,,Yes,UOS Entry Test,Easy,45% / 100 marks,17
PK-PUN-026,University of Sargodha,Public,Punjab,Sargodha,2002,44,W1,Statistics,STEM,2022,345,206,139,13,26.5,,48,,68,22,22,2.96,59.3,7.1,Mostly Urban,8273,,18,Yes,UOS Entry Test,Easy,45% / 100 marks,19
PK-PUN-026,University of Sargodha,Public,Punjab,Sargodha,2002,44,W1,Statistics,STEM,2023,314,160,154,11,28.5,1,6,307,10,33,16,3.55,68.6,15.5,Mostly Rural,8784,2,7,Yes,UOS Entry Test,Easy,45% / 100 marks,18
PK-PUN-026,University of Sargodha,Public,Punjab,Sargodha,2002,44,W1,Statistics,STEM,2024,396,179,217,16,24.8,26,,,9,24,38,3.21,63.4,7.9,Mostly Urban,26471,,,Yes,UOS Entry Test,Easy,45% / 100 marks,16
PK-PUN-026,University of Sargodha,Public,Punjab,Sargodha,2002,44,W1,Statistics,STEM,2025,420,258,162,17,24.7,19,28,373,36,15,27,3.6,63.6,15.3,Mixed Urban-Rural,,19,16,Yes,UOS Entry Test,Easy,45% / 100 marks,20
PK-PUN-026,University of Sargodha,Public,Punjab,Sargodha,2002,44,W1,Urdu,Arts & Social Sciences,2022,411,262,149,13,31.6,7,74,330,16,36,6,3.53,40.5,11.7,Mixed Urban-Rural,17372,18,13,Yes,UOS Entry Test,Easy,45% / 100 marks,19
PK-PUN-026,University of Sargodha,Public,Punjab,Sargodha,2002,44,W1,Urdu,Arts & Social Sciences,2023,447,317,130,17,26.3,35,39,373,71,,,3.61,35.3,,Mixed Urban-Rural,23168,,0,Yes,UOS Entry Test,Easy,45% / 100 marks,16
PK-PUN-026,University of Sargodha,Public,Punjab,Sargodha,2002,44,W1,Urdu,Arts & Social Sciences,2024,464,247,217,16,29,32,27,405,54,18,38,2.89,40.6,,Mostly Rural,33541,,29,Yes,UOS Entry Test,Easy,45% / 100 marks,22
PK-PUN-026,University of Sargodha,Public,Punjab,Sargodha,2002,44,W1,Urdu,Arts & Social Sciences,2025,482,343,139,16,30.1,16,74,392,,59,37,3.26,46.6,17.5,Mostly Rural,14982,20,11,Yes,UOS Entry Test,Easy,45% / 100 marks,16
PK-PUN-018,University of Veterinary & Animal Sciences,Public,Punjab,Lahore,1882,1,W4,Agricultural Engineering,STEM,2022,1460,644,816,55,26.5,94,8,1358,11,,3,3.21,64.1,,Mixed Urban-Rural,22161,11,3,Yes,UVAS Entry Test,Medium,55% / 100 marks,25
PK-PUN-018,University of Veterinary & Animal Sciences,Public,Punjab,Lahore,1882,1,W4,Agricultural Engineering,STEM,2023,1358,535,823,50,27.2,82,136,1140,,56,,2.61,58.9,11.8,Mostly Urban,10870,,1,Yes,UVAS Entry Test,Medium,55% / 100 marks,25
PK-PUN-018,University of Veterinary & Animal Sciences,Public,Punjab,Lahore,1882,1,W4,Agricultural Engineering,STEM,2024,1318,561,757,44,30,14,95,1209,244,23,61,3.19,57.4,2.2,Mostly Rural,,16,20,Yes,UVAS Entry Test,Medium,55% / 100 marks,22
PK-PUN-018,University of Veterinary & Animal Sciences,Public,Punjab,Lahore,1882,1,W4,Agricultural Engineering,STEM,2025,1401,662,739,46,30.5,65,,,149,59,,3.2,67.2,11.9,Mostly Rural,30963,10,25,Yes,UVAS Entry Test,Medium,55% / 100 marks,
PK-PUN-018,University of Veterinary & Animal Sciences,Public,Punjab,Lahore,1882,1,W4,Animal Husbandry,STEM,2022,2260,987,1273,69,32.8,,209,,,24,66,2.75,51.9,,Mostly Rural,9997,5,25,Yes,UVAS Entry Test,Medium,55% / 100 marks,
PK-PUN-018,University of Veterinary & Animal Sciences,Public,Punjab,Lahore,1882,1,W4,Animal Husbandry,STEM,2023,2263,1011,1252,69,32.8,,347,,,43,6,3.49,47,17.2,Mostly Rural,11536,12,,Yes,UVAS Entry Test,Medium,55% / 100 marks,22
PK-PUN-018,University of Veterinary & Animal Sciences,Public,Punjab,Lahore,1882,1,W4,Animal Husbandry,STEM,2024,2492,1010,1482,98,25.4,93,348,2051,,16,36,3.11,51.2,13,Mostly Urban,,3,33,Yes,UVAS Entry Test,Medium,55% / 100 marks,26
PK-PUN-018,University of Veterinary & Animal Sciences,Public,Punjab,Lahore,1882,1,W4,Animal Husbandry,STEM,2025,2823,1582,1241,102,27.7,,330,,444,56,54,3.22,57.9,9.7,Mostly Rural,8453,,,Yes,UVAS Entry Test,Medium,55% / 100 marks,26
PK-PUN-018,University of Veterinary & Animal Sciences,Public,Punjab,Lahore,1882,1,W4,Fisheries,STEM,2022,2006,1235,771,60,33.4,41,,,8,6,,3.54,52.8,9.6,Mixed Urban-Rural,39395,,25,Yes,UVAS Entry Test,Medium,55% / 100 marks,27
PK-PUN-018,University of Veterinary & Animal Sciences,Public,Punjab,Lahore,1882,1,W4,Fisheries,STEM,2023,1771,697,1074,53,33.4,47,224,1500,240,55,23,2.78,54.7,5.4,Mostly Urban,30160,,1,Yes,UVAS Entry Test,Medium,55% / 100 marks,24
PK-PUN-018,University of Veterinary & Animal Sciences,Public,Punjab,Lahore,1882,1,W4,Fisheries,STEM,2024,1963,913,1050,56,35.1,,253,,94,18,32,3.58,41,11.5,Mostly Rural,,3,17,Yes,UVAS Entry Test,Medium,55% / 100 marks,22
PK-PUN-018,University of Veterinary & Animal Sciences,Public,Punjab,Lahore,1882,1,W4,Fisheries,STEM,2025,2082,880,1202,76,27.4,56,1,2025,316,12,58,2.87,54.6,8,Mostly Rural,20078,5,31,Yes,UVAS Entry Test,Medium,55% / 100 marks,28
PK-PUN-018,University of Veterinary & Animal Sciences,Public,Punjab,Lahore,1882,1,W4,Food Science & Technology,STEM,2022,2619,1189,1430,76,34.5,205,212,2202,416,46,7,2.64,60.6,2.4,Mostly Rural,19106,,2,Yes,UVAS Entry Test,Medium,55% / 100 marks,26
PK-PUN-018,University of Veterinary & Animal Sciences,Public,Punjab,Lahore,1882,1,W4,Food Science & Technology,STEM,2023,2838,1841,997,109,26,194,171,2473,,27,37,3.62,54.9,8.4,Mostly Urban,36160,8,12,Yes,UVAS Entry Test,Medium,55% / 100 marks,26
PK-PUN-018,University of Veterinary & Animal Sciences,Public,Punjab,Lahore,1882,1,W4,Food Science & Technology,STEM,2024,3045,1842,1203,114,26.7,,273,,273,46,54,2.71,67.6,9.5,Mixed Urban-Rural,39745,20,16,Yes,UVAS Entry Test,Medium,55% / 100 marks,27
PK-PUN-018,University of Veterinary & Animal Sciences,Public,Punjab,Lahore,1882,1,W4,Food Science & Technology,STEM,2025,2999,1859,1140,108,27.8,169,426,2404,19,38,43,2.74,63.4,8.7,Mostly Urban,24859,,,Yes,UVAS Entry Test,Medium,55% / 100 marks,25
PK-PUN-018,University of Veterinary & Animal Sciences,Public,Punjab,Lahore,1882,1,W4,Soil Science,STEM,2022,3106,2167,939,107,29,4,,,300,21,16,3.08,51.4,,Mostly Urban,18705,17,19,Yes,UVAS Entry Test,Medium,55% / 100 marks,28
PK-PUN-018,University of Veterinary & Animal Sciences,Public,Punjab,Lahore,1882,1,W4,Soil Science,STEM,2023,3499,1686,1813,106,33,256,131,3112,521,4,53,3.13,55.9,10.2,Mostly Rural,43825,,24,Yes,UVAS Entry Test,Medium,55% / 100 marks,22
PK-PUN-018,University of Veterinary & Animal Sciences,Public,Punjab,Lahore,1882,1,W4,Soil Science,STEM,2024,3427,2452,975,139,24.7,138,332,2957,483,36,50,3.22,52.6,12.8,Mixed Urban-Rural,20635,1,28,Yes,UVAS Entry Test,Medium,55% / 100 marks,28
PK-PUN-018,University of Veterinary & Animal Sciences,Public,Punjab,Lahore,1882,1,W4,Soil Science,STEM,2025,3098,1593,1505,131,23.6,1,,,432,,,3.35,54.4,16.4,Mixed Urban-Rural,26204,13,22,Yes,UVAS Entry Test,Medium,55% / 100 marks,28
PK-PUN-001,University of the Punjab,Public,Punjab,Lahore,1882,7,W4,Biology,STEM,2022,1454,598,856,51,28.5,80,,,184,56,79,3.07,44.5,6.2,Mostly Rural,32069,18,12,Yes,PU Entry Test,Medium,50% / 100 marks,96
PK-PUN-001,University of the Punjab,Public,Punjab,Lahore,1882,7,W4,Biology,STEM,2023,1465,632,833,46,31.8,42,141,1282,,41,16,3.6,47.5,13.7,Mostly Urban,8175,,9,Yes,PU Entry Test,Medium,50% / 100 marks,86
PK-PUN-001,University of the Punjab,Public,Punjab,Lahore,1882,7,W4,Biology,STEM,2024,1541,834,707,70,22,64,123,1354,230,30,20,3.12,44.2,7.7,Mostly Urban,42208,7,17,Yes,PU Entry Test,Medium,50% / 100 marks,100
PK-PUN-001,University of the Punjab,Public,Punjab,Lahore,1882,7,W4,Biology,STEM,2025,1828,1216,612,62,29.5,,238,,227,11,18,3.28,50.8,7.2,Mostly Urban,20516,1,,Yes,PU Entry Test,Medium,50% / 100 marks,98
PK-PUN-001,University of the Punjab,Public,Punjab,Lahore,1882,7,W4,Business Administration,Business,2022,2292,875,1417,88,26,164,22,2106,11,2,35,2.66,64.5,13.1,Mostly Rural,9994,15,30,Yes,PU Entry Test,Medium,50% / 100 marks,91
PK-PUN-001,University of the Punjab,Public,Punjab,Lahore,1882,7,W4,Business Administration,Business,2023,2511,1507,1004,86,29.2,,61,,95,8,22,2.67,64.7,,Mostly Urban,43657,1,20,Yes,PU Entry Test,Medium,50% / 100 marks,97
PK-PUN-001,University of the Punjab,Public,Punjab,Lahore,1882,7,W4,Business Administration,Business,2024,2682,1173,1509,77,34.8,16,513,2153,417,42,4,2.65,74.6,5.9,Mixed Urban-Rural,41126,1,35,Yes,PU Entry Test,Medium,50% / 100 marks,91
PK-PUN-001,University of the Punjab,Public,Punjab,Lahore,1882,7,W4,Business Administration,Business,2025,2437,1208,1229,82,29.7,47,320,2070,,11,62,2.84,74.1,14.2,Mostly Urban,13326,7,8,Yes,PU Entry Test,Medium,50% / 100 marks,88
PK-PUN-001,University of the Punjab,Public,Punjab,Lahore,1882,7,W4,Civil Engineering,STEM,2022,1848,1145,703,76,24.3,66,135,1647,144,11,31,3,62.2,,Mixed Urban-Rural,42278,6,,Yes,PU Entry Test,Medium,50% / 100 marks,86
PK-PUN-001,University of the Punjab,Public,Punjab,Lahore,1882,7,W4,Civil Engineering,STEM,2023,2326,1188,1138,80,29.1,128,380,1818,354,13,47,2.88,63.4,3,Mixed Urban-Rural,10060,6,29,Yes,PU Entry Test,Medium,50% / 100 marks,88
PK-PUN-001,University of the Punjab,Public,Punjab,Lahore,1882,7,W4,Civil Engineering,STEM,2024,2272,1150,1122,84,27,,171,,327,57,,2.99,69.4,16.4,Mostly Urban,43833,20,27,Yes,PU Entry Test,Medium,50% / 100 marks,99
PK-PUN-001,University of the Punjab,Public,Punjab,Lahore,1882,7,W4,Civil Engineering,STEM,2025,2426,1312,1114,96,25.3,59,461,1906,158,,64,2.9,71.6,3.3,Mostly Urban,9871,20,33,Yes,PU Entry Test,Medium,50% / 100 marks,89
PK-PUN-001,University of the Punjab,Public,Punjab,Lahore,1882,7,W4,Computer Science,STEM,2022,1786,1023,763,74,24.1,117,235,1434,163,9,9,3.57,84.6,,Mostly Urban,13267,8,,Yes,PU Entry Test,Medium,50% / 100 marks,85
PK-PUN-001,University of the Punjab,Public,Punjab,Lahore,1882,7,W4,Computer Science,STEM,2023,1698,1093,605,76,22.3,96,124,1478,206,58,,3.44,76.5,3.1,Mixed Urban-Rural,29437,14,34,Yes,PU Entry Test,Medium,50% / 100 marks,86
PK-PUN-001,University of the Punjab,Public,Punjab,Lahore,1882,7,W4,Computer Science,STEM,2024,1554,848,706,49,31.7,0,203,1351,125,21,80,2.81,83.4,12.2,,36534,6,18,Yes,PU Entry Test,Medium,50% / 100 marks,98
PK-PUN-001,University of the Punjab,Public,Punjab,Lahore,1882,7,W4,Computer Science,STEM,2025,1708,1041,667,60,28.5,88,51,1569,269,29,25,2.78,78.2,8.2,Mostly Rural,41224,,25,Yes,PU Entry Test,Medium,50% / 100 marks,100
PK-PUN-001,University of the Punjab,Public,Punjab,Lahore,1882,7,W4,Electrical Engineering,STEM,2022,2694,1301,1393,106,25.4,93,183,2418,489,54,60,3.34,78.1,10.3,Mixed Urban-Rural,30093,7,29,Yes,PU Entry Test,Medium,50% / 100 marks,90
PK-PUN-001,University of the Punjab,Public,Punjab,Lahore,1882,7,W4,Electrical Engineering,STEM,2023,2590,1393,1197,115,22.5,196,273,2121,383,21,9,,81.9,7.4,Mostly Rural,10334,18,15,Yes,PU Entry Test,Medium,50% / 100 marks,90
PK-PUN-001,University of the Punjab,Public,Punjab,Lahore,1882,7,W4,Electrical Engineering,STEM,2024,2507,1408,1099,106,23.7,187,291,2029,239,15,38,2.76,70.3,2.8,Mixed Urban-Rural,14627,,19,Yes,PU Entry Test,Medium,50% / 100 marks,89
PK-PUN-001,University of the Punjab,Public,Punjab,Lahore,1882,7,W4,Electrical Engineering,STEM,2025,2756,1068,1688,80,34.5,66,526,2164,448,50,13,2.65,72.1,14.6,Mostly Rural,22103,6,2,Yes,PU Entry Test,Medium,50% / 100 marks,95
PK-PUN-001,University of the Punjab,Public,Punjab,Lahore,1882,7,W4,History,Arts & Social Sciences,2022,3196,1411,1785,124,25.8,162,,,286,38,56,3.27,32.1,13.2,Mixed Urban-Rural,38188,18,35,Yes,PU Entry Test,Medium,50% / 100 marks,97
PK-PUN-001,University of the Punjab,Public,Punjab,Lahore,1882,7,W4,History,Arts & Social Sciences,2023,3008,1491,1517,113,26.6,169,80,2759,179,16,66,2.83,39.1,10.8,Mostly Rural,32195,15,,Yes,PU Entry Test,Medium,50% / 100 marks,92
PK-PUN-001,University of the Punjab,Public,Punjab,Lahore,1882,7,W4,History,Arts & Social Sciences,2024,3627,1583,2044,136,26.7,192,134,3301,295,31,5,3.04,38.9,17.2,Mostly Urban,15250,13,22,Yes,PU Entry Test,Medium,50% / 100 marks,95
PK-PUN-001,University of the Punjab,Public,Punjab,Lahore,1882,7,W4,History,Arts & Social Sciences,2025,3855,2013,1842,129,29.9,257,401,3197,708,48,16,2.91,37.1,8.2,Mostly Urban,18287,1,21,Yes,PU Entry Test,Medium,50% / 100 marks,99
PK-PUN-001,University of the Punjab,Public,Punjab,Lahore,1882,7,W4,Law,Arts & Social Sciences,2022,2801,1715,1086,120,23.3,128,418,2255,34,8,56,3.23,74.3,6.9,Mostly Urban,13961,13,12,Yes,PU Entry Test,Medium,50% / 100 marks,89
PK-PUN-001,University of the Punjab,Public,Punjab,Lahore,1882,7,W4,Law,Arts & Social Sciences,2023,3044,1323,1721,113,26.9,,470,,305,,28,3.48,79,11.5,Mixed Urban-Rural,40782,6,4,Yes,PU Entry Test,Medium,50% / 100 marks,94
PK-PUN-001,University of the Punjab,Public,Punjab,Lahore,1882,7,W4,Law,Arts & Social Sciences,2024,2558,1000,1558,83,30.8,137,24,2397,,16,52,,78.9,15.2,Mixed Urban-Rural,10615,15,7,Yes,PU Entry Test,Medium,50% / 100 marks,95
PK-PUN-001,University of the Punjab,Public,Punjab,Lahore,1882,7,W4,Law,Arts & Social Sciences,2025,2711,1810,901,85,31.9,123,99,2489,352,,24,3.38,74.3,12.9,Mixed Urban-Rural,25039,15,17,Yes,PU Entry Test,Medium,50% / 100 marks,91
PK-PUN-001,University of the Punjab,Public,Punjab,Lahore,1882,7,W4,Pharmacy,STEM,2022,2873,1228,1645,99,29,,486,,303,45,75,3.49,72.4,12.6,Mostly Rural,27158,1,19,Yes,PU Entry Test,Medium,50% / 100 marks,94
PK-PUN-001,University of the Punjab,Public,Punjab,Lahore,1882,7,W4,Pharmacy,STEM,2023,3079,1182,1897,115,26.8,,321,,179,41,69,3.31,80.1,7.7,Mostly Rural,39591,,21,Yes,PU Entry Test,Medium,50% / 100 marks,89
PK-PUN-001,University of the Punjab,Public,Punjab,Lahore,1882,7,W4,Pharmacy,STEM,2024,3246,1461,1785,135,24,6,536,2704,370,36,18,2.64,81.7,13.7,Mostly Rural,29595,18,34,Yes,PU Entry Test,Medium,50% / 100 marks,90
PK-PUN-001,University of the Punjab,Public,Punjab,Lahore,1882,7,W4,Pharmacy,STEM,2025,3910,2775,1135,172,22.7,116,467,3327,192,41,35,2.91,81.1,17.7,Mostly Urban,12172,2,15,Yes,PU Entry Test,Medium,50% / 100 marks,95
PK-PUN-001,University of the Punjab,Public,Punjab,Lahore,1882,7,W4,Psychology,Arts & Social Sciences,2022,3398,1842,1556,145,23.4,,,,79,,,3.14,66.1,10.4,Mostly Urban,36164,15,12,Yes,PU Entry Test,Medium,50% / 100 marks,96
PK-PUN-001,University of the Punjab,Public,Punjab,Lahore,1882,7,W4,Psychology,Arts & Social Sciences,2023,3396,2023,1373,106,32,263,660,2473,509,21,55,2.9,67.9,15.8,Mostly Urban,28237,6,20,Yes,PU Entry Test,Medium,50% / 100 marks,98
PK-PUN-001,University of the Punjab,Public,Punjab,Lahore,1882,7,W4,Psychology,Arts & Social Sciences,2024,3762,2081,1681,132,28.5,275,198,3289,,21,41,3.15,54.9,14.1,Mixed Urban-Rural,42760,20,9,Yes,PU Entry Test,Medium,50% / 100 marks,94
PK-PUN-001,University of the Punjab,Public,Punjab,Lahore,1882,7,W4,Psychology,Arts & Social Sciences,2025,3399,1513,1886,125,27.2,213,275,2911,533,41,23,3.52,54.7,5.8,Mostly Rural,28069,11,27,Yes,PU Entry Test,Medium,50% / 100 marks,98
PK-SIN-006,Aga Khan University,Private,Sindh,Karachi,1983,6,W4,Biology,STEM,2022,2759,1983,776,105,26.3,,318,,382,,19,2.81,58.5,4.5,Mixed Urban-Rural,85145,,21,Yes,AKU Entry Test,Difficult,75% / 100 marks,20
PK-SIN-006,Aga Khan University,Private,Sindh,Karachi,1983,6,W4,Biology,STEM,2023,2943,1289,1654,102,28.9,,461,,514,32,66,3.5,48.4,7.5,Mixed Urban-Rural,101940,16,16,Yes,AKU Entry Test,Difficult,75% / 100 marks,19
PK-SIN-006,Aga Khan University,Private,Sindh,Karachi,1983,6,W4,Biology,STEM,2024,2646,1823,823,90,29.4,98,523,2025,294,3,7,2.74,47.2,7.9,Mostly Rural,114962,16,14,Yes,AKU Entry Test,Difficult,75% / 100 marks,
PK-SIN-006,Aga Khan University,Private,Sindh,Karachi,1983,6,W4,Biology,STEM,2025,3078,2023,1055,105,29.3,,260,,,,51,3,57.5,,Mixed Urban-Rural,101429,3,3,Yes,AKU Entry Test,Difficult,75% / 100 marks,18
PK-SIN-006,Aga Khan University,Private,Sindh,Karachi,1983,6,W4,Civil Engineering,STEM,2022,3401,2002,1399,97,35.1,184,106,3111,455,25,35,3.03,63.6,6.4,Mostly Urban,,8,19,Yes,AKU Entry Test,Difficult,75% / 100 marks,17
PK-SIN-006,Aga Khan University,Private,Sindh,Karachi,1983,6,W4,Civil Engineering,STEM,2023,3075,1831,1244,107,28.7,109,,,591,43,22,3.06,68.5,11.3,Mixed Urban-Rural,95146,20,29,Yes,AKU Entry Test,Difficult,75% / 100 marks,21
PK-SIN-006,Aga Khan University,Private,Sindh,Karachi,1983,6,W4,Civil Engineering,STEM,2024,3574,2422,1152,147,24.3,73,109,3392,299,55,66,3.35,71.6,3.7,Mostly Urban,76155,5,6,Yes,AKU Entry Test,Difficult,75% / 100 marks,22
PK-SIN-006,Aga Khan University,Private,Sindh,Karachi,1983,6,W4,Civil Engineering,STEM,2025,3463,2396,1067,135,25.7,,386,,403,23,8,2.62,60.5,2.8,Mostly Urban,,20,,Yes,AKU Entry Test,Difficult,75% / 100 marks,22
PK-SIN-006,Aga Khan University,Private,Sindh,Karachi,1983,6,W4,Economics,Business,2022,2934,1406,1528,96,30.6,125,279,2530,143,59,70,2.89,66.4,11.8,Mostly Rural,85046,5,33,Yes,AKU Entry Test,Difficult,75% / 100 marks,22
PK-SIN-006,Aga Khan University,Private,Sindh,Karachi,1983,6,W4,Economics,Business,2023,3181,1866,1315,99,32.1,,,,127,,,3.58,66.3,4.2,Mixed Urban-Rural,123409,13,21,Yes,AKU Entry Test,Difficult,75% / 100 marks,18
PK-SIN-006,Aga Khan University,Private,Sindh,Karachi,1983,6,W4,Economics,Business,2024,2758,1513,1245,103,26.8,142,31,2585,9,35,6,3.12,62.7,10.9,Mostly Urban,85531,,,Yes,AKU Entry Test,Difficult,75% / 100 marks,16
PK-SIN-006,Aga Khan University,Private,Sindh,Karachi,1983,6,W4,Economics,Business,2025,3038,1353,1685,88,34.5,95,27,2916,168,29,69,2.6,72.1,8.3,Mostly Urban,,16,,Yes,AKU Entry Test,Difficult,75% / 100 marks,21
PK-SIN-006,Aga Khan University,Private,Sindh,Karachi,1983,6,W4,Education,Arts & Social Sciences,2022,1594,671,923,53,30.1,,38,,170,49,26,3.58,70,14.9,Mostly Urban,115890,15,1,Yes,AKU Entry Test,Difficult,75% / 100 marks,22
PK-SIN-006,Aga Khan University,Private,Sindh,Karachi,1983,6,W4,Education,Arts & Social Sciences,2023,1389,620,769,42,33.1,21,143,1225,149,29,58,2.63,66.8,,Mixed Urban-Rural,126599,16,34,Yes,AKU Entry Test,Difficult,75% / 100 marks,21
PK-SIN-006,Aga Khan University,Private,Sindh,Karachi,1983,6,W4,Education,Arts & Social Sciences,2024,1488,1066,422,50,29.8,115,211,1162,156,58,,2.8,67.2,12.7,Mostly Urban,99448,5,,Yes,AKU Entry Test,Difficult,75% / 100 marks,17
PK-SIN-006,Aga Khan University,Private,Sindh,Karachi,1983,6,W4,Education,Arts & Social Sciences,2025,1712,1185,527,56,30.6,,133,,137,9,8,2.82,62.3,16.8,Mixed Urban-Rural,92556,13,2,Yes,AKU Entry Test,Difficult,75% / 100 marks,22
PK-SIN-006,Aga Khan University,Private,Sindh,Karachi,1983,6,W4,Electrical Engineering,STEM,2022,2642,1613,1029,85,31.1,22,,,462,4,49,2.77,79.1,17,Mixed Urban-Rural,67012,19,20,Yes,AKU Entry Test,Difficult,75% / 100 marks,18
PK-SIN-006,Aga Khan University,Private,Sindh,Karachi,1983,6,W4,Electrical Engineering,STEM,2023,2527,1366,1161,110,23,37,132,2358,141,42,17,2.62,70.6,17.8,,93368,7,4,Yes,AKU Entry Test,Difficult,75% / 100 marks,16
PK-SIN-006,Aga Khan University,Private,Sindh,Karachi,1983,6,W4,Electrical Engineering,STEM,2024,3006,1998,1008,111,27.1,199,225,2582,147,53,58,3.65,80.6,17.2,Mostly Rural,120053,16,4,Yes,AKU Entry Test,Difficult,75% / 100 marks,19
PK-SIN-006,Aga Khan University,Private,Sindh,Karachi,1983,6,W4,Electrical Engineering,STEM,2025,2654,1233,1421,118,22.5,36,185,2433,362,7,67,,80.5,7.9,Mostly Rural,55110,18,2,Yes,AKU Entry Test,Difficult,75% / 100 marks,22
PK-SIN-006,Aga Khan University,Private,Sindh,Karachi,1983,6,W4,Mass Communication,Arts & Social Sciences,2022,1456,999,457,57,25.5,55,274,1127,101,,54,3.55,67.1,16.2,Mostly Urban,112827,2,1,Yes,AKU Entry Test,Difficult,75% / 100 marks,18
PK-SIN-006,Aga Khan University,Private,Sindh,Karachi,1983,6,W4,Mass Communication,Arts & Social Sciences,2023,1706,1192,514,73,23.4,20,338,1348,,,59,2.82,58.4,6.6,Mixed Urban-Rural,65806,13,29,Yes,AKU Entry Test,Difficult,75% / 100 marks,
PK-SIN-006,Aga Khan University,Private,Sindh,Karachi,1983,6,W4,Mass Communication,Arts & Social Sciences,2024,1737,1176,561,51,34.1,111,268,1358,171,23,41,2.94,68.3,14,Mostly Urban,119098,9,,Yes,AKU Entry Test,Difficult,75% / 100 marks,18
PK-SIN-006,Aga Khan University,Private,Sindh,Karachi,1983,6,W4,Mass Communication,Arts & Social Sciences,2025,1923,1059,864,68,28.3,56,299,1568,329,,76,3.61,60.7,10.1,Mostly Urban,128818,4,8,Yes,AKU Entry Test,Difficult,75% / 100 marks,22
PK-SIN-006,Aga Khan University,Private,Sindh,Karachi,1983,6,W4,Physics,STEM,2022,785,371,414,27,29.1,42,118,625,128,,61,,58.8,7.8,Mostly Urban,126834,4,19,Yes,AKU Entry Test,Difficult,75% / 100 marks,22
PK-SIN-006,Aga Khan University,Private,Sindh,Karachi,1983,6,W4,Physics,STEM,2023,833,501,332,29,28.7,55,64,714,107,52,60,2.74,56.6,8,Mostly Urban,99829,10,20,Yes,AKU Entry Test,Difficult,75% / 100 marks,17
PK-SIN-006,Aga Khan University,Private,Sindh,Karachi,1983,6,W4,Physics,STEM,2024,980,395,585,36,27.2,18,76,886,39,32,69,,48.6,3.8,Mostly Rural,,14,10,Yes,AKU Entry Test,Difficult,75% / 100 marks,21
PK-SIN-006,Aga Khan University,Private,Sindh,Karachi,1983,6,W4,Physics,STEM,2025,938,527,411,29,32.3,,110,,,30,38,3.55,47.7,2.1,Mixed Urban-Rural,62288,19,15,Yes,AKU Entry Test,Difficult,75% / 100 marks,18
PK-SIN-006,Aga Khan University,Private,Sindh,Karachi,1983,6,W4,Psychology,Arts & Social Sciences,2022,1927,1319,608,82,23.5,87,163,1677,210,32,36,3.23,53.8,13,Mostly Rural,64806,9,33,Yes,AKU Entry Test,Difficult,75% / 100 marks,20
PK-SIN-006,Aga Khan University,Private,Sindh,Karachi,1983,6,W4,Psychology,Arts & Social Sciences,2023,1732,701,1031,62,27.9,101,316,1315,50,21,67,2.82,61.1,16,Mixed Urban-Rural,101583,9,,Yes,AKU Entry Test,Difficult,75% / 100 marks,17
PK-SIN-006,Aga Khan University,Private,Sindh,Karachi,1983,6,W4,Psychology,Arts & Social Sciences,2024,1995,1384,611,75,26.6,110,217,1668,388,7,18,3.37,62.9,6.6,Mixed Urban-Rural,80680,10,,Yes,AKU Entry Test,Difficult,75% / 100 marks,17
PK-SIN-006,Aga Khan University,Private,Sindh,Karachi,1983,6,W4,Psychology,Arts & Social Sciences,2025,1998,1005,993,84,23.8,23,2,1973,377,56,58,3.5,67.5,,Mostly Urban,65102,20,8,Yes,AKU Entry Test,Difficult,75% / 100 marks,17
PK-SIN-010,Bahria University Karachi,Public,Sindh,Karachi,2000,43,W1,Civil Engineering,STEM,2022,62,35,27,5,12.4,,8,,10,26,56,2.75,62.5,,Mostly Urban,9904,7,35,Yes,Bahria University Entry Test,Medium,50% / 100 marks,12
PK-SIN-010,Bahria University Karachi,Public,Sindh,Karachi,2000,43,W1,Civil Engineering,STEM,2023,53,21,32,5,10.6,,,,8,28,53,3.15,74.6,5.2,Mostly Rural,32597,,0,Yes,Bahria University Entry Test,Medium,50% / 100 marks,13
PK-SIN-010,Bahria University Karachi,Public,Sindh,Karachi,2000,43,W1,Civil Engineering,STEM,2024,59,35,24,5,11.8,3,3,53,8,20,27,3.26,72.9,,Mostly Rural,30394,18,15,Yes,Bahria University Entry Test,Medium,50% / 100 marks,12
PK-SIN-010,Bahria University Karachi,Public,Sindh,Karachi,2000,43,W1,Civil Engineering,STEM,2025,66,26,40,5,13.2,0,9,57,,,18,2.74,75.5,8.5,Mostly Urban,40462,19,3,Yes,Bahria University Entry Test,Medium,50% / 100 marks,15
PK-SIN-010,Bahria University Karachi,Public,Sindh,Karachi,2000,43,W1,Economics,Business,2022,181,74,107,7,25.9,,3,,5,,62,3.17,59,16.8,Mixed Urban-Rural,24884,10,18,Yes,Bahria University Entry Test,Medium,50% / 100 marks,14
PK-SIN-010,Bahria University Karachi,Public,Sindh,Karachi,2000,43,W1,Economics,Business,2023,201,103,98,6,33.5,,36,,22,,7,2.72,70.1,2.6,Mixed Urban-Rural,30947,9,11,Yes,Bahria University Entry Test,Medium,50% / 100 marks,16
PK-SIN-010,Bahria University Karachi,Public,Sindh,Karachi,2000,43,W1,Economics,Business,2024,213,85,128,9,23.7,5,18,190,24,0,28,3.22,71.4,,Mostly Urban,10382,5,34,Yes,Bahria University Entry Test,Medium,50% / 100 marks,12
PK-SIN-010,Bahria University Karachi,Public,Sindh,Karachi,2000,43,W1,Economics,Business,2025,240,146,94,6,40,2,19,219,38,20,52,3.27,63.2,,Mostly Rural,44052,7,,Yes,Bahria University Entry Test,Medium,50% / 100 marks,
PK-SIN-010,Bahria University Karachi,Public,Sindh,Karachi,2000,43,W1,Education,Arts & Social Sciences,2022,101,52,49,5,20.2,2,15,84,10,24,60,3.22,70.1,,Mostly Urban,15682,,26,Yes,Bahria University Entry Test,Medium,50% / 100 marks,14
PK-SIN-010,Bahria University Karachi,Public,Sindh,Karachi,2000,43,W1,Education,Arts & Social Sciences,2023,93,49,44,5,18.6,2,7,84,,55,78,3.67,71.5,,Mostly Rural,28944,,11,Yes,Bahria University Entry Test,Medium,50% / 100 marks,16
PK-SIN-010,Bahria University Karachi,Public,Sindh,Karachi,2000,43,W1,Education,Arts & Social Sciences,2024,101,67,34,5,20.2,2,10,89,10,38,70,3.05,58.2,9.2,Mostly Rural,35145,4,19,Yes,Bahria University Entry Test,Medium,50% / 100 marks,14
PK-SIN-010,Bahria University Karachi,Public,Sindh,Karachi,2000,43,W1,Education,Arts & Social Sciences,2025,107,57,50,5,21.4,6,19,82,21,54,41,,63.7,2.3,Mostly Urban,14830,11,30,Yes,Bahria University Entry Test,Medium,50% / 100 marks,16
PK-SIN-010,Bahria University Karachi,Public,Sindh,Karachi,2000,43,W1,English Literature,Arts & Social Sciences,2022,189,106,83,7,27,0,34,155,7,3,56,3.55,45.1,13.6,Mostly Urban,36437,16,27,Yes,Bahria University Entry Test,Medium,50% / 100 marks,12
PK-SIN-010,Bahria University Karachi,Public,Sindh,Karachi,2000,43,W1,English Literature,Arts & Social Sciences,2023,164,113,51,6,27.3,3,23,138,32,34,28,3.1,51.9,,Mostly Rural,28761,17,8,Yes,Bahria University Entry Test,Medium,50% / 100 marks,14
PK-SIN-010,Bahria University Karachi,Public,Sindh,Karachi,2000,43,W1,English Literature,Arts & Social Sciences,2024,185,103,82,8,23.1,,24,,14,24,37,3.6,50.2,13.3,Mostly Rural,38323,6,13,Yes,Bahria University Entry Test,Medium,50% / 100 marks,13
PK-SIN-010,Bahria University Karachi,Public,Sindh,Karachi,2000,43,W1,English Literature,Arts & Social Sciences,2025,202,78,124,6,33.7,16,,,33,44,63,3.27,45.5,4.6,,26384,6,14,Yes,Bahria University Entry Test,Medium,50% / 100 marks,16
PK-SIN-010,Bahria University Karachi,Public,Sindh,Karachi,2000,43,W1,History,Arts & Social Sciences,2022,121,74,47,5,24.2,,8,,23,46,26,3.27,44.2,6.1,Mostly Urban,42723,,3,Yes,Bahria University Entry Test,Medium,50% / 100 marks,16
PK-SIN-010,Bahria University Karachi,Public,Sindh,Karachi,2000,43,W1,History,Arts & Social Sciences,2023,137,68,69,5,27.4,9,,,20,,67,3.65,35.2,11.1,Mixed Urban-Rural,14570,14,5,Yes,Bahria University Entry Test,Medium,50% / 100 marks,12
PK-SIN-010,Bahria University Karachi,Public,Sindh,Karachi,2000,43,W1,History,Arts & Social Sciences,2024,120,77,43,5,24,3,12,105,22,18,72,3.51,33,,Mixed Urban-Rural,19458,12,11,Yes,Bahria University Entry Test,Medium,50% / 100 marks,13
PK-SIN-010,Bahria University Karachi,Public,Sindh,Karachi,2000,43,W1,History,Arts & Social Sciences,2025,134,86,48,5,26.8,,12,,7,15,30,3.42,38.3,,Mostly Urban,17977,7,25,Yes,Bahria University Entry Test,Medium,50% / 100 marks,14
PK-SIN-010,Bahria University Karachi,Public,Sindh,Karachi,2000,43,W1,Law,Arts & Social Sciences,2022,214,118,96,6,35.7,7,2,205,10,15,39,3.36,77.5,3.1,Mostly Rural,23392,5,23,Yes,Bahria University Entry Test,Medium,50% / 100 marks,13
PK-SIN-010,Bahria University Karachi,Public,Sindh,Karachi,2000,43,W1,Law,Arts & Social Sciences,2023,234,113,121,9,26,11,,,29,,61,3.18,65,12,Mostly Rural,,2,,Yes,Bahria University Entry Test,Medium,50% / 100 marks,16
PK-SIN-010,Bahria University Karachi,Public,Sindh,Karachi,2000,43,W1,Law,Arts & Social Sciences,2024,218,83,135,7,31.1,3,24,191,26,,,2.68,65.3,3.7,Mostly Rural,,10,30,Yes,Bahria University Entry Test,Medium,50% / 100 marks,16
PK-SIN-010,Bahria University Karachi,Public,Sindh,Karachi,2000,43,W1,Law,Arts & Social Sciences,2025,252,114,138,7,36,16,22,214,48,57,10,3.11,79.5,5.7,Mostly Urban,9003,12,,Yes,Bahria University Entry Test,Medium,50% / 100 marks,12
PK-SIN-010,Bahria University Karachi,Public,Sindh,Karachi,2000,43,W1,Political Science,Arts & Social Sciences,2022,180,69,111,6,30,3,12,165,33,,,,52.9,9.7,Mixed Urban-Rural,28761,6,35,Yes,Bahria University Entry Test,Medium,50% / 100 marks,14
PK-SIN-010,Bahria University Karachi,Public,Sindh,Karachi,2000,43,W1,Political Science,Arts & Social Sciences,2023,189,90,99,5,37.8,11,11,167,37,57,,3.7,40.8,,Mostly Rural,15252,4,10,Yes,Bahria University Entry Test,Medium,50% / 100 marks,16
PK-SIN-010,Bahria University Karachi,Public,Sindh,Karachi,2000,43,W1,Political Science,Arts & Social Sciences,2024,183,96,87,6,30.5,14,14,155,19,8,10,,38.7,6.4,Mixed Urban-Rural,19060,16,25,Yes,Bahria University Entry Test,Medium,50% / 100 marks,13
PK-SIN-010,Bahria University Karachi,Public,Sindh,Karachi,2000,43,W1,Political Science,Arts & Social Sciences,2025,207,134,73,8,25.9,7,25,175,,60,40,2.89,41.7,5,Mixed Urban-Rural,44840,7,1,Yes,Bahria University Entry Test,Medium,50% / 100 marks,14
PK-SIN-010,Bahria University Karachi,Public,Sindh,Karachi,2000,43,W1,Statistics,STEM,2022,310,144,166,13,23.8,,48,,7,51,19,3.15,63.9,17,Mostly Urban,9817,7,10,Yes,Bahria University Entry Test,Medium,50% / 100 marks,12
PK-SIN-010,Bahria University Karachi,Public,Sindh,Karachi,2000,43,W1,Statistics,STEM,2023,298,175,123,10,29.8,,54,,49,,32,2.99,59.6,2,Mixed Urban-Rural,41038,16,30,Yes,Bahria University Entry Test,Medium,50% / 100 marks,16
PK-SIN-010,Bahria University Karachi,Public,Sindh,Karachi,2000,43,W1,Statistics,STEM,2024,323,153,170,11,29.4,,60,,,46,,3.2,61,3.9,Mixed Urban-Rural,41866,12,8,Yes,Bahria University Entry Test,Medium,50% / 100 marks,12
PK-SIN-010,Bahria University Karachi,Public,Sindh,Karachi,2000,43,W1,Statistics,STEM,2025,376,229,147,12,31.3,,42,,51,,77,3.61,59.5,8.8,Mostly Urban,26983,4,25,Yes,Bahria University Entry Test,Medium,50% / 100 marks,14
PK-SIN-010,Bahria University Karachi,Public,Sindh,Karachi,2000,43,W1,Urdu,Arts & Social Sciences,2022,291,156,135,12,24.2,,32,,36,17,34,,47.3,11.6,Mostly Rural,31455,,25,Yes,Bahria University Entry Test,Medium,50% / 100 marks,16
PK-SIN-010,Bahria University Karachi,Public,Sindh,Karachi,2000,43,W1,Urdu,Arts & Social Sciences,2023,268,161,107,7,38.3,,,,20,55,74,2.94,37,11.4,Mostly Urban,25847,15,2,Yes,Bahria University Entry Test,Medium,50% / 100 marks,12
PK-SIN-010,Bahria University Karachi,Public,Sindh,Karachi,2000,43,W1,Urdu,Arts & Social Sciences,2024,294,170,124,9,32.7,10,28,256,,52,71,2.63,43.2,7.9,,24437,13,6,Yes,Bahria University Entry Test,Medium,50% / 100 marks,13
PK-SIN-010,Bahria University Karachi,Public,Sindh,Karachi,2000,43,W1,Urdu,Arts & Social Sciences,2025,354,196,158,11,32.2,6,,,45,40,,3.59,38.7,16.5,Mostly Rural,41177,14,6,Yes,Bahria University Entry Test,Medium,50% / 100 marks,12
PK-SIN-018,Dawood University of Engineering & Technology,Public,Sindh,Karachi,1962,47,W1,Civil Engineering,STEM,2022,184,86,98,5,36.8,12,24,148,25,36,51,2.91,61.8,5.8,Mostly Rural,17247,3,28,Yes,ECAT (Sindh) / Dawood Test,Medium,55% / 100 marks,9
PK-SIN-018,Dawood University of Engineering & Technology,Public,Sindh,Karachi,1962,47,W1,Civil Engineering,STEM,2023,200,91,109,6,33.3,11,,,25,57,,2.7,68.4,14.5,Mostly Urban,37683,19,,Yes,ECAT (Sindh) / Dawood Test,Medium,55% / 100 marks,12
PK-SIN-018,Dawood University of Engineering & Technology,Public,Sindh,Karachi,1962,47,W1,Civil Engineering,STEM,2024,181,114,67,6,30.2,0,21,160,30,43,,2.9,75.2,,,,13,21,Yes,ECAT (Sindh) / Dawood Test,Medium,55% / 100 marks,8
PK-SIN-018,Dawood University of Engineering & Technology,Public,Sindh,Karachi,1962,47,W1,Civil Engineering,STEM,2025,195,120,75,6,32.5,,30,,34,46,53,,66.7,2.9,Mixed Urban-Rural,,,9,Yes,ECAT (Sindh) / Dawood Test,Medium,55% / 100 marks,9
PK-SIN-018,Dawood University of Engineering & Technology,Public,Sindh,Karachi,1962,47,W1,Computer Science,STEM,2022,162,95,67,6,27,,6,,,40,26,3.53,88,17.2,Mostly Urban,22400,10,,Yes,ECAT (Sindh) / Dawood Test,Medium,55% / 100 marks,11
PK-SIN-018,Dawood University of Engineering & Technology,Public,Sindh,Karachi,1962,47,W1,Computer Science,STEM,2023,184,129,55,5,36.8,10,22,152,,59,56,2.66,75.1,9.4,Mostly Urban,34037,15,,Yes,ECAT (Sindh) / Dawood Test,Medium,55% / 100 marks,9
PK-SIN-018,Dawood University of Engineering & Technology,Public,Sindh,Karachi,1962,47,W1,Computer Science,STEM,2024,189,89,100,8,23.6,9,2,178,32,6,63,3.2,84.5,11.8,Mostly Urban,35537,,32,Yes,ECAT (Sindh) / Dawood Test,Medium,55% / 100 marks,11
PK-SIN-018,Dawood University of Engineering & Technology,Public,Sindh,Karachi,1962,47,W1,Computer Science,STEM,2025,179,99,80,5,35.8,4,29,146,23,58,63,3.03,82.7,8.2,Mostly Rural,19597,6,14,Yes,ECAT (Sindh) / Dawood Test,Medium,55% / 100 marks,8
PK-SIN-018,Dawood University of Engineering & Technology,Public,Sindh,Karachi,1962,47,W1,Electrical Engineering,STEM,2022,61,42,19,5,12.2,,3,,10,22,35,3.1,75,14.7,,13757,15,33,Yes,ECAT (Sindh) / Dawood Test,Medium,55% / 100 marks,
PK-SIN-018,Dawood University of Engineering & Technology,Public,Sindh,Karachi,1962,47,W1,Electrical Engineering,STEM,2023,64,30,34,5,12.8,0,7,57,11,38,40,2.66,82.5,,Mostly Urban,18988,12,26,Yes,ECAT (Sindh) / Dawood Test,Medium,55% / 100 marks,
PK-SIN-018,Dawood University of Engineering & Technology,Public,Sindh,Karachi,1962,47,W1,Electrical Engineering,STEM,2024,62,33,29,5,12.4,1,9,52,6,32,,3.25,80.7,1.9,Mostly Rural,28006,,34,Yes,ECAT (Sindh) / Dawood Test,Medium,55% / 100 marks,
PK-SIN-018,Dawood University of Engineering & Technology,Public,Sindh,Karachi,1962,47,W1,Electrical Engineering,STEM,2025,55,22,33,5,11,0,10,45,5,45,66,2.66,77.9,14.5,Mostly Urban,35915,17,,Yes,ECAT (Sindh) / Dawood Test,Medium,55% / 100 marks,10
PK-SIN-018,Dawood University of Engineering & Technology,Public,Sindh,Karachi,1962,47,W1,Mechanical Engineering,STEM,2022,452,303,149,16,28.2,17,0,435,,29,52,,74.2,15.8,Mixed Urban-Rural,30432,18,,Yes,ECAT (Sindh) / Dawood Test,Medium,55% / 100 marks,12
PK-SIN-018,Dawood University of Engineering & Technology,Public,Sindh,Karachi,1962,47,W1,Mechanical Engineering,STEM,2023,554,212,342,18,30.8,0,,,46,11,78,,71.7,,Mostly Rural,,,35,Yes,ECAT (Sindh) / Dawood Test,Medium,55% / 100 marks,10
PK-SIN-018,Dawood University of Engineering & Technology,Public,Sindh,Karachi,1962,47,W1,Mechanical Engineering,STEM,2024,525,231,294,21,25,22,27,476,87,39,62,2.64,69,7.5,Mostly Rural,,9,8,Yes,ECAT (Sindh) / Dawood Test,Medium,55% / 100 marks,11
PK-SIN-018,Dawood University of Engineering & Technology,Public,Sindh,Karachi,1962,47,W1,Mechanical Engineering,STEM,2025,589,312,277,18,32.7,11,84,494,44,10,71,3.36,75.2,13.7,,19916,1,,Yes,ECAT (Sindh) / Dawood Test,Medium,55% / 100 marks,11
PK-SIN-018,Dawood University of Engineering & Technology,Public,Sindh,Karachi,1962,47,W1,Software Engineering,STEM,2022,217,107,110,7,31,11,15,191,11,34,,2.62,80.4,16.9,Mostly Rural,40438,6,9,Yes,ECAT (Sindh) / Dawood Test,Medium,55% / 100 marks,11
PK-SIN-018,Dawood University of Engineering & Technology,Public,Sindh,Karachi,1962,47,W1,Software Engineering,STEM,2023,227,141,86,9,25.2,18,20,189,41,47,15,,79.8,4.2,Mostly Urban,22594,9,20,Yes,ECAT (Sindh) / Dawood Test,Medium,55% / 100 marks,
PK-SIN-018,Dawood University of Engineering & Technology,Public,Sindh,Karachi,1962,47,W1,Software Engineering,STEM,2024,240,149,91,10,24,17,24,199,23,,24,3.42,90.3,13.6,,37609,6,23,Yes,ECAT (Sindh) / Dawood Test,Medium,55% / 100 marks,12
PK-SIN-018,Dawood University of Engineering & Technology,Public,Sindh,Karachi,1962,47,W1,Software Engineering,STEM,2025,253,178,75,8,31.6,6,42,205,13,8,50,3.11,82.1,,,12162,5,28,Yes,ECAT (Sindh) / Dawood Test,Medium,55% / 100 marks,
PK-SIN-018,Dawood University of Engineering & Technology,Public,Sindh,Karachi,1962,47,W1,Telecommunication,STEM,2022,382,245,137,11,34.7,27,65,290,61,21,39,2.7,82.3,8.5,Mixed Urban-Rural,43201,,21,Yes,ECAT (Sindh) / Dawood Test,Medium,55% / 100 marks,8
PK-SIN-018,Dawood University of Engineering & Technology,Public,Sindh,Karachi,1962,47,W1,Telecommunication,STEM,2023,422,186,236,12,35.2,21,46,355,33,55,25,3.44,78.8,14,Mostly Urban,26884,13,,Yes,ECAT (Sindh) / Dawood Test,Medium,55% / 100 marks,12
PK-SIN-018,Dawood University of Engineering & Technology,Public,Sindh,Karachi,1962,47,W1,Telecommunication,STEM,2024,427,164,263,12,35.6,24,66,337,39,8,55,,80.5,,,32646,19,12,Yes,ECAT (Sindh) / Dawood Test,Medium,55% / 100 marks,10
PK-SIN-018,Dawood University of Engineering & Technology,Public,Sindh,Karachi,1962,47,W1,Telecommunication,STEM,2025,491,230,261,21,23.4,,74,,97,,70,,85.2,13.6,Mixed Urban-Rural,39768,4,15,Yes,ECAT (Sindh) / Dawood Test,Medium,55% / 100 marks,10
PK-SIN-004,Dow University of Health Sciences,Public,Sindh,Karachi,2004,24,W2,BDS,STEM,2022,347,238,109,10,34.7,13,17,317,37,21,,3.58,85.4,12.6,Mostly Rural,39435,,,Yes,MDCAT (PMC),Difficult,65% / 210 marks,19
PK-SIN-004,Dow University of Health Sciences,Public,Sindh,Karachi,2004,24,W2,BDS,STEM,2023,411,282,129,12,34.2,4,22,385,59,20,73,3.53,94.7,,Mostly Urban,75098,12,12,Yes,MDCAT (PMC),Difficult,65% / 210 marks,22
PK-SIN-004,Dow University of Health Sciences,Public,Sindh,Karachi,2004,24,W2,BDS,STEM,2024,389,178,211,12,32.4,5,53,331,41,44,50,3.24,83.7,15,Mixed Urban-Rural,86405,5,25,Yes,MDCAT (PMC),Difficult,65% / 210 marks,19
PK-SIN-004,Dow University of Health Sciences,Public,Sindh,Karachi,2004,24,W2,BDS,STEM,2025,412,214,198,14,29.4,19,,,78,,45,2.94,85.3,16.4,Mostly Urban,81056,7,23,Yes,MDCAT (PMC),Difficult,65% / 210 marks,17
PK-SIN-004,Dow University of Health Sciences,Public,Sindh,Karachi,2004,24,W2,MBBS,STEM,2022,836,596,240,33,25.3,,138,,54,55,50,2.89,87.8,3.5,,59423,4,0,Yes,MDCAT (PMC),Difficult,65% / 210 marks,19
PK-SIN-004,Dow University of Health Sciences,Public,Sindh,Karachi,2004,24,W2,MBBS,STEM,2023,998,632,366,35,28.5,72,23,903,179,14,24,3.02,85.8,15.4,Mostly Rural,54811,,31,Yes,MDCAT (PMC),Difficult,65% / 210 marks,22
PK-SIN-004,Dow University of Health Sciences,Public,Sindh,Karachi,2004,24,W2,MBBS,STEM,2024,1060,488,572,34,31.2,75,,,19,46,,3.39,93,14.2,Mostly Rural,,16,,Yes,MDCAT (PMC),Difficult,65% / 210 marks,21
PK-SIN-004,Dow University of Health Sciences,Public,Sindh,Karachi,2004,24,W2,MBBS,STEM,2025,1012,665,347,32,31.6,25,94,893,95,47,40,3.69,84.7,12.5,Mostly Rural,30439,1,20,Yes,MDCAT (PMC),Difficult,65% / 210 marks,21
PK-SIN-004,Dow University of Health Sciences,Public,Sindh,Karachi,2004,24,W2,Nursing,STEM,2022,535,374,161,21,25.5,40,100,395,102,,23,3.08,78.8,17.3,Mostly Urban,9308,8,0,Yes,MDCAT (PMC),Difficult,65% / 210 marks,22
PK-SIN-004,Dow University of Health Sciences,Public,Sindh,Karachi,2004,24,W2,Nursing,STEM,2023,621,250,371,24,25.9,8,51,562,11,,11,3.53,86.1,10.2,Mostly Rural,42333,2,,Yes,MDCAT (PMC),Difficult,65% / 210 marks,21
PK-SIN-004,Dow University of Health Sciences,Public,Sindh,Karachi,2004,24,W2,Nursing,STEM,2024,654,351,303,21,31.1,47,102,505,,41,15,2.82,85.1,2,Mixed Urban-Rural,31725,19,9,Yes,MDCAT (PMC),Difficult,65% / 210 marks,16
PK-SIN-004,Dow University of Health Sciences,Public,Sindh,Karachi,2004,24,W2,Nursing,STEM,2025,577,389,188,17,33.9,29,93,455,98,59,54,2.65,78.9,12.6,Mixed Urban-Rural,14936,17,30,Yes,MDCAT (PMC),Difficult,65% / 210 marks,20
PK-SIN-004,Dow University of Health Sciences,Public,Sindh,Karachi,2004,24,W2,Pharmacy,STEM,2022,331,139,192,13,25.5,7,42,282,65,31,36,3.01,73.8,6.6,Mostly Urban,38780,2,12,Yes,MDCAT (PMC),Difficult,65% / 210 marks,
PK-SIN-004,Dow University of Health Sciences,Public,Sindh,Karachi,2004,24,W2,Pharmacy,STEM,2023,319,162,157,12,26.6,18,26,275,12,36,51,2.68,82.2,12.7,Mostly Urban,39351,13,32,Yes,MDCAT (PMC),Difficult,65% / 210 marks,20
PK-SIN-004,Dow University of Health Sciences,Public,Sindh,Karachi,2004,24,W2,Pharmacy,STEM,2024,395,247,148,14,28.2,17,62,316,26,,45,,75.7,9.8,Mixed Urban-Rural,34426,10,7,Yes,MDCAT (PMC),Difficult,65% / 210 marks,20
PK-SIN-004,Dow University of Health Sciences,Public,Sindh,Karachi,2004,24,W2,Pharmacy,STEM,2025,376,215,161,15,25.1,0,72,304,63,21,13,3.08,74,12.8,Mostly Rural,11635,16,5,Yes,MDCAT (PMC),Difficult,65% / 210 marks,18
PK-SIN-004,Dow University of Health Sciences,Public,Sindh,Karachi,2004,24,W2,Physiotherapy,STEM,2022,589,238,351,24,24.5,,63,,36,44,43,3.67,74.8,15.6,Mixed Urban-Rural,25804,13,23,Yes,MDCAT (PMC),Difficult,65% / 210 marks,21
PK-SIN-004,Dow University of Health Sciences,Public,Sindh,Karachi,2004,24,W2,Physiotherapy,STEM,2023,636,317,319,23,27.7,29,80,527,57,56,28,2.85,84.1,8.1,Mostly Urban,25864,,1,Yes,MDCAT (PMC),Difficult,65% / 210 marks,18
PK-SIN-004,Dow University of Health Sciences,Public,Sindh,Karachi,2004,24,W2,Physiotherapy,STEM,2024,633,425,208,19,33.3,0,67,566,112,7,27,3.28,79.5,9.8,Mostly Urban,15446,19,28,Yes,MDCAT (PMC),Difficult,65% / 210 marks,21
PK-SIN-004,Dow University of Health Sciences,Public,Sindh,Karachi,2004,24,W2,Physiotherapy,STEM,2025,764,373,391,26,29.4,,117,,,31,12,,82.7,2.4,Mixed Urban-Rural,35003,6,21,Yes,MDCAT (PMC),Difficult,65% / 210 marks,17
PK-SIN-011,FAST – NUCES Karachi,Private,Sindh,Karachi,2000,14,W3,Biology,STEM,2022,493,231,262,14,35.2,30,70,393,19,24,56,3.45,50,10.6,Mixed Urban-Rural,76790,18,10,Yes,NU Entry Test (NUCES),Difficult,70% / 100 marks,11
PK-SIN-011,FAST – NUCES Karachi,Private,Sindh,Karachi,2000,14,W3,Biology,STEM,2023,531,374,157,17,31.2,21,24,486,97,43,70,2.91,53,5.2,Mixed Urban-Rural,109568,19,31,Yes,NU Entry Test (NUCES),Difficult,70% / 100 marks,12
PK-SIN-011,FAST – NUCES Karachi,Private,Sindh,Karachi,2000,14,W3,Biology,STEM,2024,516,340,176,18,28.7,,,,17,19,73,3.05,53,2.1,,71126,2,31,Yes,NU Entry Test (NUCES),Difficult,70% / 100 marks,11
PK-SIN-011,FAST – NUCES Karachi,Private,Sindh,Karachi,2000,14,W3,Biology,STEM,2025,553,287,266,17,32.5,17,75,461,44,,45,2.76,45.8,11,Mixed Urban-Rural,70061,16,26,Yes,NU Entry Test (NUCES),Difficult,70% / 100 marks,14
PK-SIN-011,FAST – NUCES Karachi,Private,Sindh,Karachi,2000,14,W3,Business Administration,Business,2022,1273,863,410,36,35.4,85,62,1126,123,44,68,,70.1,9.5,Mostly Urban,,5,3,Yes,NU Entry Test (NUCES),Difficult,70% / 100 marks,14
PK-SIN-011,FAST – NUCES Karachi,Private,Sindh,Karachi,2000,14,W3,Business Administration,Business,2023,1375,846,529,48,28.6,28,131,1216,,30,54,2.99,64.9,,,97716,,26,Yes,NU Entry Test (NUCES),Difficult,70% / 100 marks,14
PK-SIN-011,FAST – NUCES Karachi,Private,Sindh,Karachi,2000,14,W3,Business Administration,Business,2024,1385,925,460,49,28.3,94,52,1239,84,36,3,2.61,65.4,5,Mixed Urban-Rural,128748,19,1,Yes,NU Entry Test (NUCES),Difficult,70% / 100 marks,10
PK-SIN-011,FAST – NUCES Karachi,Private,Sindh,Karachi,2000,14,W3,Business Administration,Business,2025,1432,646,786,49,29.2,56,,,74,10,55,3.04,64.6,6.6,Mostly Rural,120426,14,30,Yes,NU Entry Test (NUCES),Difficult,70% / 100 marks,11
PK-SIN-011,FAST – NUCES Karachi,Private,Sindh,Karachi,2000,14,W3,Chemistry,STEM,2022,632,251,381,24,26.3,39,,,88,,68,3.37,58.9,3.3,Mostly Rural,,8,30,Yes,NU Entry Test (NUCES),Difficult,70% / 100 marks,13
PK-SIN-011,FAST – NUCES Karachi,Private,Sindh,Karachi,2000,14,W3,Chemistry,STEM,2023,639,430,209,26,24.6,20,1,618,60,27,,2.77,58.3,13.6,Mostly Rural,69931,9,14,Yes,NU Entry Test (NUCES),Difficult,70% / 100 marks,12
PK-SIN-011,FAST – NUCES Karachi,Private,Sindh,Karachi,2000,14,W3,Chemistry,STEM,2024,741,519,222,25,29.6,,132,,8,56,,2.85,52.9,,Mostly Rural,104566,18,22,Yes,NU Entry Test (NUCES),Difficult,70% / 100 marks,11
PK-SIN-011,FAST – NUCES Karachi,Private,Sindh,Karachi,2000,14,W3,Chemistry,STEM,2025,700,354,346,25,28,31,,,,42,,2.64,51,4.1,Mostly Rural,119580,5,21,Yes,NU Entry Test (NUCES),Difficult,70% / 100 marks,14
PK-SIN-011,FAST – NUCES Karachi,Private,Sindh,Karachi,2000,14,W3,History,Arts & Social Sciences,2022,1816,1207,609,52,34.9,,160,,167,38,25,2.97,40.7,2.1,,102999,19,28,Yes,NU Entry Test (NUCES),Difficult,70% / 100 marks,11
PK-SIN-011,FAST – NUCES Karachi,Private,Sindh,Karachi,2000,14,W3,History,Arts & Social Sciences,2023,1936,974,962,58,33.4,116,136,1684,116,,35,3.18,35.2,5.6,,,14,7,Yes,NU Entry Test (NUCES),Difficult,70% / 100 marks,13
PK-SIN-011,FAST – NUCES Karachi,Private,Sindh,Karachi,2000,14,W3,History,Arts & Social Sciences,2024,1773,835,938,55,32.2,,345,,225,15,12,2.64,38.3,16.4,Mostly Urban,67423,,6,Yes,NU Entry Test (NUCES),Difficult,70% / 100 marks,12
PK-SIN-011,FAST – NUCES Karachi,Private,Sindh,Karachi,2000,14,W3,History,Arts & Social Sciences,2025,1817,1135,682,79,23,77,331,1409,342,28,74,,40.9,13.6,Mostly Rural,107671,20,0,Yes,NU Entry Test (NUCES),Difficult,70% / 100 marks,11
PK-SIN-011,FAST – NUCES Karachi,Private,Sindh,Karachi,2000,14,W3,Mathematics,STEM,2022,1590,779,811,54,29.4,,,,265,,45,,59.5,13.3,Mostly Urban,127465,2,14,Yes,NU Entry Test (NUCES),Difficult,70% / 100 marks,12
PK-SIN-011,FAST – NUCES Karachi,Private,Sindh,Karachi,2000,14,W3,Mathematics,STEM,2023,1467,877,590,46,31.9,8,,,99,49,78,3.58,60.5,10.9,Mostly Rural,64841,15,16,Yes,NU Entry Test (NUCES),Difficult,70% / 100 marks,13
PK-SIN-011,FAST – NUCES Karachi,Private,Sindh,Karachi,2000,14,W3,Mathematics,STEM,2024,1442,604,838,46,31.3,103,260,1079,208,3,70,3.59,61.6,14.4,Mostly Rural,64810,,0,Yes,NU Entry Test (NUCES),Difficult,70% / 100 marks,12
PK-SIN-011,FAST – NUCES Karachi,Private,Sindh,Karachi,2000,14,W3,Mathematics,STEM,2025,1528,621,907,46,33.2,108,262,1158,66,25,48,3.23,61.9,5,Mixed Urban-Rural,62515,13,6,Yes,NU Entry Test (NUCES),Difficult,70% / 100 marks,11
PK-SIN-011,FAST – NUCES Karachi,Private,Sindh,Karachi,2000,14,W3,Political Science,Arts & Social Sciences,2022,1147,451,696,42,27.3,28,,,53,8,75,3.68,52,17.9,Mostly Urban,119120,14,,Yes,NU Entry Test (NUCES),Difficult,70% / 100 marks,13
PK-SIN-011,FAST – NUCES Karachi,Private,Sindh,Karachi,2000,14,W3,Political Science,Arts & Social Sciences,2023,1176,793,383,43,27.3,88,129,959,144,32,65,2.64,51.4,5.5,Mostly Rural,90559,16,22,Yes,NU Entry Test (NUCES),Difficult,70% / 100 marks,12
PK-SIN-011,FAST – NUCES Karachi,Private,Sindh,Karachi,2000,14,W3,Political Science,Arts & Social Sciences,2024,1325,921,404,56,23.7,76,72,1177,105,,52,2.86,40.8,8.7,Mostly Rural,65866,9,,Yes,NU Entry Test (NUCES),Difficult,70% / 100 marks,12
PK-SIN-011,FAST – NUCES Karachi,Private,Sindh,Karachi,2000,14,W3,Political Science,Arts & Social Sciences,2025,1252,790,462,40,31.3,,200,,215,60,63,3.17,54,15.5,Mixed Urban-Rural,114552,14,,Yes,NU Entry Test (NUCES),Difficult,70% / 100 marks,13
PK-SIN-011,FAST – NUCES Karachi,Private,Sindh,Karachi,2000,14,W3,Psychology,Arts & Social Sciences,2022,972,671,301,40,24.3,12,164,796,62,42,39,,58.2,5.6,Mixed Urban-Rural,79415,17,27,Yes,NU Entry Test (NUCES),Difficult,70% / 100 marks,12
PK-SIN-011,FAST – NUCES Karachi,Private,Sindh,Karachi,2000,14,W3,Psychology,Arts & Social Sciences,2023,1163,780,383,38,30.6,6,24,1133,70,41,65,2.92,66.2,,Mixed Urban-Rural,121754,18,,Yes,NU Entry Test (NUCES),Difficult,70% / 100 marks,10
PK-SIN-011,FAST – NUCES Karachi,Private,Sindh,Karachi,2000,14,W3,Psychology,Arts & Social Sciences,2024,956,390,566,32,29.9,18,54,884,53,47,47,2.89,59.5,17,Mostly Urban,119558,9,21,Yes,NU Entry Test (NUCES),Difficult,70% / 100 marks,14
PK-SIN-011,FAST – NUCES Karachi,Private,Sindh,Karachi,2000,14,W3,Psychology,Arts & Social Sciences,2025,995,714,281,32,31.1,55,58,882,,18,26,3.51,60.3,4.6,Mixed Urban-Rural,125022,6,1,Yes,NU Entry Test (NUCES),Difficult,70% / 100 marks,12
PK-SIN-011,FAST – NUCES Karachi,Private,Sindh,Karachi,2000,14,W3,Sociology,Arts & Social Sciences,2022,2068,1254,814,73,28.3,79,243,1746,131,32,78,3.37,56.4,,Mostly Urban,87039,8,,Yes,NU Entry Test (NUCES),Difficult,70% / 100 marks,11
PK-SIN-011,FAST – NUCES Karachi,Private,Sindh,Karachi,2000,14,W3,Sociology,Arts & Social Sciences,2023,2097,903,1194,60,35,105,227,1765,365,37,56,3.17,47.1,10.2,Mostly Urban,122735,3,20,Yes,NU Entry Test (NUCES),Difficult,70% / 100 marks,11
PK-SIN-011,FAST – NUCES Karachi,Private,Sindh,Karachi,2000,14,W3,Sociology,Arts & Social Sciences,2024,2158,1033,1125,71,30.4,58,170,1930,,47,11,3.11,57.7,2.4,Mostly Rural,129835,17,24,Yes,NU Entry Test (NUCES),Difficult,70% / 100 marks,10
PK-SIN-011,FAST – NUCES Karachi,Private,Sindh,Karachi,2000,14,W3,Sociology,Arts & Social Sciences,2025,2366,1183,1183,74,32,160,414,1792,296,,66,,51,3.7,,71164,,11,Yes,NU Entry Test (NUCES),Difficult,70% / 100 marks,10
PK-SIN-011,FAST – NUCES Karachi,Private,Sindh,Karachi,2000,14,W3,Urdu,Arts & Social Sciences,2022,1542,936,606,51,30.2,98,21,1423,305,16,44,,40.3,8.1,Mostly Urban,56837,,22,Yes,NU Entry Test (NUCES),Difficult,70% / 100 marks,10
PK-SIN-011,FAST – NUCES Karachi,Private,Sindh,Karachi,2000,14,W3,Urdu,Arts & Social Sciences,2023,1495,813,682,61,24.5,79,264,1152,206,45,40,2.73,36.5,2.2,Mostly Rural,115915,,16,Yes,NU Entry Test (NUCES),Difficult,70% / 100 marks,14
PK-SIN-011,FAST – NUCES Karachi,Private,Sindh,Karachi,2000,14,W3,Urdu,Arts & Social Sciences,2024,1431,1002,429,54,26.5,100,198,1133,259,16,60,3.13,49.1,14.2,Mostly Urban,,19,5,Yes,NU Entry Test (NUCES),Difficult,70% / 100 marks,14
PK-SIN-011,FAST – NUCES Karachi,Private,Sindh,Karachi,2000,14,W3,Urdu,Arts & Social Sciences,2025,1497,808,689,53,28.2,,295,,20,26,26,3.03,44.1,9.4,Mostly Rural,109041,9,5,Yes,NU Entry Test (NUCES),Difficult,70% / 100 marks,10
PK-SIN-009,Federal Urdu University Karachi,Public,Sindh,Karachi,1949,52,W1,Biology,STEM,2022,474,281,193,16,29.6,10,15,449,69,,41,3.31,47.8,8.2,Mostly Rural,24493,20,28,Yes,FUUAST Entry Test,Easy,40% / 100 marks,14
PK-SIN-009,Federal Urdu University Karachi,Public,Sindh,Karachi,1949,52,W1,Biology,STEM,2023,422,223,199,17,24.8,23,0,399,52,36,70,2.73,46.4,,Mostly Urban,12934,16,11,Yes,FUUAST Entry Test,Easy,40% / 100 marks,14
PK-SIN-009,Federal Urdu University Karachi,Public,Sindh,Karachi,1949,52,W1,Biology,STEM,2024,521,356,165,23,22.7,,17,,46,4,74,2.86,58.3,17.7,Mostly Rural,33161,2,4,Yes,FUUAST Entry Test,Easy,40% / 100 marks,11
PK-SIN-009,Federal Urdu University Karachi,Public,Sindh,Karachi,1949,52,W1,Biology,STEM,2025,538,320,218,24,22.4,38,31,469,,,52,3.57,49.7,16.6,Mostly Rural,12185,2,0,Yes,FUUAST Entry Test,Easy,40% / 100 marks,11
PK-SIN-009,Federal Urdu University Karachi,Public,Sindh,Karachi,1949,52,W1,Chemistry,STEM,2022,239,153,86,8,29.9,,12,,,,,,51.6,,Mostly Rural,11453,20,32,Yes,FUUAST Entry Test,Easy,40% / 100 marks,14
PK-SIN-009,Federal Urdu University Karachi,Public,Sindh,Karachi,1949,52,W1,Chemistry,STEM,2023,308,183,125,13,23.7,,,,49,18,13,3.26,48.8,8,Mostly Rural,37665,2,18,Yes,FUUAST Entry Test,Easy,40% / 100 marks,12
PK-SIN-009,Federal Urdu University Karachi,Public,Sindh,Karachi,1949,52,W1,Chemistry,STEM,2024,258,171,87,10,25.8,13,,,15,54,31,3.38,52.3,11.1,Mostly Rural,25908,14,31,Yes,FUUAST Entry Test,Easy,40% / 100 marks,14
PK-SIN-009,Federal Urdu University Karachi,Public,Sindh,Karachi,1949,52,W1,Chemistry,STEM,2025,310,181,129,12,25.8,6,27,277,35,38,66,3.29,49.7,,Mixed Urban-Rural,,18,,Yes,FUUAST Entry Test,Easy,40% / 100 marks,13
PK-SIN-009,Federal Urdu University Karachi,Public,Sindh,Karachi,1949,52,W1,Electrical Engineering,STEM,2022,55,36,19,5,11,4,9,42,11,,58,3.54,68.9,7.8,Mostly Rural,31411,13,,Yes,FUUAST Entry Test,Easy,40% / 100 marks,10
PK-SIN-009,Federal Urdu University Karachi,Public,Sindh,Karachi,1949,52,W1,Electrical Engineering,STEM,2023,53,35,18,5,10.6,,10,,8,,,,69.4,3.2,Mostly Rural,26181,,14,Yes,FUUAST Entry Test,Easy,40% / 100 marks,14
PK-SIN-009,Federal Urdu University Karachi,Public,Sindh,Karachi,1949,52,W1,Electrical Engineering,STEM,2024,53,26,27,5,10.6,,6,,10,21,63,2.96,80.8,16.8,Mostly Rural,39840,12,9,Yes,FUUAST Entry Test,Easy,40% / 100 marks,14
PK-SIN-009,Federal Urdu University Karachi,Public,Sindh,Karachi,1949,52,W1,Electrical Engineering,STEM,2025,55,24,31,5,11,,5,,11,40,40,3.25,83,15.6,Mixed Urban-Rural,19479,14,10,Yes,FUUAST Entry Test,Easy,40% / 100 marks,11
PK-SIN-009,Federal Urdu University Karachi,Public,Sindh,Karachi,1949,52,W1,Environmental Science,STEM,2022,167,86,81,6,27.8,8,2,157,9,,75,2.7,61,2.5,Mostly Rural,13383,,20,Yes,FUUAST Entry Test,Easy,40% / 100 marks,14
PK-SIN-009,Federal Urdu University Karachi,Public,Sindh,Karachi,1949,52,W1,Environmental Science,STEM,2023,162,79,83,5,32.4,11,10,141,26,55,,3.4,55.7,8.4,Mixed Urban-Rural,9426,1,15,Yes,FUUAST Entry Test,Easy,40% / 100 marks,11
PK-SIN-009,Federal Urdu University Karachi,Public,Sindh,Karachi,1949,52,W1,Environmental Science,STEM,2024,156,106,50,6,26,5,12,139,9,41,66,,55.4,12.9,Mostly Rural,12322,,14,Yes,FUUAST Entry Test,Easy,40% / 100 marks,13
PK-SIN-009,Federal Urdu University Karachi,Public,Sindh,Karachi,1949,52,W1,Environmental Science,STEM,2025,155,101,54,6,25.8,10,,,30,3,34,3.6,48.4,4.8,Mostly Urban,18377,,26,Yes,FUUAST Entry Test,Easy,40% / 100 marks,10
PK-SIN-009,Federal Urdu University Karachi,Public,Sindh,Karachi,1949,52,W1,History,Arts & Social Sciences,2022,314,196,118,11,28.5,11,21,282,31,29,61,3.66,47,2.5,Mixed Urban-Rural,29680,12,7,Yes,FUUAST Entry Test,Easy,40% / 100 marks,13
PK-SIN-009,Federal Urdu University Karachi,Public,Sindh,Karachi,1949,52,W1,History,Arts & Social Sciences,2023,280,111,169,10,28,6,12,262,8,46,29,3.35,35.3,16,Mixed Urban-Rural,28403,1,9,Yes,FUUAST Entry Test,Easy,40% / 100 marks,12
PK-SIN-009,Federal Urdu University Karachi,Public,Sindh,Karachi,1949,52,W1,History,Arts & Social Sciences,2024,310,119,191,13,23.8,3,19,288,50,,,2.72,44.7,9.9,Mixed Urban-Rural,35529,9,29,Yes,FUUAST Entry Test,Easy,40% / 100 marks,10
PK-SIN-009,Federal Urdu University Karachi,Public,Sindh,Karachi,1949,52,W1,History,Arts & Social Sciences,2025,346,229,117,11,31.5,5,4,337,,52,39,3,36,13.7,Mostly Urban,37750,18,,Yes,FUUAST Entry Test,Easy,40% / 100 marks,14
PK-SIN-009,Federal Urdu University Karachi,Public,Sindh,Karachi,1949,52,W1,Law,Arts & Social Sciences,2022,186,119,67,6,31,6,21,159,24,22,78,3.24,66.4,2.6,Mostly Rural,33793,14,20,Yes,FUUAST Entry Test,Easy,40% / 100 marks,12
PK-SIN-009,Federal Urdu University Karachi,Public,Sindh,Karachi,1949,52,W1,Law,Arts & Social Sciences,2023,175,115,60,7,25,8,34,133,9,56,24,3.47,69.1,5.7,Mixed Urban-Rural,38797,2,,Yes,FUUAST Entry Test,Easy,40% / 100 marks,13
PK-SIN-009,Federal Urdu University Karachi,Public,Sindh,Karachi,1949,52,W1,Law,Arts & Social Sciences,2024,207,105,102,6,34.5,1,32,174,14,60,32,3.33,77,2.4,Mostly Rural,10126,14,,Yes,FUUAST Entry Test,Easy,40% / 100 marks,10
PK-SIN-009,Federal Urdu University Karachi,Public,Sindh,Karachi,1949,52,W1,Law,Arts & Social Sciences,2025,192,99,93,7,27.4,10,31,151,10,17,78,3.38,69.8,12.2,Mixed Urban-Rural,21187,16,32,Yes,FUUAST Entry Test,Easy,40% / 100 marks,12
PK-SIN-009,Federal Urdu University Karachi,Public,Sindh,Karachi,1949,52,W1,Pharmacy,STEM,2022,245,173,72,7,35,10,26,209,9,47,69,3.22,78.8,2.8,Mixed Urban-Rural,27760,8,26,Yes,FUUAST Entry Test,Easy,40% / 100 marks,14
PK-SIN-009,Federal Urdu University Karachi,Public,Sindh,Karachi,1949,52,W1,Pharmacy,STEM,2023,239,118,121,7,34.1,6,16,217,9,37,17,3.01,77,16.9,Mostly Urban,12415,14,28,Yes,FUUAST Entry Test,Easy,40% / 100 marks,12
PK-SIN-009,Federal Urdu University Karachi,Public,Sindh,Karachi,1949,52,W1,Pharmacy,STEM,2024,259,176,83,8,32.4,16,26,217,24,36,77,2.85,84.2,2.9,Mostly Rural,40418,13,11,Yes,FUUAST Entry Test,Easy,40% / 100 marks,12
PK-SIN-009,Federal Urdu University Karachi,Public,Sindh,Karachi,1949,52,W1,Pharmacy,STEM,2025,228,113,115,7,32.6,12,45,171,,,33,3.67,73.3,3.3,Mixed Urban-Rural,13929,8,1,Yes,FUUAST Entry Test,Easy,40% / 100 marks,14
PK-SIN-009,Federal Urdu University Karachi,Public,Sindh,Karachi,1949,52,W1,Physics,STEM,2022,480,291,189,19,25.3,13,45,422,6,22,22,2.92,50.2,7.7,Mostly Urban,42133,,0,Yes,FUUAST Entry Test,Easy,40% / 100 marks,13
PK-SIN-009,Federal Urdu University Karachi,Public,Sindh,Karachi,1949,52,W1,Physics,STEM,2023,537,333,204,21,25.6,,88,,21,33,5,2.74,55.9,4.9,Mostly Urban,30383,,9,Yes,FUUAST Entry Test,Easy,40% / 100 marks,10
PK-SIN-009,Federal Urdu University Karachi,Public,Sindh,Karachi,1949,52,W1,Physics,STEM,2024,453,209,244,13,34.8,35,83,335,90,8,77,2.7,44.1,15.9,Mostly Rural,40932,20,,Yes,FUUAST Entry Test,Easy,40% / 100 marks,13
PK-SIN-009,Federal Urdu University Karachi,Public,Sindh,Karachi,1949,52,W1,Physics,STEM,2025,586,349,237,21,27.9,26,41,519,69,,41,,50.3,6.1,Mixed Urban-Rural,40200,20,1,Yes,FUUAST Entry Test,Easy,40% / 100 marks,11
PK-SIN-009,Federal Urdu University Karachi,Public,Sindh,Karachi,1949,52,W1,Statistics,STEM,2022,444,223,221,16,27.8,28,42,374,24,47,16,2.98,66,15.2,,24352,15,29,Yes,FUUAST Entry Test,Easy,40% / 100 marks,12
PK-SIN-009,Federal Urdu University Karachi,Public,Sindh,Karachi,1949,52,W1,Statistics,STEM,2023,529,223,306,15,35.3,38,30,461,82,,40,3.6,61.4,16.3,Mixed Urban-Rural,,16,5,Yes,FUUAST Entry Test,Easy,40% / 100 marks,12
PK-SIN-009,Federal Urdu University Karachi,Public,Sindh,Karachi,1949,52,W1,Statistics,STEM,2024,480,300,180,17,28.2,24,72,384,,10,47,3.22,60.6,12.3,Mixed Urban-Rural,16587,19,12,Yes,FUUAST Entry Test,Easy,40% / 100 marks,13
PK-SIN-009,Federal Urdu University Karachi,Public,Sindh,Karachi,1949,52,W1,Statistics,STEM,2025,550,348,202,21,26.2,34,43,473,14,15,55,3.57,68.7,1.8,Mostly Urban,,20,25,Yes,FUUAST Entry Test,Easy,40% / 100 marks,10
PK-SIN-008,Indus Valley School of Art & Architecture,Private,Sindh,Karachi,1990,2,W4,Architecture,Arts & Social Sciences,2022,1018,388,630,34,29.9,4,46,968,145,27,26,3.64,65.3,11.5,Mostly Rural,114834,19,0,Yes,IVSA Portfolio + Test,Difficult,Portfolio + 60% written,7
PK-SIN-008,Indus Valley School of Art & Architecture,Private,Sindh,Karachi,1990,2,W4,Architecture,Arts & Social Sciences,2023,983,375,608,42,23.4,27,44,912,101,53,13,2.88,73.3,15.5,Mostly Rural,121887,,20,Yes,IVSA Portfolio + Test,Difficult,Portfolio + 60% written,7
PK-SIN-008,Indus Valley School of Art & Architecture,Private,Sindh,Karachi,1990,2,W4,Architecture,Arts & Social Sciences,2024,1092,597,495,39,28,,47,,181,0,10,,65.8,15.4,,123114,7,7,Yes,IVSA Portfolio + Test,Difficult,Portfolio + 60% written,8
PK-SIN-008,Indus Valley School of Art & Architecture,Private,Sindh,Karachi,1990,2,W4,Architecture,Arts & Social Sciences,2025,1098,493,605,46,23.9,,139,,158,13,,2.81,74.7,12.8,Mixed Urban-Rural,75994,6,,Yes,IVSA Portfolio + Test,Difficult,Portfolio + 60% written,7
PK-SIN-008,Indus Valley School of Art & Architecture,Private,Sindh,Karachi,1990,2,W4,Design,Arts & Social Sciences,2022,1135,611,524,42,27,,102,,103,1,30,3.69,56.6,3.3,Mostly Urban,125387,1,,Yes,IVSA Portfolio + Test,Difficult,Portfolio + 60% written,10
PK-SIN-008,Indus Valley School of Art & Architecture,Private,Sindh,Karachi,1990,2,W4,Design,Arts & Social Sciences,2023,1180,524,656,43,27.4,,21,,9,,59,2.83,56.1,14.8,Mostly Urban,92082,7,,Yes,IVSA Portfolio + Test,Difficult,Portfolio + 60% written,6
PK-SIN-008,Indus Valley School of Art & Architecture,Private,Sindh,Karachi,1990,2,W4,Design,Arts & Social Sciences,2024,1358,875,483,59,23,,250,,,20,43,2.88,57.5,5.3,,119505,,14,Yes,IVSA Portfolio + Test,Difficult,Portfolio + 60% written,9
PK-SIN-008,Indus Valley School of Art & Architecture,Private,Sindh,Karachi,1990,2,W4,Design,Arts & Social Sciences,2025,1561,938,623,57,27.4,10,83,1468,123,45,46,3.09,62.6,9,Mixed Urban-Rural,73028,,35,Yes,IVSA Portfolio + Test,Difficult,Portfolio + 60% written,6
PK-SIN-008,Indus Valley School of Art & Architecture,Private,Sindh,Karachi,1990,2,W4,Fine Arts,Arts & Social Sciences,2022,1610,809,801,69,23.3,7,,,,54,35,,38.5,2.2,Mostly Urban,107589,9,30,Yes,IVSA Portfolio + Test,Difficult,Portfolio + 60% written,9
PK-SIN-008,Indus Valley School of Art & Architecture,Private,Sindh,Karachi,1990,2,W4,Fine Arts,Arts & Social Sciences,2023,1970,1230,740,70,28.1,103,322,1545,230,58,48,3.47,46.7,4.2,Mixed Urban-Rural,113698,,34,Yes,IVSA Portfolio + Test,Difficult,Portfolio + 60% written,10
PK-SIN-008,Indus Valley School of Art & Architecture,Private,Sindh,Karachi,1990,2,W4,Fine Arts,Arts & Social Sciences,2024,1983,1387,596,68,29.2,85,255,1643,56,60,10,3.59,46.5,8.1,Mixed Urban-Rural,99345,1,,Yes,IVSA Portfolio + Test,Difficult,Portfolio + 60% written,
PK-SIN-008,Indus Valley School of Art & Architecture,Private,Sindh,Karachi,1990,2,W4,Fine Arts,Arts & Social Sciences,2025,1744,753,991,75,23.3,,105,,243,2,64,3.65,42.8,5.7,Mostly Rural,121165,5,12,Yes,IVSA Portfolio + Test,Difficult,Portfolio + 60% written,6
PK-SIN-008,Indus Valley School of Art & Architecture,Private,Sindh,Karachi,1990,2,W4,Textile Design,Arts & Social Sciences,2022,1259,871,388,41,30.7,64,250,945,147,15,37,3.64,60.3,4.3,Mixed Urban-Rural,99492,6,16,Yes,IVSA Portfolio + Test,Difficult,Portfolio + 60% written,10
PK-SIN-008,Indus Valley School of Art & Architecture,Private,Sindh,Karachi,1990,2,W4,Textile Design,Arts & Social Sciences,2023,1300,854,446,51,25.5,34,232,1034,162,18,28,3.43,58,10.7,Mostly Urban,100456,18,26,Yes,IVSA Portfolio + Test,Difficult,Portfolio + 60% written,
PK-SIN-008,Indus Valley School of Art & Architecture,Private,Sindh,Karachi,1990,2,W4,Textile Design,Arts & Social Sciences,2024,1573,814,759,48,32.8,20,,,164,60,31,2.87,52.5,,Mostly Urban,70294,,12,Yes,IVSA Portfolio + Test,Difficult,Portfolio + 60% written,10
PK-SIN-008,Indus Valley School of Art & Architecture,Private,Sindh,Karachi,1990,2,W4,Textile Design,Arts & Social Sciences,2025,1472,904,568,55,26.8,24,16,1432,275,11,54,3.39,65.6,5.9,Mostly Rural,95171,3,,Yes,IVSA Portfolio + Test,Difficult,Portfolio + 60% written,7
PK-SIN-002,Institute of Business Administration Karachi,Public,Sindh,Karachi,1955,7,W4,Civil Engineering,STEM,2022,1684,1178,506,50,33.7,,196,,,,67,2.98,74.4,6.6,Mixed Urban-Rural,36522,17,18,Yes,IBA Entry Test,Difficult,80% / 100 marks,11
PK-SIN-002,Institute of Business Administration Karachi,Public,Sindh,Karachi,1955,7,W4,Civil Engineering,STEM,2023,1871,1265,606,56,33.4,126,76,1669,277,,41,3.3,66.7,6.4,,15651,17,11,Yes,IBA Entry Test,Difficult,80% / 100 marks,13
PK-SIN-002,Institute of Business Administration Karachi,Public,Sindh,Karachi,1955,7,W4,Civil Engineering,STEM,2024,1837,904,933,52,35.3,,225,,100,30,73,3.38,64,8.7,Mostly Rural,43411,17,8,Yes,IBA Entry Test,Difficult,80% / 100 marks,14
PK-SIN-002,Institute of Business Administration Karachi,Public,Sindh,Karachi,1955,7,W4,Civil Engineering,STEM,2025,1673,904,769,67,25,34,48,1591,314,,52,3.38,70.9,2.1,Mostly Rural,24837,4,,Yes,IBA Entry Test,Difficult,80% / 100 marks,12
PK-SIN-002,Institute of Business Administration Karachi,Public,Sindh,Karachi,1955,7,W4,Electrical Engineering,STEM,2022,2147,1488,659,80,26.8,52,304,1791,185,19,51,,77.5,15.5,Mostly Urban,31751,19,10,Yes,IBA Entry Test,Difficult,80% / 100 marks,11
PK-SIN-002,Institute of Business Administration Karachi,Public,Sindh,Karachi,1955,7,W4,Electrical Engineering,STEM,2023,2555,1702,853,91,28.1,127,364,2064,159,19,29,3.41,69.5,13.3,Mostly Rural,14050,2,8,Yes,IBA Entry Test,Difficult,80% / 100 marks,13
PK-SIN-002,Institute of Business Administration Karachi,Public,Sindh,Karachi,1955,7,W4,Electrical Engineering,STEM,2024,2329,1338,991,97,24,149,107,2073,117,31,58,3.56,77.7,4.1,,44487,1,13,Yes,IBA Entry Test,Difficult,80% / 100 marks,11
PK-SIN-002,Institute of Business Administration Karachi,Public,Sindh,Karachi,1955,7,W4,Electrical Engineering,STEM,2025,2767,1973,794,87,31.8,185,261,2321,410,19,70,,82.1,,Mostly Rural,34943,1,28,Yes,IBA Entry Test,Difficult,80% / 100 marks,13
PK-SIN-002,Institute of Business Administration Karachi,Public,Sindh,Karachi,1955,7,W4,Mathematics,STEM,2022,2606,1113,1493,78,33.4,54,515,2037,135,,26,3.21,58.8,17.3,Mostly Rural,36859,7,12,Yes,IBA Entry Test,Difficult,80% / 100 marks,14
PK-SIN-002,Institute of Business Administration Karachi,Public,Sindh,Karachi,1955,7,W4,Mathematics,STEM,2023,2645,1820,825,84,31.5,101,,,42,25,58,2.8,55.8,7.3,Mostly Rural,25342,9,35,Yes,IBA Entry Test,Difficult,80% / 100 marks,11
PK-SIN-002,Institute of Business Administration Karachi,Public,Sindh,Karachi,1955,7,W4,Mathematics,STEM,2024,2274,1611,663,74,30.7,,383,,,11,47,,65.7,10.7,Mixed Urban-Rural,9243,8,16,Yes,IBA Entry Test,Difficult,80% / 100 marks,14
PK-SIN-002,Institute of Business Administration Karachi,Public,Sindh,Karachi,1955,7,W4,Mathematics,STEM,2025,2682,1501,1181,116,23.1,,511,,386,16,47,,56.6,4.8,Mixed Urban-Rural,34877,19,31,Yes,IBA Entry Test,Difficult,80% / 100 marks,12
PK-SIN-002,Institute of Business Administration Karachi,Public,Sindh,Karachi,1955,7,W4,Mechanical Engineering,STEM,2022,2414,1343,1071,85,28.4,,304,,111,19,74,3.45,69.9,,Mixed Urban-Rural,9539,10,,Yes,IBA Entry Test,Difficult,80% / 100 marks,14
PK-SIN-002,Institute of Business Administration Karachi,Public,Sindh,Karachi,1955,7,W4,Mechanical Engineering,STEM,2023,2708,1816,892,110,24.6,8,,,420,,,2.97,73.7,,Mostly Urban,8014,14,31,Yes,IBA Entry Test,Difficult,80% / 100 marks,11
PK-SIN-002,Institute of Business Administration Karachi,Public,Sindh,Karachi,1955,7,W4,Mechanical Engineering,STEM,2024,2694,1718,976,106,25.4,204,256,2234,,60,,,73.4,13.1,Mostly Rural,13869,1,24,Yes,IBA Entry Test,Difficult,80% / 100 marks,11
PK-SIN-002,Institute of Business Administration Karachi,Public,Sindh,Karachi,1955,7,W4,Mechanical Engineering,STEM,2025,2680,1229,1451,96,27.9,46,229,2405,,48,53,3.03,79.6,2.4,Mostly Rural,18369,16,,Yes,IBA Entry Test,Difficult,80% / 100 marks,11
PK-SIN-002,Institute of Business Administration Karachi,Public,Sindh,Karachi,1955,7,W4,Pharmacy,STEM,2022,3331,2302,1029,119,28,49,477,2805,126,,65,3.4,75.1,4.9,Mixed Urban-Rural,8301,11,35,Yes,IBA Entry Test,Difficult,80% / 100 marks,14
PK-SIN-002,Institute of Business Administration Karachi,Public,Sindh,Karachi,1955,7,W4,Pharmacy,STEM,2023,3743,2526,1217,121,30.9,177,490,3076,541,38,,2.92,78.7,15,Mostly Rural,20749,16,,Yes,IBA Entry Test,Difficult,80% / 100 marks,11
PK-SIN-002,Institute of Business Administration Karachi,Public,Sindh,Karachi,1955,7,W4,Pharmacy,STEM,2024,3598,1551,2047,132,27.3,198,265,3135,275,33,47,3.42,79.9,11.9,Mostly Rural,23637,11,8,Yes,IBA Entry Test,Difficult,80% / 100 marks,11
PK-SIN-002,Institute of Business Administration Karachi,Public,Sindh,Karachi,1955,7,W4,Pharmacy,STEM,2025,3596,2313,1283,143,25.1,203,232,3161,284,47,3,2.86,79.9,5.8,Mostly Urban,30898,16,23,Yes,IBA Entry Test,Difficult,80% / 100 marks,14
PK-SIN-002,Institute of Business Administration Karachi,Public,Sindh,Karachi,1955,7,W4,Political Science,Arts & Social Sciences,2022,1753,784,969,60,29.2,134,,,66,38,26,,52.8,14.9,,21699,9,,Yes,IBA Entry Test,Difficult,80% / 100 marks,14
PK-SIN-002,Institute of Business Administration Karachi,Public,Sindh,Karachi,1955,7,W4,Political Science,Arts & Social Sciences,2023,1593,1081,512,64,24.9,,117,,28,56,6,2.83,51,9,Mixed Urban-Rural,33858,13,2,Yes,IBA Entry Test,Difficult,80% / 100 marks,10
PK-SIN-002,Institute of Business Administration Karachi,Public,Sindh,Karachi,1955,7,W4,Political Science,Arts & Social Sciences,2024,1757,1175,582,51,34.5,13,294,1450,140,,76,,52.5,15,Mostly Rural,19733,,7,Yes,IBA Entry Test,Difficult,80% / 100 marks,11
PK-SIN-002,Institute of Business Administration Karachi,Public,Sindh,Karachi,1955,7,W4,Political Science,Arts & Social Sciences,2025,2015,1174,841,85,23.7,50,11,1954,248,30,78,2.95,42.8,5.8,Mostly Rural,32327,7,1,Yes,IBA Entry Test,Difficult,80% / 100 marks,14
PK-SIN-002,Institute of Business Administration Karachi,Public,Sindh,Karachi,1955,7,W4,Psychology,Arts & Social Sciences,2022,2297,1473,824,74,31,110,30,2157,,33,62,3.2,58.6,12,Mostly Urban,18480,13,13,Yes,IBA Entry Test,Difficult,80% / 100 marks,13
PK-SIN-002,Institute of Business Administration Karachi,Public,Sindh,Karachi,1955,7,W4,Psychology,Arts & Social Sciences,2023,2334,988,1346,82,28.5,53,127,2154,157,6,78,2.97,56.1,16.9,Mostly Urban,8767,13,23,Yes,IBA Entry Test,Difficult,80% / 100 marks,12
PK-SIN-002,Institute of Business Administration Karachi,Public,Sindh,Karachi,1955,7,W4,Psychology,Arts & Social Sciences,2024,2156,841,1315,78,27.6,112,137,1907,109,43,,,52.7,4.7,Mostly Rural,31020,11,0,Yes,IBA Entry Test,Difficult,80% / 100 marks,14
PK-SIN-002,Institute of Business Administration Karachi,Public,Sindh,Karachi,1955,7,W4,Psychology,Arts & Social Sciences,2025,2667,1809,858,88,30.3,202,399,2066,467,52,4,2.69,59.7,5.7,Mixed Urban-Rural,42030,9,17,Yes,IBA Entry Test,Difficult,80% / 100 marks,13
PK-SIN-007,Jinnah Sindh Medical University,Public,Sindh,Karachi,2010,41,W1,BDS,STEM,2022,111,46,65,5,22.2,6,9,96,,22,,2.8,85.8,13.4,Mostly Rural,,8,22,Yes,MDCAT (PMC),Difficult,65% / 210 marks,15
PK-SIN-007,Jinnah Sindh Medical University,Public,Sindh,Karachi,2010,41,W1,BDS,STEM,2023,93,40,53,5,18.6,7,16,70,6,0,33,2.78,82.1,2.6,Mostly Urban,48552,12,,Yes,MDCAT (PMC),Difficult,65% / 210 marks,18
PK-SIN-007,Jinnah Sindh Medical University,Public,Sindh,Karachi,2010,41,W1,BDS,STEM,2024,102,39,63,5,20.4,7,,,6,40,34,2.82,89.6,1.6,Mostly Rural,,18,,Yes,MDCAT (PMC),Difficult,65% / 210 marks,18
PK-SIN-007,Jinnah Sindh Medical University,Public,Sindh,Karachi,2010,41,W1,BDS,STEM,2025,116,71,45,5,23.2,7,14,95,12,22,65,3.64,94.9,,Mostly Urban,50315,4,,Yes,MDCAT (PMC),Difficult,65% / 210 marks,16
PK-SIN-007,Jinnah Sindh Medical University,Public,Sindh,Karachi,2010,41,W1,Biomedical Engineering,STEM,2022,243,101,142,7,34.7,1,4,238,13,11,76,,70,16.9,Mixed Urban-Rural,22587,,,Yes,MDCAT (PMC),Difficult,65% / 210 marks,13
PK-SIN-007,Jinnah Sindh Medical University,Public,Sindh,Karachi,2010,41,W1,Biomedical Engineering,STEM,2023,266,168,98,7,38,18,,,33,13,26,3.55,76.3,,Mostly Urban,15334,,15,Yes,MDCAT (PMC),Difficult,65% / 210 marks,18
PK-SIN-007,Jinnah Sindh Medical University,Public,Sindh,Karachi,2010,41,W1,Biomedical Engineering,STEM,2024,272,176,96,10,27.2,13,11,248,16,,,3.03,76.7,2.1,Mostly Urban,29312,,16,Yes,MDCAT (PMC),Difficult,65% / 210 marks,18
PK-SIN-007,Jinnah Sindh Medical University,Public,Sindh,Karachi,2010,41,W1,Biomedical Engineering,STEM,2025,255,118,137,10,25.5,8,44,203,41,26,23,,70.3,16.7,Mostly Urban,,15,32,Yes,MDCAT (PMC),Difficult,65% / 210 marks,16
PK-SIN-007,Jinnah Sindh Medical University,Public,Sindh,Karachi,2010,41,W1,MBBS,STEM,2022,164,88,76,7,23.4,,12,,15,6,60,,94,7.6,,,,8,Yes,MDCAT (PMC),Difficult,65% / 210 marks,15
PK-SIN-007,Jinnah Sindh Medical University,Public,Sindh,Karachi,2010,41,W1,MBBS,STEM,2023,172,108,64,6,28.7,8,29,135,16,7,45,3.06,97,5.5,Mostly Rural,42046,14,33,Yes,MDCAT (PMC),Difficult,65% / 210 marks,12
PK-SIN-007,Jinnah Sindh Medical University,Public,Sindh,Karachi,2010,41,W1,MBBS,STEM,2024,175,115,60,7,25,12,,,19,13,28,3.53,88.7,7.5,Mostly Rural,67282,19,26,Yes,MDCAT (PMC),Difficult,65% / 210 marks,
PK-SIN-007,Jinnah Sindh Medical University,Public,Sindh,Karachi,2010,41,W1,MBBS,STEM,2025,183,95,88,8,22.9,13,17,153,33,9,32,,97,12,Mostly Urban,42059,9,30,Yes,MDCAT (PMC),Difficult,65% / 210 marks,16
PK-SIN-007,Jinnah Sindh Medical University,Public,Sindh,Karachi,2010,41,W1,Pharmacy,STEM,2022,361,240,121,14,25.8,,27,,39,,53,3.12,82.3,,Mostly Urban,22462,18,,Yes,MDCAT (PMC),Difficult,65% / 210 marks,12
PK-SIN-007,Jinnah Sindh Medical University,Public,Sindh,Karachi,2010,41,W1,Pharmacy,STEM,2023,321,207,114,12,26.8,,39,,15,23,27,2.63,84.1,16.3,Mostly Urban,29523,15,13,Yes,MDCAT (PMC),Difficult,65% / 210 marks,13
PK-SIN-007,Jinnah Sindh Medical University,Public,Sindh,Karachi,2010,41,W1,Pharmacy,STEM,2024,390,235,155,12,32.5,,55,,,32,6,3.22,78.4,7.7,Mixed Urban-Rural,8319,7,32,Yes,MDCAT (PMC),Difficult,65% / 210 marks,14
PK-SIN-007,Jinnah Sindh Medical University,Public,Sindh,Karachi,2010,41,W1,Pharmacy,STEM,2025,356,217,139,13,27.4,,23,,47,27,45,2.83,83.7,10.8,Mixed Urban-Rural,17355,16,19,Yes,MDCAT (PMC),Difficult,65% / 210 marks,12
PK-SIN-007,Jinnah Sindh Medical University,Public,Sindh,Karachi,2010,41,W1,Public Health,STEM,2022,449,233,216,15,29.9,15,32,402,39,12,63,2.72,71.5,17.6,Mixed Urban-Rural,27546,18,,Yes,MDCAT (PMC),Difficult,65% / 210 marks,17
PK-SIN-007,Jinnah Sindh Medical University,Public,Sindh,Karachi,2010,41,W1,Public Health,STEM,2023,421,233,188,17,24.8,17,77,327,65,39,69,,73,5.7,,31607,20,26,Yes,MDCAT (PMC),Difficult,65% / 210 marks,14
PK-SIN-007,Jinnah Sindh Medical University,Public,Sindh,Karachi,2010,41,W1,Public Health,STEM,2024,480,219,261,18,26.7,34,,,88,6,72,3.06,60.8,13.7,Mostly Urban,,16,15,Yes,MDCAT (PMC),Difficult,65% / 210 marks,15
PK-SIN-007,Jinnah Sindh Medical University,Public,Sindh,Karachi,2010,41,W1,Public Health,STEM,2025,477,280,197,14,34.1,32,23,422,8,,23,2.86,61.5,,Mostly Urban,17955,13,13,Yes,MDCAT (PMC),Difficult,65% / 210 marks,16
PK-SIN-017,Liaquat University of Medical & Health Sciences,Public,Sindh,Jamshoro,1951,34,W2,BDS,STEM,2022,173,85,88,6,28.8,6,8,159,27,42,17,2.76,86.5,7.2,Mostly Rural,81658,6,3,Yes,MDCAT (PMC) / LUMHS Test,Difficult,65% / 210 marks,23
PK-SIN-017,Liaquat University of Medical & Health Sciences,Public,Sindh,Jamshoro,1951,34,W2,BDS,STEM,2023,189,82,107,5,37.8,8,33,148,6,,8,3.21,86.7,13.3,Mostly Urban,64446,7,33,Yes,MDCAT (PMC) / LUMHS Test,Difficult,65% / 210 marks,19
PK-SIN-017,Liaquat University of Medical & Health Sciences,Public,Sindh,Jamshoro,1951,34,W2,BDS,STEM,2024,170,73,97,5,34,,23,,18,5,56,,84,12.1,Mostly Urban,43157,19,,Yes,MDCAT (PMC) / LUMHS Test,Difficult,65% / 210 marks,24
PK-SIN-017,Liaquat University of Medical & Health Sciences,Public,Sindh,Jamshoro,1951,34,W2,BDS,STEM,2025,165,75,90,6,27.5,13,2,150,9,26,,3.46,90.4,8.7,,86173,,,Yes,MDCAT (PMC) / LUMHS Test,Difficult,65% / 210 marks,19
PK-SIN-017,Liaquat University of Medical & Health Sciences,Public,Sindh,Jamshoro,1951,34,W2,Biomedical Engineering,STEM,2022,531,322,209,15,35.4,17,16,498,,,34,3.55,70.9,15.8,Mostly Urban,18241,11,,Yes,MDCAT (PMC) / LUMHS Test,Difficult,65% / 210 marks,22
PK-SIN-017,Liaquat University of Medical & Health Sciences,Public,Sindh,Jamshoro,1951,34,W2,Biomedical Engineering,STEM,2023,602,298,304,19,31.7,12,52,538,110,,61,3.04,75.1,7.7,Mostly Urban,11004,13,4,Yes,MDCAT (PMC) / LUMHS Test,Difficult,65% / 210 marks,20
PK-SIN-017,Liaquat University of Medical & Health Sciences,Public,Sindh,Jamshoro,1951,34,W2,Biomedical Engineering,STEM,2024,644,422,222,27,23.9,9,107,528,126,,21,3.23,76.7,5.7,Mostly Rural,35125,12,,Yes,MDCAT (PMC) / LUMHS Test,Difficult,65% / 210 marks,24
PK-SIN-017,Liaquat University of Medical & Health Sciences,Public,Sindh,Jamshoro,1951,34,W2,Biomedical Engineering,STEM,2025,585,260,325,20,29.2,44,45,496,,10,13,3.2,73.8,15.3,Mixed Urban-Rural,30502,16,11,Yes,MDCAT (PMC) / LUMHS Test,Difficult,65% / 210 marks,23
PK-SIN-017,Liaquat University of Medical & Health Sciences,Public,Sindh,Jamshoro,1951,34,W2,Nursing,STEM,2022,197,79,118,7,28.1,3,17,177,15,3,70,3.29,82.2,1.8,Mostly Rural,40440,10,9,Yes,MDCAT (PMC) / LUMHS Test,Difficult,65% / 210 marks,24
PK-SIN-017,Liaquat University of Medical & Health Sciences,Public,Sindh,Jamshoro,1951,34,W2,Nursing,STEM,2023,223,108,115,7,31.9,15,8,200,23,3,66,2.9,85.4,12,Mixed Urban-Rural,17852,7,18,Yes,MDCAT (PMC) / LUMHS Test,Difficult,65% / 210 marks,23
PK-SIN-017,Liaquat University of Medical & Health Sciences,Public,Sindh,Jamshoro,1951,34,W2,Nursing,STEM,2024,204,132,72,7,29.1,9,39,156,,28,12,3.02,87,11.1,Mostly Urban,15936,17,30,Yes,MDCAT (PMC) / LUMHS Test,Difficult,65% / 210 marks,24
PK-SIN-017,Liaquat University of Medical & Health Sciences,Public,Sindh,Jamshoro,1951,34,W2,Nursing,STEM,2025,259,102,157,7,37,18,23,218,,23,78,2.85,89.3,15.2,Mostly Rural,30986,5,14,Yes,MDCAT (PMC) / LUMHS Test,Difficult,65% / 210 marks,19
PK-SIN-017,Liaquat University of Medical & Health Sciences,Public,Sindh,Jamshoro,1951,34,W2,Pharmacy,STEM,2022,411,193,218,18,22.8,,75,,58,13,68,3.63,85.9,12.2,Mixed Urban-Rural,25660,,7,Yes,MDCAT (PMC) / LUMHS Test,Difficult,65% / 210 marks,22
PK-SIN-017,Liaquat University of Medical & Health Sciences,Public,Sindh,Jamshoro,1951,34,W2,Pharmacy,STEM,2023,422,183,239,13,32.5,,63,,17,32,42,3.11,84.7,9.8,Mostly Rural,11397,15,,Yes,MDCAT (PMC) / LUMHS Test,Difficult,65% / 210 marks,20
PK-SIN-017,Liaquat University of Medical & Health Sciences,Public,Sindh,Jamshoro,1951,34,W2,Pharmacy,STEM,2024,461,276,185,20,23.1,12,42,407,56,,30,3.27,78.4,1.6,Mostly Urban,,20,15,Yes,MDCAT (PMC) / LUMHS Test,Difficult,65% / 210 marks,22
PK-SIN-017,Liaquat University of Medical & Health Sciences,Public,Sindh,Jamshoro,1951,34,W2,Pharmacy,STEM,2025,484,336,148,16,30.2,36,66,382,84,53,27,,82.6,6.1,Mixed Urban-Rural,43739,15,9,Yes,MDCAT (PMC) / LUMHS Test,Difficult,65% / 210 marks,
PK-SIN-017,Liaquat University of Medical & Health Sciences,Public,Sindh,Jamshoro,1951,34,W2,Physiotherapy,STEM,2022,633,414,219,19,33.3,30,57,546,,36,48,3.14,70.3,10.5,Mostly Urban,29724,3,28,Yes,MDCAT (PMC) / LUMHS Test,Difficult,65% / 210 marks,21
PK-SIN-017,Liaquat University of Medical & Health Sciences,Public,Sindh,Jamshoro,1951,34,W2,Physiotherapy,STEM,2023,729,468,261,31,23.5,47,,,103,39,66,,80.6,7.5,Mostly Urban,9336,17,22,Yes,MDCAT (PMC) / LUMHS Test,Difficult,65% / 210 marks,18
PK-SIN-017,Liaquat University of Medical & Health Sciences,Public,Sindh,Jamshoro,1951,34,W2,Physiotherapy,STEM,2024,809,533,276,26,31.1,,131,,94,,10,3.06,82.1,2.4,Mostly Urban,8183,13,13,Yes,MDCAT (PMC) / LUMHS Test,Difficult,65% / 210 marks,24
PK-SIN-017,Liaquat University of Medical & Health Sciences,Public,Sindh,Jamshoro,1951,34,W2,Physiotherapy,STEM,2025,704,400,304,23,30.6,32,121,551,103,11,66,2.98,84.5,3,Mostly Urban,21527,1,28,Yes,MDCAT (PMC) / LUMHS Test,Difficult,65% / 210 marks,22
PK-SIN-012,Mehran University of Engineering & Technology,Public,Sindh,Jamshoro,1977,17,W3,Civil Engineering,STEM,2022,1175,708,467,46,25.5,73,36,1066,198,,,3.41,75.8,6.9,Mostly Urban,21558,18,3,Yes,ECAT (Sindh) / MUET Test,Difficult,60% / 100 marks,29
PK-SIN-012,Mehran University of Engineering & Technology,Public,Sindh,Jamshoro,1977,17,W3,Civil Engineering,STEM,2023,1294,569,725,41,31.6,9,193,1092,73,26,62,3.3,70.4,,Mostly Urban,34534,,11,Yes,ECAT (Sindh) / MUET Test,Difficult,60% / 100 marks,33
PK-SIN-012,Mehran University of Engineering & Technology,Public,Sindh,Jamshoro,1977,17,W3,Civil Engineering,STEM,2024,1399,967,432,53,26.4,107,205,1087,24,4,77,2.82,71.2,1.8,Mostly Urban,15741,3,3,Yes,ECAT (Sindh) / MUET Test,Difficult,60% / 100 marks,28
PK-SIN-012,Mehran University of Engineering & Technology,Public,Sindh,Jamshoro,1977,17,W3,Civil Engineering,STEM,2025,1312,704,608,41,32,83,100,1129,261,,10,3.29,75.4,12.8,Mostly Rural,24144,16,10,Yes,ECAT (Sindh) / MUET Test,Difficult,60% / 100 marks,34
PK-SIN-012,Mehran University of Engineering & Technology,Public,Sindh,Jamshoro,1977,17,W3,Computer Science,STEM,2022,2109,1028,1081,66,32,9,93,2007,157,37,10,3.44,80.3,16.7,Mixed Urban-Rural,29342,16,,Yes,ECAT (Sindh) / MUET Test,Difficult,60% / 100 marks,36
PK-SIN-012,Mehran University of Engineering & Technology,Public,Sindh,Jamshoro,1977,17,W3,Computer Science,STEM,2023,2122,1220,902,85,25,67,80,1975,205,12,,3.2,85.1,,Mostly Rural,12963,,,Yes,ECAT (Sindh) / MUET Test,Difficult,60% / 100 marks,28
PK-SIN-012,Mehran University of Engineering & Technology,Public,Sindh,Jamshoro,1977,17,W3,Computer Science,STEM,2024,2169,873,1296,85,25.5,,186,,185,48,11,3.36,85.2,11.4,Mostly Rural,16496,1,27,Yes,ECAT (Sindh) / MUET Test,Difficult,60% / 100 marks,30
PK-SIN-012,Mehran University of Engineering & Technology,Public,Sindh,Jamshoro,1977,17,W3,Computer Science,STEM,2025,2023,1307,716,84,24.1,139,269,1615,119,22,25,2.81,76.4,3.2,Mostly Urban,34865,10,31,Yes,ECAT (Sindh) / MUET Test,Difficult,60% / 100 marks,
PK-SIN-012,Mehran University of Engineering & Technology,Public,Sindh,Jamshoro,1977,17,W3,Electrical Engineering,STEM,2022,924,563,361,35,26.4,45,12,867,7,7,69,2.95,75.3,2.3,Mixed Urban-Rural,30978,18,,Yes,ECAT (Sindh) / MUET Test,Difficult,60% / 100 marks,36
PK-SIN-012,Mehran University of Engineering & Technology,Public,Sindh,Jamshoro,1977,17,W3,Electrical Engineering,STEM,2023,866,485,381,36,24.1,55,,,130,16,56,3.2,77,10.3,Mixed Urban-Rural,20704,11,14,Yes,ECAT (Sindh) / MUET Test,Difficult,60% / 100 marks,28
PK-SIN-012,Mehran University of Engineering & Technology,Public,Sindh,Jamshoro,1977,17,W3,Electrical Engineering,STEM,2024,950,624,326,34,27.9,,177,,127,55,32,3.28,79.9,16.2,,,10,31,Yes,ECAT (Sindh) / MUET Test,Difficult,60% / 100 marks,36
PK-SIN-012,Mehran University of Engineering & Technology,Public,Sindh,Jamshoro,1977,17,W3,Electrical Engineering,STEM,2025,983,703,280,43,22.9,16,6,961,86,0,,3.07,83.4,15.8,Mixed Urban-Rural,25673,8,26,Yes,ECAT (Sindh) / MUET Test,Difficult,60% / 100 marks,31
PK-SIN-012,Mehran University of Engineering & Technology,Public,Sindh,Jamshoro,1977,17,W3,Mechanical Engineering,STEM,2022,1036,581,455,32,32.4,29,93,914,117,31,,2.99,69.1,8.8,Mixed Urban-Rural,27624,12,23,Yes,ECAT (Sindh) / MUET Test,Difficult,60% / 100 marks,28
PK-SIN-012,Mehran University of Engineering & Technology,Public,Sindh,Jamshoro,1977,17,W3,Mechanical Engineering,STEM,2023,1206,558,648,37,32.6,55,144,1007,207,59,36,3.12,73.8,7.1,Mostly Urban,36743,,32,Yes,ECAT (Sindh) / MUET Test,Difficult,60% / 100 marks,28
PK-SIN-012,Mehran University of Engineering & Technology,Public,Sindh,Jamshoro,1977,17,W3,Mechanical Engineering,STEM,2024,1247,630,617,36,34.6,47,222,978,198,33,13,3.4,65.2,15.5,Mostly Urban,10653,11,20,Yes,ECAT (Sindh) / MUET Test,Difficult,60% / 100 marks,29
PK-SIN-012,Mehran University of Engineering & Technology,Public,Sindh,Jamshoro,1977,17,W3,Mechanical Engineering,STEM,2025,1235,779,456,44,28.1,35,47,1153,,4,39,3.56,70.1,3.6,Mostly Urban,16829,2,26,Yes,ECAT (Sindh) / MUET Test,Difficult,60% / 100 marks,34
PK-SIN-012,Mehran University of Engineering & Technology,Public,Sindh,Jamshoro,1977,17,W3,Software Engineering,STEM,2022,1019,516,503,31,32.9,20,186,813,154,1,63,3.18,90,11.3,Mixed Urban-Rural,29313,18,,Yes,ECAT (Sindh) / MUET Test,Difficult,60% / 100 marks,34
PK-SIN-012,Mehran University of Engineering & Technology,Public,Sindh,Jamshoro,1977,17,W3,Software Engineering,STEM,2023,1186,642,544,48,24.7,65,222,899,125,37,9,,89.6,7.8,Mostly Rural,40675,1,3,Yes,ECAT (Sindh) / MUET Test,Difficult,60% / 100 marks,31
PK-SIN-012,Mehran University of Engineering & Technology,Public,Sindh,Jamshoro,1977,17,W3,Software Engineering,STEM,2024,1221,585,636,34,35.9,94,,,45,57,20,3.27,86.6,,Mostly Urban,17670,6,24,Yes,ECAT (Sindh) / MUET Test,Difficult,60% / 100 marks,29
PK-SIN-012,Mehran University of Engineering & Technology,Public,Sindh,Jamshoro,1977,17,W3,Software Engineering,STEM,2025,1131,557,574,43,26.3,70,185,876,,20,66,3.3,77.3,8.8,Mostly Urban,44245,17,31,Yes,ECAT (Sindh) / MUET Test,Difficult,60% / 100 marks,36
PK-SIN-012,Mehran University of Engineering & Technology,Public,Sindh,Jamshoro,1977,17,W3,Telecommunication,STEM,2022,1128,721,407,36,31.3,79,8,1041,165,27,53,2.98,82.9,13.7,Mostly Rural,10978,3,34,Yes,ECAT (Sindh) / MUET Test,Difficult,60% / 100 marks,36
PK-SIN-012,Mehran University of Engineering & Technology,Public,Sindh,Jamshoro,1977,17,W3,Telecommunication,STEM,2023,1011,517,494,40,25.3,28,142,841,128,33,,3.4,77.2,3.3,Mostly Urban,13535,1,27,Yes,ECAT (Sindh) / MUET Test,Difficult,60% / 100 marks,33
PK-SIN-012,Mehran University of Engineering & Technology,Public,Sindh,Jamshoro,1977,17,W3,Telecommunication,STEM,2024,1206,690,516,36,33.5,54,195,957,71,32,7,2.82,78.5,3.5,Mostly Urban,30018,16,22,Yes,ECAT (Sindh) / MUET Test,Difficult,60% / 100 marks,32
PK-SIN-012,Mehran University of Engineering & Technology,Public,Sindh,Jamshoro,1977,17,W3,Telecommunication,STEM,2025,1210,644,566,48,25.2,96,227,887,,,40,3.67,84.6,16.4,Mixed Urban-Rural,19720,20,35,Yes,ECAT (Sindh) / MUET Test,Difficult,60% / 100 marks,31
PK-SIN-003,NED University of Engineering & Technology,Public,Sindh,Karachi,1922,13,W3,Civil Engineering,STEM,2022,416,184,232,13,32,,6,,,21,58,2.83,67.4,,Mixed Urban-Rural,10474,20,12,Yes,ECAT (Sindh) / NED Test,Difficult,60% / 100 marks,34
PK-SIN-003,NED University of Engineering & Technology,Public,Sindh,Karachi,1922,13,W3,Civil Engineering,STEM,2023,435,307,128,13,33.5,7,35,393,5,1,54,3.35,62.6,15.4,,18705,,22,Yes,ECAT (Sindh) / NED Test,Difficult,60% / 100 marks,32
PK-SIN-003,NED University of Engineering & Technology,Public,Sindh,Karachi,1922,13,W3,Civil Engineering,STEM,2024,449,255,194,13,34.5,24,16,409,,8,28,2.74,60.1,2.4,Mostly Urban,23565,12,18,Yes,ECAT (Sindh) / NED Test,Difficult,60% / 100 marks,36
PK-SIN-003,NED University of Engineering & Technology,Public,Sindh,Karachi,1922,13,W3,Civil Engineering,STEM,2025,523,237,286,18,29.1,9,91,423,31,33,79,3.51,67.1,12.7,Mostly Rural,13547,,32,Yes,ECAT (Sindh) / NED Test,Difficult,60% / 100 marks,29
PK-SIN-003,NED University of Engineering & Technology,Public,Sindh,Karachi,1922,13,W3,Computer Science,STEM,2022,671,317,354,28,24,49,134,488,97,29,67,3.25,79.7,2.8,Mostly Rural,41639,20,19,Yes,ECAT (Sindh) / NED Test,Difficult,60% / 100 marks,33
PK-SIN-003,NED University of Engineering & Technology,Public,Sindh,Karachi,1922,13,W3,Computer Science,STEM,2023,668,367,301,24,27.8,20,130,518,77,7,40,3.38,84.8,12.3,Mostly Urban,,14,23,Yes,ECAT (Sindh) / NED Test,Difficult,60% / 100 marks,36
PK-SIN-003,NED University of Engineering & Technology,Public,Sindh,Karachi,1922,13,W3,Computer Science,STEM,2024,706,352,354,22,32.1,8,114,584,24,32,45,3.52,86.4,6.9,Mixed Urban-Rural,40319,12,7,Yes,ECAT (Sindh) / NED Test,Difficult,60% / 100 marks,36
PK-SIN-003,NED University of Engineering & Technology,Public,Sindh,Karachi,1922,13,W3,Computer Science,STEM,2025,689,382,307,28,24.6,45,84,560,125,1,34,3.52,78.6,11.4,Mostly Rural,35266,4,8,Yes,ECAT (Sindh) / NED Test,Difficult,60% / 100 marks,32
PK-SIN-003,NED University of Engineering & Technology,Public,Sindh,Karachi,1922,13,W3,Industrial Engineering,STEM,2022,838,415,423,30,27.9,,115,,155,57,,2.62,75.5,5.8,Mostly Urban,18149,16,12,Yes,ECAT (Sindh) / NED Test,Difficult,60% / 100 marks,34
PK-SIN-003,NED University of Engineering & Technology,Public,Sindh,Karachi,1922,13,W3,Industrial Engineering,STEM,2023,897,628,269,27,33.2,7,93,797,132,40,28,2.99,77.2,5.5,Mostly Urban,31824,14,13,Yes,ECAT (Sindh) / NED Test,Difficult,60% / 100 marks,31
PK-SIN-003,NED University of Engineering & Technology,Public,Sindh,Karachi,1922,13,W3,Industrial Engineering,STEM,2024,802,521,281,23,34.9,0,148,654,18,50,56,3.44,69.7,,Mostly Rural,,,30,Yes,ECAT (Sindh) / NED Test,Difficult,60% / 100 marks,35
PK-SIN-003,NED University of Engineering & Technology,Public,Sindh,Karachi,1922,13,W3,Industrial Engineering,STEM,2025,905,579,326,38,23.8,31,171,703,147,2,32,3.66,73.5,2.1,Mixed Urban-Rural,41173,3,,Yes,ECAT (Sindh) / NED Test,Difficult,60% / 100 marks,28
PK-SIN-003,NED University of Engineering & Technology,Public,Sindh,Karachi,1922,13,W3,Mechanical Engineering,STEM,2022,1241,704,537,41,30.3,,175,,46,3,29,3.23,65.5,5.4,Mostly Urban,10789,8,28,Yes,ECAT (Sindh) / NED Test,Difficult,60% / 100 marks,32
PK-SIN-003,NED University of Engineering & Technology,Public,Sindh,Karachi,1922,13,W3,Mechanical Engineering,STEM,2023,1212,849,363,34,35.6,96,197,919,77,28,30,2.9,65,8.2,Mixed Urban-Rural,16854,17,11,Yes,ECAT (Sindh) / NED Test,Difficult,60% / 100 marks,31
PK-SIN-003,NED University of Engineering & Technology,Public,Sindh,Karachi,1922,13,W3,Mechanical Engineering,STEM,2024,1186,750,436,43,27.6,71,175,940,222,,55,3.08,68.7,14.1,Mixed Urban-Rural,29447,16,19,Yes,ECAT (Sindh) / NED Test,Difficult,60% / 100 marks,31
PK-SIN-003,NED University of Engineering & Technology,Public,Sindh,Karachi,1922,13,W3,Mechanical Engineering,STEM,2025,1218,697,521,46,26.5,72,85,1061,70,39,42,3.08,72.4,14.9,Mostly Rural,17448,,,Yes,ECAT (Sindh) / NED Test,Difficult,60% / 100 marks,34
PK-SIN-003,NED University of Engineering & Technology,Public,Sindh,Karachi,1922,13,W3,Software Engineering,STEM,2022,1257,726,531,56,22.4,66,,,249,24,51,3.52,84.9,12.4,Mixed Urban-Rural,17561,5,35,Yes,ECAT (Sindh) / NED Test,Difficult,60% / 100 marks,36
PK-SIN-003,NED University of Engineering & Technology,Public,Sindh,Karachi,1922,13,W3,Software Engineering,STEM,2023,1219,540,679,53,23,26,125,1068,18,43,74,3.66,83.5,13.2,,24030,11,24,Yes,ECAT (Sindh) / NED Test,Difficult,60% / 100 marks,32
PK-SIN-003,NED University of Engineering & Technology,Public,Sindh,Karachi,1922,13,W3,Software Engineering,STEM,2024,1319,910,409,50,26.4,6,172,1141,240,35,50,3.61,88.4,,Mostly Rural,39390,20,26,Yes,ECAT (Sindh) / NED Test,Difficult,60% / 100 marks,29
PK-SIN-003,NED University of Engineering & Technology,Public,Sindh,Karachi,1922,13,W3,Software Engineering,STEM,2025,1434,625,809,63,22.8,,44,,133,11,58,3.1,82.6,9.9,Mostly Urban,32160,19,,Yes,ECAT (Sindh) / NED Test,Difficult,60% / 100 marks,33
PK-SIN-003,NED University of Engineering & Technology,Public,Sindh,Karachi,1922,13,W3,Telecommunication,STEM,2022,1425,998,427,63,22.6,69,,,167,35,15,2.8,75.4,4.6,Mostly Rural,39181,7,,Yes,ECAT (Sindh) / NED Test,Difficult,60% / 100 marks,30
PK-SIN-003,NED University of Engineering & Technology,Public,Sindh,Karachi,1922,13,W3,Telecommunication,STEM,2023,1535,891,644,49,31.3,102,39,1394,5,58,29,,82.5,9.6,Mostly Rural,13342,10,26,Yes,ECAT (Sindh) / NED Test,Difficult,60% / 100 marks,33
PK-SIN-003,NED University of Engineering & Technology,Public,Sindh,Karachi,1922,13,W3,Telecommunication,STEM,2024,1538,897,641,58,26.5,,162,,224,,,2.94,72.1,9.8,Mixed Urban-Rural,39718,4,27,Yes,ECAT (Sindh) / NED Test,Difficult,60% / 100 marks,32
PK-SIN-003,NED University of Engineering & Technology,Public,Sindh,Karachi,1922,13,W3,Telecommunication,STEM,2025,1475,859,616,61,24.2,105,144,1226,238,51,54,2.65,84.2,5.4,Mostly Urban,16274,6,26,Yes,ECAT (Sindh) / NED Test,Difficult,60% / 100 marks,31
PK-SIN-016,Shah Abdul Latif University Khairpur,Public,Sindh,Khairpur,1987,56,W1,Biology,STEM,2022,109,48,61,5,21.8,4,18,87,17,43,10,3.34,56,6.3,Mixed Urban-Rural,31412,10,33,Yes,SALU Entry Test,Easy,40% / 100 marks,15
PK-SIN-016,Shah Abdul Latif University Khairpur,Public,Sindh,Khairpur,1987,56,W1,Biology,STEM,2023,128,65,63,5,25.6,2,15,111,15,,73,,50.7,12.8,Mostly Rural,21392,2,21,Yes,SALU Entry Test,Easy,40% / 100 marks,15
PK-SIN-016,Shah Abdul Latif University Khairpur,Public,Sindh,Khairpur,1987,56,W1,Biology,STEM,2024,128,55,73,5,25.6,,22,,21,29,42,2.86,52.7,13.2,Mostly Rural,42504,3,33,Yes,SALU Entry Test,Easy,40% / 100 marks,15
PK-SIN-016,Shah Abdul Latif University Khairpur,Public,Sindh,Khairpur,1987,56,W1,Biology,STEM,2025,153,81,72,5,30.6,7,27,119,24,,71,3.28,50.7,4.2,Mixed Urban-Rural,28545,11,4,Yes,SALU Entry Test,Easy,40% / 100 marks,20
PK-SIN-016,Shah Abdul Latif University Khairpur,Public,Sindh,Khairpur,1987,56,W1,Education,Arts & Social Sciences,2022,391,167,224,15,26.1,17,31,343,18,8,4,3,62.2,17.8,Mostly Rural,14533,12,5,Yes,SALU Entry Test,Easy,40% / 100 marks,18
PK-SIN-016,Shah Abdul Latif University Khairpur,Public,Sindh,Khairpur,1987,56,W1,Education,Arts & Social Sciences,2023,413,208,205,12,34.4,28,11,374,,19,,3.4,68.6,9.4,Mostly Urban,38223,,23,Yes,SALU Entry Test,Easy,40% / 100 marks,20
PK-SIN-016,Shah Abdul Latif University Khairpur,Public,Sindh,Khairpur,1987,56,W1,Education,Arts & Social Sciences,2024,410,159,251,14,29.3,30,5,375,61,13,16,2.61,61.7,,Mostly Rural,26967,18,10,Yes,SALU Entry Test,Easy,40% / 100 marks,14
PK-SIN-016,Shah Abdul Latif University Khairpur,Public,Sindh,Khairpur,1987,56,W1,Education,Arts & Social Sciences,2025,476,206,270,15,31.7,21,88,367,,,,,72.3,16.8,Mostly Rural,28518,18,17,Yes,SALU Entry Test,Easy,40% / 100 marks,19
PK-SIN-016,Shah Abdul Latif University Khairpur,Public,Sindh,Khairpur,1987,56,W1,Electrical Engineering,STEM,2022,470,188,282,16,29.4,15,90,365,48,,7,3.27,81.7,,,34636,16,12,Yes,SALU Entry Test,Easy,40% / 100 marks,14
PK-SIN-016,Shah Abdul Latif University Khairpur,Public,Sindh,Khairpur,1987,56,W1,Electrical Engineering,STEM,2023,528,326,202,20,26.4,32,42,454,58,,65,3.52,82.8,6.7,Mostly Rural,28290,13,16,Yes,SALU Entry Test,Easy,40% / 100 marks,18
PK-SIN-016,Shah Abdul Latif University Khairpur,Public,Sindh,Khairpur,1987,56,W1,Electrical Engineering,STEM,2024,529,325,204,19,27.8,31,13,485,38,47,65,3.47,69.8,6.5,Mostly Urban,32188,19,21,Yes,SALU Entry Test,Easy,40% / 100 marks,20
PK-SIN-016,Shah Abdul Latif University Khairpur,Public,Sindh,Khairpur,1987,56,W1,Electrical Engineering,STEM,2025,507,277,230,17,29.8,18,,,46,16,51,3.29,74.4,17.7,Mostly Rural,17499,1,3,Yes,SALU Entry Test,Easy,40% / 100 marks,18
PK-SIN-016,Shah Abdul Latif University Khairpur,Public,Sindh,Khairpur,1987,56,W1,English Literature,Arts & Social Sciences,2022,392,154,238,14,28,28,,,27,16,68,3.33,42,2.5,Mostly Urban,17821,13,5,Yes,SALU Entry Test,Easy,40% / 100 marks,18
PK-SIN-016,Shah Abdul Latif University Khairpur,Public,Sindh,Khairpur,1987,56,W1,English Literature,Arts & Social Sciences,2023,418,160,258,15,27.9,29,13,376,65,,57,3.1,41.2,6.7,,10474,1,,Yes,SALU Entry Test,Easy,40% / 100 marks,17
PK-SIN-016,Shah Abdul Latif University Khairpur,Public,Sindh,Khairpur,1987,56,W1,English Literature,Arts & Social Sciences,2024,473,253,220,14,33.8,11,47,415,,30,3,3.07,41.8,8.7,Mostly Rural,10997,,,Yes,SALU Entry Test,Easy,40% / 100 marks,20
PK-SIN-016,Shah Abdul Latif University Khairpur,Public,Sindh,Khairpur,1987,56,W1,English Literature,Arts & Social Sciences,2025,477,310,167,19,25.1,7,57,413,6,37,18,3.19,52.2,13.8,Mostly Rural,38399,2,6,Yes,SALU Entry Test,Easy,40% / 100 marks,16
PK-SIN-016,Shah Abdul Latif University Khairpur,Public,Sindh,Khairpur,1987,56,W1,History,Arts & Social Sciences,2022,143,56,87,5,28.6,8,,,17,54,62,3.05,44.9,14.3,Mostly Urban,42872,18,9,Yes,SALU Entry Test,Easy,40% / 100 marks,20
PK-SIN-016,Shah Abdul Latif University Khairpur,Public,Sindh,Khairpur,1987,56,W1,History,Arts & Social Sciences,2023,137,90,47,6,22.8,3,10,124,25,15,24,2.95,33.1,16.1,Mostly Rural,32824,5,25,Yes,SALU Entry Test,Easy,40% / 100 marks,14
PK-SIN-016,Shah Abdul Latif University Khairpur,Public,Sindh,Khairpur,1987,56,W1,History,Arts & Social Sciences,2024,160,113,47,5,32,6,12,142,6,,27,2.8,38.3,14.9,,31565,1,17,Yes,SALU Entry Test,Easy,40% / 100 marks,17
PK-SIN-016,Shah Abdul Latif University Khairpur,Public,Sindh,Khairpur,1987,56,W1,History,Arts & Social Sciences,2025,134,70,64,5,26.8,10,3,121,8,34,74,3.08,39.4,17.7,Mostly Urban,27193,19,1,Yes,SALU Entry Test,Easy,40% / 100 marks,
PK-SIN-016,Shah Abdul Latif University Khairpur,Public,Sindh,Khairpur,1987,56,W1,Mechanical Engineering,STEM,2022,385,202,183,15,25.7,20,4,361,,44,56,2.87,77,10.8,Mostly Rural,8348,2,20,Yes,SALU Entry Test,Easy,40% / 100 marks,16
PK-SIN-016,Shah Abdul Latif University Khairpur,Public,Sindh,Khairpur,1987,56,W1,Mechanical Engineering,STEM,2023,481,317,164,21,22.9,7,0,474,25,27,70,3.29,71.5,14.2,Mixed Urban-Rural,,11,21,Yes,SALU Entry Test,Easy,40% / 100 marks,19
PK-SIN-016,Shah Abdul Latif University Khairpur,Public,Sindh,Khairpur,1987,56,W1,Mechanical Engineering,STEM,2024,447,201,246,15,29.8,,0,,8,32,26,2.61,76.4,7.2,Mostly Rural,43143,2,,Yes,SALU Entry Test,Easy,40% / 100 marks,17
PK-SIN-016,Shah Abdul Latif University Khairpur,Public,Sindh,Khairpur,1987,56,W1,Mechanical Engineering,STEM,2025,465,216,249,20,23.2,13,79,373,49,,63,2.89,76.8,3.5,Mostly Rural,31518,,,Yes,SALU Entry Test,Easy,40% / 100 marks,19
PK-SIN-016,Shah Abdul Latif University Khairpur,Public,Sindh,Khairpur,1987,56,W1,Physics,STEM,2022,458,174,284,18,25.4,13,19,426,,38,50,3.45,58.8,13.1,Mixed Urban-Rural,25382,20,9,Yes,SALU Entry Test,Easy,40% / 100 marks,16
PK-SIN-016,Shah Abdul Latif University Khairpur,Public,Sindh,Khairpur,1987,56,W1,Physics,STEM,2023,449,197,252,18,24.9,,15,,57,28,49,3.28,44.8,4.9,Mostly Urban,28508,14,18,Yes,SALU Entry Test,Easy,40% / 100 marks,14
PK-SIN-016,Shah Abdul Latif University Khairpur,Public,Sindh,Khairpur,1987,56,W1,Physics,STEM,2024,485,255,230,19,25.5,38,35,412,,47,27,3,50.8,8.4,Mostly Rural,28946,8,6,Yes,SALU Entry Test,Easy,40% / 100 marks,17
PK-SIN-016,Shah Abdul Latif University Khairpur,Public,Sindh,Khairpur,1987,56,W1,Physics,STEM,2025,464,273,191,15,30.9,,26,,10,,33,3.29,58,5.2,,33335,,,Yes,SALU Entry Test,Easy,40% / 100 marks,16
PK-SIN-016,Shah Abdul Latif University Khairpur,Public,Sindh,Khairpur,1987,56,W1,Psychology,Arts & Social Sciences,2022,442,191,251,19,23.3,32,5,405,74,59,34,3.41,52.1,12.3,Mixed Urban-Rural,39236,14,32,Yes,SALU Entry Test,Easy,40% / 100 marks,20
PK-SIN-016,Shah Abdul Latif University Khairpur,Public,Sindh,Khairpur,1987,56,W1,Psychology,Arts & Social Sciences,2023,388,174,214,11,35.3,2,3,383,72,9,,3.24,55.1,,Mixed Urban-Rural,38417,12,,Yes,SALU Entry Test,Easy,40% / 100 marks,18
PK-SIN-016,Shah Abdul Latif University Khairpur,Public,Sindh,Khairpur,1987,56,W1,Psychology,Arts & Social Sciences,2024,473,243,230,20,23.6,11,83,379,56,59,55,3.64,61,,Mostly Rural,8902,17,33,Yes,SALU Entry Test,Easy,40% / 100 marks,16
PK-SIN-016,Shah Abdul Latif University Khairpur,Public,Sindh,Khairpur,1987,56,W1,Psychology,Arts & Social Sciences,2025,418,287,131,14,29.9,1,9,408,74,24,23,2.91,52.8,11.3,Mostly Rural,37906,,,Yes,SALU Entry Test,Easy,40% / 100 marks,18
PK-SIN-016,Shah Abdul Latif University Khairpur,Public,Sindh,Khairpur,1987,56,W1,Statistics,STEM,2022,299,135,164,10,29.9,17,52,230,21,33,47,2.87,55.1,6,Mixed Urban-Rural,28861,5,11,Yes,SALU Entry Test,Easy,40% / 100 marks,15
PK-SIN-016,Shah Abdul Latif University Khairpur,Public,Sindh,Khairpur,1987,56,W1,Statistics,STEM,2023,314,126,188,8,39.2,19,30,265,31,20,57,3.18,66,6.5,Mostly Urban,8564,6,21,Yes,SALU Entry Test,Easy,40% / 100 marks,15
PK-SIN-016,Shah Abdul Latif University Khairpur,Public,Sindh,Khairpur,1987,56,W1,Statistics,STEM,2024,377,251,126,13,29,,40,,7,57,70,,57,17.2,Mostly Urban,36810,6,7,Yes,SALU Entry Test,Easy,40% / 100 marks,20
PK-SIN-016,Shah Abdul Latif University Khairpur,Public,Sindh,Khairpur,1987,56,W1,Statistics,STEM,2025,402,244,158,14,28.7,,20,,37,53,80,,57.2,13.4,Mostly Urban,39299,,0,Yes,SALU Entry Test,Easy,40% / 100 marks,20
PK-SIN-005,Shaheed Zulfikar Ali Bhutto Institute of Science,Public,Sindh,Karachi,2000,31,W2,Biology,STEM,2022,823,421,402,26,31.7,31,58,734,130,5,75,,45.7,7.8,Mostly Rural,30316,2,3,Yes,SZABIST Entry Test,Medium,50% / 100 marks,13
PK-SIN-005,Shaheed Zulfikar Ali Bhutto Institute of Science,Public,Sindh,Karachi,2000,31,W2,Biology,STEM,2023,892,580,312,35,25.5,50,34,808,,49,12,3.41,52.1,,Mostly Urban,8029,4,25,Yes,SZABIST Entry Test,Medium,50% / 100 marks,11
PK-SIN-005,Shaheed Zulfikar Ali Bhutto Institute of Science,Public,Sindh,Karachi,2000,31,W2,Biology,STEM,2024,843,467,376,24,35.1,25,92,726,90,12,13,3.68,48.4,1.7,Mostly Rural,12413,11,28,Yes,SZABIST Entry Test,Medium,50% / 100 marks,11
PK-SIN-005,Shaheed Zulfikar Ali Bhutto Institute of Science,Public,Sindh,Karachi,2000,31,W2,Biology,STEM,2025,1006,416,590,37,27.2,21,,,50,19,10,3.32,50.6,3.4,Mostly Rural,25716,,,Yes,SZABIST Entry Test,Medium,50% / 100 marks,12
PK-SIN-005,Shaheed Zulfikar Ali Bhutto Institute of Science,Public,Sindh,Karachi,2000,31,W2,Business Administration,Business,2022,219,121,98,8,27.4,4,,,12,10,77,3.38,74.3,,Mostly Urban,27789,,19,Yes,SZABIST Entry Test,Medium,50% / 100 marks,14
PK-SIN-005,Shaheed Zulfikar Ali Bhutto Institute of Science,Public,Sindh,Karachi,2000,31,W2,Business Administration,Business,2023,257,135,122,7,36.7,14,51,192,24,44,54,3.58,71.2,5.6,Mostly Rural,14670,19,,Yes,SZABIST Entry Test,Medium,50% / 100 marks,13
PK-SIN-005,Shaheed Zulfikar Ali Bhutto Institute of Science,Public,Sindh,Karachi,2000,31,W2,Business Administration,Business,2024,278,135,143,8,34.8,4,22,252,11,,6,3.58,74.5,16,Mixed Urban-Rural,19995,5,,Yes,SZABIST Entry Test,Medium,50% / 100 marks,11
PK-SIN-005,Shaheed Zulfikar Ali Bhutto Institute of Science,Public,Sindh,Karachi,2000,31,W2,Business Administration,Business,2025,276,173,103,10,27.6,10,53,213,54,,13,3.19,65.8,16,Mostly Rural,10579,10,12,Yes,SZABIST Entry Test,Medium,50% / 100 marks,10
PK-SIN-005,Shaheed Zulfikar Ali Bhutto Institute of Science,Public,Sindh,Karachi,2000,31,W2,Chemistry,STEM,2022,913,636,277,29,31.5,63,34,816,125,34,57,2.97,58,,,11392,2,23,Yes,SZABIST Entry Test,Medium,50% / 100 marks,13
PK-SIN-005,Shaheed Zulfikar Ali Bhutto Institute of Science,Public,Sindh,Karachi,2000,31,W2,Chemistry,STEM,2023,921,355,566,29,31.8,17,46,858,42,29,66,,58.9,6.3,Mostly Urban,42855,16,27,Yes,SZABIST Entry Test,Medium,50% / 100 marks,14
PK-SIN-005,Shaheed Zulfikar Ali Bhutto Institute of Science,Public,Sindh,Karachi,2000,31,W2,Chemistry,STEM,2024,931,655,276,29,32.1,65,97,769,173,,26,3.45,49.7,17.5,Mostly Rural,35949,2,14,Yes,SZABIST Entry Test,Medium,50% / 100 marks,12
PK-SIN-005,Shaheed Zulfikar Ali Bhutto Institute of Science,Public,Sindh,Karachi,2000,31,W2,Chemistry,STEM,2025,874,603,271,27,32.4,,148,,65,,80,2.95,49.7,12.6,Mostly Rural,38643,,0,Yes,SZABIST Entry Test,Medium,50% / 100 marks,12
PK-SIN-005,Shaheed Zulfikar Ali Bhutto Institute of Science,Public,Sindh,Karachi,2000,31,W2,Computer Science,STEM,2022,653,249,404,22,29.7,12,116,525,78,50,75,2.74,88.7,8.4,Mostly Urban,,19,16,Yes,SZABIST Entry Test,Medium,50% / 100 marks,
PK-SIN-005,Shaheed Zulfikar Ali Bhutto Institute of Science,Public,Sindh,Karachi,2000,31,W2,Computer Science,STEM,2023,691,436,255,26,26.6,12,83,596,30,,77,,76.7,7.3,Mixed Urban-Rural,31225,4,,Yes,SZABIST Entry Test,Medium,50% / 100 marks,10
PK-SIN-005,Shaheed Zulfikar Ali Bhutto Institute of Science,Public,Sindh,Karachi,2000,31,W2,Computer Science,STEM,2024,691,335,356,29,23.8,21,64,606,96,0,57,3.57,77.7,,Mostly Urban,17218,16,29,Yes,SZABIST Entry Test,Medium,50% / 100 marks,10
PK-SIN-005,Shaheed Zulfikar Ali Bhutto Institute of Science,Public,Sindh,Karachi,2000,31,W2,Computer Science,STEM,2025,793,559,234,22,36,56,,,144,,25,3.4,77.2,10.2,Mostly Rural,31154,11,7,Yes,SZABIST Entry Test,Medium,50% / 100 marks,12
PK-SIN-005,Shaheed Zulfikar Ali Bhutto Institute of Science,Public,Sindh,Karachi,2000,31,W2,Environmental Science,STEM,2022,243,128,115,9,27,6,6,231,18,,66,2.78,56.3,17.9,Mostly Rural,36310,19,1,Yes,SZABIST Entry Test,Medium,50% / 100 marks,10
PK-SIN-005,Shaheed Zulfikar Ali Bhutto Institute of Science,Public,Sindh,Karachi,2000,31,W2,Environmental Science,STEM,2023,204,133,71,7,29.1,1,8,195,24,23,,2.68,55.2,,,43649,,27,Yes,SZABIST Entry Test,Medium,50% / 100 marks,12
PK-SIN-005,Shaheed Zulfikar Ali Bhutto Institute of Science,Public,Sindh,Karachi,2000,31,W2,Environmental Science,STEM,2024,213,126,87,7,30.4,0,8,205,9,38,27,3.33,54.1,6.1,Mostly Urban,21430,,4,Yes,SZABIST Entry Test,Medium,50% / 100 marks,12
PK-SIN-005,Shaheed Zulfikar Ali Bhutto Institute of Science,Public,Sindh,Karachi,2000,31,W2,Environmental Science,STEM,2025,268,175,93,10,26.8,11,47,210,12,,,,53.3,6.5,Mostly Urban,17616,20,27,Yes,SZABIST Entry Test,Medium,50% / 100 marks,12
PK-SIN-005,Shaheed Zulfikar Ali Bhutto Institute of Science,Public,Sindh,Karachi,2000,31,W2,Mathematics,STEM,2022,851,513,338,30,28.4,63,116,672,158,35,,3.01,62.7,9.4,Mostly Rural,,5,34,Yes,SZABIST Entry Test,Medium,50% / 100 marks,13
PK-SIN-005,Shaheed Zulfikar Ali Bhutto Institute of Science,Public,Sindh,Karachi,2000,31,W2,Mathematics,STEM,2023,804,570,234,32,25.1,,150,,,14,23,3.62,57.3,7.1,Mostly Rural,13537,8,34,Yes,SZABIST Entry Test,Medium,50% / 100 marks,14
PK-SIN-005,Shaheed Zulfikar Ali Bhutto Institute of Science,Public,Sindh,Karachi,2000,31,W2,Mathematics,STEM,2024,935,573,362,32,29.2,44,81,810,15,40,42,2.72,65.6,11.7,Mostly Rural,29318,2,17,Yes,SZABIST Entry Test,Medium,50% / 100 marks,14
PK-SIN-005,Shaheed Zulfikar Ali Bhutto Institute of Science,Public,Sindh,Karachi,2000,31,W2,Mathematics,STEM,2025,1028,600,428,32,32.1,53,2,973,12,14,75,3.3,59.3,2.4,Mixed Urban-Rural,20924,2,22,Yes,SZABIST Entry Test,Medium,50% / 100 marks,14
PK-SIN-005,Shaheed Zulfikar Ali Bhutto Institute of Science,Public,Sindh,Karachi,2000,31,W2,Mechanical Engineering,STEM,2022,539,268,271,20,26.9,37,58,444,9,60,39,3.19,67.5,17.5,Mixed Urban-Rural,18796,,6,Yes,SZABIST Entry Test,Medium,50% / 100 marks,12
PK-SIN-005,Shaheed Zulfikar Ali Bhutto Institute of Science,Public,Sindh,Karachi,2000,31,W2,Mechanical Engineering,STEM,2023,571,223,348,25,22.8,4,100,467,7,39,4,3,76.5,8.1,Mostly Rural,9023,,19,Yes,SZABIST Entry Test,Medium,50% / 100 marks,14
PK-SIN-005,Shaheed Zulfikar Ali Bhutto Institute of Science,Public,Sindh,Karachi,2000,31,W2,Mechanical Engineering,STEM,2024,562,291,271,24,23.4,31,,,21,19,22,2.73,70.7,10.6,Mostly Rural,,1,10,Yes,SZABIST Entry Test,Medium,50% / 100 marks,13
PK-SIN-005,Shaheed Zulfikar Ali Bhutto Institute of Science,Public,Sindh,Karachi,2000,31,W2,Mechanical Engineering,STEM,2025,549,353,196,17,32.3,33,78,438,22,24,6,3.49,74.6,12.3,Mostly Urban,22010,8,6,Yes,SZABIST Entry Test,Medium,50% / 100 marks,13
PK-SIN-005,Shaheed Zulfikar Ali Bhutto Institute of Science,Public,Sindh,Karachi,2000,31,W2,Psychology,Arts & Social Sciences,2022,616,358,258,19,32.4,18,15,583,78,,36,2.81,66.9,,Mostly Rural,35918,8,,Yes,SZABIST Entry Test,Medium,50% / 100 marks,13
PK-SIN-005,Shaheed Zulfikar Ali Bhutto Institute of Science,Public,Sindh,Karachi,2000,31,W2,Psychology,Arts & Social Sciences,2023,613,307,306,22,27.9,3,,,52,57,18,2.82,57.9,16.4,Mixed Urban-Rural,31206,1,21,Yes,SZABIST Entry Test,Medium,50% / 100 marks,11
PK-SIN-005,Shaheed Zulfikar Ali Bhutto Institute of Science,Public,Sindh,Karachi,2000,31,W2,Psychology,Arts & Social Sciences,2024,625,266,359,26,24,7,117,501,,6,18,,62.4,12.1,Mixed Urban-Rural,,19,2,Yes,SZABIST Entry Test,Medium,50% / 100 marks,12
PK-SIN-005,Shaheed Zulfikar Ali Bhutto Institute of Science,Public,Sindh,Karachi,2000,31,W2,Psychology,Arts & Social Sciences,2025,670,283,387,29,23.1,48,51,571,117,60,57,3.07,62.8,12.6,Mixed Urban-Rural,34827,20,19,Yes,SZABIST Entry Test,Medium,50% / 100 marks,14
PK-SIN-014,Sindh Agriculture University Tandojam,Public,Sindh,Tandojam,1977,3,W3,Agricultural Engineering,STEM,2022,1314,600,714,55,23.9,,229,,84,,,2.92,53.5,,,24387,20,23,Yes,SAU Entry Test,Easy,45% / 100 marks,21
PK-SIN-014,Sindh Agriculture University Tandojam,Public,Sindh,Tandojam,1977,3,W3,Agricultural Engineering,STEM,2023,1121,454,667,33,34,20,57,1044,117,14,45,3.08,52.2,7.6,Mixed Urban-Rural,25284,5,33,Yes,SAU Entry Test,Easy,45% / 100 marks,25
PK-SIN-014,Sindh Agriculture University Tandojam,Public,Sindh,Tandojam,1977,3,W3,Agricultural Engineering,STEM,2024,1396,709,687,39,35.8,46,225,1125,,10,57,2.65,52.9,2.8,Mostly Urban,40661,,31,Yes,SAU Entry Test,Easy,45% / 100 marks,25
PK-SIN-014,Sindh Agriculture University Tandojam,Public,Sindh,Tandojam,1977,3,W3,Agricultural Engineering,STEM,2025,1412,861,551,53,26.6,67,59,1286,272,58,70,2.71,58.3,13.5,Mostly Urban,28791,,16,Yes,SAU Entry Test,Easy,45% / 100 marks,24
PK-SIN-014,Sindh Agriculture University Tandojam,Public,Sindh,Tandojam,1977,3,W3,Agronomy,STEM,2022,584,361,223,20,29.2,4,60,520,14,59,56,3.23,60.9,16.1,Mostly Rural,34861,11,34,Yes,SAU Entry Test,Easy,45% / 100 marks,26
PK-SIN-014,Sindh Agriculture University Tandojam,Public,Sindh,Tandojam,1977,3,W3,Agronomy,STEM,2023,638,403,235,28,22.8,24,9,605,56,5,14,3.1,49.1,,Mixed Urban-Rural,13929,3,1,Yes,SAU Entry Test,Easy,45% / 100 marks,27
PK-SIN-014,Sindh Agriculture University Tandojam,Public,Sindh,Tandojam,1977,3,W3,Agronomy,STEM,2024,756,535,221,26,29.1,,81,,12,,57,2.66,51.1,3.6,Mostly Urban,36684,3,,Yes,SAU Entry Test,Easy,45% / 100 marks,25
PK-SIN-014,Sindh Agriculture University Tandojam,Public,Sindh,Tandojam,1977,3,W3,Agronomy,STEM,2025,769,346,423,24,32,18,111,640,69,30,11,2.74,47.8,16.5,Mostly Rural,12092,,,Yes,SAU Entry Test,Easy,45% / 100 marks,28
PK-SIN-014,Sindh Agriculture University Tandojam,Public,Sindh,Tandojam,1977,3,W3,Food Science & Technology,STEM,2022,551,305,246,20,27.6,15,88,448,17,21,79,,57.6,6.8,Mostly Rural,26784,8,,Yes,SAU Entry Test,Easy,45% / 100 marks,26
PK-SIN-014,Sindh Agriculture University Tandojam,Public,Sindh,Tandojam,1977,3,W3,Food Science & Technology,STEM,2023,575,387,188,19,30.3,13,83,479,41,,44,3.34,59,,Mixed Urban-Rural,23866,,2,Yes,SAU Entry Test,Easy,45% / 100 marks,20
PK-SIN-014,Sindh Agriculture University Tandojam,Public,Sindh,Tandojam,1977,3,W3,Food Science & Technology,STEM,2024,624,350,274,21,29.7,0,89,535,,49,51,3.3,65,12,Mostly Rural,40657,12,30,Yes,SAU Entry Test,Easy,45% / 100 marks,23
PK-SIN-014,Sindh Agriculture University Tandojam,Public,Sindh,Tandojam,1977,3,W3,Food Science & Technology,STEM,2025,586,373,213,20,29.3,44,110,432,51,4,49,,55.5,5.7,,39048,4,25,Yes,SAU Entry Test,Easy,45% / 100 marks,21
PK-SIN-014,Sindh Agriculture University Tandojam,Public,Sindh,Tandojam,1977,3,W3,Horticulture,STEM,2022,1566,833,733,51,30.7,4,247,1315,,42,75,,53.8,4,Mixed Urban-Rural,18047,,11,Yes,SAU Entry Test,Easy,45% / 100 marks,26
PK-SIN-014,Sindh Agriculture University Tandojam,Public,Sindh,Tandojam,1977,3,W3,Horticulture,STEM,2023,1520,797,723,50,30.4,81,195,1244,,46,37,3.58,43.4,9.6,Mixed Urban-Rural,,2,12,Yes,SAU Entry Test,Easy,45% / 100 marks,21
PK-SIN-014,Sindh Agriculture University Tandojam,Public,Sindh,Tandojam,1977,3,W3,Horticulture,STEM,2024,1492,629,863,43,34.7,112,123,1257,76,9,77,3.15,55.1,4.6,Mostly Rural,22037,14,,Yes,SAU Entry Test,Easy,45% / 100 marks,27
PK-SIN-014,Sindh Agriculture University Tandojam,Public,Sindh,Tandojam,1977,3,W3,Horticulture,STEM,2025,1576,845,731,67,23.5,18,251,1307,94,45,,3.6,57.4,9.6,Mostly Urban,28284,6,,Yes,SAU Entry Test,Easy,45% / 100 marks,20
PK-SIN-014,Sindh Agriculture University Tandojam,Public,Sindh,Tandojam,1977,3,W3,Soil Science,STEM,2022,1514,822,692,64,23.7,42,69,1403,,,39,3.65,51.4,15.5,Mixed Urban-Rural,8143,18,14,Yes,SAU Entry Test,Easy,45% / 100 marks,28
PK-SIN-014,Sindh Agriculture University Tandojam,Public,Sindh,Tandojam,1977,3,W3,Soil Science,STEM,2023,1638,996,642,67,24.4,,36,,,40,61,2.86,44.4,,Mostly Urban,12826,,,Yes,SAU Entry Test,Easy,45% / 100 marks,21
PK-SIN-014,Sindh Agriculture University Tandojam,Public,Sindh,Tandojam,1977,3,W3,Soil Science,STEM,2024,1665,843,822,52,32,73,53,1539,147,53,54,2.8,41.7,3.8,Mostly Urban,10187,11,30,Yes,SAU Entry Test,Easy,45% / 100 marks,22
PK-SIN-014,Sindh Agriculture University Tandojam,Public,Sindh,Tandojam,1977,3,W3,Soil Science,STEM,2025,1604,1028,576,50,32.1,112,105,1387,11,22,16,3.69,50.2,4.3,Mostly Rural,44299,17,,Yes,SAU Entry Test,Easy,45% / 100 marks,26
PK-SIN-015,Sukkur IBA University,Public,Sindh,Sukkur,1994,5,W3,Business Administration,Business,2022,784,417,367,26,30.2,17,112,655,68,12,74,2.71,67.3,14.8,,37188,9,19,Yes,Sukkur IBA Entry Test,Medium,55% / 100 marks,11
PK-SIN-015,Sukkur IBA University,Public,Sindh,Sukkur,1994,5,W3,Business Administration,Business,2023,983,478,505,43,22.9,64,52,867,,58,4,,76.7,10.6,,41500,6,14,Yes,Sukkur IBA Entry Test,Medium,55% / 100 marks,13
PK-SIN-015,Sukkur IBA University,Public,Sindh,Sukkur,1994,5,W3,Business Administration,Business,2024,943,461,482,29,32.5,,124,,156,48,38,,65.2,5.1,Mostly Urban,27319,2,1,Yes,Sukkur IBA Entry Test,Medium,55% / 100 marks,11
PK-SIN-015,Sukkur IBA University,Public,Sindh,Sukkur,1994,5,W3,Business Administration,Business,2025,942,491,451,28,33.6,8,178,756,64,,54,,64,,Mostly Urban,29783,,13,Yes,Sukkur IBA Entry Test,Medium,55% / 100 marks,
PK-SIN-015,Sukkur IBA University,Public,Sindh,Sukkur,1994,5,W3,Economics,Business,2022,1712,761,951,55,31.1,54,,,9,13,12,2.75,60.7,,,,12,2,Yes,Sukkur IBA Entry Test,Medium,55% / 100 marks,12
PK-SIN-015,Sukkur IBA University,Public,Sindh,Sukkur,1994,5,W3,Economics,Business,2023,1951,1276,675,72,27.1,62,164,1725,,17,41,2.96,70.3,,Mostly Urban,9577,15,7,Yes,Sukkur IBA Entry Test,Medium,55% / 100 marks,12
PK-SIN-015,Sukkur IBA University,Public,Sindh,Sukkur,1994,5,W3,Economics,Business,2024,1848,1213,635,53,34.9,5,160,1683,249,42,7,,71.5,13.1,Mostly Rural,14469,9,27,Yes,Sukkur IBA Entry Test,Medium,55% / 100 marks,13
PK-SIN-015,Sukkur IBA University,Public,Sindh,Sukkur,1994,5,W3,Economics,Business,2025,2007,1243,764,57,35.2,,28,,233,11,13,3.67,68.9,12,Mostly Rural,29353,,3,Yes,Sukkur IBA Entry Test,Medium,55% / 100 marks,14
PK-SIN-015,Sukkur IBA University,Public,Sindh,Sukkur,1994,5,W3,Human Resource Management,Business,2022,674,404,270,20,33.7,16,20,638,,4,34,3.19,66.6,2,,39375,,17,Yes,Sukkur IBA Entry Test,Medium,55% / 100 marks,14
PK-SIN-015,Sukkur IBA University,Public,Sindh,Sukkur,1994,5,W3,Human Resource Management,Business,2023,736,369,367,25,29.4,26,91,619,,1,,2.83,57.1,9.1,Mostly Rural,43093,14,,Yes,Sukkur IBA Entry Test,Medium,55% / 100 marks,14
PK-SIN-015,Sukkur IBA University,Public,Sindh,Sukkur,1994,5,W3,Human Resource Management,Business,2024,768,435,333,25,30.7,33,,,113,,20,,70.8,7,Mostly Urban,15346,13,23,Yes,Sukkur IBA Entry Test,Medium,55% / 100 marks,14
PK-SIN-015,Sukkur IBA University,Public,Sindh,Sukkur,1994,5,W3,Human Resource Management,Business,2025,634,386,248,23,27.6,4,32,598,48,28,,2.9,62.3,,Mixed Urban-Rural,39732,7,6,Yes,Sukkur IBA Entry Test,Medium,55% / 100 marks,14
PK-SIN-015,Sukkur IBA University,Public,Sindh,Sukkur,1994,5,W3,Information Technology,STEM,2022,1495,1057,438,59,25.3,48,,,210,10,18,3.25,84.2,16.7,Mostly Urban,41100,10,,Yes,Sukkur IBA Entry Test,Medium,55% / 100 marks,14
PK-SIN-015,Sukkur IBA University,Public,Sindh,Sukkur,1994,5,W3,Information Technology,STEM,2023,1817,831,986,63,28.8,71,304,1442,328,,33,3.42,83.4,4.1,Mostly Rural,14050,10,19,Yes,Sukkur IBA Entry Test,Medium,55% / 100 marks,12
PK-SIN-015,Sukkur IBA University,Public,Sindh,Sukkur,1994,5,W3,Information Technology,STEM,2024,1598,609,989,52,30.7,74,257,1267,212,50,72,3.43,77.2,1.8,Mostly Rural,39283,16,28,Yes,Sukkur IBA Entry Test,Medium,55% / 100 marks,11
PK-SIN-015,Sukkur IBA University,Public,Sindh,Sukkur,1994,5,W3,Information Technology,STEM,2025,1879,919,960,73,25.7,137,156,1586,,7,,3.36,73.4,14.8,Mostly Urban,11759,20,,Yes,Sukkur IBA Entry Test,Medium,55% / 100 marks,13
PK-SIN-015,Sukkur IBA University,Public,Sindh,Sukkur,1994,5,W3,Marketing,Business,2022,1054,701,353,44,24,1,90,963,,37,29,2.73,69.2,15.6,Mostly Urban,36578,19,26,Yes,Sukkur IBA Entry Test,Medium,55% / 100 marks,13
PK-SIN-015,Sukkur IBA University,Public,Sindh,Sukkur,1994,5,W3,Marketing,Business,2023,1188,718,470,35,33.9,59,14,1115,33,22,64,3.65,72.6,,,,10,18,Yes,Sukkur IBA Entry Test,Medium,55% / 100 marks,
PK-SIN-015,Sukkur IBA University,Public,Sindh,Sukkur,1994,5,W3,Marketing,Business,2024,1095,725,370,36,30.4,33,68,994,38,40,61,3.41,70,10.6,Mixed Urban-Rural,39024,8,17,Yes,Sukkur IBA Entry Test,Medium,55% / 100 marks,14
PK-SIN-015,Sukkur IBA University,Public,Sindh,Sukkur,1994,5,W3,Marketing,Business,2025,1417,540,877,41,34.6,93,270,1054,10,10,46,3.03,65.3,13,Mostly Rural,41260,,17,Yes,Sukkur IBA Entry Test,Medium,55% / 100 marks,11
PK-SIN-015,Sukkur IBA University,Public,Sindh,Sukkur,1994,5,W3,Supply Chain Management,Business,2022,762,456,306,27,28.2,49,78,635,143,,57,3.26,68.4,4.3,Mostly Rural,26708,,25,Yes,Sukkur IBA Entry Test,Medium,55% / 100 marks,13
PK-SIN-015,Sukkur IBA University,Public,Sindh,Sukkur,1994,5,W3,Supply Chain Management,Business,2023,805,424,381,32,25.2,8,99,698,76,26,70,2.62,69.9,12.7,Mostly Rural,38850,12,,Yes,Sukkur IBA Entry Test,Medium,55% / 100 marks,13
PK-SIN-015,Sukkur IBA University,Public,Sindh,Sukkur,1994,5,W3,Supply Chain Management,Business,2024,755,305,450,27,28,1,50,704,41,30,,3.41,69.6,15.5,Mostly Rural,,6,27,Yes,Sukkur IBA Entry Test,Medium,55% / 100 marks,13
PK-SIN-015,Sukkur IBA University,Public,Sindh,Sukkur,1994,5,W3,Supply Chain Management,Business,2025,815,508,307,25,32.6,45,156,614,,43,73,2.79,66.5,,Mostly Urban,35559,4,35,Yes,Sukkur IBA Entry Test,Medium,55% / 100 marks,13
PK-SIN-001,University of Karachi,Public,Sindh,Karachi,1951,16,W3,Biology,STEM,2022,1322,570,752,50,26.4,43,147,1132,217,38,59,2.98,52.1,,Mostly Rural,26743,12,,Yes,KU Entry Test,Medium,50% / 100 marks,54
PK-SIN-001,University of Karachi,Public,Sindh,Karachi,1951,16,W3,Biology,STEM,2023,1405,779,626,56,25.1,59,194,1152,,,14,2.78,43.9,5.2,Mixed Urban-Rural,38225,6,13,Yes,KU Entry Test,Medium,50% / 100 marks,45
PK-SIN-001,University of Karachi,Public,Sindh,Karachi,1951,16,W3,Biology,STEM,2024,1387,765,622,54,25.7,,154,,7,37,57,3.4,46.4,8.6,Mixed Urban-Rural,21623,10,28,Yes,KU Entry Test,Medium,50% / 100 marks,48
PK-SIN-001,University of Karachi,Public,Sindh,Karachi,1951,16,W3,Biology,STEM,2025,1609,916,693,54,29.8,,29,,190,17,68,,54.1,11.7,Mostly Rural,14339,12,35,Yes,KU Entry Test,Medium,50% / 100 marks,53
PK-SIN-001,University of Karachi,Public,Sindh,Karachi,1951,16,W3,Business Administration,Business,2022,547,272,275,19,28.8,14,98,435,43,31,58,3.58,67,2.4,Mixed Urban-Rural,16570,,27,Yes,KU Entry Test,Medium,50% / 100 marks,48
PK-SIN-001,University of Karachi,Public,Sindh,Karachi,1951,16,W3,Business Administration,Business,2023,620,443,177,21,29.5,48,30,542,61,,41,2.99,70.1,6,Mixed Urban-Rural,34429,2,20,Yes,KU Entry Test,Medium,50% / 100 marks,55
PK-SIN-001,University of Karachi,Public,Sindh,Karachi,1951,16,W3,Business Administration,Business,2024,595,274,321,20,29.8,,38,,107,40,52,3.05,72.1,5.3,Mostly Urban,15346,13,,Yes,KU Entry Test,Medium,50% / 100 marks,51
PK-SIN-001,University of Karachi,Public,Sindh,Karachi,1951,16,W3,Business Administration,Business,2025,644,343,301,29,22.2,37,54,553,42,0,42,3.07,71.7,5.8,Mostly Urban,16029,6,,Yes,KU Entry Test,Medium,50% / 100 marks,46
PK-SIN-001,University of Karachi,Public,Sindh,Karachi,1951,16,W3,Chemistry,STEM,2022,972,618,354,30,32.4,8,163,801,146,45,43,2.93,59.1,,Mostly Rural,22523,,25,Yes,KU Entry Test,Medium,50% / 100 marks,48
PK-SIN-001,University of Karachi,Public,Sindh,Karachi,1951,16,W3,Chemistry,STEM,2023,999,656,343,34,29.4,24,2,973,47,50,,2.63,51.1,,Mostly Rural,27287,,23,Yes,KU Entry Test,Medium,50% / 100 marks,54
PK-SIN-001,University of Karachi,Public,Sindh,Karachi,1951,16,W3,Chemistry,STEM,2024,1190,607,583,35,34,80,95,1015,153,,80,2.73,58.9,,Mixed Urban-Rural,22589,15,,Yes,KU Entry Test,Medium,50% / 100 marks,55
PK-SIN-001,University of Karachi,Public,Sindh,Karachi,1951,16,W3,Chemistry,STEM,2025,1192,720,472,51,23.4,71,200,921,42,13,,,46.1,17.8,Mostly Urban,14646,19,8,Yes,KU Entry Test,Medium,50% / 100 marks,55
PK-SIN-001,University of Karachi,Public,Sindh,Karachi,1951,16,W3,Civil Engineering,STEM,2022,586,278,308,22,26.6,,,,115,16,,2.68,75.4,5,Mixed Urban-Rural,40507,5,16,Yes,KU Entry Test,Medium,50% / 100 marks,49
PK-SIN-001,University of Karachi,Public,Sindh,Karachi,1951,16,W3,Civil Engineering,STEM,2023,579,296,283,24,24.1,41,7,531,105,8,26,3.64,71,11.3,Mostly Urban,40137,,3,Yes,KU Entry Test,Medium,50% / 100 marks,46
PK-SIN-001,University of Karachi,Public,Sindh,Karachi,1951,16,W3,Civil Engineering,STEM,2024,640,257,383,27,23.7,3,91,546,83,59,32,3.24,61.9,13.8,Mostly Urban,11903,10,21,Yes,KU Entry Test,Medium,50% / 100 marks,49
PK-SIN-001,University of Karachi,Public,Sindh,Karachi,1951,16,W3,Civil Engineering,STEM,2025,627,356,271,20,31.4,36,110,481,117,24,16,2.98,71.2,17.5,Mostly Urban,17239,1,25,Yes,KU Entry Test,Medium,50% / 100 marks,52
PK-SIN-001,University of Karachi,Public,Sindh,Karachi,1951,16,W3,Mathematics,STEM,2022,1024,716,308,30,34.1,13,198,813,143,44,55,2.96,62.3,5.4,,31094,19,21,Yes,KU Entry Test,Medium,50% / 100 marks,49
PK-SIN-001,University of Karachi,Public,Sindh,Karachi,1951,16,W3,Mathematics,STEM,2023,1078,743,335,48,22.5,79,213,786,106,35,61,2.76,63.2,12.3,Mixed Urban-Rural,13123,1,22,Yes,KU Entry Test,Medium,50% / 100 marks,52
PK-SIN-001,University of Karachi,Public,Sindh,Karachi,1951,16,W3,Mathematics,STEM,2024,1021,686,335,33,30.9,49,153,819,165,29,27,,64.5,4.7,Mixed Urban-Rural,26723,13,,Yes,KU Entry Test,Medium,50% / 100 marks,45
PK-SIN-001,University of Karachi,Public,Sindh,Karachi,1951,16,W3,Mathematics,STEM,2025,1191,724,467,44,27.1,77,99,1015,,43,4,3.03,58.3,,Mostly Urban,43398,10,8,Yes,KU Entry Test,Medium,50% / 100 marks,
PK-SIN-001,University of Karachi,Public,Sindh,Karachi,1951,16,W3,Political Science,Arts & Social Sciences,2022,1023,527,496,35,29.2,20,190,813,16,,55,,52.7,12.8,Mostly Rural,,7,,Yes,KU Entry Test,Medium,50% / 100 marks,46
PK-SIN-001,University of Karachi,Public,Sindh,Karachi,1951,16,W3,Political Science,Arts & Social Sciences,2023,1095,536,559,42,26.1,66,79,950,104,0,46,2.72,53.4,16,Mostly Urban,11707,,14,Yes,KU Entry Test,Medium,50% / 100 marks,47
PK-SIN-001,University of Karachi,Public,Sindh,Karachi,1951,16,W3,Political Science,Arts & Social Sciences,2024,982,629,353,40,24.6,36,62,884,,53,55,2.61,39.9,13.5,Mixed Urban-Rural,17626,9,14,Yes,KU Entry Test,Medium,50% / 100 marks,45
PK-SIN-001,University of Karachi,Public,Sindh,Karachi,1951,16,W3,Political Science,Arts & Social Sciences,2025,1115,724,391,43,25.9,65,177,873,211,59,38,3.3,49.2,15.7,Mixed Urban-Rural,39569,10,,Yes,KU Entry Test,Medium,50% / 100 marks,
PK-SIN-013,University of Sindh Jamshoro,Public,Sindh,Jamshoro,1947,26,W2,Biology,STEM,2022,557,276,281,19,29.3,7,,,,,22,3.41,55.1,7.6,Mostly Urban,27855,1,7,Yes,USINDH Entry Test,Easy,45% / 100 marks,41
PK-SIN-013,University of Sindh Jamshoro,Public,Sindh,Jamshoro,1947,26,W2,Biology,STEM,2023,621,379,242,26,23.9,,84,,16,18,51,,48.5,2.2,Mostly Urban,30001,18,8,Yes,USINDH Entry Test,Easy,45% / 100 marks,42
PK-SIN-013,University of Sindh Jamshoro,Public,Sindh,Jamshoro,1947,26,W2,Biology,STEM,2024,673,261,412,20,33.6,22,129,522,83,21,52,3.32,52.1,16.7,Mostly Rural,22256,,,Yes,USINDH Entry Test,Easy,45% / 100 marks,45
PK-SIN-013,University of Sindh Jamshoro,Public,Sindh,Jamshoro,1947,26,W2,Biology,STEM,2025,652,418,234,19,34.3,18,47,587,35,50,,3.27,44.6,12.2,Mostly Urban,34671,2,2,Yes,USINDH Entry Test,Easy,45% / 100 marks,45
PK-SIN-013,University of Sindh Jamshoro,Public,Sindh,Jamshoro,1947,26,W2,Computer Science,STEM,2022,401,233,168,11,36.5,10,13,378,74,26,73,3.41,82.8,12.8,Mostly Rural,,16,32,Yes,USINDH Entry Test,Easy,45% / 100 marks,38
PK-SIN-013,University of Sindh Jamshoro,Public,Sindh,Jamshoro,1947,26,W2,Computer Science,STEM,2023,481,327,154,13,37,24,86,371,7,40,16,,89.3,3.1,Mostly Rural,29332,5,14,Yes,USINDH Entry Test,Easy,45% / 100 marks,
PK-SIN-013,University of Sindh Jamshoro,Public,Sindh,Jamshoro,1947,26,W2,Computer Science,STEM,2024,405,273,132,16,25.3,22,81,302,55,,78,2.64,75.7,6.6,Mixed Urban-Rural,,15,,Yes,USINDH Entry Test,Easy,45% / 100 marks,44
PK-SIN-013,University of Sindh Jamshoro,Public,Sindh,Jamshoro,1947,26,W2,Computer Science,STEM,2025,506,304,202,21,24.1,5,98,403,,24,57,2.64,79.4,2.9,Mostly Rural,14867,12,32,Yes,USINDH Entry Test,Easy,45% / 100 marks,45
PK-SIN-013,University of Sindh Jamshoro,Public,Sindh,Jamshoro,1947,26,W2,Education,Arts & Social Sciences,2022,729,500,229,26,28,29,65,635,34,59,50,2.62,67.5,9.5,Mostly Rural,43886,13,10,Yes,USINDH Entry Test,Easy,45% / 100 marks,42
PK-SIN-013,University of Sindh Jamshoro,Public,Sindh,Jamshoro,1947,26,W2,Education,Arts & Social Sciences,2023,792,347,445,28,28.3,34,,,35,16,65,2.81,64.7,12.9,Mostly Urban,31148,5,27,Yes,USINDH Entry Test,Easy,45% / 100 marks,38
PK-SIN-013,University of Sindh Jamshoro,Public,Sindh,Jamshoro,1947,26,W2,Education,Arts & Social Sciences,2024,903,598,305,36,25.1,16,160,727,7,22,49,2.61,62.1,3.8,Mostly Urban,43465,9,33,Yes,USINDH Entry Test,Easy,45% / 100 marks,41
PK-SIN-013,University of Sindh Jamshoro,Public,Sindh,Jamshoro,1947,26,W2,Education,Arts & Social Sciences,2025,975,601,374,35,27.9,27,26,922,13,11,27,2.77,65.5,5.6,Mostly Urban,18135,14,27,Yes,USINDH Entry Test,Easy,45% / 100 marks,45
PK-SIN-013,University of Sindh Jamshoro,Public,Sindh,Jamshoro,1947,26,W2,Environmental Science,STEM,2022,748,413,335,26,28.8,48,38,662,142,40,40,2.81,49,6.3,Mostly Rural,,16,,Yes,USINDH Entry Test,Easy,45% / 100 marks,38
PK-SIN-013,University of Sindh Jamshoro,Public,Sindh,Jamshoro,1947,26,W2,Environmental Science,STEM,2023,881,552,329,26,33.9,54,165,662,6,21,80,,53.5,14.1,Mixed Urban-Rural,,7,30,Yes,USINDH Entry Test,Easy,45% / 100 marks,39
PK-SIN-013,University of Sindh Jamshoro,Public,Sindh,Jamshoro,1947,26,W2,Environmental Science,STEM,2024,827,318,509,32,25.8,12,26,789,56,,71,2.77,47.7,6.1,,43241,,32,Yes,USINDH Entry Test,Easy,45% / 100 marks,41
PK-SIN-013,University of Sindh Jamshoro,Public,Sindh,Jamshoro,1947,26,W2,Environmental Science,STEM,2025,870,535,335,25,34.8,30,139,701,,49,27,3.49,57.3,7.4,,13535,14,,Yes,USINDH Entry Test,Easy,45% / 100 marks,48
PK-SIN-013,University of Sindh Jamshoro,Public,Sindh,Jamshoro,1947,26,W2,Mass Communication,Arts & Social Sciences,2022,628,288,340,23,27.3,,63,,88,,21,3.62,55,11.5,Mostly Urban,44061,14,6,Yes,USINDH Entry Test,Easy,45% / 100 marks,43
PK-SIN-013,University of Sindh Jamshoro,Public,Sindh,Jamshoro,1947,26,W2,Mass Communication,Arts & Social Sciences,2023,667,429,238,25,26.7,39,127,501,13,,10,3.28,69.3,1.8,Mixed Urban-Rural,10435,12,,Yes,USINDH Entry Test,Easy,45% / 100 marks,38
PK-SIN-013,University of Sindh Jamshoro,Public,Sindh,Jamshoro,1947,26,W2,Mass Communication,Arts & Social Sciences,2024,691,387,304,25,27.6,43,29,619,28,35,30,3.68,60,8.8,Mostly Rural,,,12,Yes,USINDH Entry Test,Easy,45% / 100 marks,46
PK-SIN-013,University of Sindh Jamshoro,Public,Sindh,Jamshoro,1947,26,W2,Mass Communication,Arts & Social Sciences,2025,655,292,363,29,22.6,,123,,106,25,9,3.32,68.3,,Mostly Rural,26705,15,34,Yes,USINDH Entry Test,Easy,45% / 100 marks,42
PK-SIN-013,University of Sindh Jamshoro,Public,Sindh,Jamshoro,1947,26,W2,Political Science,Arts & Social Sciences,2022,711,285,426,29,24.5,13,116,582,49,,,2.88,41.7,4.4,Mostly Rural,24306,12,5,Yes,USINDH Entry Test,Easy,45% / 100 marks,42
PK-SIN-013,University of Sindh Jamshoro,Public,Sindh,Jamshoro,1947,26,W2,Political Science,Arts & Social Sciences,2023,720,371,349,27,26.7,11,69,640,,53,9,3.26,47.6,5.1,Mostly Rural,39328,12,17,Yes,USINDH Entry Test,Easy,45% / 100 marks,38
PK-SIN-013,University of Sindh Jamshoro,Public,Sindh,Jamshoro,1947,26,W2,Political Science,Arts & Social Sciences,2024,803,396,407,31,25.9,6,29,768,132,2,,2.69,45.9,3.9,Mixed Urban-Rural,31761,10,,Yes,USINDH Entry Test,Easy,45% / 100 marks,41
PK-SIN-013,University of Sindh Jamshoro,Public,Sindh,Jamshoro,1947,26,W2,Political Science,Arts & Social Sciences,2025,719,470,249,26,27.7,5,51,663,,,5,2.61,44.7,16.7,Mostly Rural,18903,,4,Yes,USINDH Entry Test,Easy,45% / 100 marks,41
